{
  "dataset": "Stocks",
  "seed": 1,
  "judge": "1-layer GRU discriminator (official TimeGAN depth, hidden=int(d/2))",
  "generator": "PyTorch TimeGAN port, trained fresh this seed",
  "hyperparameters": {
    "seq_len": 24,
    "hidden_dim": 24,
    "num_layers": 3,
    "iteration_per_phase": 50000,
    "batch_size": 128,
    "train_min": 30.95520206075016
  },
  "protocol": {
    "itt": 2000,
    "n_temp": 10
  },
  "discriminative_score": {
    "mean": 0.10416098226466577,
    "std": 0.022313101856545194,
    "runs": [
      0.09822646657571621,
      0.1111869031377899,
      0.08390177353342432,
      0.10914051841746253,
      0.16302864938608463,
      0.07980900409276948,
      0.10572987721691673,
      0.096862210095498,
      0.08594815825375168,
      0.10777626193724421
    ]
  },
  "predictive_score": {
    "mean": 0.043739570989595286,
    "std": 0.0009473718174361535,
    "runs": [
      0.04374063785252261,
      0.043185059456762695,
      0.04379809965608233,
      0.04253106746223252,
      0.044195546986300134,
      0.04274337618273159,
      0.043860285658525684,
      0.04616596697861717,
      0.04375427940565807,
      0.043421390256520115
    ]
  },
  "paper_reference": {
    "discriminative": "0.102 +/- 0.031",
    "predictive": "0.038 +/- 0.001"
  }
}