{
  "dataset": "Stocks",
  "seed": 3,
  "judge": "1-layer GRU discriminator (official TimeGAN depth, hidden=int(d/2))",
  "generator": "PyTorch TimeGAN port, trained fresh this seed",
  "hyperparameters": {
    "seq_len": 24,
    "hidden_dim": 24,
    "num_layers": 3,
    "iteration_per_phase": 50000,
    "batch_size": 128,
    "train_min": 30.343964427350148
  },
  "protocol": {
    "itt": 2000,
    "n_temp": 10
  },
  "discriminative_score": {
    "mean": 0.07892223738062756,
    "std": 0.05529115410259507,
    "runs": [
      0.09549795361527968,
      0.01500682128240105,
      0.00545702592087316,
      0.07571623465211463,
      0.03137789904502042,
      0.04638472032742158,
      0.08799454297407916,
      0.19918144611186905,
      0.12482946793997274,
      0.10777626193724421
    ]
  },
  "predictive_score": {
    "mean": 0.04098233560374812,
    "std": 0.00046645936645233166,
    "runs": [
      0.04047457573132025,
      0.0402211504423626,
      0.04116060327397895,
      0.04088869429413739,
      0.04091442444335544,
      0.04123571515585733,
      0.0417561921282722,
      0.041033314168491375,
      0.04162281673541254,
      0.04051586966429311
    ]
  },
  "paper_reference": {
    "discriminative": "0.102 +/- 0.031",
    "predictive": "0.038 +/- 0.001"
  }
}