{
  "dataset": "Stocks",
  "seed": 0,
  "judge": "1-layer GRU discriminator (official TimeGAN depth, hidden=int(d/2))",
  "generator": "PyTorch TimeGAN port, trained fresh this seed",
  "hyperparameters": {
    "seq_len": 24,
    "hidden_dim": 24,
    "num_layers": 3,
    "iteration_per_phase": 50000,
    "batch_size": 128,
    "train_min": 31.494695565250005
  },
  "protocol": {
    "itt": 2000,
    "n_temp": 10
  },
  "discriminative_score": {
    "mean": 0.16671214188267394,
    "std": 0.06991944230652779,
    "runs": [
      0.068212824010914,
      0.014324693042291947,
      0.19440654843110505,
      0.1350613915416098,
      0.19645293315143242,
      0.1875852660300137,
      0.20395634379263305,
      0.24010914051841747,
      0.242837653478854,
      0.1841746248294679
    ]
  },
  "predictive_score": {
    "mean": 0.03945700040619924,
    "std": 0.00042306126067922736,
    "runs": [
      0.04066305520931069,
      0.03906327870857465,
      0.03931831104866092,
      0.03939049551638677,
      0.03953123532873633,
      0.039247474550480436,
      0.03949429788876033,
      0.03921161019278915,
      0.039251764329293795,
      0.03939848128899935
    ]
  },
  "paper_reference": {
    "discriminative": "0.102 +/- 0.031",
    "predictive": "0.038 +/- 0.001"
  }
}