{
  "dataset": "Stocks",
  "seed": 4,
  "judge": "1-layer GRU discriminator (official TimeGAN depth, hidden=int(d/2))",
  "generator": "PyTorch TimeGAN port, trained fresh this seed",
  "hyperparameters": {
    "seq_len": 24,
    "hidden_dim": 24,
    "num_layers": 3,
    "iteration_per_phase": 50000,
    "batch_size": 128,
    "train_min": 30.33066379941665
  },
  "protocol": {
    "itt": 2000,
    "n_temp": 10
  },
  "discriminative_score": {
    "mean": 0.15668485675306956,
    "std": 0.05088882402784653,
    "runs": [
      0.23055934515688947,
      0.19918144611186905,
      0.17053206002728516,
      0.13096862210095495,
      0.19577080491132337,
      0.15143246930422916,
      0.1268758526603001,
      0.05047748976807642,
      0.20054570259208726,
      0.11050477489768074
    ]
  },
  "predictive_score": {
    "mean": 0.04540236140225475,
    "std": 0.0008912974178770468,
    "runs": [
      0.044842829760985706,
      0.044369613253927416,
      0.04537725500497643,
      0.04768862318078641,
      0.04541110306563824,
      0.045648057870345524,
      0.04438098619608842,
      0.045092141952956334,
      0.04577022415626009,
      0.04544277958058297
    ]
  },
  "paper_reference": {
    "discriminative": "0.102 +/- 0.031",
    "predictive": "0.038 +/- 0.001"
  }
}