{
  "dataset": "Stocks",
  "seed": 2,
  "judge": "1-layer GRU discriminator (official TimeGAN depth, hidden=int(d/2))",
  "generator": "PyTorch TimeGAN port, trained fresh this seed",
  "hyperparameters": {
    "seq_len": 24,
    "hidden_dim": 24,
    "num_layers": 3,
    "iteration_per_phase": 50000,
    "batch_size": 128,
    "train_min": 30.949778441566743
  },
  "protocol": {
    "itt": 2000,
    "n_temp": 10
  },
  "discriminative_score": {
    "mean": 0.08744884038199183,
    "std": 0.052541412001010944,
    "runs": [
      0.038881309686221055,
      0.11937244201909958,
      0.07571623465211463,
      0.10027285129604369,
      0.008185538881309684,
      0.13778990450204642,
      0.05798090040927695,
      0.20259208731241474,
      0.07503410641200547,
      0.058663028649386106
    ]
  },
  "predictive_score": {
    "mean": 0.042067362504727104,
    "std": 0.0010425974218374989,
    "runs": [
      0.04158153932219042,
      0.04327076715685588,
      0.04071702625483175,
      0.04391211708188485,
      0.041578734576970755,
      0.041006871484938937,
      0.042875423354326425,
      0.04128489672405784,
      0.04302381873344486,
      0.04142243035776936
    ]
  },
  "paper_reference": {
    "discriminative": "0.102 +/- 0.031",
    "predictive": "0.038 +/- 0.001"
  }
}