{
  "dataset": "Stocks",
  "generator": "PyTorch TimeGAN port (code/timegan_torch.py)",
  "note": "official TimeGAN is TF1; cannot run on CUDA-13. Metric shared with SBTS.",
  "hyperparameters": {
    "seq_len": 24,
    "module": "gru",
    "hidden_dim": 24,
    "num_layers": 3,
    "iteration_per_phase": 50000,
    "batch_size": 128,
    "train_min": 28.726640169349896
  },
  "protocol": {
    "itt": 2000,
    "n_temp": 10,
    "min_max": true
  },
  "discriminative_score": {
    "mean": 0.2188949522510232,
    "std": 0.06583117123822317,
    "runs": [
      0.23601637107776263,
      0.10027285129604369,
      0.17871759890859484,
      0.25170532060027284,
      0.2298772169167803,
      0.3001364256480218,
      0.24693042291950884,
      0.10368349249658937,
      0.2633015006821282,
      0.27830832196452937
    ]
  },
  "predictive_score": {
    "mean": 0.03909069118646135,
    "std": 0.00023557659267485606,
    "runs": [
      0.03906331691108451,
      0.03888748807351038,
      0.03938647373963572,
      0.039360933816392406,
      0.03925730122287133,
      0.03930394005537139,
      0.03878503218478895,
      0.039187634701918675,
      0.03868243224112171,
      0.03899235891791839
    ]
  },
  "paper_reference": {
    "discriminative": "0.102 +/- 0.031",
    "predictive": "0.038 +/- 0.001"
  },
  "seed": 0
}