{
  "metric": "catch22 cross-channel correlation-MAE (paper Table 4)",
  "dataset": "EEG_Eye_State_ZeroOne_chop_5best_1",
  "n_pairs": 15,
  "paper": {
    "ours": 0.111,
    "GroupGAN": 0.111,
    "timeGAN": 0.257,
    "FF": 0.146
  },
  "methods": {
    "ours": {
      "mean": 0.10854830311032797,
      "std": 0.006614888666385142,
      "per_pair": [
        0.10665793420672141,
        0.10878011698417797,
        0.10408906139497898,
        0.10917361330654408,
        0.11519321942207977,
        0.09706082892565215,
        0.10510806257041924,
        0.10359148091371549,
        0.11128998100000893,
        0.09541799459003396,
        0.11205296037825274,
        0.11245784921798528,
        0.1104899719442219,
        0.11584792002552,
        0.12101355177460765
      ]
    },
    "GroupGAN": {
      "mean": 0.11136253912475622,
      "std": 0.004980625169546871,
      "per_pair": [
        0.1182617004440533,
        0.11477849118613523,
        0.11544930891701384,
        0.11559726553341053,
        0.11740950201638994,
        0.10413587716742487,
        0.10622446001693149,
        0.11132307008148057,
        0.11346251572677836,
        0.09919587266350341,
        0.10911282160337446,
        0.11213381119613385,
        0.10934699880363069,
        0.1118832185646435,
        0.11212317295043935
      ]
    },
    "timeGAN": {
      "mean": 0.2573640041909563,
      "std": 0.008547992311917208,
      "per_pair": [
        0.2573241444671481,
        0.26429893945174854,
        0.26164549611660687,
        0.26630897609748283,
        0.2660508401728549,
        0.2572463078051081,
        0.25717569735076556,
        0.2618242131388599,
        0.2650695856254689,
        0.24027630061414887,
        0.24649513277432875,
        0.2598082588301539,
        0.23813678260848828,
        0.26000534295674016,
        0.2587940448544411
      ]
    },
    "FF": {
      "mean": 0.14539257909972658,
      "std": 0.006117936940875462,
      "per_pair": [
        0.13768690109239354,
        0.14514548199209484,
        0.14873249807784003,
        0.15328132354748053,
        0.1489590644061023,
        0.1355350541433397,
        0.14340062194903122,
        0.15029039518201304,
        0.14897901760192292,
        0.13298949542202007,
        0.14728346287821326,
        0.15450759297093017,
        0.14292945637635368,
        0.14953801746877374,
        0.1416303033873898
      ]
    }
  }
}