{
  "seed": 2,
  "eta": 13.330772399902344,
  "h32_MAE_uniform": 4.675170956360509,
  "h32_RMSE_uniform": 6.1834131469695,
  "h32_CRPS_uniform": 3.537216395425503,
  "h32_MAE_gaussian": 4.675126887108642,
  "h32_RMSE_gaussian": 6.183226731207493,
  "h32_CRPS_gaussian": 3.5372568811239944,
  "h64_MAE_uniform": 6.915584475273358,
  "h64_RMSE_uniform": 9.091601606664595,
  "h64_CRPS_uniform": 5.155540040182927,
  "h64_MAE_gaussian": 6.914215662983459,
  "h64_RMSE_gaussian": 9.08976829272684,
  "h64_CRPS_gaussian": 5.1543594447687155
}