{
  "seed": 3,
  "eta": 14.67848014831543,
  "h32_MAE_uniform": 6.628823619168133,
  "h32_RMSE_uniform": 8.125411253745746,
  "h32_CRPS_uniform": 5.063444574092955,
  "h32_MAE_gaussian": 6.617707127154923,
  "h32_RMSE_gaussian": 8.113626496041846,
  "h32_CRPS_gaussian": 5.05512401645683,
  "h64_MAE_uniform": 7.646258517026024,
  "h64_RMSE_uniform": 9.704765897135198,
  "h64_CRPS_uniform": 5.763299866133593,
  "h64_MAE_gaussian": 7.634226080533719,
  "h64_RMSE_gaussian": 9.691500103279937,
  "h64_CRPS_gaussian": 5.754413019290041
}