{
  "seed": 2,
  "eta": 13.328937530517578,
  "h32_MAE_uniform": 4.675347045315025,
  "h32_RMSE_uniform": 6.2013737207025645,
  "h32_CRPS_uniform": 3.538000264236416,
  "h32_MAE_gaussian": 4.6753652978898534,
  "h32_RMSE_gaussian": 6.201267767557306,
  "h32_CRPS_gaussian": 3.538086481972641,
  "h64_MAE_uniform": 6.979918887917238,
  "h64_RMSE_uniform": 9.209685615821941,
  "h64_CRPS_uniform": 5.213497541711604,
  "h64_MAE_gaussian": 6.978504668767956,
  "h64_RMSE_gaussian": 9.20780318440816,
  "h64_CRPS_gaussian": 5.212266357289991
}