{
  "seed": 0,
  "eta": 12.47226333618164,
  "h32_MAE_uniform": 5.549724201082292,
  "h32_RMSE_uniform": 7.171804442155878,
  "h32_CRPS_uniform": 4.187903153067737,
  "h32_MAE_gaussian": 5.552752341929244,
  "h32_RMSE_gaussian": 7.17617965379238,
  "h32_CRPS_gaussian": 4.1908644787652065,
  "h64_MAE_uniform": 7.929337735668284,
  "h64_RMSE_uniform": 10.19436880636921,
  "h64_CRPS_uniform": 5.98206045900622,
  "h64_MAE_gaussian": 7.9397615433908335,
  "h64_RMSE_gaussian": 10.207188628330263,
  "h64_CRPS_gaussian": 5.99208126235942
}