{
  "seed": 4,
  "eta": 14.350335121154785,
  "h32_MAE_uniform": 7.253006222558215,
  "h32_RMSE_uniform": 8.992255048734036,
  "h32_CRPS_uniform": 5.80849034771245,
  "h32_MAE_gaussian": 7.2496200044350285,
  "h32_RMSE_gaussian": 8.988569506591677,
  "h32_CRPS_gaussian": 5.807009811895568,
  "h64_MAE_uniform": 9.071231871003995,
  "h64_RMSE_uniform": 11.191459160775556,
  "h64_CRPS_uniform": 7.117984750368805,
  "h64_MAE_gaussian": 9.067872464381612,
  "h64_RMSE_gaussian": 11.188016213810327,
  "h64_CRPS_gaussian": 7.117480943563805
}