{
  "seed": 4,
  "eta": 14.350618362426758,
  "h32_MAE_uniform": 7.273775768314659,
  "h32_RMSE_uniform": 9.01544599746353,
  "h32_CRPS_uniform": 5.8249857074656575,
  "h32_MAE_gaussian": 7.270407061172763,
  "h32_RMSE_gaussian": 9.01177779250166,
  "h32_CRPS_gaussian": 5.823535613623335,
  "h64_MAE_uniform": 9.151210356647002,
  "h64_RMSE_uniform": 11.299826996305503,
  "h64_CRPS_uniform": 7.1898182447748695,
  "h64_MAE_gaussian": 9.147800668204486,
  "h64_RMSE_gaussian": 11.296336867768124,
  "h64_CRPS_gaussian": 7.189293909984144
}