{
  "seed": 1,
  "eta": 14.932323455810547,
  "h32_MAE_uniform": 6.0243136092681535,
  "h32_RMSE_uniform": 7.5367193487987585,
  "h32_CRPS_uniform": 4.676707845951341,
  "h32_MAE_gaussian": 6.024089111406078,
  "h32_RMSE_gaussian": 7.536230610576117,
  "h32_CRPS_gaussian": 4.6775909843756835,
  "h64_MAE_uniform": 6.6223724084105005,
  "h64_RMSE_uniform": 8.41729105105067,
  "h64_CRPS_uniform": 4.985079581819377,
  "h64_MAE_gaussian": 6.621787975290072,
  "h64_RMSE_gaussian": 8.416605043354238,
  "h64_CRPS_gaussian": 4.9855336162680715
}