{
  "seed": 3,
  "eta": 14.670714378356934,
  "h32_MAE_uniform": 6.643590695417485,
  "h32_RMSE_uniform": 8.123148027185199,
  "h32_CRPS_uniform": 5.076521331671529,
  "h32_MAE_gaussian": 6.632441779312906,
  "h32_RMSE_gaussian": 8.11129935796173,
  "h32_CRPS_gaussian": 5.068161472541988,
  "h64_MAE_uniform": 7.6428833180291385,
  "h64_RMSE_uniform": 9.664160227345613,
  "h64_CRPS_uniform": 5.758819294938235,
  "h64_MAE_gaussian": 7.630595928107048,
  "h64_RMSE_gaussian": 9.650649689760604,
  "h64_CRPS_gaussian": 5.74979346289058
}