{
  "seed": 0,
  "eta": 12.48394775390625,
  "h32_MAE_uniform": 5.546849051177489,
  "h32_RMSE_uniform": 7.15706946150524,
  "h32_CRPS_uniform": 4.184302638895588,
  "h32_MAE_gaussian": 5.549875551945361,
  "h32_RMSE_gaussian": 7.161445977475136,
  "h32_CRPS_gaussian": 4.187253913287577,
  "h64_MAE_uniform": 7.869884745578849,
  "h64_RMSE_uniform": 10.090578753357264,
  "h64_CRPS_uniform": 5.925827409415888,
  "h64_MAE_gaussian": 7.880319553325574,
  "h64_RMSE_gaussian": 10.103509303732665,
  "h64_CRPS_gaussian": 5.935840391942406
}