{
  "seed": 1,
  "eta": 14.926786422729492,
  "h32_MAE_uniform": 6.0201608649449305,
  "h32_RMSE_uniform": 7.5486154138712385,
  "h32_CRPS_uniform": 4.673032497095846,
  "h32_MAE_gaussian": 6.019869952725314,
  "h32_RMSE_gaussian": 7.548029615181649,
  "h32_CRPS_gaussian": 4.673864421699818,
  "h64_MAE_uniform": 6.665116206104131,
  "h64_RMSE_uniform": 8.499174058827586,
  "h64_CRPS_uniform": 5.020575974280291,
  "h64_MAE_gaussian": 6.664516012631637,
  "h64_RMSE_gaussian": 8.49843294796227,
  "h64_CRPS_gaussian": 5.021015662297032
}