{
  "baseline": {
    "MAE_h32": 3.7316868595980903,
    "RMSE_h32": 5.068157455771573,
    "CRPS_h32": 3.7316868595980903,
    "MAE_h64": 5.301255779606787,
    "RMSE_h64": 7.180981683588902,
    "CRPS_h64": 5.301255779606787
  },
  "h32_MAE_uniform": {
    "mean": 6.029566299765008,
    "std": 0.8912253617892929
  },
  "h32_RMSE_uniform": {
    "mean": 7.612530165587792,
    "std": 0.940309163269227
  },
  "h32_CRPS_uniform": {
    "mean": 4.657473239191722,
    "std": 0.7748362389925866
  },
  "h32_MAE_gaussian": {
    "mean": 6.0272203561744195,
    "std": 0.8884676509327522
  },
  "h32_RMSE_gaussian": {
    "mean": 7.610176265014968,
    "std": 0.9375699862752268
  },
  "h32_CRPS_gaussian": {
    "mean": 4.656295002503566,
    "std": 0.7731545484473853
  },
  "h64_MAE_uniform": {
    "mean": 7.674368340672535,
    "std": 0.8657611458457207
  },
  "h64_RMSE_uniform": {
    "mean": 9.781564274891888,
    "std": 0.9437157548992847
  },
  "h64_CRPS_uniform": {
    "mean": 5.833850417181315,
    "std": 0.7631310969681645
  },
  "h64_MAE_gaussian": {
    "mean": 7.672961794705726,
    "std": 0.8656865321099447
  },
  "h64_RMSE_gaussian": {
    "mean": 9.780252346349751,
    "std": 0.9443964039211202
  },
  "h64_CRPS_gaussian": {
    "mean": 5.833814042244126,
    "std": 0.7636283701348636
  },
  "per_seed": [
    {
      "seed": 0,
      "eta": 12.47226333618164,
      "h32_MAE_uniform": 5.549724201082292,
      "h32_RMSE_uniform": 7.171804442155878,
      "h32_CRPS_uniform": 4.187903153067737,
      "h32_MAE_gaussian": 5.552752341929244,
      "h32_RMSE_gaussian": 7.17617965379238,
      "h32_CRPS_gaussian": 4.1908644787652065,
      "h64_MAE_uniform": 7.929337735668284,
      "h64_RMSE_uniform": 10.19436880636921,
      "h64_CRPS_uniform": 5.98206045900622,
      "h64_MAE_gaussian": 7.9397615433908335,
      "h64_RMSE_gaussian": 10.207188628330263,
      "h64_CRPS_gaussian": 5.99208126235942
    },
    {
      "seed": 1,
      "eta": 14.926786422729492,
      "h32_MAE_uniform": 6.0201608649449305,
      "h32_RMSE_uniform": 7.5486154138712385,
      "h32_CRPS_uniform": 4.673032497095846,
      "h32_MAE_gaussian": 6.019869952725314,
      "h32_RMSE_gaussian": 7.548029615181649,
      "h32_CRPS_gaussian": 4.673864421699818,
      "h64_MAE_uniform": 6.665116206104131,
      "h64_RMSE_uniform": 8.499174058827586,
      "h64_CRPS_uniform": 5.020575974280291,
      "h64_MAE_gaussian": 6.664516012631637,
      "h64_RMSE_gaussian": 8.49843294796227,
      "h64_CRPS_gaussian": 5.021015662297032
    },
    {
      "seed": 2,
      "eta": 13.328937530517578,
      "h32_MAE_uniform": 4.675347045315025,
      "h32_RMSE_uniform": 6.2013737207025645,
      "h32_CRPS_uniform": 3.538000264236416,
      "h32_MAE_gaussian": 4.6753652978898534,
      "h32_RMSE_gaussian": 6.201267767557306,
      "h32_CRPS_gaussian": 3.538086481972641,
      "h64_MAE_uniform": 6.979918887917238,
      "h64_RMSE_uniform": 9.209685615821941,
      "h64_CRPS_uniform": 5.213497541711604,
      "h64_MAE_gaussian": 6.978504668767956,
      "h64_RMSE_gaussian": 9.20780318440816,
      "h64_CRPS_gaussian": 5.212266357289991
    },
    {
      "seed": 3,
      "eta": 14.67848014831543,
      "h32_MAE_uniform": 6.628823619168133,
      "h32_RMSE_uniform": 8.125411253745746,
      "h32_CRPS_uniform": 5.063444574092955,
      "h32_MAE_gaussian": 6.617707127154923,
      "h32_RMSE_gaussian": 8.113626496041846,
      "h32_CRPS_gaussian": 5.05512401645683,
      "h64_MAE_uniform": 7.646258517026024,
      "h64_RMSE_uniform": 9.704765897135198,
      "h64_CRPS_uniform": 5.763299866133593,
      "h64_MAE_gaussian": 7.634226080533719,
      "h64_RMSE_gaussian": 9.691500103279937,
      "h64_CRPS_gaussian": 5.754413019290041
    },
    {
      "seed": 4,
      "eta": 14.350618362426758,
      "h32_MAE_uniform": 7.273775768314659,
      "h32_RMSE_uniform": 9.01544599746353,
      "h32_CRPS_uniform": 5.8249857074656575,
      "h32_MAE_gaussian": 7.270407061172763,
      "h32_RMSE_gaussian": 9.01177779250166,
      "h32_CRPS_gaussian": 5.823535613623335,
      "h64_MAE_uniform": 9.151210356647002,
      "h64_RMSE_uniform": 11.299826996305503,
      "h64_CRPS_uniform": 7.1898182447748695,
      "h64_MAE_gaussian": 9.147800668204486,
      "h64_RMSE_gaussian": 11.296336867768124,
      "h64_CRPS_gaussian": 7.189293909984144
    }
  ]
}