{
  "baseline": {
    "MAE_h32": 3.7378173987486645,
    "RMSE_h32": 5.039875056706717,
    "CRPS_h32": 3.7378173987486645,
    "MAE_h64": 5.245856609882988,
    "RMSE_h64": 7.066083253003601,
    "CRPS_h64": 5.245856609882988
  },
  "h32_MAE_uniform": {
    "mean": 6.02858610695637,
    "std": 0.8878351962304805
  },
  "h32_RMSE_uniform": {
    "mean": 7.5985210066385465,
    "std": 0.9401018303240268
  },
  "h32_CRPS_uniform": {
    "mean": 4.656647711931282,
    "std": 0.7719681422868363
  },
  "h32_MAE_gaussian": {
    "mean": 6.026230666841603,
    "std": 0.8850506866363264
  },
  "h32_RMSE_gaussian": {
    "mean": 7.59615443676243,
    "std": 0.9373495641616845
  },
  "h32_CRPS_gaussian": {
    "mean": 4.655454612644962,
    "std": 0.7702563741687505
  },
  "h64_MAE_uniform": {
    "mean": 7.624391363659169,
    "std": 0.8556173909332868
  },
  "h64_RMSE_uniform": {
    "mean": 9.69101815983874,
    "std": 0.9373765695390242
  },
  "h64_CRPS_uniform": {
    "mean": 5.788650215345046,
    "std": 0.7527804499787376
  },
  "h64_MAE_gaussian": {
    "mean": 7.622958316817554,
    "std": 0.8554213271963663
  },
  "h64_RMSE_gaussian": {
    "mean": 9.689709708676935,
    "std": 0.9379129346276968
  },
  "h64_CRPS_gaussian": {
    "mean": 5.788601571886716,
    "std": 0.7531649143549929
  },
  "per_seed": [
    {
      "seed": 0,
      "eta": 12.48394775390625,
      "h32_MAE_uniform": 5.546849051177489,
      "h32_RMSE_uniform": 7.15706946150524,
      "h32_CRPS_uniform": 4.184302638895588,
      "h32_MAE_gaussian": 5.549875551945361,
      "h32_RMSE_gaussian": 7.161445977475136,
      "h32_CRPS_gaussian": 4.187253913287577,
      "h64_MAE_uniform": 7.869884745578849,
      "h64_RMSE_uniform": 10.090578753357264,
      "h64_CRPS_uniform": 5.925827409415888,
      "h64_MAE_gaussian": 7.880319553325574,
      "h64_RMSE_gaussian": 10.103509303732665,
      "h64_CRPS_gaussian": 5.935840391942406
    },
    {
      "seed": 1,
      "eta": 14.932323455810547,
      "h32_MAE_uniform": 6.0243136092681535,
      "h32_RMSE_uniform": 7.5367193487987585,
      "h32_CRPS_uniform": 4.676707845951341,
      "h32_MAE_gaussian": 6.024089111406078,
      "h32_RMSE_gaussian": 7.536230610576117,
      "h32_CRPS_gaussian": 4.6775909843756835,
      "h64_MAE_uniform": 6.6223724084105005,
      "h64_RMSE_uniform": 8.41729105105067,
      "h64_CRPS_uniform": 4.985079581819377,
      "h64_MAE_gaussian": 6.621787975290072,
      "h64_RMSE_gaussian": 8.416605043354238,
      "h64_CRPS_gaussian": 4.9855336162680715
    },
    {
      "seed": 2,
      "eta": 13.330772399902344,
      "h32_MAE_uniform": 4.675170956360509,
      "h32_RMSE_uniform": 6.1834131469695,
      "h32_CRPS_uniform": 3.537216395425503,
      "h32_MAE_gaussian": 4.675126887108642,
      "h32_RMSE_gaussian": 6.183226731207493,
      "h32_CRPS_gaussian": 3.5372568811239944,
      "h64_MAE_uniform": 6.915584475273358,
      "h64_RMSE_uniform": 9.091601606664595,
      "h64_CRPS_uniform": 5.155540040182927,
      "h64_MAE_gaussian": 6.914215662983459,
      "h64_RMSE_gaussian": 9.08976829272684,
      "h64_CRPS_gaussian": 5.1543594447687155
    },
    {
      "seed": 3,
      "eta": 14.670714378356934,
      "h32_MAE_uniform": 6.643590695417485,
      "h32_RMSE_uniform": 8.123148027185199,
      "h32_CRPS_uniform": 5.076521331671529,
      "h32_MAE_gaussian": 6.632441779312906,
      "h32_RMSE_gaussian": 8.11129935796173,
      "h32_CRPS_gaussian": 5.068161472541988,
      "h64_MAE_uniform": 7.6428833180291385,
      "h64_RMSE_uniform": 9.664160227345613,
      "h64_CRPS_uniform": 5.758819294938235,
      "h64_MAE_gaussian": 7.630595928107048,
      "h64_RMSE_gaussian": 9.650649689760604,
      "h64_CRPS_gaussian": 5.74979346289058
    },
    {
      "seed": 4,
      "eta": 14.350335121154785,
      "h32_MAE_uniform": 7.253006222558215,
      "h32_RMSE_uniform": 8.992255048734036,
      "h32_CRPS_uniform": 5.80849034771245,
      "h32_MAE_gaussian": 7.2496200044350285,
      "h32_RMSE_gaussian": 8.988569506591677,
      "h32_CRPS_gaussian": 5.807009811895568,
      "h64_MAE_uniform": 9.071231871003995,
      "h64_RMSE_uniform": 11.191459160775556,
      "h64_CRPS_uniform": 7.117984750368805,
      "h64_MAE_gaussian": 9.067872464381612,
      "h64_RMSE_gaussian": 11.188016213810327,
      "h64_CRPS_gaussian": 7.117480943563805
    }
  ]
}