{
  "seed": 1,
  "eta": 10.953483581542969,
  "h32_MAE_uniform": 3.7517548454927576,
  "h32_RMSE_uniform": 5.103134991778597,
  "h32_CRPS_uniform": 2.7657911948647325,
  "h32_MAE_gaussian": 3.751788112378324,
  "h32_RMSE_gaussian": 5.103163790002311,
  "h32_CRPS_gaussian": 2.765814940648056,
  "h64_MAE_uniform": 5.292760436513792,
  "h64_RMSE_uniform": 7.215359769849315,
  "h64_CRPS_uniform": 3.911239582606072,
  "h64_MAE_gaussian": 5.2928414687961745,
  "h64_RMSE_gaussian": 7.215439340855784,
  "h64_CRPS_gaussian": 3.9113681180670596
}