{
  "seed": 4,
  "eta": 10.968109130859375,
  "h32_MAE_uniform": 3.7504266392247168,
  "h32_RMSE_uniform": 5.087991227236577,
  "h32_CRPS_uniform": 2.757366484525619,
  "h32_MAE_gaussian": 3.750653908674407,
  "h32_RMSE_gaussian": 5.088238785099493,
  "h32_CRPS_gaussian": 2.7574690163079367,
  "h64_MAE_uniform": 5.234573056693803,
  "h64_RMSE_uniform": 7.132182957993088,
  "h64_CRPS_uniform": 3.8617815831192956,
  "h64_MAE_gaussian": 5.234571865110189,
  "h64_RMSE_gaussian": 7.132279490600109,
  "h64_CRPS_gaussian": 3.8618479062245683
}