{
  "seed": 0,
  "eta": 10.985541343688965,
  "h32_MAE_uniform": 3.7502614981894506,
  "h32_RMSE_uniform": 5.081325324547251,
  "h32_CRPS_uniform": 2.7501906677275656,
  "h32_MAE_gaussian": 3.750233857866596,
  "h32_RMSE_gaussian": 5.081328463763971,
  "h32_CRPS_gaussian": 2.750174165805902,
  "h64_MAE_uniform": 5.2239308958636865,
  "h64_RMSE_uniform": 7.1022829204204845,
  "h64_CRPS_uniform": 3.8473798517654814,
  "h64_MAE_gaussian": 5.223991439108586,
  "h64_RMSE_gaussian": 7.102353449979051,
  "h64_CRPS_gaussian": 3.847432301423737
}