{
  "seed": 4,
  "eta": 10.944047927856445,
  "h32_MAE_uniform": 3.743913947299016,
  "h32_RMSE_uniform": 5.119148295732856,
  "h32_CRPS_uniform": 2.7574282589934,
  "h32_MAE_gaussian": 3.7440510845916606,
  "h32_RMSE_gaussian": 5.119312389320356,
  "h32_CRPS_gaussian": 2.7575167617321767,
  "h64_MAE_uniform": 5.281971361145861,
  "h64_RMSE_uniform": 7.230115998324732,
  "h64_CRPS_uniform": 3.894741603783757,
  "h64_MAE_gaussian": 5.2820368173938546,
  "h64_RMSE_gaussian": 7.230206309265567,
  "h64_CRPS_gaussian": 3.894819310732032
}