{
  "seed": 2,
  "eta": 10.98225212097168,
  "h32_MAE_uniform": 3.7551726119308038,
  "h32_RMSE_uniform": 5.086753700420522,
  "h32_CRPS_uniform": 2.7647754639106097,
  "h32_MAE_gaussian": 3.7550780735755396,
  "h32_RMSE_gaussian": 5.086702112759485,
  "h32_CRPS_gaussian": 2.764777964344148,
  "h64_MAE_uniform": 5.2409553600039445,
  "h64_RMSE_uniform": 7.11815355819351,
  "h64_CRPS_uniform": 3.8721528718876925,
  "h64_MAE_gaussian": 5.240825185321848,
  "h64_RMSE_gaussian": 7.118125515711671,
  "h64_CRPS_gaussian": 3.87218188218651
}