{
  "seed": 0,
  "eta": 10.950971603393555,
  "h32_MAE_uniform": 3.744654063610702,
  "h32_RMSE_uniform": 5.1137594854361295,
  "h32_CRPS_uniform": 2.7558763857546182,
  "h32_MAE_gaussian": 3.744612128579723,
  "h32_RMSE_gaussian": 5.113636783880544,
  "h32_CRPS_gaussian": 2.7557995072368158,
  "h64_MAE_uniform": 5.289305065748205,
  "h64_RMSE_uniform": 7.225191238014883,
  "h64_CRPS_uniform": 3.892854789634157,
  "h64_MAE_gaussian": 5.2891894034253495,
  "h64_RMSE_gaussian": 7.224944083587372,
  "h64_CRPS_gaussian": 3.892658622829572
}