{
  "seed": 3,
  "eta": 10.930980682373047,
  "h32_MAE_uniform": 3.746953251431325,
  "h32_RMSE_uniform": 5.118192224030662,
  "h32_CRPS_uniform": 2.763536305034336,
  "h32_MAE_gaussian": 3.7469830724140483,
  "h32_RMSE_gaussian": 5.1184666610423815,
  "h32_CRPS_gaussian": 2.7636295814903633,
  "h64_MAE_uniform": 5.287991612038589,
  "h64_RMSE_uniform": 7.23617283371674,
  "h64_CRPS_uniform": 3.8940347891695524,
  "h64_MAE_gaussian": 5.288226257397883,
  "h64_RMSE_gaussian": 7.236721442110438,
  "h64_CRPS_gaussian": 3.8943072557596565
}