{
  "seed": 2,
  "eta": 10.965463638305664,
  "h32_MAE_uniform": 3.7438594760720116,
  "h32_RMSE_uniform": 5.105641352817952,
  "h32_CRPS_uniform": 2.764726480720128,
  "h32_MAE_gaussian": 3.743968147605633,
  "h32_RMSE_gaussian": 5.105675814940187,
  "h32_CRPS_gaussian": 2.76480701213427,
  "h64_MAE_uniform": 5.289724211931818,
  "h64_RMSE_uniform": 7.225907612509557,
  "h64_CRPS_uniform": 3.9085235832340004,
  "h64_MAE_gaussian": 5.289785025468858,
  "h64_RMSE_gaussian": 7.225942592657791,
  "h64_CRPS_gaussian": 3.9085794754120116
}