{
  "seed": 1,
  "eta": 10.975099563598633,
  "h32_MAE_uniform": 3.7632774073949093,
  "h32_RMSE_uniform": 5.087403181271141,
  "h32_CRPS_uniform": 2.768108606442752,
  "h32_MAE_gaussian": 3.7632735086331586,
  "h32_RMSE_gaussian": 5.087508157504045,
  "h32_CRPS_gaussian": 2.7681699621969074,
  "h64_MAE_uniform": 5.237593823562575,
  "h64_RMSE_uniform": 7.109211189333518,
  "h64_CRPS_uniform": 3.873023463628499,
  "h64_MAE_gaussian": 5.237766670462583,
  "h64_RMSE_gaussian": 7.10956810095424,
  "h64_CRPS_gaussian": 3.8732024249424057
}