{
  "seed": 3,
  "eta": 10.957146644592285,
  "h32_MAE_uniform": 3.7440676400311084,
  "h32_RMSE_uniform": 5.069323460099435,
  "h32_CRPS_uniform": 2.755951932621315,
  "h32_MAE_gaussian": 3.7444334452829175,
  "h32_RMSE_gaussian": 5.069716323448736,
  "h32_CRPS_gaussian": 2.7561570992951374,
  "h64_MAE_uniform": 5.213651518938193,
  "h64_RMSE_uniform": 7.091281657130048,
  "h64_CRPS_uniform": 3.8431223725933137,
  "h64_MAE_gaussian": 5.2141189068917,
  "h64_RMSE_gaussian": 7.091729913252279,
  "h64_CRPS_gaussian": 3.8434162953314512
}