{
  "baseline": {
    "MAE_h32": 3.7316868595980903,
    "RMSE_h32": 5.068157455771573,
    "CRPS_h32": 3.7316868595980903,
    "MAE_h64": 5.301255779606787,
    "RMSE_h64": 7.180981683588902,
    "CRPS_h64": 5.301255779606787
  },
  "h32_MAE_uniform": {
    "mean": 3.7462271167811627,
    "std": 0.0029837569638633946
  },
  "h32_RMSE_uniform": {
    "mean": 5.111975269959239,
    "std": 0.006504694707777753
  },
  "h32_CRPS_uniform": {
    "mean": 2.761471725073443,
    "std": 0.004029173216570751
  },
  "h32_MAE_gaussian": {
    "mean": 3.7462805091138778,
    "std": 0.0029640557336564053
  },
  "h32_RMSE_gaussian": {
    "mean": 5.112051087837156,
    "std": 0.0065731069980583265
  },
  "h32_CRPS_gaussian": {
    "mean": 2.7615135606483365,
    "std": 0.004060813828827999
  },
  "h64_MAE_uniform": {
    "mean": 5.288350537475653,
    "std": 0.0035515639759730253
  },
  "h64_RMSE_uniform": {
    "mean": 7.226549490483045,
    "std": 0.006823421695005364
  },
  "h64_CRPS_uniform": {
    "mean": 3.9002788696855077,
    "std": 0.007910491122414728
  },
  "h64_MAE_gaussian": {
    "mean": 5.288415794496425,
    "std": 0.003543645874663178
  },
  "h64_RMSE_gaussian": {
    "mean": 7.226650753695391,
    "std": 0.006973818657499615
  },
  "h64_CRPS_gaussian": {
    "mean": 3.9003465565600663,
    "std": 0.007942086583776058
  },
  "per_seed": [
    {
      "seed": 0,
      "eta": 10.950971603393555,
      "h32_MAE_uniform": 3.744654063610702,
      "h32_RMSE_uniform": 5.1137594854361295,
      "h32_CRPS_uniform": 2.7558763857546182,
      "h32_MAE_gaussian": 3.744612128579723,
      "h32_RMSE_gaussian": 5.113636783880544,
      "h32_CRPS_gaussian": 2.7557995072368158,
      "h64_MAE_uniform": 5.289305065748205,
      "h64_RMSE_uniform": 7.225191238014883,
      "h64_CRPS_uniform": 3.892854789634157,
      "h64_MAE_gaussian": 5.2891894034253495,
      "h64_RMSE_gaussian": 7.224944083587372,
      "h64_CRPS_gaussian": 3.892658622829572
    },
    {
      "seed": 1,
      "eta": 10.953483581542969,
      "h32_MAE_uniform": 3.7517548454927576,
      "h32_RMSE_uniform": 5.103134991778597,
      "h32_CRPS_uniform": 2.7657911948647325,
      "h32_MAE_gaussian": 3.751788112378324,
      "h32_RMSE_gaussian": 5.103163790002311,
      "h32_CRPS_gaussian": 2.765814940648056,
      "h64_MAE_uniform": 5.292760436513792,
      "h64_RMSE_uniform": 7.215359769849315,
      "h64_CRPS_uniform": 3.911239582606072,
      "h64_MAE_gaussian": 5.2928414687961745,
      "h64_RMSE_gaussian": 7.215439340855784,
      "h64_CRPS_gaussian": 3.9113681180670596
    },
    {
      "seed": 2,
      "eta": 10.965463638305664,
      "h32_MAE_uniform": 3.7438594760720116,
      "h32_RMSE_uniform": 5.105641352817952,
      "h32_CRPS_uniform": 2.764726480720128,
      "h32_MAE_gaussian": 3.743968147605633,
      "h32_RMSE_gaussian": 5.105675814940187,
      "h32_CRPS_gaussian": 2.76480701213427,
      "h64_MAE_uniform": 5.289724211931818,
      "h64_RMSE_uniform": 7.225907612509557,
      "h64_CRPS_uniform": 3.9085235832340004,
      "h64_MAE_gaussian": 5.289785025468858,
      "h64_RMSE_gaussian": 7.225942592657791,
      "h64_CRPS_gaussian": 3.9085794754120116
    },
    {
      "seed": 3,
      "eta": 10.930980682373047,
      "h32_MAE_uniform": 3.746953251431325,
      "h32_RMSE_uniform": 5.118192224030662,
      "h32_CRPS_uniform": 2.763536305034336,
      "h32_MAE_gaussian": 3.7469830724140483,
      "h32_RMSE_gaussian": 5.1184666610423815,
      "h32_CRPS_gaussian": 2.7636295814903633,
      "h64_MAE_uniform": 5.287991612038589,
      "h64_RMSE_uniform": 7.23617283371674,
      "h64_CRPS_uniform": 3.8940347891695524,
      "h64_MAE_gaussian": 5.288226257397883,
      "h64_RMSE_gaussian": 7.236721442110438,
      "h64_CRPS_gaussian": 3.8943072557596565
    },
    {
      "seed": 4,
      "eta": 10.944047927856445,
      "h32_MAE_uniform": 3.743913947299016,
      "h32_RMSE_uniform": 5.119148295732856,
      "h32_CRPS_uniform": 2.7574282589934,
      "h32_MAE_gaussian": 3.7440510845916606,
      "h32_RMSE_gaussian": 5.119312389320356,
      "h32_CRPS_gaussian": 2.7575167617321767,
      "h64_MAE_uniform": 5.281971361145861,
      "h64_RMSE_uniform": 7.230115998324732,
      "h64_CRPS_uniform": 3.894741603783757,
      "h64_MAE_gaussian": 5.2820368173938546,
      "h64_RMSE_gaussian": 7.230206309265567,
      "h64_CRPS_gaussian": 3.894819310732032
    }
  ]
}