{
  "baseline": {
    "MAE_h32": 3.7378173987486645,
    "RMSE_h32": 5.039875056706717,
    "CRPS_h32": 3.7378173987486645,
    "MAE_h64": 5.245856609882988,
    "RMSE_h64": 7.066083253003601,
    "CRPS_h64": 5.245856609882988
  },
  "h32_MAE_uniform": {
    "mean": 3.752641159354198,
    "std": 0.006381381430026191
  },
  "h32_RMSE_uniform": {
    "mean": 5.082559378714985,
    "std": 0.00703238462287804
  },
  "h32_CRPS_uniform": {
    "mean": 2.7592786310455724,
    "std": 0.006410896053596758
  },
  "h32_MAE_gaussian": {
    "mean": 3.752734558806524,
    "std": 0.006261830735750548
  },
  "h32_RMSE_gaussian": {
    "mean": 5.082698768515146,
    "std": 0.006932104822541413
  },
  "h32_CRPS_gaussian": {
    "mean": 2.7593496415900063,
    "std": 0.006405984345164007
  },
  "h64_MAE_uniform": {
    "mean": 5.23014093101244,
    "std": 0.010026030789246652
  },
  "h64_RMSE_uniform": {
    "mean": 7.110622456614129,
    "std": 0.013908118310230923
  },
  "h64_CRPS_uniform": {
    "mean": 3.8594920285988565,
    "std": 0.012355640105075236
  },
  "h64_MAE_gaussian": {
    "mean": 5.2302548133789815,
    "std": 0.009863012023943189
  },
  "h64_RMSE_gaussian": {
    "mean": 7.11081129409947,
    "std": 0.013795369151853877
  },
  "h64_CRPS_gaussian": {
    "mean": 3.8596161620217346,
    "std": 0.012315410553045454
  },
  "per_seed": [
    {
      "seed": 0,
      "eta": 10.985541343688965,
      "h32_MAE_uniform": 3.7502614981894506,
      "h32_RMSE_uniform": 5.081325324547251,
      "h32_CRPS_uniform": 2.7501906677275656,
      "h32_MAE_gaussian": 3.750233857866596,
      "h32_RMSE_gaussian": 5.081328463763971,
      "h32_CRPS_gaussian": 2.750174165805902,
      "h64_MAE_uniform": 5.2239308958636865,
      "h64_RMSE_uniform": 7.1022829204204845,
      "h64_CRPS_uniform": 3.8473798517654814,
      "h64_MAE_gaussian": 5.223991439108586,
      "h64_RMSE_gaussian": 7.102353449979051,
      "h64_CRPS_gaussian": 3.847432301423737
    },
    {
      "seed": 1,
      "eta": 10.975099563598633,
      "h32_MAE_uniform": 3.7632774073949093,
      "h32_RMSE_uniform": 5.087403181271141,
      "h32_CRPS_uniform": 2.768108606442752,
      "h32_MAE_gaussian": 3.7632735086331586,
      "h32_RMSE_gaussian": 5.087508157504045,
      "h32_CRPS_gaussian": 2.7681699621969074,
      "h64_MAE_uniform": 5.237593823562575,
      "h64_RMSE_uniform": 7.109211189333518,
      "h64_CRPS_uniform": 3.873023463628499,
      "h64_MAE_gaussian": 5.237766670462583,
      "h64_RMSE_gaussian": 7.10956810095424,
      "h64_CRPS_gaussian": 3.8732024249424057
    },
    {
      "seed": 2,
      "eta": 10.98225212097168,
      "h32_MAE_uniform": 3.7551726119308038,
      "h32_RMSE_uniform": 5.086753700420522,
      "h32_CRPS_uniform": 2.7647754639106097,
      "h32_MAE_gaussian": 3.7550780735755396,
      "h32_RMSE_gaussian": 5.086702112759485,
      "h32_CRPS_gaussian": 2.764777964344148,
      "h64_MAE_uniform": 5.2409553600039445,
      "h64_RMSE_uniform": 7.11815355819351,
      "h64_CRPS_uniform": 3.8721528718876925,
      "h64_MAE_gaussian": 5.240825185321848,
      "h64_RMSE_gaussian": 7.118125515711671,
      "h64_CRPS_gaussian": 3.87218188218651
    },
    {
      "seed": 3,
      "eta": 10.957146644592285,
      "h32_MAE_uniform": 3.7440676400311084,
      "h32_RMSE_uniform": 5.069323460099435,
      "h32_CRPS_uniform": 2.755951932621315,
      "h32_MAE_gaussian": 3.7444334452829175,
      "h32_RMSE_gaussian": 5.069716323448736,
      "h32_CRPS_gaussian": 2.7561570992951374,
      "h64_MAE_uniform": 5.213651518938193,
      "h64_RMSE_uniform": 7.091281657130048,
      "h64_CRPS_uniform": 3.8431223725933137,
      "h64_MAE_gaussian": 5.2141189068917,
      "h64_RMSE_gaussian": 7.091729913252279,
      "h64_CRPS_gaussian": 3.8434162953314512
    },
    {
      "seed": 4,
      "eta": 10.968109130859375,
      "h32_MAE_uniform": 3.7504266392247168,
      "h32_RMSE_uniform": 5.087991227236577,
      "h32_CRPS_uniform": 2.757366484525619,
      "h32_MAE_gaussian": 3.750653908674407,
      "h32_RMSE_gaussian": 5.088238785099493,
      "h32_CRPS_gaussian": 2.7574690163079367,
      "h64_MAE_uniform": 5.234573056693803,
      "h64_RMSE_uniform": 7.132182957993088,
      "h64_CRPS_uniform": 3.8617815831192956,
      "h64_MAE_gaussian": 5.234571865110189,
      "h64_RMSE_gaussian": 7.132279490600109,
      "h64_CRPS_gaussian": 3.8618479062245683
    }
  ]
}