{
  "B_log_ret_hist": {
    "name": "Log-return histogram",
    "mse": {
      "mean": 2160.020991344182,
      "std": 655.1601573701915,
      "per_seed": [
        1243.0361822047262,
        1679.630050710947,
        2986.1121407443898,
        2783.988526003801,
        2107.3380570570466
      ]
    },
    "pct": {
      "mean": 117.67187884769407,
      "std": 1.1249512149265617,
      "per_seed": [
        117.2963988615152,
        116.508977873701,
        118.56174645594967,
        119.38035066958503,
        116.61192037771949
      ]
    },
    "nrmse": {
      "mean": 151.6309001146078,
      "std": 13.15421562289337,
      "per_seed": [
        130.71828797857222,
        143.07992157797915,
        163.94576636471217,
        165.49747630319925,
        154.9130483485763
      ]
    }
  },
  "B_qq_plot": {
    "name": "QQ plot",
    "mse": {
      "mean": 4.1617574565380745e-05,
      "std": 1.26928503254595e-06,
      "per_seed": [
        4.124399037318535e-05,
        4.0810632862529353e-05,
        4.251540284067937e-05,
        4.3550381974376725e-05,
        3.9967464776132943e-05
      ]
    },
    "pct": {
      "mean": 92.65550346597766,
      "std": 2.379805852737494,
      "per_seed": [
        91.20938319698257,
        90.26745612139015,
        95.24486548515745,
        95.83170533328315,
        90.72410719307493
      ]
    },
    "nrmse": {
      "mean": 30.25310418686009,
      "std": 0.4430858789986812,
      "per_seed": [
        30.086833481412782,
        29.971562139316493,
        30.59491090480036,
        30.91940286581328,
        29.692811542957532
      ]
    }
  },
  "B_acf_abs_r": {
    "name": "ACF |r|",
    "mse": {
      "mean": 0.026261158063279756,
      "std": 0.022454026732005476,
      "per_seed": [
        0.032705234624580075,
        0.00917914304916669,
        0.01865021660183239,
        0.06671575907765365,
        0.0040554369631659705
      ]
    },
    "pct": {
      "mean": 893.1697197352505,
      "std": 463.2534366287684,
      "per_seed": [
        1134.8750419299795,
        593.5538225594129,
        876.3351035639175,
        1609.4203448654696,
        251.6642857574734
      ]
    },
    "nrmse": {
      "mean": 667.9606577718589,
      "std": 311.1036682045902,
      "per_seed": [
        819.3287717207243,
        434.6045863288803,
        619.9859474621569,
        1177.8090389538384,
        288.07494439369486
      ]
    }
  },
  "B_acf_sq_r": {
    "name": "ACF r\u00b2",
    "mse": {
      "mean": 0.008474542850556432,
      "std": 0.011026630660267432,
      "per_seed": [
        0.007744339923651579,
        0.0013172408099351102,
        0.0030904575087964676,
        0.029927841508463518,
        0.000292834501935485
      ]
    },
    "pct": {
      "mean": 541.6453890009477,
      "std": 420.60029293953977,
      "per_seed": [
        671.0950607069657,
        278.59415379961166,
        423.57106987424737,
        1281.0621526625857,
        53.90450796132822
      ]
    },
    "nrmse": {
      "mean": 366.87725155012913,
      "std": 274.604972017173,
      "per_seed": [
        430.8115086341375,
        180.21698389559967,
        274.38419944944695,
        865.8914464869595,
        83.08211928450217
      ]
    }
  },
  "B_roll_vol_hist": {
    "name": "Rolling vol histogram",
    "mse": {
      "mean": 3028.8200422867403,
      "std": 1983.4221962478225,
      "per_seed": [
        2815.360238130626,
        1187.7293088269369,
        1168.451154874384,
        6584.7741114592,
        3387.7853981425546
      ]
    },
    "pct": {
      "mean": 187.76036814098543,
      "std": 42.87279295547715,
      "per_seed": [
        201.85532216811222,
        145.267125517514,
        141.47096769264473,
        258.6765557454499,
        191.53186958120637
      ]
    },
    "nrmse": {
      "mean": 97.98825389429251,
      "std": 31.2762297981969,
      "per_seed": [
        102.11951061462534,
        65.03218981084866,
        65.59100431587197,
        149.386194132613,
        107.81237059750362
      ]
    }
  },
  "B_tail_surv": {
    "name": "Tail survival",
    "mse": {
      "mean": 0.079176647188477,
      "std": 0.0028622733466378138,
      "per_seed": [
        0.07563504070354911,
        0.0768818603713448,
        0.08195186222095963,
        0.08302745138319174,
        0.07838702126333973
      ]
    },
    "pct": {
      "mean": 91.33613716543208,
      "std": 1.2007791208577023,
      "per_seed": [
        90.5388558355189,
        90.08301683083964,
        92.23445582608291,
        93.24123102778076,
        90.5831263069382
      ]
    },
    "nrmse": {
      "mean": 49.16014172397847,
      "std": 0.8809442286128852,
      "per_seed": [
        48.065276278801306,
        48.4549084035565,
        50.01170969133906,
        50.34476124243443,
        48.924053003761045
      ]
    }
  }
}