{
  "seed": 3,
  "A1_kurtosis_error": 47.749074702648414,
  "A2_abs_r_q95_error": 0.023140153031256404,
  "A3_abs_r_q99_error": 0.03167881158045396,
  "A4_tail_qq_error": 0.02281464939216842,
  "A5_hill_tail_index_error": 9.141593843567055,
  "A6_path_mmd2": 0.034528088584333594,
  "A7_terminal_mmd2": 0.01300575333962839,
  "A8_increment_mmd2": 0.21953770694417485,
  "A9_volatility_mmd": 3.9248613602608744,
  "A10_terminal_swd": 2.585734764907417,
  "A11_path_swd": 2.1574346642943536,
  "A12_rv_law_loss": 5.045478375426825,
  "A13_mean_path_rmse": 0.8587377052348744,
  "A14_ks_logreturns": 0.38774048812746065,
  "A15_skewness_error": 3.449175878856795,
  "A16_qq_rmse": 0.0110732413264351,
  "A17_terminal_ks": 0.065185546875,
  "A18_disc_score_gru": 0.497559,
  "A18_disc_score_mlp": 0.000763,
  "A19_pred_score_gru": 0.05734,
  "A19_pred_score_mlp": 0.052924,
  "A20_cov_error": 15.610301653319226,
  "A21_acf_abs": 0.5475348180600759,
  "A22_acf_sq": 0.37830776812818534,
  "A23_acf_lag1_abs_error": 0.6765244923681107,
  "A24_acf_lag1_sq_error": 0.4915747014451183,
  "A25_mean_rmse": 1.1147720166667199,
  "A26_std_error": 1.1092190985958927,
  "A27_logreturn_std_error": 0.011327110734891677,
  "A28_kurtosis_ratio": 0.010368950927589732,
  "A29_sigma_mean_error": 0.1827614409218464,
  "A30_vol_path_rmse": 0.7188859078362617,
  "A31_rolling_vol_ks": 0.9931680322662603,
  "A32_vol_of_vol_error": 0.004628507048215174,
  "A33_sigma_corr": 0.02036045480810327,
  "A34_sigma_rmse": 0.18755684999406047,
  "compute_time_sec": 48.01,
  "B_log_ret_hist_funct": 3657.202276525192,
  "B_log_ret_hist_der": 1925.9237137800421,
  "B_log_ret_hist_sec_der": 2768.8395877061685,
  "B_log_ret_hist_funct_pct": 119.38035066958503,
  "B_log_ret_hist_der_pct": 4480.791596424133,
  "B_log_ret_hist_sec_der_pct": 1062638.5011285164,
  "B_log_ret_hist_funct_nrmse": 165.49747630319925,
  "B_log_ret_hist_der_nrmse": 2384.0710609868074,
  "B_log_ret_hist_sec_der_nrmse": 4351.094914236895,
  "B_qq_plot_funct": 0.00012931962539642467,
  "B_qq_plot_der": 1.1543803662586678e-06,
  "B_qq_plot_sec_der": 1.7714016044686105e-07,
  "B_qq_plot_funct_pct": 95.83170533328315,
  "B_qq_plot_der_pct": 91.1763572388297,
  "B_qq_plot_sec_der_pct": 74.94828080526229,
  "B_qq_plot_funct_nrmse": 30.91940286581328,
  "B_qq_plot_der_nrmse": 14.982030921607079,
  "B_qq_plot_sec_der_nrmse": 10.954313212286431,
  "B_acf_abs_r_funct": 0.19901426389537086,
  "B_acf_abs_r_der": 0.0008488447326610118,
  "B_acf_abs_r_sec_der": 0.0002841686049290831,
  "B_acf_abs_r_funct_pct": 1609.4203448654696,
  "B_acf_abs_r_der_pct": 1800.83534570349,
  "B_acf_abs_r_sec_der_pct": 595.9981862894106,
  "B_acf_abs_r_funct_nrmse": 1177.8090389538384,
  "B_acf_abs_r_der_nrmse": 641.1942750985287,
  "B_acf_abs_r_sec_der_nrmse": 309.05760978451326,
  "B_acf_sq_r_funct": 0.0888008042132014,
  "B_acf_sq_r_der": 0.00066770616567306,
  "B_acf_sq_r_sec_der": 0.00031501414651609794,
  "B_acf_sq_r_funct_pct": 1281.0621526625857,
  "B_acf_sq_r_der_pct": 6412.18053804472,
  "B_acf_sq_r_sec_der_pct": 447.8817222638946,
  "B_acf_sq_r_funct_nrmse": 865.8914464869595,
  "B_acf_sq_r_der_nrmse": 457.96018986608624,
  "B_acf_sq_r_sec_der_nrmse": 246.0933804735953,
  "B_roll_vol_hist_funct": 17425.726723017287,
  "B_roll_vol_hist_der": 1661.2363831327928,
  "B_roll_vol_hist_sec_der": 667.3592282275204,
  "B_roll_vol_hist_funct_pct": 258.6765557454499,
  "B_roll_vol_hist_der_pct": 494.0224027695824,
  "B_roll_vol_hist_sec_der_pct": 4400.013606202033,
  "B_roll_vol_hist_funct_nrmse": 149.386194132613,
  "B_roll_vol_hist_der_nrmse": 763.8667389397981,
  "B_roll_vol_hist_sec_der_nrmse": 504.0280942595854,
  "B_tail_surv_funct": 0.24841557725784508,
  "B_tail_surv_der": 0.0006509702112961497,
  "B_tail_surv_sec_der": 1.58066804339995e-05,
  "B_tail_surv_funct_pct": 93.24123102778076,
  "B_tail_surv_der_pct": 147.90995476112147,
  "B_tail_surv_sec_der_pct": 122433.71338232084,
  "B_tail_surv_funct_nrmse": 50.34476124243443,
  "B_tail_surv_der_nrmse": 2654445.239982061,
  "B_tail_surv_sec_der_nrmse": 413631.4470269706
}