{
  "seed": 1,
  "A1_kurtosis_error": 399.07644831947425,
  "A2_abs_r_q95_error": 0.022527815439053443,
  "A3_abs_r_q99_error": 0.029815734017313578,
  "A4_tail_qq_error": 0.022314380963144344,
  "A5_hill_tail_index_error": 9.081642388411343,
  "A6_path_mmd2": 0.022169857293586837,
  "A7_terminal_mmd2": 0.005447258437311697,
  "A8_increment_mmd2": 0.1788370793527041,
  "A9_volatility_mmd": 2.2324267467093724,
  "A10_terminal_swd": 2.4170809635131794,
  "A11_path_swd": 2.0771476018760184,
  "A12_rv_law_loss": 4.774469289234235,
  "A13_mean_path_rmse": 0.9397470047951623,
  "A14_ks_logreturns": 0.3853394515871063,
  "A15_skewness_error": 13.455743758338954,
  "A16_qq_rmse": 0.010777898927111713,
  "A17_terminal_ks": 0.048095703125,
  "A18_disc_score_gru": 0.478639,
  "A18_disc_score_mlp": 0.031584,
  "A19_pred_score_gru": 0.054711,
  "A19_pred_score_mlp": 0.053352,
  "A20_cov_error": 15.872623546074607,
  "A21_acf_abs": 0.2085636807856609,
  "A22_acf_sq": 0.07974013686660032,
  "A23_acf_lag1_abs_error": 0.2833020383699589,
  "A24_acf_lag1_sq_error": 0.11164844132227662,
  "A25_mean_rmse": 0.919521191094077,
  "A26_std_error": 0.9097156195450118,
  "A27_logreturn_std_error": 0.009469597389546863,
  "A28_kurtosis_ratio": 0.002912654410545952,
  "A29_sigma_mean_error": 0.1570463380553429,
  "A30_vol_path_rmse": 0.8662127664285315,
  "A31_rolling_vol_ks": 0.986447217987805,
  "A32_vol_of_vol_error": 0.0036944939310885293,
  "A33_sigma_corr": 0.02035659064984242,
  "A34_sigma_rmse": 0.1889213369043168,
  "compute_time_sec": 47.06,
  "B_log_ret_hist_funct": 2733.5285692168372,
  "B_log_ret_hist_der": 1032.347079628852,
  "B_log_ret_hist_sec_der": 1273.0145032871517,
  "B_log_ret_hist_funct_pct": 116.508977873701,
  "B_log_ret_hist_der_pct": 2878.6144661360318,
  "B_log_ret_hist_sec_der_pct": 3362614.561000517,
  "B_log_ret_hist_funct_nrmse": 143.07992157797915,
  "B_log_ret_hist_der_nrmse": 1745.4705373768893,
  "B_log_ret_hist_sec_der_nrmse": 2950.3010576767056,
  "B_qq_plot_funct": 0.0001215125124177241,
  "B_qq_plot_der": 8.386368688135679e-07,
  "B_qq_plot_sec_der": 8.074930105039658e-08,
  "B_qq_plot_funct_pct": 90.26745612139015,
  "B_qq_plot_der_pct": 88.50972590202274,
  "B_qq_plot_sec_der_pct": 75.51299430202346,
  "B_qq_plot_funct_nrmse": 29.971562139316493,
  "B_qq_plot_der_nrmse": 12.769773639150436,
  "B_qq_plot_sec_der_nrmse": 7.395985030095986,
  "B_acf_abs_r_funct": 0.027097114648799353,
  "B_acf_abs_r_der": 0.00027959702929678556,
  "B_acf_abs_r_sec_der": 0.0001607174694039311,
  "B_acf_abs_r_funct_pct": 593.5538225594129,
  "B_acf_abs_r_der_pct": 793.8087583457725,
  "B_acf_abs_r_sec_der_pct": 477.0826298254802,
  "B_acf_abs_r_funct_nrmse": 434.6045863288803,
  "B_acf_abs_r_der_nrmse": 367.99488607120253,
  "B_acf_abs_r_sec_der_nrmse": 232.4250519354673,
  "B_acf_sq_r_funct": 0.0038466390304483416,
  "B_acf_sq_r_der": 5.9238040825906814e-05,
  "B_acf_sq_r_sec_der": 4.5845358531082494e-05,
  "B_acf_sq_r_funct_pct": 278.59415379961166,
  "B_acf_sq_r_der_pct": 1628.58140544171,
  "B_acf_sq_r_sec_der_pct": 187.90118456889553,
  "B_acf_sq_r_funct_nrmse": 180.21698389559967,
  "B_acf_sq_r_der_nrmse": 136.4065977251307,
  "B_acf_sq_r_sec_der_nrmse": 93.88205558471326,
  "B_roll_vol_hist_funct": 3302.3775954872613,
  "B_roll_vol_hist_der": 137.21286918521662,
  "B_roll_vol_hist_sec_der": 123.5974618083327,
  "B_roll_vol_hist_funct_pct": 145.267125517514,
  "B_roll_vol_hist_der_pct": 650.6677961410835,
  "B_roll_vol_hist_sec_der_pct": 2981.4164658096124,
  "B_roll_vol_hist_funct_nrmse": 65.03218981084866,
  "B_roll_vol_hist_der_nrmse": 219.532743974825,
  "B_roll_vol_hist_sec_der_nrmse": 216.91005548028124,
  "B_tail_surv_funct": 0.23011546583128242,
  "B_tail_surv_der": 0.0005213937090381865,
  "B_tail_surv_sec_der": 8.721573713756505e-06,
  "B_tail_surv_funct_pct": 90.08301683083964,
  "B_tail_surv_der_pct": 141.6682150958736,
  "B_tail_surv_sec_der_pct": 100565.37244149251,
  "B_tail_surv_funct_nrmse": 48.4549084035565,
  "B_tail_surv_der_nrmse": 2375615.258774248,
  "B_tail_surv_sec_der_nrmse": 307249.11498151754
}