{
  "seed": 4,
  "A1_kurtosis_error": 796.0644439668863,
  "A2_abs_r_q95_error": 0.022413153272068075,
  "A3_abs_r_q99_error": 0.026537253448692826,
  "A4_tail_qq_error": 0.021724992782857465,
  "A5_hill_tail_index_error": 6.33361283224227,
  "A6_path_mmd2": 0.04918715915884936,
  "A7_terminal_mmd2": 0.00919826447871136,
  "A8_increment_mmd2": 0.19517461195325292,
  "A9_volatility_mmd": 2.3168978011854993,
  "A10_terminal_swd": 2.4103040609235125,
  "A11_path_swd": 2.665899962952981,
  "A12_rv_law_loss": 9.104510247907388,
  "A13_mean_path_rmse": 1.1403101315567885,
  "A14_ks_logreturns": 0.39370751568651574,
  "A15_skewness_error": 880.8005121907136,
  "A16_qq_rmse": 0.010706591026205964,
  "A17_terminal_ks": 0.095947265625,
  "A18_disc_score_gru": 0.49939,
  "A18_disc_score_mlp": 0.325755,
  "A19_pred_score_gru": 0.055999,
  "A19_pred_score_mlp": 0.053014,
  "A20_cov_error": 32.2291220629144,
  "A21_acf_abs": 0.16293625248507368,
  "A22_acf_sq": 0.043653367733340644,
  "A23_acf_lag1_abs_error": 0.24484139641875868,
  "A24_acf_lag1_sq_error": 0.07880970046564177,
  "A25_mean_rmse": 1.0650698845721394,
  "A26_std_error": 0.8821259402639483,
  "A27_logreturn_std_error": 0.00044402860572979874,
  "A28_kurtosis_ratio": 1.1580212842955119e-06,
  "A29_sigma_mean_error": 0.15650627931147945,
  "A30_vol_path_rmse": 1.2987501968071757,
  "A31_rolling_vol_ks": 0.9782873634400407,
  "A32_vol_of_vol_error": 0.005485110273628429,
  "A33_sigma_corr": 0.004376171539647671,
  "A34_sigma_rmse": 0.26642776325336853,
  "compute_time_sec": 53.8,
  "B_log_ret_hist_funct": 3204.366850983532,
  "B_log_ret_hist_der": 1421.716898594921,
  "B_log_ret_hist_sec_der": 1695.9304215926868,
  "B_log_ret_hist_funct_pct": 116.61192037771949,
  "B_log_ret_hist_der_pct": 3228.1948523015794,
  "B_log_ret_hist_sec_der_pct": 612578.1944805935,
  "B_log_ret_hist_funct_nrmse": 154.9130483485763,
  "B_log_ret_hist_der_nrmse": 2048.359679734967,
  "B_log_ret_hist_sec_der_nrmse": 3405.286639857982,
  "B_qq_plot_funct": 0.00011926276825734241,
  "B_qq_plot_der": 5.996906624022633e-07,
  "B_qq_plot_sec_der": 3.993540865415427e-08,
  "B_qq_plot_funct_pct": 90.72410719307493,
  "B_qq_plot_der_pct": 88.25064863162625,
  "B_qq_plot_sec_der_pct": 77.45930535553947,
  "B_qq_plot_funct_nrmse": 29.692811542957532,
  "B_qq_plot_der_nrmse": 10.798411332402978,
  "B_qq_plot_sec_der_nrmse": 5.2012257499156185,
  "B_acf_abs_r_funct": 0.011905438945317325,
  "B_acf_abs_r_der": 0.00024079086855928453,
  "B_acf_abs_r_sec_der": 2.008107562130315e-05,
  "B_acf_abs_r_funct_pct": 251.6642857574734,
  "B_acf_abs_r_der_pct": 991.8457908793675,
  "B_acf_abs_r_sec_der_pct": 167.4606863885853,
  "B_acf_abs_r_funct_nrmse": 288.07494439369486,
  "B_acf_abs_r_der_nrmse": 341.5037788911095,
  "B_acf_abs_r_sec_der_nrmse": 82.15705812980914,
  "B_acf_sq_r_funct": 0.0008175326985722169,
  "B_acf_sq_r_der": 4.7035252760385795e-05,
  "B_acf_sq_r_sec_der": 1.3935554473852235e-05,
  "B_acf_sq_r_funct_pct": 53.90450796132822,
  "B_acf_sq_r_der_pct": 410.60136750070126,
  "B_acf_sq_r_sec_der_pct": 172.50886312083307,
  "B_acf_sq_r_funct_nrmse": 83.08211928450217,
  "B_acf_sq_r_der_nrmse": 121.54770819873701,
  "B_acf_sq_r_sec_der_nrmse": 51.76032922130661,
  "B_roll_vol_hist_funct": 9076.264925154943,
  "B_roll_vol_hist_der": 693.9611910088278,
  "B_roll_vol_hist_sec_der": 393.13007826389327,
  "B_roll_vol_hist_funct_pct": 191.53186958120637,
  "B_roll_vol_hist_der_pct": 545.7075161262372,
  "B_roll_vol_hist_sec_der_pct": 3819.355722571453,
  "B_roll_vol_hist_funct_nrmse": 107.81237059750362,
  "B_roll_vol_hist_der_nrmse": 493.7072158251158,
  "B_roll_vol_hist_sec_der_nrmse": 386.85039599214247,
  "B_tail_surv_funct": 0.23459303305225615,
  "B_tail_surv_der": 0.0005583538020510405,
  "B_tail_surv_sec_der": 9.676935711989534e-06,
  "B_tail_surv_funct_pct": 90.5831263069382,
  "B_tail_surv_der_pct": 142.48806837953475,
  "B_tail_surv_sec_der_pct": 103889.67351769573,
  "B_tail_surv_funct_nrmse": 48.924053003761045,
  "B_tail_surv_der_nrmse": 2458373.9856685903,
  "B_tail_surv_sec_der_nrmse": 323639.9613571984
}