{
  "seed": 2,
  "A1_kurtosis_error": 122.37809570737552,
  "A2_abs_r_q95_error": 0.023012569625408562,
  "A3_abs_r_q99_error": 0.03008305786695959,
  "A4_tail_qq_error": 0.022682353133296907,
  "A5_hill_tail_index_error": 6.557397764334114,
  "A6_path_mmd2": 0.030634770310887627,
  "A7_terminal_mmd2": 0.007351334185659031,
  "A8_increment_mmd2": 0.21074295537534882,
  "A9_volatility_mmd": 2.838334978942363,
  "A10_terminal_swd": 2.309308567304174,
  "A11_path_swd": 1.921926433045921,
  "A12_rv_law_loss": 41.81670701117116,
  "A13_mean_path_rmse": 0.535545625124073,
  "A14_ks_logreturns": 0.3909383458415354,
  "A15_skewness_error": 349.9087450286257,
  "A16_qq_rmse": 0.010998132576641324,
  "A17_terminal_ks": 0.0655517578125,
  "A18_disc_score_gru": 0.494202,
  "A18_disc_score_mlp": 0.001678,
  "A19_pred_score_gru": 0.054856,
  "A19_pred_score_mlp": 0.052735,
  "A20_cov_error": 26.05549016577885,
  "A21_acf_abs": 0.2848520516914836,
  "A22_acf_sq": 0.1195225193212361,
  "A23_acf_lag1_abs_error": 0.3715276880190838,
  "A24_acf_lag1_sq_error": 0.17000175027616637,
  "A25_mean_rmse": 0.2381999436594242,
  "A26_std_error": 1.0656418571083521,
  "A27_logreturn_std_error": 0.02144176322137202,
  "A28_kurtosis_ratio": 7.910279088951035e-06,
  "A29_sigma_mean_error": 0.15791586173588618,
  "A30_vol_path_rmse": 0.7824052697390736,
  "A31_rolling_vol_ks": 0.9895366885797765,
  "A32_vol_of_vol_error": 0.024916365315828578,
  "A33_sigma_corr": 0.0020964167142677225,
  "A34_sigma_rmse": 0.5688599080085381,
  "compute_time_sec": 47.37,
  "B_log_ret_hist_funct": 3588.943676596892,
  "B_log_ret_hist_der": 2010.2892629463827,
  "B_log_ret_hist_sec_der": 3359.103482689893,
  "B_log_ret_hist_funct_pct": 118.56174645594967,
  "B_log_ret_hist_der_pct": 5115.018903094169,
  "B_log_ret_hist_sec_der_pct": 1327815.0500779327,
  "B_log_ret_hist_funct_nrmse": 163.94576636471217,
  "B_log_ret_hist_der_nrmse": 2435.7288059750017,
  "B_log_ret_hist_sec_der_nrmse": 4792.49149463469,
  "B_qq_plot_funct": 0.00012661950973704954,
  "B_qq_plot_der": 8.632617443754542e-07,
  "B_qq_plot_sec_der": 6.343704061311449e-08,
  "B_qq_plot_funct_pct": 95.24486548515745,
  "B_qq_plot_der_pct": 90.45646393103925,
  "B_qq_plot_sec_der_pct": 73.69804597150794,
  "B_qq_plot_funct_nrmse": 30.59491090480036,
  "B_qq_plot_der_nrmse": 12.955896531906669,
  "B_qq_plot_sec_der_nrmse": 6.555383366641611,
  "B_acf_abs_r_funct": 0.055143982872086814,
  "B_acf_abs_r_der": 0.00045126987642457047,
  "B_acf_abs_r_sec_der": 0.0003553970569857939,
  "B_acf_abs_r_funct_pct": 876.3351035639175,
  "B_acf_abs_r_der_pct": 924.7361769520905,
  "B_acf_abs_r_sec_der_pct": 655.0291080322909,
  "B_acf_abs_r_funct_nrmse": 619.9859474621569,
  "B_acf_abs_r_der_nrmse": 467.51298646099013,
  "B_acf_abs_r_sec_der_nrmse": 345.6275138876849,
  "B_acf_sq_r_funct": 0.008916782988072903,
  "B_acf_sq_r_der": 0.00018130888383888793,
  "B_acf_sq_r_sec_der": 0.00017328065447761202,
  "B_acf_sq_r_funct_pct": 423.57106987424737,
  "B_acf_sq_r_der_pct": 2257.4749012107814,
  "B_acf_sq_r_sec_der_pct": 253.83646121956235,
  "B_acf_sq_r_funct_nrmse": 274.38419944944695,
  "B_acf_sq_r_der_nrmse": 238.6407337223153,
  "B_acf_sq_r_sec_der_nrmse": 182.51978274477227,
  "B_roll_vol_hist_funct": 3359.375375757134,
  "B_roll_vol_hist_der": 65.90280788166872,
  "B_roll_vol_hist_sec_der": 80.07528098434918,
  "B_roll_vol_hist_funct_pct": 141.47096769264473,
  "B_roll_vol_hist_der_pct": 588.6131541082009,
  "B_roll_vol_hist_sec_der_pct": 1724.9969355071833,
  "B_roll_vol_hist_funct_nrmse": 65.59100431587197,
  "B_roll_vol_hist_der_nrmse": 152.1436539453958,
  "B_roll_vol_hist_sec_der_nrmse": 174.59192161019075,
  "B_tail_surv_funct": 0.24513970396274104,
  "B_tail_surv_der": 0.0006914876023713987,
  "B_tail_surv_sec_der": 2.4395097766444076e-05,
  "B_tail_surv_funct_pct": 92.23445582608291,
  "B_tail_surv_der_pct": 148.43270392610955,
  "B_tail_surv_sec_der_pct": 146297.6025520031,
  "B_tail_surv_funct_nrmse": 50.01170969133906,
  "B_tail_surv_der_nrmse": 2735806.718605887,
  "B_tail_surv_sec_der_nrmse": 513859.62330436695
}