{
  "seed": 0,
  "A1_kurtosis_error": 43.56911295337393,
  "A2_abs_r_q95_error": 0.022838791024954695,
  "A3_abs_r_q99_error": 0.03077158293993685,
  "A4_tail_qq_error": 0.022462442466786733,
  "A5_hill_tail_index_error": 6.725791501377099,
  "A6_path_mmd2": 0.02808293416615032,
  "A7_terminal_mmd2": 0.007595113795421604,
  "A8_increment_mmd2": 0.20816212535347933,
  "A9_volatility_mmd": 3.098158360860473,
  "A10_terminal_swd": 2.2302162857837335,
  "A11_path_swd": 2.3570289222901106,
  "A12_rv_law_loss": 14.830043567797679,
  "A13_mean_path_rmse": 0.23632632817560073,
  "A14_ks_logreturns": 0.38268370140255903,
  "A15_skewness_error": 704.8899714951303,
  "A16_qq_rmse": 0.010768420846122121,
  "A17_terminal_ks": 0.058837890625,
  "A18_disc_score_gru": 0.465822,
  "A18_disc_score_mlp": 0.007476,
  "A19_pred_score_gru": 0.05442,
  "A19_pred_score_mlp": 0.053058,
  "A20_cov_error": 12.968364372137643,
  "A21_acf_abs": 0.3864382899634619,
  "A22_acf_sq": 0.18840122314735877,
  "A23_acf_lag1_abs_error": 0.5242291278081658,
  "A24_acf_lag1_sq_error": 0.28303514003744173,
  "A25_mean_rmse": 0.5847756533848809,
  "A26_std_error": 1.0603775050563948,
  "A27_logreturn_std_error": 0.005015469922243313,
  "A28_kurtosis_ratio": 1.913073360176248e-06,
  "A29_sigma_mean_error": 0.17026136450995277,
  "A30_vol_path_rmse": 0.795253507823257,
  "A31_rolling_vol_ks": 0.9866844115218497,
  "A32_vol_of_vol_error": 0.010546328419097575,
  "A33_sigma_corr": 0.0029422667571664955,
  "A34_sigma_rmse": 0.3321537510122213,
  "compute_time_sec": 52.08,
  "B_log_ret_hist_funct": 2281.596977626088,
  "B_log_ret_hist_der": 645.3282398751993,
  "B_log_ret_hist_sec_der": 802.1833291128909,
  "B_log_ret_hist_funct_pct": 117.2963988615152,
  "B_log_ret_hist_der_pct": 2215.912602312492,
  "B_log_ret_hist_sec_der_pct": 2053637.1515163565,
  "B_log_ret_hist_funct_nrmse": 130.71828797857222,
  "B_log_ret_hist_der_nrmse": 1380.0346505368252,
  "B_log_ret_hist_sec_der_nrmse": 2341.997759885984,
  "B_qq_plot_funct": 0.00012244898985444837,
  "B_qq_plot_der": 1.128763672449757e-06,
  "B_qq_plot_sec_der": 1.5421759265794577e-07,
  "B_qq_plot_funct_pct": 91.20938319698257,
  "B_qq_plot_der_pct": 88.32861153607948,
  "B_qq_plot_sec_der_pct": 80.58288955826902,
  "B_qq_plot_funct_nrmse": 30.086833481412782,
  "B_qq_plot_der_nrmse": 14.814866256938968,
  "B_qq_plot_sec_der_nrmse": 10.221004918307395,
  "B_acf_abs_r_funct": 0.09630544681713242,
  "B_acf_abs_r_der": 0.0011372541007468827,
  "B_acf_abs_r_sec_der": 0.0006730029558609057,
  "B_acf_abs_r_funct_pct": 1134.8750419299795,
  "B_acf_abs_r_der_pct": 1312.2078968442854,
  "B_acf_abs_r_sec_der_pct": 980.2817675956928,
  "B_acf_abs_r_funct_nrmse": 819.3287717207243,
  "B_acf_abs_r_der_nrmse": 742.1714824845027,
  "B_acf_abs_r_sec_der_nrmse": 475.6197493770469,
  "B_acf_sq_r_funct": 0.02198186785092473,
  "B_acf_sq_r_der": 0.000670450626185237,
  "B_acf_sq_r_sec_der": 0.0005807012938447695,
  "B_acf_sq_r_funct_pct": 671.0950607069657,
  "B_acf_sq_r_der_pct": 3521.5112184150103,
  "B_acf_sq_r_sec_der_pct": 502.0829332009166,
  "B_acf_sq_r_funct_nrmse": 430.8115086341375,
  "B_acf_sq_r_der_nrmse": 458.9003974480504,
  "B_acf_sq_r_sec_der_nrmse": 334.12679138153,
  "B_roll_vol_hist_funct": 8143.056023321379,
  "B_roll_vol_hist_der": 233.0701738357762,
  "B_roll_vol_hist_sec_der": 69.95451723472254,
  "B_roll_vol_hist_funct_pct": 201.85532216811222,
  "B_roll_vol_hist_der_pct": 349.7635031997206,
  "B_roll_vol_hist_sec_der_pct": 1625.886899545057,
  "B_roll_vol_hist_funct_nrmse": 102.11951061462534,
  "B_roll_vol_hist_der_nrmse": 286.1180344668229,
  "B_roll_vol_hist_sec_der_nrmse": 163.1859601994089,
  "B_tail_surv_funct": 0.22642956916810786,
  "B_tail_surv_der": 0.00046970056890691423,
  "B_tail_surv_sec_der": 5.852373632582591e-06,
  "B_tail_surv_funct_pct": 90.5388558355189,
  "B_tail_surv_der_pct": 147.54494909063695,
  "B_tail_surv_sec_der_pct": 85153.45437754471,
  "B_tail_surv_funct_nrmse": 48.065276278801306,
  "B_tail_surv_der_nrmse": 2254777.8291278044,
  "B_tail_surv_sec_der_nrmse": 251686.10231644328
}