{
  "seed": 2,
  "M_train": 8192,
  "M_simu": 8192,
  "T": 128,
  "h": 0.4,
  "K": 1,
  "N_pi": 200,
  "dt": 0.004,
  "sigma": 0.01264666343992117,
  "n_workers": 64,
  "elapsed_sec": 369.89,
  "shape": [
    8192,
    128
  ],
  "min_val": 47.95065113449704,
  "max_val": 197.70520762856688
}