{
  "seed": 3,
  "eta": 9.038799285888672,
  "h32_MAE_uniform": 3.8031239182776098,
  "h32_RMSE_uniform": 5.194681663513502,
  "h32_CRPS_uniform": 2.762151465859006,
  "h32_MAE_gaussian": 3.8032132970292247,
  "h32_RMSE_gaussian": 5.194870443293198,
  "h32_CRPS_gaussian": 2.762232127747893,
  "h64_MAE_uniform": 5.476274653882557,
  "h64_RMSE_uniform": 7.549957783731745,
  "h64_CRPS_uniform": 4.013902501318398,
  "h64_MAE_gaussian": 5.476968472839199,
  "h64_RMSE_gaussian": 7.550932140521143,
  "h64_CRPS_gaussian": 4.014505505042621
}