{
  "seed": 0,
  "eta": 9.026504516601562,
  "h32_MAE_uniform": 3.76392059286109,
  "h32_RMSE_uniform": 5.128490402852641,
  "h32_CRPS_uniform": 2.724324040841566,
  "h32_MAE_gaussian": 3.7640608115416097,
  "h32_RMSE_gaussian": 5.12857660628507,
  "h32_CRPS_gaussian": 2.724379818880834,
  "h64_MAE_uniform": 5.369424833817888,
  "h64_RMSE_uniform": 7.388531398313543,
  "h64_CRPS_uniform": 3.9126623006895898,
  "h64_MAE_gaussian": 5.3696406809541095,
  "h64_RMSE_gaussian": 7.38898338555198,
  "h64_CRPS_gaussian": 3.9128473673753206
}