{
  "seed": 2,
  "eta": 8.936988830566406,
  "h32_MAE_uniform": 3.8278420243716225,
  "h32_RMSE_uniform": 5.230718621769068,
  "h32_CRPS_uniform": 2.778907597342709,
  "h32_MAE_gaussian": 3.8282164380608408,
  "h32_RMSE_gaussian": 5.231144470955642,
  "h32_CRPS_gaussian": 2.7791648294597735,
  "h64_MAE_uniform": 5.5913693954601404,
  "h64_RMSE_uniform": 7.707425414153854,
  "h64_CRPS_uniform": 4.097400319056476,
  "h64_MAE_gaussian": 5.5925014404263305,
  "h64_RMSE_gaussian": 7.708791375321088,
  "h64_CRPS_gaussian": 4.098248902289072
}