{
  "seed": 3,
  "eta": 9.008535385131836,
  "h32_MAE_uniform": 3.786936279244604,
  "h32_RMSE_uniform": 5.214162761891939,
  "h32_CRPS_uniform": 2.755773543434657,
  "h32_MAE_gaussian": 3.7870918390850457,
  "h32_RMSE_gaussian": 5.214317300066773,
  "h32_CRPS_gaussian": 2.7558230752939608,
  "h64_MAE_uniform": 5.505807781928738,
  "h64_RMSE_uniform": 7.628596946770148,
  "h64_CRPS_uniform": 4.039686485413256,
  "h64_MAE_gaussian": 5.506573371171356,
  "h64_RMSE_gaussian": 7.629629763090869,
  "h64_CRPS_gaussian": 4.040276325892648
}