{
  "seed": 1,
  "eta": 9.145386695861816,
  "h32_MAE_uniform": 3.7286981931771424,
  "h32_RMSE_uniform": 5.0893842287117845,
  "h32_CRPS_uniform": 2.6974451001481157,
  "h32_MAE_gaussian": 3.7287838263676196,
  "h32_RMSE_gaussian": 5.089481827128334,
  "h32_CRPS_gaussian": 2.6974694101611476,
  "h64_MAE_uniform": 5.259539918086143,
  "h64_RMSE_uniform": 7.205071514139683,
  "h64_CRPS_uniform": 3.81146962403011,
  "h64_MAE_gaussian": 5.259656908309282,
  "h64_RMSE_gaussian": 7.205424564412088,
  "h64_CRPS_gaussian": 3.81167742978198
}