{
  "seed": 0,
  "eta": 8.986614227294922,
  "h32_MAE_uniform": 3.755257530551731,
  "h32_RMSE_uniform": 5.160229068130798,
  "h32_CRPS_uniform": 2.7283840349934962,
  "h32_MAE_gaussian": 3.7553707264989433,
  "h32_RMSE_gaussian": 5.160337134934168,
  "h32_CRPS_gaussian": 2.728483580927673,
  "h64_MAE_uniform": 5.411308511599095,
  "h64_RMSE_uniform": 7.485362090326272,
  "h64_CRPS_uniform": 3.9494972549899785,
  "h64_MAE_gaussian": 5.411648737296213,
  "h64_RMSE_gaussian": 7.485752630581285,
  "h64_CRPS_gaussian": 3.949737364902319
}