{
  "seed": 2,
  "eta": 8.896356582641602,
  "h32_MAE_uniform": 3.8098424720340742,
  "h32_RMSE_uniform": 5.24581152518747,
  "h32_CRPS_uniform": 2.7726859425721386,
  "h32_MAE_gaussian": 3.810127718749155,
  "h32_RMSE_gaussian": 5.2461648819316045,
  "h32_CRPS_gaussian": 2.7728991137767025,
  "h64_MAE_uniform": 5.62019554220775,
  "h64_RMSE_uniform": 7.7906490033013815,
  "h64_CRPS_uniform": 4.123814856648153,
  "h64_MAE_gaussian": 5.621257717898953,
  "h64_RMSE_gaussian": 7.79202674573117,
  "h64_CRPS_gaussian": 4.124680743624253
}