{
  "seed": 1,
  "eta": 9.179717063903809,
  "h32_MAE_uniform": 3.7348928616682544,
  "h32_RMSE_uniform": 5.056558684122919,
  "h32_CRPS_uniform": 2.695898230495118,
  "h32_MAE_gaussian": 3.7350467936009233,
  "h32_RMSE_gaussian": 5.056687258047387,
  "h32_CRPS_gaussian": 2.6959268824043647,
  "h64_MAE_uniform": 5.21875578539294,
  "h64_RMSE_uniform": 7.103600234739091,
  "h64_CRPS_uniform": 3.7756295048848756,
  "h64_MAE_gaussian": 5.219122602066509,
  "h64_RMSE_gaussian": 7.10415341903,
  "h64_CRPS_gaussian": 3.7758444059461453
}