{
  "seed": 4,
  "eta": 9.025554656982422,
  "h32_MAE_uniform": 3.80124707000797,
  "h32_RMSE_uniform": 5.194334774944313,
  "h32_CRPS_uniform": 2.7607333104027703,
  "h32_MAE_gaussian": 3.8012031370002517,
  "h32_RMSE_gaussian": 5.194405403939518,
  "h32_CRPS_gaussian": 2.7607545390311543,
  "h64_MAE_uniform": 5.477252801041745,
  "h64_RMSE_uniform": 7.551455532444078,
  "h64_CRPS_uniform": 4.007767662683989,
  "h64_MAE_gaussian": 5.477672485496116,
  "h64_RMSE_gaussian": 7.552146539447549,
  "h64_CRPS_gaussian": 4.008099770865613
}