{
  "seed": 4,
  "eta": 8.993480682373047,
  "h32_MAE_uniform": 3.7873385789251466,
  "h32_RMSE_uniform": 5.215889664834512,
  "h32_CRPS_uniform": 2.758089393914929,
  "h32_MAE_gaussian": 3.787348358210935,
  "h32_RMSE_gaussian": 5.215953843969926,
  "h32_CRPS_gaussian": 2.7580925863254606,
  "h64_MAE_uniform": 5.506950506120148,
  "h64_RMSE_uniform": 7.627123066704407,
  "h64_CRPS_uniform": 4.035793672753755,
  "h64_MAE_gaussian": 5.507338117045381,
  "h64_RMSE_gaussian": 7.627662870392478,
  "h64_CRPS_gaussian": 4.036108219383834
}