{
  "baseline": {
    "MAE_h32": 3.7378173987486645,
    "RMSE_h32": 5.039875056706717,
    "CRPS_h32": 3.7378173987486645,
    "MAE_h64": 5.245856609882988,
    "RMSE_h64": 7.066083253003601,
    "CRPS_h64": 5.245856609882988
  },
  "h32_MAE_uniform": {
    "mean": 3.78620529343731,
    "std": 0.032789284242296476
  },
  "h32_RMSE_uniform": {
    "mean": 5.160956829440488,
    "std": 0.061759535214146156
  },
  "h32_CRPS_uniform": {
    "mean": 2.744402928988234,
    "std": 0.03009362584190944
  },
  "h32_MAE_gaussian": {
    "mean": 3.78634809544657,
    "std": 0.03282258975818212
  },
  "h32_RMSE_gaussian": {
    "mean": 5.161136836504163,
    "std": 0.06183155459699908
  },
  "h32_CRPS_gaussian": {
    "mean": 2.744491639504804,
    "std": 0.030147828733745167
  },
  "h64_MAE_uniform": {
    "mean": 5.426615493919054,
    "std": 0.1254196532807333
  },
  "h64_RMSE_uniform": {
    "mean": 7.460194072676463,
    "std": 0.2048434613170715
  },
  "h64_CRPS_uniform": {
    "mean": 3.9614724577266656,
    "std": 0.10980762588245632
  },
  "h64_MAE_gaussian": {
    "mean": 5.427181136356454,
    "std": 0.12566480481704903
  },
  "h64_RMSE_gaussian": {
    "mean": 7.461001371974352,
    "std": 0.20509603717898411
  },
  "h64_CRPS_gaussian": {
    "mean": 3.9619091903037544,
    "std": 0.11001420414482421
  },
  "per_seed": [
    {
      "seed": 0,
      "eta": 9.026504516601562,
      "h32_MAE_uniform": 3.76392059286109,
      "h32_RMSE_uniform": 5.128490402852641,
      "h32_CRPS_uniform": 2.724324040841566,
      "h32_MAE_gaussian": 3.7640608115416097,
      "h32_RMSE_gaussian": 5.12857660628507,
      "h32_CRPS_gaussian": 2.724379818880834,
      "h64_MAE_uniform": 5.369424833817888,
      "h64_RMSE_uniform": 7.388531398313543,
      "h64_CRPS_uniform": 3.9126623006895898,
      "h64_MAE_gaussian": 5.3696406809541095,
      "h64_RMSE_gaussian": 7.38898338555198,
      "h64_CRPS_gaussian": 3.9128473673753206
    },
    {
      "seed": 1,
      "eta": 9.179717063903809,
      "h32_MAE_uniform": 3.7348928616682544,
      "h32_RMSE_uniform": 5.056558684122919,
      "h32_CRPS_uniform": 2.695898230495118,
      "h32_MAE_gaussian": 3.7350467936009233,
      "h32_RMSE_gaussian": 5.056687258047387,
      "h32_CRPS_gaussian": 2.6959268824043647,
      "h64_MAE_uniform": 5.21875578539294,
      "h64_RMSE_uniform": 7.103600234739091,
      "h64_CRPS_uniform": 3.7756295048848756,
      "h64_MAE_gaussian": 5.219122602066509,
      "h64_RMSE_gaussian": 7.10415341903,
      "h64_CRPS_gaussian": 3.7758444059461453
    },
    {
      "seed": 2,
      "eta": 8.936988830566406,
      "h32_MAE_uniform": 3.8278420243716225,
      "h32_RMSE_uniform": 5.230718621769068,
      "h32_CRPS_uniform": 2.778907597342709,
      "h32_MAE_gaussian": 3.8282164380608408,
      "h32_RMSE_gaussian": 5.231144470955642,
      "h32_CRPS_gaussian": 2.7791648294597735,
      "h64_MAE_uniform": 5.5913693954601404,
      "h64_RMSE_uniform": 7.707425414153854,
      "h64_CRPS_uniform": 4.097400319056476,
      "h64_MAE_gaussian": 5.5925014404263305,
      "h64_RMSE_gaussian": 7.708791375321088,
      "h64_CRPS_gaussian": 4.098248902289072
    },
    {
      "seed": 3,
      "eta": 9.038799285888672,
      "h32_MAE_uniform": 3.8031239182776098,
      "h32_RMSE_uniform": 5.194681663513502,
      "h32_CRPS_uniform": 2.762151465859006,
      "h32_MAE_gaussian": 3.8032132970292247,
      "h32_RMSE_gaussian": 5.194870443293198,
      "h32_CRPS_gaussian": 2.762232127747893,
      "h64_MAE_uniform": 5.476274653882557,
      "h64_RMSE_uniform": 7.549957783731745,
      "h64_CRPS_uniform": 4.013902501318398,
      "h64_MAE_gaussian": 5.476968472839199,
      "h64_RMSE_gaussian": 7.550932140521143,
      "h64_CRPS_gaussian": 4.014505505042621
    },
    {
      "seed": 4,
      "eta": 9.025554656982422,
      "h32_MAE_uniform": 3.80124707000797,
      "h32_RMSE_uniform": 5.194334774944313,
      "h32_CRPS_uniform": 2.7607333104027703,
      "h32_MAE_gaussian": 3.8012031370002517,
      "h32_RMSE_gaussian": 5.194405403939518,
      "h32_CRPS_gaussian": 2.7607545390311543,
      "h64_MAE_uniform": 5.477252801041745,
      "h64_RMSE_uniform": 7.551455532444078,
      "h64_CRPS_uniform": 4.007767662683989,
      "h64_MAE_gaussian": 5.477672485496116,
      "h64_RMSE_gaussian": 7.552146539447549,
      "h64_CRPS_gaussian": 4.008099770865613
    }
  ]
}