{
  "baseline": {
    "MAE_h32": 3.7316868595980903,
    "RMSE_h32": 5.068157455771573,
    "CRPS_h32": 3.7316868595980903,
    "MAE_h64": 5.301255779606787,
    "RMSE_h64": 7.180981683588902,
    "CRPS_h64": 5.301255779606787
  },
  "h32_MAE_uniform": {
    "mean": 3.7736146107865403,
    "std": 0.028399785380018954
  },
  "h32_RMSE_uniform": {
    "mean": 5.1850954497513,
    "std": 0.055242391153559896
  },
  "h32_CRPS_uniform": {
    "mean": 2.742475603012667,
    "std": 0.026681861927452564
  },
  "h32_MAE_gaussian": {
    "mean": 3.7737444937823397,
    "std": 0.028446485728710415
  },
  "h32_RMSE_gaussian": {
    "mean": 5.185250997606161,
    "std": 0.055300001056839465
  },
  "h32_CRPS_gaussian": {
    "mean": 2.7425535532969887,
    "std": 0.026716807021357748
  },
  "h64_MAE_uniform": {
    "mean": 5.460760451988375,
    "std": 0.12043050170191627
  },
  "h64_RMSE_uniform": {
    "mean": 7.547360524248378,
    "std": 0.19654835324321251
  },
  "h64_CRPS_uniform": {
    "mean": 3.9920523787670503,
    "std": 0.10579671957205973
  },
  "h64_MAE_gaussian": {
    "mean": 5.4612949703442375,
    "std": 0.12073180364918704
  },
  "h64_RMSE_gaussian": {
    "mean": 7.548099314841577,
    "std": 0.1968711550858553
  },
  "h64_CRPS_gaussian": {
    "mean": 3.992496016717007,
    "std": 0.10600136591582694
  },
  "per_seed": [
    {
      "seed": 0,
      "eta": 8.986614227294922,
      "h32_MAE_uniform": 3.755257530551731,
      "h32_RMSE_uniform": 5.160229068130798,
      "h32_CRPS_uniform": 2.7283840349934962,
      "h32_MAE_gaussian": 3.7553707264989433,
      "h32_RMSE_gaussian": 5.160337134934168,
      "h32_CRPS_gaussian": 2.728483580927673,
      "h64_MAE_uniform": 5.411308511599095,
      "h64_RMSE_uniform": 7.485362090326272,
      "h64_CRPS_uniform": 3.9494972549899785,
      "h64_MAE_gaussian": 5.411648737296213,
      "h64_RMSE_gaussian": 7.485752630581285,
      "h64_CRPS_gaussian": 3.949737364902319
    },
    {
      "seed": 1,
      "eta": 9.145386695861816,
      "h32_MAE_uniform": 3.7286981931771424,
      "h32_RMSE_uniform": 5.0893842287117845,
      "h32_CRPS_uniform": 2.6974451001481157,
      "h32_MAE_gaussian": 3.7287838263676196,
      "h32_RMSE_gaussian": 5.089481827128334,
      "h32_CRPS_gaussian": 2.6974694101611476,
      "h64_MAE_uniform": 5.259539918086143,
      "h64_RMSE_uniform": 7.205071514139683,
      "h64_CRPS_uniform": 3.81146962403011,
      "h64_MAE_gaussian": 5.259656908309282,
      "h64_RMSE_gaussian": 7.205424564412088,
      "h64_CRPS_gaussian": 3.81167742978198
    },
    {
      "seed": 2,
      "eta": 8.896356582641602,
      "h32_MAE_uniform": 3.8098424720340742,
      "h32_RMSE_uniform": 5.24581152518747,
      "h32_CRPS_uniform": 2.7726859425721386,
      "h32_MAE_gaussian": 3.810127718749155,
      "h32_RMSE_gaussian": 5.2461648819316045,
      "h32_CRPS_gaussian": 2.7728991137767025,
      "h64_MAE_uniform": 5.62019554220775,
      "h64_RMSE_uniform": 7.7906490033013815,
      "h64_CRPS_uniform": 4.123814856648153,
      "h64_MAE_gaussian": 5.621257717898953,
      "h64_RMSE_gaussian": 7.79202674573117,
      "h64_CRPS_gaussian": 4.124680743624253
    },
    {
      "seed": 3,
      "eta": 9.008535385131836,
      "h32_MAE_uniform": 3.786936279244604,
      "h32_RMSE_uniform": 5.214162761891939,
      "h32_CRPS_uniform": 2.755773543434657,
      "h32_MAE_gaussian": 3.7870918390850457,
      "h32_RMSE_gaussian": 5.214317300066773,
      "h32_CRPS_gaussian": 2.7558230752939608,
      "h64_MAE_uniform": 5.505807781928738,
      "h64_RMSE_uniform": 7.628596946770148,
      "h64_CRPS_uniform": 4.039686485413256,
      "h64_MAE_gaussian": 5.506573371171356,
      "h64_RMSE_gaussian": 7.629629763090869,
      "h64_CRPS_gaussian": 4.040276325892648
    },
    {
      "seed": 4,
      "eta": 8.993480682373047,
      "h32_MAE_uniform": 3.7873385789251466,
      "h32_RMSE_uniform": 5.215889664834512,
      "h32_CRPS_uniform": 2.758089393914929,
      "h32_MAE_gaussian": 3.787348358210935,
      "h32_RMSE_gaussian": 5.215953843969926,
      "h32_CRPS_gaussian": 2.7580925863254606,
      "h64_MAE_uniform": 5.506950506120148,
      "h64_RMSE_uniform": 7.627123066704407,
      "h64_CRPS_uniform": 4.035793672753755,
      "h64_MAE_gaussian": 5.507338117045381,
      "h64_RMSE_gaussian": 7.627662870392478,
      "h64_CRPS_gaussian": 4.036108219383834
    }
  ]
}