{
  "B_log_ret_hist": {
    "name": "Log-return histogram",
    "mse": {
      "mean": 128.59247843181518,
      "std": 5.889195630613571,
      "per_seed": [
        124.08879610104333,
        122.32741653203655,
        124.90259288012919,
        135.89932460310243,
        135.7442620427644
      ]
    },
    "pct": {
      "mean": 248.64945263988548,
      "std": 7.948295857199684,
      "per_seed": [
        241.56784049984884,
        242.4134683923747,
        242.55469849468244,
        259.1539387595987,
        257.55731705292266
      ]
    }
  },
  "B_qq_plot": {
    "name": "QQ plot",
    "mse": {
      "mean": 0.0024772468946973893,
      "std": 0.0001971799804297794,
      "per_seed": [
        0.0027553631030935335,
        0.0024729102428076395,
        0.00220261359581898,
        0.002625341937878306,
        0.0023300055938884887
      ]
    },
    "pct": {
      "mean": 437.1648510674555,
      "std": 19.282153637675332,
      "per_seed": [
        448.2437776315649,
        436.7885089122022,
        401.119868330299,
        457.4440604927319,
        442.2280399704792
      ]
    }
  },
  "B_acf_abs_r": {
    "name": "ACF |r|",
    "mse": {
      "mean": 0.02560733246853724,
      "std": 0.006885687568427381,
      "per_seed": [
        0.024339201299370953,
        0.045828988759446014,
        0.02233672517824767,
        0.021258708804685954,
        0.014273038300935618
      ]
    },
    "pct": {
      "mean": 211.79795766835264,
      "std": 41.10978406283431,
      "per_seed": [
        190.3977298821003,
        289.82240153418115,
        189.33018577284474,
        214.92067645775714,
        174.51879469487992
      ]
    }
  },
  "B_acf_sq_r": {
    "name": "ACF r\u00b2",
    "mse": {
      "mean": 0.026329558063812035,
      "std": 0.007026971190816636,
      "per_seed": [
        0.020697309397947027,
        0.04542910626894263,
        0.029021659700267634,
        0.02289532288002134,
        0.013604392071881554
      ]
    },
    "pct": {
      "mean": 251.69580724555902,
      "std": 48.247282670886044,
      "per_seed": [
        201.7828826632898,
        343.8953106620633,
        242.67282518861526,
        232.58355380434864,
        237.54446390947828
      ]
    }
  },
  "B_roll_vol_hist": {
    "name": "Rolling vol histogram",
    "mse": {
      "mean": 4202.496912886145,
      "std": 102.30774336146418,
      "per_seed": [
        4179.691029655193,
        4337.239903650134,
        4087.8838159487614,
        4105.134161813157,
        4302.535653363481
      ]
    },
    "pct": {
      "mean": 802.7491119604159,
      "std": 14.018001082348484,
      "per_seed": [
        799.5194653080528,
        821.4831384372062,
        785.0605575488186,
        791.4747701067946,
        816.2076284012076
      ]
    }
  },
  "B_tail_surv": {
    "name": "Tail survival",
    "mse": {
      "mean": 0.17942042465900343,
      "std": 0.005966398305748773,
      "per_seed": [
        0.1785792269223273,
        0.1790973527800748,
        0.16951876462130136,
        0.18795284078356386,
        0.18195393818774985
      ]
    },
    "pct": {
      "mean": 342.7680143768217,
      "std": 8.324841688233446,
      "per_seed": [
        343.621390181641,
        344.94937847927184,
        327.9004736220535,
        353.6832641689788,
        343.6855654321637
      ]
    }
  }
}