{
  "B_log_ret_hist": {
    "name": "Log-return histogram",
    "mse": {
      "mean": 42.66087329006557,
      "std": 1.9991930167743786,
      "per_seed": [
        41.1583860382449,
        40.58120423472325,
        41.38871525920194,
        45.108060040812944,
        45.06800087734482
      ]
    },
    "pct": {
      "mean": 467.6523842840626,
      "std": 171.79479964719619,
      "per_seed": [
        429.71700044693654,
        315.93750567975576,
        797.4396417824724,
        349.9816583823684,
        445.1861151287796
      ]
    },
    "nrmse": {
      "mean": 43.06635213711241,
      "std": 1.9195209464864713,
      "per_seed": [
        42.83397693128973,
        40.38399763274476,
        41.85155117952683,
        45.896469109796975,
        44.365765832203756
      ]
    }
  },
  "B_qq_plot": {
    "name": "QQ plot",
    "mse": {
      "mean": 0.0008249790668964409,
      "std": 6.603417795953637e-05,
      "per_seed": [
        0.0009176459460300284,
        0.0008235353054939252,
        0.0007334872808978671,
        0.0008743198302955043,
        0.0007759069717648785
      ]
    },
    "pct": {
      "mean": 377.1133571279154,
      "std": 18.25656538690901,
      "per_seed": [
        409.05519991876525,
        365.36326055137164,
        356.9512758425567,
        384.22786006155326,
        369.9691892653302
      ]
    },
    "nrmse": {
      "mean": 72.78749374268655,
      "std": 4.557321958103936,
      "per_seed": [
        73.1735103499028,
        70.89813637620031,
        70.32050255288571,
        81.33617339688614,
        68.20914603755777
      ]
    }
  },
  "B_acf_abs_r": {
    "name": "ACF |r|",
    "mse": {
      "mean": 0.00854763564494603,
      "std": 0.0035189072032681904,
      "per_seed": [
        0.008189063327959645,
        0.015211781103826575,
        0.007490675455651778,
        0.007037554665927461,
        0.004809103671364689
      ]
    },
    "pct": {
      "mean": 3830.519249683851,
      "std": 1213.7686692529164,
      "per_seed": [
        4081.298297970899,
        6051.055488989645,
        3479.957736105914,
        2790.253694912437,
        2750.031030440359
      ]
    },
    "nrmse": {
      "mean": 1340.4144628308072,
      "std": 296.140233133142,
      "per_seed": [
        1369.8951455625618,
        1876.4789808881435,
        1290.9401943992734,
        1167.9611308195927,
        996.7968624844656
      ]
    }
  },
  "B_acf_sq_r": {
    "name": "ACF r\u00b2",
    "mse": {
      "mean": 0.008781415478850581,
      "std": 0.003515722909022078,
      "per_seed": [
        0.0069980829422305645,
        0.015050739295047591,
        0.009646770467290488,
        0.007563402991303393,
        0.004648081698380879
      ]
    },
    "pct": {
      "mean": 11226.87311858861,
      "std": 3841.671778535618,
      "per_seed": [
        10301.907796335909,
        18284.986094257412,
        10104.908711011647,
        6564.326726584652,
        10878.236264753426
      ]
    },
    "nrmse": {
      "mean": 1081.764758763285,
      "std": 235.05481343403548,
      "per_seed": [
        995.6147655863915,
        1481.4368002290382,
        1166.4480711232527,
        989.0557965846741,
        776.268360293068
      ]
    }
  },
  "B_roll_vol_hist": {
    "name": "Rolling vol histogram",
    "mse": {
      "mean": 1397.9948733043432,
      "std": 34.28930723258741,
      "per_seed": [
        1390.2311109085633,
        1444.2193566219967,
        1359.6103633402172,
        1364.7270328077886,
        1431.1865028431505
      ]
    },
    "pct": {
      "mean": 1160.2453353814105,
      "std": 134.2430877979222,
      "per_seed": [
        1333.2750624699313,
        980.0526048525666,
        1182.9980127861709,
        1268.7649928089409,
        1036.1360039894437
      ]
    },
    "nrmse": {
      "mean": 70.03920453029255,
      "std": 2.550521647006775,
      "per_seed": [
        73.05320518705993,
        72.19777401717268,
        66.17619610277708,
        70.60955042389992,
        68.15929692055309
      ]
    }
  },
  "B_tail_surv": {
    "name": "Tail survival",
    "mse": {
      "mean": 0.05972568603754321,
      "std": 0.0019907515607306687,
      "per_seed": [
        0.059445822007703285,
        0.05961840427947517,
        0.056422475244225334,
        0.0625721280892489,
        0.06056960056706342
      ]
    },
    "pct": {
      "mean": 320.578676961282,
      "std": 7.643994959021276,
      "per_seed": [
        321.2493923040804,
        322.46911141476517,
        306.96105518190285,
        330.66582093013193,
        321.5480049755296
      ]
    },
    "nrmse": {
      "mean": 42.73710572441624,
      "std": 0.714785470537431,
      "per_seed": [
        42.643814041599434,
        42.70531191107824,
        41.54323750606025,
        43.749949520204595,
        43.04321564313867
      ]
    }
  }
}