{
  "B_log_ret_hist": {
    "name": "Log-return histogram",
    "mse": {
      "mean": 42.66087329006557,
      "std": 1.9991930167743786,
      "per_seed": [
        41.1583860382449,
        40.58120423472325,
        41.38871525920194,
        45.108060040812944,
        45.06800087734482
      ]
    },
    "pct": {
      "mean": 246.55691103554128,
      "std": 7.987491178334259,
      "per_seed": [
        239.40716182182996,
        240.42693351452428,
        240.33675149782567,
        257.1703851205261,
        255.4433232230003
      ]
    },
    "nrmse": {
      "mean": 30.809093274068708,
      "std": 0.7153946851686845,
      "per_seed": [
        30.26628877683139,
        30.066480211077813,
        30.35739213103498,
        31.68013023170654,
        31.67517501969281
      ]
    }
  },
  "B_qq_plot": {
    "name": "QQ plot",
    "mse": {
      "mean": 0.0008249790668964409,
      "std": 6.603417795953637e-05,
      "per_seed": [
        0.0009176459460300284,
        0.0008235353054939252,
        0.0007334872808978671,
        0.0008743198302955043,
        0.0007759069717648785
      ]
    },
    "pct": {
      "mean": 437.13348902456573,
      "std": 19.165773693034488,
      "per_seed": [
        447.89647119677875,
        436.80703251136447,
        401.31131623832295,
        457.41717696607316,
        442.23544821028946
      ]
    },
    "nrmse": {
      "mean": 134.7389500250742,
      "std": 5.406523892009671,
      "per_seed": [
        142.31508381101852,
        134.77749082654324,
        127.11098520984278,
        138.6550246946195,
        130.83616558334683
      ]
    }
  },
  "B_acf_abs_r": {
    "name": "ACF |r|",
    "mse": {
      "mean": 0.00854763564494603,
      "std": 0.0035189072032681904,
      "per_seed": [
        0.008189063327959645,
        0.015211781103826575,
        0.007490675455651778,
        0.007037554665927461,
        0.004809103671364689
      ]
    },
    "pct": {
      "mean": 230.00560690039515,
      "std": 48.050056592439184,
      "per_seed": [
        212.84542400281953,
        322.34742479385744,
        198.84439337685762,
        227.77716178529585,
        188.21363054314529
      ]
    },
    "nrmse": {
      "mean": 198.23629175274843,
      "std": 35.46780848221989,
      "per_seed": [
        173.9329333821751,
        253.70152698212695,
        167.72626554059752,
        226.99393130221006,
        168.8268015566325
      ]
    }
  },
  "B_acf_sq_r": {
    "name": "ACF r\u00b2",
    "mse": {
      "mean": 0.008781415478850581,
      "std": 0.003515722909022078,
      "per_seed": [
        0.0069980829422305645,
        0.015050739295047591,
        0.009646770467290488,
        0.007563402991303393,
        0.004648081698380879
      ]
    },
    "pct": {
      "mean": 287.8306927850313,
      "std": 57.85111523943448,
      "per_seed": [
        233.7957067167509,
        398.94300984924354,
        271.5628773775566,
        253.81195596113574,
        281.0399140204697
      ]
    },
    "nrmse": {
      "mean": 221.13295052812478,
      "std": 36.08871364362027,
      "per_seed": [
        194.44151785868786,
        282.2297414718659,
        196.82146325027668,
        242.77622195283303,
        189.39580810696052
      ]
    }
  },
  "B_roll_vol_hist": {
    "name": "Rolling vol histogram",
    "mse": {
      "mean": 1397.9948733043432,
      "std": 34.28930723258741,
      "per_seed": [
        1390.2311109085633,
        1444.2193566219967,
        1359.6103633402172,
        1364.7270328077886,
        1431.1865028431505
      ]
    },
    "pct": {
      "mean": 799.2094303037832,
      "std": 14.122700677192055,
      "per_seed": [
        796.1422755544224,
        817.9001518213136,
        781.4432470272009,
        787.6203635237098,
        812.9411135922694
      ]
    },
    "nrmse": {
      "mean": 73.05617703607682,
      "std": 0.8955571855285462,
      "per_seed": [
        72.82664208898841,
        74.25066032302044,
        72.07968120600333,
        72.17396824486542,
        73.94993331750646
      ]
    }
  },
  "B_tail_surv": {
    "name": "Tail survival",
    "mse": {
      "mean": 0.05972568603754321,
      "std": 0.0019907515607306687,
      "per_seed": [
        0.059445822007703285,
        0.05961840427947517,
        0.056422475244225334,
        0.0625721280892489,
        0.06056960056706342
      ]
    },
    "pct": {
      "mean": 342.32333886192964,
      "std": 8.330580037844182,
      "per_seed": [
        343.18758149158987,
        344.51136305870835,
        327.4455498349135,
        353.24550909082086,
        343.22669083361563
      ]
    },
    "nrmse": {
      "mean": 42.73710572441624,
      "std": 0.714785470537431,
      "per_seed": [
        42.643814041599434,
        42.70531191107824,
        41.54323750606025,
        43.749949520204595,
        43.04321564313867
      ]
    }
  }
}