step,train_bce
50,0.00713
100,0.000948
150,0.000397
200,0.000153
250,0.000109
300,6e-05
350,4.2e-05
400,3.3e-05
450,3e-05
500,1.9e-05
550,6.6e-05
600,1.4e-05
650,7e-06
700,5e-06
750,5e-06
800,3e-06
850,4e-06
900,2e-06
950,1e-06
1000,2e-06
1050,1e-06
1100,1e-06
1150,1e-06
1200,1e-06
1250,1e-06
1300,1e-06
1350,0.0
1400,0.0
1450,0.0
1500,0.0
1550,0.0
1600,0.0
1650,0.0
1700,0.0
1750,0.0
1800,0.0
1850,0.0
1900,1e-06
1950,0.0
2000,0.0
