{
  "seed": 2,
  "A1_kurtosis_error": 0.44352855880921416,
  "A2_abs_r_q95_error": 0.09336073995228564,
  "A3_abs_r_q99_error": 0.12006815589412183,
  "A4_tail_qq_error": 0.09190100474119771,
  "A5_hill_tail_index_error": 2.8790056197559757,
  "A6_path_mmd2": 0.0495244733550278,
  "A7_terminal_mmd2": 0.005550288632112599,
  "A8_increment_mmd2": 0.4613686708634991,
  "A9_volatility_mmd": 3.888207121374231,
  "A10_terminal_swd": 2.3362330377123635,
  "A11_path_swd": 3.6172665061681104,
  "A12_rv_law_loss": 107.77434781918508,
  "A13_mean_path_rmse": 4.180845657791197,
  "A14_ks_logreturns": 0.3122183732160433,
  "A15_skewness_error": 0.06154395736874531,
  "A16_qq_rmse": 0.04577774474330595,
  "A17_terminal_ks": 0.0936279296875,
  "A18_disc_score_gru": 0.499695,
  "A18_disc_score_mlp": 0.5,
  "A19_pred_score_gru": 0.136196,
  "A19_pred_score_mlp": 0.096705,
  "A20_cov_error": 67.76057575612242,
  "A21_acf_abs": 0.06565290569257892,
  "A22_acf_sq": 0.07373181996583181,
  "A23_acf_lag1_abs_error": 0.14141311042471477,
  "A24_acf_lag1_sq_error": 0.16725637894308457,
  "A25_mean_rmse": 1.4100926502321443,
  "A26_std_error": 4.684015875531803,
  "A27_logreturn_std_error": 0.046970426658229106,
  "A28_kurtosis_ratio": 6.220712790250142,
  "A29_sigma_mean_error": 0.7439568772811734,
  "A30_vol_path_rmse": 1.5691234560088758,
  "A31_rolling_vol_ks": 0.9236643721417684,
  "A32_vol_of_vol_error": 0.018091346391710575,
  "A33_sigma_corr": 0.002631598446039991,
  "A34_sigma_rmse": 0.7720603254154601,
  "compute_time_sec": 55.42,
  "B_log_ret_hist_funct": 123.64582030026578,
  "B_log_ret_hist_der": 0.8188274815035151,
  "B_log_ret_hist_sec_der": 0.43794509835988404,
  "B_log_ret_hist_funct_pct": 242.55469849468244,
  "B_log_ret_hist_der_pct": 182.51007138834058,
  "B_log_ret_hist_sec_der_pct": 97743.60582847646,
  "B_qq_plot_funct": 0.0021877821935902837,
  "B_qq_plot_der": 1.3230206883663015e-05,
  "B_qq_plot_sec_der": 1.601195345033639e-06,
  "B_qq_plot_funct_pct": 401.119868330299,
  "B_qq_plot_der_pct": 379.15958798225864,
  "B_qq_plot_sec_der_pct": 475.2802336956812,
  "B_acf_abs_r_funct": 0.004107826393023071,
  "B_acf_abs_r_der": 0.005280298852049822,
  "B_acf_abs_r_sec_der": 0.012948599933174775,
  "B_acf_abs_r_funct_pct": 189.33018577284474,
  "B_acf_abs_r_der_pct": 3785.340880096434,
  "B_acf_abs_r_sec_der_pct": 9819.699479607585,
  "B_acf_sq_r_funct": 0.004658761309665216,
  "B_acf_sq_r_der": 0.0068856884991416985,
  "B_acf_sq_r_sec_der": 0.017477209891460718,
  "B_acf_sq_r_funct_pct": 242.67282518861526,
  "B_acf_sq_r_der_pct": 4573.359043123343,
  "B_acf_sq_r_sec_der_pct": 14343.084032869036,
  "B_roll_vol_hist_funct": 4065.2056375992934,
  "B_roll_vol_hist_der": 11.966959834349467,
  "B_roll_vol_hist_sec_der": 10.711218515118466,
  "B_roll_vol_hist_funct_pct": 785.0605575488186,
  "B_roll_vol_hist_der_pct": 781.4067787830512,
  "B_roll_vol_hist_sec_der_pct": 1749.2960600785452,
  "B_tail_surv_funct": 0.1694014557456969,
  "B_tail_surv_der": 0.0001011900860286182,
  "B_tail_surv_sec_der": 1.6118789575823296e-05,
  "B_tail_surv_funct_pct": 327.9004736220535,
  "B_tail_surv_der_pct": 75.35698097110564,
  "B_tail_surv_sec_der_pct": 73523.42624198394
}