{
  "seed": 4,
  "A1_kurtosis_error": 0.7146712251776188,
  "A2_abs_r_q95_error": 0.09414972274761449,
  "A3_abs_r_q99_error": 0.11782508258867448,
  "A4_tail_qq_error": 0.09249335833539388,
  "A5_hill_tail_index_error": 0.15479298023108257,
  "A6_path_mmd2": 0.04514229535308384,
  "A7_terminal_mmd2": 0.037406852165288496,
  "A8_increment_mmd2": 0.479924195029061,
  "A9_volatility_mmd": 3.9540491223144443,
  "A10_terminal_swd": 8.552095669551063,
  "A11_path_swd": 3.4147445335072444,
  "A12_rv_law_loss": 112.95964586750293,
  "A13_mean_path_rmse": 3.922080176790443,
  "A14_ks_logreturns": 0.3194368617741142,
  "A15_skewness_error": 0.011763152056224344,
  "A16_qq_rmse": 0.047241563029589415,
  "A17_terminal_ks": 0.2962646484375,
  "A18_disc_score_gru": 0.5,
  "A18_disc_score_mlp": 0.5,
  "A19_pred_score_gru": 0.113776,
  "A19_pred_score_mlp": 0.107123,
  "A20_cov_error": 50.447118401112135,
  "A21_acf_abs": 0.05243024020101537,
  "A22_acf_sq": 0.06302843597472563,
  "A23_acf_lag1_abs_error": 0.08697964815945392,
  "A24_acf_lag1_sq_error": 0.10377311286674731,
  "A25_mean_rmse": 8.79086126877857,
  "A26_std_error": 4.888228430935458,
  "A27_logreturn_std_error": 0.04832385339908767,
  "A28_kurtosis_ratio": -22.79041974196446,
  "A29_sigma_mean_error": 0.7647543413294334,
  "A30_vol_path_rmse": 0.847839846154739,
  "A31_rolling_vol_ks": 0.9364112916031505,
  "A32_vol_of_vol_error": 0.01670036195407296,
  "A33_sigma_corr": 0.002845384950030509,
  "A34_sigma_rmse": 0.7874909092167784,
  "compute_time_sec": 51.3,
  "B_log_ret_hist_funct": 134.47701070591742,
  "B_log_ret_hist_der": 0.8541548572354676,
  "B_log_ret_hist_sec_der": 0.413096479611504,
  "B_log_ret_hist_funct_pct": 257.55731705292266,
  "B_log_ret_hist_der_pct": 195.60178311827173,
  "B_log_ret_hist_sec_der_pct": 1253172.12153536,
  "B_qq_plot_funct": 0.0023178803254517437,
  "B_qq_plot_der": 1.1021650280998321e-05,
  "B_qq_plot_sec_der": 1.1036181557467167e-06,
  "B_qq_plot_funct_pct": 442.2280399704792,
  "B_qq_plot_der_pct": 393.0528533624808,
  "B_qq_plot_sec_der_pct": 431.49883790180735,
  "B_acf_abs_r_funct": 0.004108605853564757,
  "B_acf_abs_r_der": 0.00349393997862537,
  "B_acf_abs_r_sec_der": 0.006670492468745493,
  "B_acf_abs_r_funct_pct": 174.51879469487992,
  "B_acf_abs_r_der_pct": 2595.7824330128583,
  "B_acf_abs_r_sec_der_pct": 8444.197337321564,
  "B_acf_sq_r_funct": 0.00422251842035016,
  "B_acf_sq_r_der": 0.003398294698121241,
  "B_acf_sq_r_sec_der": 0.005983578953410154,
  "B_acf_sq_r_funct_pct": 237.54446390947828,
  "B_acf_sq_r_der_pct": 3716.75533611373,
  "B_acf_sq_r_sec_der_pct": 22599.766609312996,
  "B_roll_vol_hist_funct": 4278.085318149614,
  "B_roll_vol_hist_der": 13.161966525980766,
  "B_roll_vol_hist_sec_der": 11.288368687887184,
  "B_roll_vol_hist_funct_pct": 816.2076284012076,
  "B_roll_vol_hist_der_pct": 1139.0274714495013,
  "B_roll_vol_hist_sec_der_pct": 1207.4739596199302,
  "B_tail_surv_funct": 0.1818304218556294,
  "B_tail_surv_der": 0.00010587927287827078,
  "B_tail_surv_sec_der": 1.763705924217047e-05,
  "B_tail_surv_funct_pct": 343.6855654321637,
  "B_tail_surv_der_pct": 77.76096234280155,
  "B_tail_surv_sec_der_pct": 75542.04665688051
}