step,train_bce
50,0.004058
100,0.000654
150,0.00039
200,0.000444
250,0.000206
300,0.000113
350,0.000121
400,0.000111
450,6.1e-05
500,6.3e-05
550,4.4e-05
600,3.3e-05
650,1.9e-05
700,5e-06
750,6e-06
800,2e-06
850,3e-06
900,1e-06
950,1e-06
1000,1e-06
1050,1e-06
1100,1e-06
1150,1e-06
1200,1e-06
1250,1e-06
1300,0.0
1350,1e-06
1400,0.0
1450,1e-06
1500,0.0
1550,0.0
1600,0.0
1650,0.0
1700,0.0
1750,1e-06
1800,0.0
1850,0.0
1900,0.0
1950,0.0
2000,0.0
