{
  "seed": 3,
  "A1_kurtosis_error": 0.4273037888033202,
  "A2_abs_r_q95_error": 0.09946345170227261,
  "A3_abs_r_q99_error": 0.134611356192209,
  "A4_tail_qq_error": 0.09825620026794216,
  "A5_hill_tail_index_error": 0.24658222789265238,
  "A6_path_mmd2": 0.04768887378258965,
  "A7_terminal_mmd2": 0.021078286342088415,
  "A8_increment_mmd2": 0.4762832516765315,
  "A9_volatility_mmd": 3.9924844051534647,
  "A10_terminal_swd": 8.051630943717418,
  "A11_path_swd": 3.412340426864985,
  "A12_rv_law_loss": 124.95689514669051,
  "A13_mean_path_rmse": 3.922241665146326,
  "A14_ks_logreturns": 0.33324234128937,
  "A15_skewness_error": 0.021719697446701713,
  "A16_qq_rmse": 0.0498473483393525,
  "A17_terminal_ks": 0.22607421875,
  "A18_disc_score_gru": 0.5,
  "A18_disc_score_mlp": 0.5,
  "A19_pred_score_gru": 0.14992,
  "A19_pred_score_mlp": 0.110912,
  "A20_cov_error": 10.657058916561624,
  "A21_acf_abs": 0.0970056019110156,
  "A22_acf_sq": 0.1082314046942545,
  "A23_acf_lag1_abs_error": 0.2318531099399648,
  "A24_acf_lag1_sq_error": 0.2431977298176505,
  "A25_mean_rmse": 8.232475579931162,
  "A26_std_error": 5.21202392844631,
  "A27_logreturn_std_error": 0.05134671590879919,
  "A28_kurtosis_ratio": 4.696199004504641,
  "A29_sigma_mean_error": 0.8097333715060561,
  "A30_vol_path_rmse": 0.9986330900927192,
  "A31_rolling_vol_ks": 0.9371665396341464,
  "A32_vol_of_vol_error": 0.01949898780978427,
  "A33_sigma_corr": 0.007554582631457572,
  "A34_sigma_rmse": 0.8219340902391576,
  "compute_time_sec": 51.69,
  "B_log_ret_hist_funct": 134.50739735940974,
  "B_log_ret_hist_der": 0.8687253703605168,
  "B_log_ret_hist_sec_der": 0.5232018733321832,
  "B_log_ret_hist_funct_pct": 259.1539387595987,
  "B_log_ret_hist_der_pct": 159.78840666608383,
  "B_log_ret_hist_sec_der_pct": 178541.14617423824,
  "B_qq_plot_funct": 0.002603008870824669,
  "B_qq_plot_der": 1.952380259692708e-05,
  "B_qq_plot_sec_der": 2.809264456710325e-06,
  "B_qq_plot_funct_pct": 457.4440604927319,
  "B_qq_plot_der_pct": 415.13253749610624,
  "B_qq_plot_sec_der_pct": 461.81814793712414,
  "B_acf_abs_r_funct": 0.0074980188871256225,
  "B_acf_abs_r_der": 0.005145367972589724,
  "B_acf_abs_r_sec_der": 0.008615321944970607,
  "B_acf_abs_r_funct_pct": 214.92067645775714,
  "B_acf_abs_r_der_pct": 2501.5608441904506,
  "B_acf_abs_r_sec_der_pct": 6897.31320629786,
  "B_acf_sq_r_funct": 0.0070312322342057625,
  "B_acf_sq_r_der": 0.005699375384458913,
  "B_acf_sq_r_sec_der": 0.010164715261356663,
  "B_acf_sq_r_funct_pct": 232.58355380434864,
  "B_acf_sq_r_der_pct": 3005.0973835268733,
  "B_acf_sq_r_sec_der_pct": 13523.89064538269,
  "B_roll_vol_hist_funct": 4075.861805850118,
  "B_roll_vol_hist_der": 13.310630092894277,
  "B_roll_vol_hist_sec_der": 15.961725870145417,
  "B_roll_vol_hist_funct_pct": 791.4747701067946,
  "B_roll_vol_hist_der_pct": 1314.8141006469652,
  "B_roll_vol_hist_sec_der_pct": 1693.4751621327218,
  "B_tail_surv_funct": 0.18783367547394877,
  "B_tail_surv_der": 0.00010260345971811928,
  "B_tail_surv_sec_der": 1.6561849896944108e-05,
  "B_tail_surv_funct_pct": 353.6832641689788,
  "B_tail_surv_der_pct": 78.27597932137745,
  "B_tail_surv_sec_der_pct": 72911.64122189688
}