{
  "seed": 0,
  "A1_kurtosis_error": 0.5688541868341814,
  "A2_abs_r_q95_error": 0.10260703052390338,
  "A3_abs_r_q99_error": 0.1260760502074192,
  "A4_tail_qq_error": 0.10114419322128261,
  "A5_hill_tail_index_error": 1.0570074942337762,
  "A6_path_mmd2": 0.05150559234388624,
  "A7_terminal_mmd2": 0.0061977311874817365,
  "A8_increment_mmd2": 0.49891101568380425,
  "A9_volatility_mmd": 3.9951841110749604,
  "A10_terminal_swd": 3.3492607249213653,
  "A11_path_swd": 3.738516523239177,
  "A12_rv_law_loss": 129.75802431648293,
  "A13_mean_path_rmse": 4.2503544090109555,
  "A14_ks_logreturns": 0.3154729407603346,
  "A15_skewness_error": 0.1216732799463408,
  "A16_qq_rmse": 0.05139963401201529,
  "A17_terminal_ks": 0.103515625,
  "A18_disc_score_gru": 0.5,
  "A18_disc_score_mlp": 0.5,
  "A19_pred_score_gru": 0.145525,
  "A19_pred_score_mlp": 0.104309,
  "A20_cov_error": 4.827796526410367,
  "A21_acf_abs": 0.0786949634678829,
  "A22_acf_sq": 0.08481624553072153,
  "A23_acf_lag1_abs_error": 0.17950548060544014,
  "A24_acf_lag1_sq_error": 0.2150392759353052,
  "A25_mean_rmse": 3.4766445121379945,
  "A26_std_error": 5.29862027899532,
  "A27_logreturn_std_error": 0.052497156262896624,
  "A28_kurtosis_ratio": -19.4423481421317,
  "A29_sigma_mean_error": 0.8304878144416917,
  "A30_vol_path_rmse": 1.0974091938529336,
  "A31_rolling_vol_ks": 0.9435370220401423,
  "A32_vol_of_vol_error": 0.019148237032066414,
  "A33_sigma_corr": -0.021200498841964645,
  "A34_sigma_rmse": 0.8544106069551937,
  "compute_time_sec": 52.45,
  "B_log_ret_hist_funct": 122.31636698117146,
  "B_log_ret_hist_der": 0.7969948874296889,
  "B_log_ret_hist_sec_der": 0.3617962461335521,
  "B_log_ret_hist_funct_pct": 233.90159293934448,
  "B_log_ret_hist_der_pct": 120.54609635421538,
  "B_log_ret_hist_sec_der_pct": 934.7033120472499,
  "B_log_ret_hist_funct_nrmse": 30.26628877683139,
  "B_log_ret_hist_der_nrmse": 48.49840138369842,
  "B_log_ret_hist_sec_der_nrmse": 49.737240633339404,
  "B_qq_plot_funct": 0.002739706926809808,
  "B_qq_plot_der": 1.1997442834885696e-05,
  "B_qq_plot_sec_der": 1.2334684453917493e-06,
  "B_qq_plot_funct_pct": 440.69894129561635,
  "B_qq_plot_der_pct": 418.2088004388258,
  "B_qq_plot_sec_der_pct": 368.25785802185345,
  "B_qq_plot_funct_nrmse": 142.31508381101852,
  "B_qq_plot_der_nrmse": 48.29927011918792,
  "B_qq_plot_sec_der_nrmse": 28.90617711950192,
  "B_acf_abs_r_funct": 0.004340083464350561,
  "B_acf_abs_r_der": 0.006736363619247017,
  "B_acf_abs_r_sec_der": 0.013490742900281358,
  "B_acf_abs_r_funct_pct": 212.27983095844394,
  "B_acf_abs_r_der_pct": 4488.805532322806,
  "B_acf_abs_r_sec_der_pct": 7542.809530631446,
  "B_acf_abs_r_funct_nrmse": 173.9329333821751,
  "B_acf_abs_r_der_nrmse": 1806.293287125006,
  "B_acf_abs_r_sec_der_nrmse": 2129.4592161805035,
  "B_acf_sq_r_funct": 0.004477834158952076,
  "B_acf_sq_r_der": 0.005951030570723774,
  "B_acf_sq_r_sec_der": 0.010565384097015842,
  "B_acf_sq_r_funct_pct": 233.136100441982,
  "B_acf_sq_r_der_pct": 14168.010618028278,
  "B_acf_sq_r_sec_der_pct": 16504.576670537466,
  "B_acf_sq_r_funct_nrmse": 194.44151785868786,
  "B_acf_sq_r_der_nrmse": 1367.1970860743863,
  "B_acf_sq_r_sec_der_nrmse": 1425.2056928261004,
  "B_roll_vol_hist_funct": 4141.432093062423,
  "B_roll_vol_hist_der": 13.680685416347925,
  "B_roll_vol_hist_sec_der": 15.580554246919426,
  "B_roll_vol_hist_funct_pct": 771.3347683888921,
  "B_roll_vol_hist_der_pct": 1165.4772376566114,
  "B_roll_vol_hist_sec_der_pct": 2063.0131813642906,
  "B_roll_vol_hist_funct_nrmse": 72.82664208898841,
  "B_roll_vol_hist_der_nrmse": 69.3195621938321,
  "B_roll_vol_hist_sec_der_nrmse": 77.01341127835926,
  "B_tail_surv_funct": 0.17823062742484083,
  "B_tail_surv_der": 9.329999307532445e-05,
  "B_tail_surv_sec_der": 1.3538605193678454e-05,
  "B_tail_surv_funct_pct": 321.2493923040804,
  "B_tail_surv_der_pct": 75.62463755673802,
  "B_tail_surv_sec_der_pct": 67317551.8806264,
  "B_tail_surv_funct_nrmse": 42.643814041599434,
  "B_tail_surv_der_nrmse": 1004925.8514391191,
  "B_tail_surv_sec_der_nrmse": 382807.2678797627
}