{
  "seed": 0,
  "A1_kurtosis_error": 0.5684974575761395,
  "A2_abs_r_q95_error": 0.1026764454761428,
  "A3_abs_r_q99_error": 0.1260908556179412,
  "A4_tail_qq_error": 0.10119662793410604,
  "A5_hill_tail_index_error": 1.6224680376092913,
  "A6_path_mmd2": 0.05105534743032708,
  "A7_terminal_mmd2": 0.0033786583662163694,
  "A8_increment_mmd2": 0.49514476117180484,
  "A9_volatility_mmd": 3.9525596225472617,
  "A10_terminal_swd": 2.7234097454700623,
  "A11_path_swd": 3.764403322684592,
  "A12_rv_law_loss": 129.781577730231,
  "A13_mean_path_rmse": 4.272059666303194,
  "A14_ks_logreturns": 0.31564883735236227,
  "A15_skewness_error": 0.11277419877200144,
  "A16_qq_rmse": 0.05142355015843944,
  "A17_terminal_ks": 0.0992431640625,
  "A18_disc_score_gru": 0.49939,
  "A18_disc_score_mlp": 0.5,
  "A19_pred_score_gru": 0.147575,
  "A19_pred_score_mlp": 0.118197,
  "A20_cov_error": 10.835475844881103,
  "A21_acf_abs": 0.07870017130947812,
  "A22_acf_sq": 0.08527388918361714,
  "A23_acf_lag1_abs_error": 0.17582761300364405,
  "A24_acf_lag1_sq_error": 0.21093421927228476,
  "A25_mean_rmse": 3.27868694088491,
  "A26_std_error": 5.299589854846719,
  "A27_logreturn_std_error": 0.05252662668635574,
  "A28_kurtosis_ratio": -19.07000646551828,
  "A29_sigma_mean_error": 0.8308466566668354,
  "A30_vol_path_rmse": 1.0227348185261445,
  "A31_rolling_vol_ks": 0.9437126841971546,
  "A32_vol_of_vol_error": 0.01914923187255607,
  "A33_sigma_corr": -0.029123570693430648,
  "A34_sigma_rmse": 0.8554812778428856,
  "compute_time_sec": 57.03,
  "B_log_ret_hist_funct": 122.8729554889981,
  "B_log_ret_hist_der": 0.8153655843888981,
  "B_log_ret_hist_sec_der": 0.40047502765632265,
  "B_log_ret_hist_funct_pct": 241.56784049984884,
  "B_log_ret_hist_der_pct": 155.01551124589125,
  "B_log_ret_hist_sec_der_pct": 195736.99401575755,
  "B_qq_plot_funct": 0.0027421705987380994,
  "B_qq_plot_der": 1.1971542371268873e-05,
  "B_qq_plot_sec_der": 1.2209619841652385e-06,
  "B_qq_plot_funct_pct": 448.2437776315649,
  "B_qq_plot_der_pct": 425.9302585722281,
  "B_qq_plot_sec_der_pct": 581.6252708012734,
  "B_acf_abs_r_funct": 0.004277084466476047,
  "B_acf_abs_r_der": 0.0066986429927522444,
  "B_acf_abs_r_sec_der": 0.013363473840142661,
  "B_acf_abs_r_funct_pct": 190.3977298821003,
  "B_acf_abs_r_der_pct": 3702.410014458062,
  "B_acf_abs_r_sec_der_pct": 9022.44275919862,
  "B_acf_sq_r_funct": 0.004386641024480027,
  "B_acf_sq_r_der": 0.005896155031210502,
  "B_acf_sq_r_sec_der": 0.010414513342256498,
  "B_acf_sq_r_funct_pct": 201.7828826632898,
  "B_acf_sq_r_der_pct": 3334.106161652312,
  "B_acf_sq_r_sec_der_pct": 25149.263314273776,
  "B_roll_vol_hist_funct": 4149.141477358349,
  "B_roll_vol_hist_der": 14.031503513298274,
  "B_roll_vol_hist_sec_der": 16.518048783545662,
  "B_roll_vol_hist_funct_pct": 799.5194653080528,
  "B_roll_vol_hist_der_pct": 801.105579333009,
  "B_roll_vol_hist_sec_der_pct": 1560.579313410958,
  "B_tail_surv_funct": 0.1784728504847709,
  "B_tail_surv_der": 9.297476521033728e-05,
  "B_tail_surv_sec_der": 1.3401672346056347e-05,
  "B_tail_surv_funct_pct": 343.621390181641,
  "B_tail_surv_der_pct": 75.7349268436966,
  "B_tail_surv_sec_der_pct": 68456.43451258534
}