{
  "seed": 2,
  "A1_kurtosis_error": 0.44388528806725613,
  "A2_abs_r_q95_error": 0.09329132500004622,
  "A3_abs_r_q99_error": 0.12005335048359982,
  "A4_tail_qq_error": 0.0918485700283743,
  "A5_hill_tail_index_error": 2.3135450763804606,
  "A6_path_mmd2": 0.051572036786569936,
  "A7_terminal_mmd2": 0.009862956342396423,
  "A8_increment_mmd2": 0.46166275861101974,
  "A9_volatility_mmd": 3.8746360352094906,
  "A10_terminal_swd": 2.764470968065231,
  "A11_path_swd": 3.6719995116024355,
  "A12_rv_law_loss": 107.750794405437,
  "A13_mean_path_rmse": 4.144735146501243,
  "A14_ks_logreturns": 0.3120924581692913,
  "A15_skewness_error": 0.07044303854308466,
  "A16_qq_rmse": 0.04575387339365401,
  "A17_terminal_ks": 0.0897216796875,
  "A18_disc_score_gru": 0.5,
  "A18_disc_score_mlp": 0.5,
  "A19_pred_score_gru": 0.141707,
  "A19_pred_score_mlp": 0.087464,
  "A20_cov_error": 73.76825507459316,
  "A21_acf_abs": 0.06494930364408252,
  "A22_acf_sq": 0.07282446546438495,
  "A23_acf_lag1_abs_error": 0.14509097802651086,
  "A24_acf_lag1_sq_error": 0.171361435606105,
  "A25_mean_rmse": 1.2121350789790597,
  "A26_std_error": 4.683046299680404,
  "A27_logreturn_std_error": 0.04694095623476999,
  "A28_kurtosis_ratio": 6.342172142361029,
  "A29_sigma_mean_error": 0.7435980350560297,
  "A30_vol_path_rmse": 1.7565035628223957,
  "A31_rolling_vol_ks": 0.9234400803480691,
  "A32_vol_of_vol_error": 0.018090351551220917,
  "A33_sigma_corr": 0.0003299147702349406,
  "A34_sigma_rmse": 0.7712592039216838,
  "compute_time_sec": 48.8,
  "B_log_ret_hist_funct": 123.05383450408773,
  "B_log_ret_hist_der": 0.7907712586589822,
  "B_log_ret_hist_sec_der": 0.32154001485908956,
  "B_log_ret_hist_funct_pct": 234.80443644760675,
  "B_log_ret_hist_der_pct": 112.54675964380125,
  "B_log_ret_hist_sec_der_pct": 2044.9677292560093,
  "B_log_ret_hist_funct_nrmse": 30.35739213103498,
  "B_log_ret_hist_der_nrmse": 48.30867142904186,
  "B_log_ret_hist_sec_der_nrmse": 46.88858997850364,
  "B_qq_plot_funct": 0.002185588574581598,
  "B_qq_plot_der": 1.3258179932902803e-05,
  "B_qq_plot_sec_der": 1.6150881791006167e-06,
  "B_qq_plot_funct_pct": 394.2432871826283,
  "B_qq_plot_der_pct": 372.34914542739386,
  "B_qq_plot_sec_der_pct": 304.26139491764786,
  "B_qq_plot_funct_nrmse": 127.11098520984278,
  "B_qq_plot_der_nrmse": 50.77362576112605,
  "B_qq_plot_sec_der_nrmse": 33.076896687688304,
  "B_acf_abs_r_funct": 0.004035864655791089,
  "B_acf_abs_r_der": 0.005322800110163864,
  "B_acf_abs_r_sec_der": 0.013113361601000378,
  "B_acf_abs_r_funct_pct": 198.37712397878374,
  "B_acf_abs_r_der_pct": 3522.8971147118627,
  "B_acf_abs_r_sec_der_pct": 6718.598969627096,
  "B_acf_abs_r_funct_nrmse": 167.72626554059752,
  "B_acf_abs_r_der_nrmse": 1605.6304127482638,
  "B_acf_abs_r_sec_der_nrmse": 2099.463904908959,
  "B_acf_sq_r_funct": 0.004588121521639359,
  "B_acf_sq_r_der": 0.006874667439423183,
  "B_acf_sq_r_sec_der": 0.017477522440808923,
  "B_acf_sq_r_funct_pct": 270.786895509231,
  "B_acf_sq_r_der_pct": 19623.07450408153,
  "B_acf_sq_r_sec_der_pct": 10420.864733444183,
  "B_acf_sq_r_funct_nrmse": 196.82146325027668,
  "B_acf_sq_r_der_nrmse": 1469.470529086949,
  "B_acf_sq_r_sec_der_nrmse": 1833.0522210325323,
  "B_roll_vol_hist_funct": 4056.9129335992343,
  "B_roll_vol_hist_der": 11.775785739035673,
  "B_roll_vol_hist_sec_der": 10.142370682381635,
  "B_roll_vol_hist_funct_pct": 757.2459567833964,
  "B_roll_vol_hist_der_pct": 962.310895536073,
  "B_roll_vol_hist_sec_der_pct": 1829.4371860390434,
  "B_roll_vol_hist_funct_nrmse": 72.07968120600333,
  "B_roll_vol_hist_der_nrmse": 64.31271299195875,
  "B_roll_vol_hist_sec_der_nrmse": 62.13619411036918,
  "B_tail_surv_funct": 0.16914958293733856,
  "B_tail_surv_der": 0.00010155741253822014,
  "B_tail_surv_sec_der": 1.6285382799216263e-05,
  "B_tail_surv_funct_pct": 306.96105518190285,
  "B_tail_surv_der_pct": 75.28223829655556,
  "B_tail_surv_sec_der_pct": 73272903.5731287,
  "B_tail_surv_funct_nrmse": 41.54323750606025,
  "B_tail_surv_der_nrmse": 1048453.144230885,
  "B_tail_surv_sec_der_nrmse": 419848.1060656383
}