{
  "seed": 1,
  "A1_kurtosis_error": 0.6517731499903245,
  "A2_abs_r_q95_error": 0.0962446883950113,
  "A3_abs_r_q99_error": 0.12135947064892956,
  "A4_tail_qq_error": 0.09469690890591428,
  "A5_hill_tail_index_error": 2.9119270736966563,
  "A6_path_mmd2": 0.04013295552295021,
  "A7_terminal_mmd2": 0.0014412958166176715,
  "A8_increment_mmd2": 0.4793892552188951,
  "A9_volatility_mmd": 4.0150179198017595,
  "A10_terminal_swd": 1.0862472048578895,
  "A11_path_swd": 3.221742203506408,
  "A12_rv_law_loss": 118.3683788589615,
  "A13_mean_path_rmse": 3.7360465299631143,
  "A14_ks_logreturns": 0.3236285832923229,
  "A15_skewness_error": 0.014553388947307004,
  "A16_qq_rmse": 0.04866310701636779,
  "A17_terminal_ks": 0.0252685546875,
  "A18_disc_score_gru": 0.5,
  "A18_disc_score_mlp": 0.5,
  "A19_pred_score_gru": 0.106454,
  "A19_pred_score_mlp": 0.111618,
  "A20_cov_error": 4.774892389394722,
  "A21_acf_abs": 0.10929368218747149,
  "A22_acf_sq": 0.12062560860517738,
  "A23_acf_lag1_abs_error": 0.19552961286481269,
  "A24_acf_lag1_sq_error": 0.23270426395851504,
  "A25_mean_rmse": 0.7855942204880932,
  "A26_std_error": 5.083021714218345,
  "A27_logreturn_std_error": 0.049707816234623003,
  "A28_kurtosis_ratio": -9.026892082020161,
  "A29_sigma_mean_error": 0.7880597762336565,
  "A30_vol_path_rmse": 0.8841841348185927,
  "A31_rolling_vol_ks": 0.945334333714431,
  "A32_vol_of_vol_error": 0.016847271591003687,
  "A33_sigma_corr": -0.005451146967142635,
  "A34_sigma_rmse": 0.8105201538539277,
  "compute_time_sec": 56.92,
  "B_log_ret_hist_funct": 121.21792770982586,
  "B_log_ret_hist_der": 0.7641708724272243,
  "B_log_ret_hist_sec_der": 0.345317949783469,
  "B_log_ret_hist_funct_pct": 242.4134683923747,
  "B_log_ret_hist_der_pct": 107.69317257582112,
  "B_log_ret_hist_sec_der_pct": 102207.84195764893,
  "B_qq_plot_funct": 0.0024595179938785993,
  "B_qq_plot_der": 1.2136941676910094e-05,
  "B_qq_plot_sec_der": 1.2553072521305523e-06,
  "B_qq_plot_funct_pct": 436.7885089122022,
  "B_qq_plot_der_pct": 404.659949062342,
  "B_qq_plot_sec_der_pct": 395.6692498815867,
  "B_acf_abs_r_funct": 0.009336155902388938,
  "B_acf_abs_r_der": 0.014938924141375563,
  "B_acf_abs_r_sec_der": 0.02155390871568151,
  "B_acf_abs_r_funct_pct": 289.82240153418115,
  "B_acf_abs_r_der_pct": 4931.322262455178,
  "B_acf_abs_r_sec_der_pct": 12452.396426123518,
  "B_acf_sq_r_funct": 0.009519168349783374,
  "B_acf_sq_r_der": 0.014841259305498546,
  "B_acf_sq_r_sec_der": 0.02106867861366071,
  "B_acf_sq_r_funct_pct": 343.8953106620633,
  "B_acf_sq_r_der_pct": 4595.544651940913,
  "B_acf_sq_r_sec_der_pct": 36650.49813726399,
  "B_roll_vol_hist_funct": 4313.312409860932,
  "B_roll_vol_hist_der": 12.583068248057975,
  "B_roll_vol_hist_sec_der": 11.344425541143375,
  "B_roll_vol_hist_funct_pct": 821.4831384372062,
  "B_roll_vol_hist_der_pct": 1360.6334968645606,
  "B_roll_vol_hist_sec_der_pct": 1818.9132459631728,
  "B_tail_surv_funct": 0.17898767663964268,
  "B_tail_surv_der": 9.495439380373264e-05,
  "B_tail_surv_sec_der": 1.4721746628396894e-05,
  "B_tail_surv_funct_pct": 344.94937847927184,
  "B_tail_surv_der_pct": 76.03442423870337,
  "B_tail_surv_sec_der_pct": 70114.75588394761
}