{
  "seed": 3,
  "A1_kurtosis_error": 0.4276605180613622,
  "A2_abs_r_q95_error": 0.0993940367500332,
  "A3_abs_r_q99_error": 0.13459655078168697,
  "A4_tail_qq_error": 0.09820376555511871,
  "A5_hill_tail_index_error": 0.8120427712681675,
  "A6_path_mmd2": 0.0464300167876677,
  "A7_terminal_mmd2": 0.024592379520903096,
  "A8_increment_mmd2": 0.4785735354047249,
  "A9_volatility_mmd": 3.996790731924032,
  "A10_terminal_swd": 8.892506785450562,
  "A11_path_swd": 3.4046086144593297,
  "A12_rv_law_loss": 124.93334173294245,
  "A13_mean_path_rmse": 3.9261246693954557,
  "A14_ks_logreturns": 0.33305010457677175,
  "A15_skewness_error": 0.012820616272362355,
  "A16_qq_rmse": 0.04982346709416672,
  "A17_terminal_ks": 0.231201171875,
  "A18_disc_score_gru": 0.5,
  "A18_disc_score_mlp": 0.5,
  "A19_pred_score_gru": 0.135933,
  "A19_pred_score_mlp": 0.09785,
  "A20_cov_error": 16.66473823503236,
  "A21_acf_abs": 0.0963019998625192,
  "A22_acf_sq": 0.10732405019280765,
  "A23_acf_lag1_abs_error": 0.2355309775417609,
  "A24_acf_lag1_sq_error": 0.24730278648067094,
  "A25_mean_rmse": 8.430433151184246,
  "A26_std_error": 5.211054352594911,
  "A27_logreturn_std_error": 0.05131724548534007,
  "A28_kurtosis_ratio": 4.787892240907538,
  "A29_sigma_mean_error": 0.8093745292809124,
  "A30_vol_path_rmse": 1.1593058302684678,
  "A31_rolling_vol_ks": 0.9370047716590448,
  "A32_vol_of_vol_error": 0.019497992969294612,
  "A33_sigma_corr": 0.00037784152081578315,
  "A34_sigma_rmse": 0.8212655690364749,
  "compute_time_sec": 48.25,
  "B_log_ret_hist_funct": 134.01090708387383,
  "B_log_ret_hist_der": 0.8612656476673443,
  "B_log_ret_hist_sec_der": 0.45200739089763886,
  "B_log_ret_hist_funct_pct": 257.1703851205261,
  "B_log_ret_hist_der_pct": 111.62638381241008,
  "B_log_ret_hist_sec_der_pct": 99034.38657940297,
  "B_log_ret_hist_funct_nrmse": 31.68013023170654,
  "B_log_ret_hist_der_nrmse": 50.41598056878394,
  "B_log_ret_hist_sec_der_nrmse": 55.593296528900446,
  "B_qq_plot_funct": 0.002600599453856965,
  "B_qq_plot_der": 1.9538902221665563e-05,
  "B_qq_plot_sec_der": 2.821134807882462e-06,
  "B_qq_plot_funct_pct": 457.41717696607316,
  "B_qq_plot_der_pct": 414.25112173934633,
  "B_qq_plot_sec_der_pct": 457.2687464892305,
  "B_qq_plot_funct_nrmse": 138.6550246946195,
  "B_qq_plot_der_nrmse": 61.63768272921146,
  "B_qq_plot_sec_der_nrmse": 43.715812766827476,
  "B_acf_abs_r_funct": 0.007392016568360832,
  "B_acf_abs_r_der": 0.005154391863314273,
  "B_acf_abs_r_sec_der": 0.008566255566107281,
  "B_acf_abs_r_funct_pct": 227.77716178529585,
  "B_acf_abs_r_der_pct": 3070.15491772161,
  "B_acf_abs_r_sec_der_pct": 5117.699848682583,
  "B_acf_abs_r_funct_nrmse": 226.99393130221006,
  "B_acf_abs_r_der_nrmse": 1580.02596338462,
  "B_acf_abs_r_sec_der_nrmse": 1696.8634977719482,
  "B_acf_sq_r_funct": 0.006980753410640472,
  "B_acf_sq_r_der": 0.005682105164551692,
  "B_acf_sq_r_sec_der": 0.010027350398718013,
  "B_acf_sq_r_funct_pct": 253.81195596113574,
  "B_acf_sq_r_der_pct": 10771.516116677358,
  "B_acf_sq_r_sec_der_pct": 10363.97198482492,
  "B_acf_sq_r_funct_nrmse": 242.77622195283303,
  "B_acf_sq_r_der_nrmse": 1335.9483476939363,
  "B_acf_sq_r_sec_der_nrmse": 1388.4428201072528,
  "B_roll_vol_hist_funct": 4067.533526905654,
  "B_roll_vol_hist_der": 12.876730819912202,
  "B_roll_vol_hist_sec_der": 13.770840697799395,
  "B_roll_vol_hist_funct_pct": 787.6203635237098,
  "B_roll_vol_hist_der_pct": 1329.974552217004,
  "B_roll_vol_hist_sec_der_pct": 2454.037923901225,
  "B_roll_vol_hist_funct_nrmse": 72.17396824486542,
  "B_roll_vol_hist_der_nrmse": 67.25192058296628,
  "B_roll_vol_hist_sec_der_nrmse": 72.40276244386806,
  "B_tail_surv_funct": 0.187596774433584,
  "B_tail_surv_der": 0.00010296175558488741,
  "B_tail_surv_sec_der": 1.6648078577827686e-05,
  "B_tail_surv_funct_pct": 353.24550909082086,
  "B_tail_surv_der_pct": 78.23995930666098,
  "B_tail_surv_sec_der_pct": 73897.04340574372,
  "B_tail_surv_funct_nrmse": 43.749949520204595,
  "B_tail_surv_der_nrmse": 1055677.297874908,
  "B_tail_surv_sec_der_nrmse": 424497.6313214579
}