{
  "seed": 4,
  "A1_kurtosis_error": 0.7150279544356608,
  "A2_abs_r_q95_error": 0.09408030779537507,
  "A3_abs_r_q99_error": 0.11781027717815247,
  "A4_tail_qq_error": 0.09244092362257043,
  "A5_hill_tail_index_error": 0.41066756314443253,
  "A6_path_mmd2": 0.043610297078545135,
  "A7_terminal_mmd2": 0.03820428821836419,
  "A8_increment_mmd2": 0.4774971845863176,
  "A9_volatility_mmd": 3.9227760640922935,
  "A10_terminal_swd": 7.941689070348562,
  "A11_path_swd": 3.4215597711363412,
  "A12_rv_law_loss": 112.93609245375487,
  "A13_mean_path_rmse": 3.9088653268929807,
  "A14_ks_logreturns": 0.31897741603100394,
  "A15_skewness_error": 0.020662233230563702,
  "A16_qq_rmse": 0.0472172992754275,
  "A17_terminal_ks": 0.2894287109375,
  "A18_disc_score_gru": 0.499695,
  "A18_disc_score_mlp": 0.5,
  "A19_pred_score_gru": 0.144645,
  "A19_pred_score_mlp": 0.088003,
  "A20_cov_error": 56.45479771958287,
  "A21_acf_abs": 0.053031478592883305,
  "A22_acf_sq": 0.06357015418576649,
  "A23_acf_lag1_abs_error": 0.09065751576125,
  "A24_acf_lag1_sq_error": 0.10787816952976774,
  "A25_mean_rmse": 8.592903697525486,
  "A26_std_error": 4.887258855084059,
  "A27_logreturn_std_error": 0.048294382975628554,
  "A28_kurtosis_ratio": -23.235402448855012,
  "A29_sigma_mean_error": 0.7643954991042897,
  "A30_vol_path_rmse": 0.9319647086832001,
  "A31_rolling_vol_ks": 0.9362832666412603,
  "A32_vol_of_vol_error": 0.016699367113583302,
  "A33_sigma_corr": -0.004059258576198145,
  "A34_sigma_rmse": 0.7867821077401455,
  "compute_time_sec": 48.37,
  "B_log_ret_hist_funct": 133.9689880312445,
  "B_log_ret_hist_der": 0.8492302298319043,
  "B_log_ret_hist_sec_der": 0.3857843709580664,
  "B_log_ret_hist_funct_pct": 255.4433232230003,
  "B_log_ret_hist_der_pct": 117.34329108294898,
  "B_log_ret_hist_sec_der_pct": 284891.2554590509,
  "B_log_ret_hist_funct_nrmse": 31.67517501969281,
  "B_log_ret_hist_der_nrmse": 50.06248212838689,
  "B_log_ret_hist_sec_der_nrmse": 51.35964034853158,
  "B_qq_plot_funct": 0.002315569697118913,
  "B_qq_plot_der": 1.1037758400490743e-05,
  "B_qq_plot_sec_der": 1.1134597752318629e-06,
  "B_qq_plot_funct_pct": 442.23544821028946,
  "B_qq_plot_der_pct": 392.18997503456154,
  "B_qq_plot_sec_der_pct": 469.90337276828507,
  "B_qq_plot_funct_nrmse": 130.83616558334683,
  "B_qq_plot_der_nrmse": 46.327265365264616,
  "B_qq_plot_sec_der_nrmse": 27.464007164061893,
  "B_acf_abs_r_funct": 0.004089001070929207,
  "B_acf_abs_r_der": 0.003546749787899379,
  "B_acf_abs_r_sec_der": 0.006791560155265481,
  "B_acf_abs_r_funct_pct": 188.21363054314529,
  "B_acf_abs_r_der_pct": 3129.673454454219,
  "B_acf_abs_r_sec_der_pct": 4977.444546197075,
  "B_acf_abs_r_funct_nrmse": 168.8268015566325,
  "B_acf_abs_r_der_nrmse": 1310.662225333207,
  "B_acf_abs_r_sec_der_nrmse": 1510.9015605635568,
  "B_acf_sq_r_funct": 0.004248452087955013,
  "B_acf_sq_r_der": 0.003492062414313342,
  "B_acf_sq_r_sec_der": 0.006203730592874284,
  "B_acf_sq_r_funct_pct": 281.0399140204697,
  "B_acf_sq_r_der_pct": 24652.710284707762,
  "B_acf_sq_r_sec_der_pct": 10947.981191604984,
  "B_acf_sq_r_funct_nrmse": 189.39580810696052,
  "B_acf_sq_r_der_nrmse": 1047.31188536799,
  "B_acf_sq_r_sec_der_nrmse": 1092.0973874042538,
  "B_roll_vol_hist_funct": 4270.173749040524,
  "B_roll_vol_hist_der": 12.808272581243612,
  "B_roll_vol_hist_sec_der": 10.57748690768447,
  "B_roll_vol_hist_funct_pct": 812.9411135922694,
  "B_roll_vol_hist_der_pct": 1301.4088847310159,
  "B_roll_vol_hist_sec_der_pct": 1532.3214516341498,
  "B_roll_vol_hist_funct_nrmse": 73.94993331750646,
  "B_roll_vol_hist_der_nrmse": 67.07291227888574,
  "B_roll_vol_hist_sec_der_nrmse": 63.45504516526709,
  "B_tail_surv_funct": 0.18158487523304778,
  "B_tail_surv_der": 0.00010621761853864324,
  "B_tail_surv_sec_der": 1.7708849603800145e-05,
  "B_tail_surv_funct_pct": 343.22669083361563,
  "B_tail_surv_der_pct": 77.74397048393182,
  "B_tail_surv_sec_der_pct": 76104.13724833031,
  "B_tail_surv_funct_nrmse": 43.04321564313867,
  "B_tail_surv_der_nrmse": 1072238.736313251,
  "B_tail_surv_sec_der_nrmse": 437812.73242803465
}