step,train_bce
50,0.005344
100,0.000773
150,0.000229
200,8.3e-05
250,4.3e-05
300,2e-05
350,1.7e-05
400,1.1e-05
450,9e-06
500,7e-06
550,5e-06
600,5e-06
650,4e-06
700,3e-06
750,3e-06
800,3e-06
850,2e-06
900,2e-06
950,1e-06
1000,1e-06
1050,1e-06
1100,1e-06
1150,1e-06
1200,1e-06
1250,1e-06
1300,1e-06
1350,1e-06
1400,1e-06
1450,1e-06
1500,1e-06
1550,1e-06
1600,0.0
1650,0.0
1700,1e-06
1750,1e-06
1800,0.0
1850,0.0
1900,0.0
1950,0.0
2000,0.0
