step,train_bce
50,0.002709
100,0.000477
150,9.9e-05
200,2e-05
250,9e-06
300,5e-06
350,4e-06
400,2e-06
450,2e-06
500,2e-06
550,1e-06
600,1e-06
650,1e-06
700,1e-06
750,1e-06
800,1e-06
850,1e-06
900,0.0
950,0.0
1000,0.0
1050,0.0
1100,0.0
1150,0.0
1200,0.0
1250,0.0
1300,0.0
1350,0.0
1400,0.0
1450,0.0
1500,0.0
1550,0.0
1600,0.0
1650,0.0
1700,0.0
1750,0.0
1800,0.0
1850,0.0
1900,0.0
1950,0.0
2000,0.0
