{
  "seed": 1,
  "A1_kurtosis_error": 0.6521298792483665,
  "A2_abs_r_q95_error": 0.09617527344277188,
  "A3_abs_r_q99_error": 0.12134466523840755,
  "A4_tail_qq_error": 0.09464447419309086,
  "A5_hill_tail_index_error": 3.4773876170721714,
  "A6_path_mmd2": 0.04119488720070935,
  "A7_terminal_mmd2": 0.002270183311330831,
  "A8_increment_mmd2": 0.47735707151559026,
  "A9_volatility_mmd": 3.9876407500254842,
  "A10_terminal_swd": 0.831510285808902,
  "A11_path_swd": 3.288357049351175,
  "A12_rv_law_loss": 118.34482544521342,
  "A13_mean_path_rmse": 3.7444963591996903,
  "A14_ks_logreturns": 0.32340943343996065,
  "A15_skewness_error": 0.023452470121646363,
  "A16_qq_rmse": 0.048639206077767186,
  "A17_terminal_ks": 0.0224609375,
  "A18_disc_score_gru": 0.5,
  "A18_disc_score_mlp": 0.5,
  "A19_pred_score_gru": 0.097532,
  "A19_pred_score_mlp": 0.101933,
  "A20_cov_error": 1.2327869290760134,
  "A21_acf_abs": 0.1098329833896004,
  "A22_acf_sq": 0.12168670787709547,
  "A23_acf_lag1_abs_error": 0.19920748046660877,
  "A24_acf_lag1_sq_error": 0.23680932062153548,
  "A25_mean_rmse": 0.9835517917411778,
  "A26_std_error": 5.082052138366946,
  "A27_logreturn_std_error": 0.049678345811163885,
  "A28_kurtosis_ratio": -9.203142055427627,
  "A29_sigma_mean_error": 0.7877009340085128,
  "A30_vol_path_rmse": 0.8275966815295285,
  "A31_rolling_vol_ks": 0.9451775279471545,
  "A32_vol_of_vol_error": 0.01684627675051403,
  "A33_sigma_corr": -0.0030035311861970376,
  "A34_sigma_rmse": 0.8095782827191788,
  "compute_time_sec": 48.6,
  "B_log_ret_hist_funct": 120.70670906188529,
  "B_log_ret_hist_der": 0.7554600163774202,
  "B_log_ret_hist_sec_der": 0.28144362590704575,
  "B_log_ret_hist_funct_pct": 234.8601131642992,
  "B_log_ret_hist_der_pct": 101.88519659595019,
  "B_log_ret_hist_sec_der_pct": 611.0672072790179,
  "B_log_ret_hist_funct_nrmse": 30.066480211077813,
  "B_log_ret_hist_der_nrmse": 47.217761874222404,
  "B_log_ret_hist_sec_der_nrmse": 43.86775081293406,
  "B_qq_plot_funct": 0.0024571800213607593,
  "B_qq_plot_der": 1.2159177396002622e-05,
  "B_qq_plot_sec_der": 1.2667177250139285e-06,
  "B_qq_plot_funct_pct": 429.83213403066173,
  "B_qq_plot_der_pct": 397.26637030831944,
  "B_qq_plot_sec_der_pct": 268.9912773151336,
  "B_qq_plot_funct_nrmse": 134.77749082654324,
  "B_qq_plot_der_nrmse": 48.6237355308899,
  "B_qq_plot_sec_der_nrmse": 29.293182771167796,
  "B_acf_abs_r_funct": 0.009233802920574486,
  "B_acf_abs_r_der": 0.014936140940539952,
  "B_acf_abs_r_sec_der": 0.02146539945036529,
  "B_acf_abs_r_funct_pct": 321.5300904861278,
  "B_acf_abs_r_der_pct": 8361.795706413359,
  "B_acf_abs_r_sec_der_pct": 9469.840670069449,
  "B_acf_abs_r_funct_nrmse": 253.70152698212695,
  "B_acf_abs_r_der_nrmse": 2689.6434289839813,
  "B_acf_abs_r_sec_der_nrmse": 2686.0919866983227,
  "B_acf_sq_r_funct": 0.009433993129758893,
  "B_acf_sq_r_der": 0.014824641834415602,
  "B_acf_sq_r_sec_der": 0.02089358292096828,
  "B_acf_sq_r_funct_pct": 397.7349830037165,
  "B_acf_sq_r_der_pct": 34964.0302985378,
  "B_acf_sq_r_sec_der_pct": 19493.19300123072,
  "B_acf_sq_r_funct_nrmse": 282.2297414718659,
  "B_acf_sq_r_der_nrmse": 2157.8792467115127,
  "B_acf_sq_r_sec_der_nrmse": 2004.2014125037363,
  "B_roll_vol_hist_funct": 4304.974798927914,
  "B_roll_vol_hist_der": 13.38284916711806,
  "B_roll_vol_hist_sec_der": 14.300421770957794,
  "B_roll_vol_hist_funct_pct": 792.3413999163812,
  "B_roll_vol_hist_der_pct": 633.6513697225894,
  "B_roll_vol_hist_sec_der_pct": 1514.165044918729,
  "B_roll_vol_hist_funct_nrmse": 74.25066032302044,
  "B_roll_vol_hist_der_nrmse": 68.56084704402444,
  "B_roll_vol_hist_sec_der_nrmse": 73.78181468447316,
  "B_tail_surv_funct": 0.17874506111488964,
  "B_tail_surv_der": 9.530497984997075e-05,
  "B_tail_surv_sec_der": 1.4846743685893283e-05,
  "B_tail_surv_funct_pct": 322.46911141476517,
  "B_tail_surv_der_pct": 75.93288602714506,
  "B_tail_surv_sec_der_pct": 69922098.66733798,
  "B_tail_surv_funct_nrmse": 42.70531191107824,
  "B_tail_surv_der_nrmse": 1015666.2226694562,
  "B_tail_surv_sec_der_nrmse": 400874.8571580512
}