step,train_bce
50,0.005704
100,0.000736
150,0.00021
200,7.5e-05
250,2.6e-05
300,1.4e-05
350,9e-06
400,1e-06
450,0.0
500,0.0
550,0.0
600,0.0
650,0.0
700,0.0
750,0.0
800,0.0
850,0.0
900,0.0
950,0.0
1000,0.0
1050,0.0
1100,0.0
1150,0.0
1200,0.0
1250,0.0
1300,0.0
1350,0.0
1400,0.0
1450,0.0
1500,0.0
1550,0.0
1600,0.0
1650,0.0
1700,0.0
1750,0.0
1800,0.0
1850,0.0
1900,0.0
1950,0.0
2000,0.0
