step,train_bce
50,0.004316
100,0.000399
150,0.00013
200,5.6e-05
250,1.2e-05
300,6e-06
350,4e-06
400,3e-06
450,2e-06
500,1e-06
550,1e-06
600,1e-06
650,1e-06
700,1e-06
750,1e-06
800,1e-06
850,0.0
900,0.0
950,0.0
1000,0.0
1050,0.0
1100,0.0
1150,0.0
1200,0.0
1250,0.0
1300,0.0
1350,0.0
1400,0.0
1450,0.0
1500,0.0
1550,0.0
1600,0.0
1650,0.0
1700,0.0
1750,0.0
1800,0.0
1850,0.0
1900,0.0
1950,0.0
2000,0.0
