{
  "seed": 2,
  "n_samples": 8192,
  "seq_len": 128,
  "min_val": 39.893609418078476,
  "max_val": 155.57898269218714,
  "train_time_sec": 348.96,
  "generated_mean": 102.04111707307098,
  "generated_std": 0.9311199163698647,
  "real_mean": 101.32547381502401,
  "real_std": 9.971659995159825
}