{
  "seed": 0,
  "eta": 19.701001794790542,
  "h32_MAE_uniform": 5.104201485750646,
  "h32_RMSE_uniform": 6.780452779995982,
  "h32_CRPS_uniform": 3.9874359234462986,
  "h32_MAE_gaussian": 5.10527479468702,
  "h32_RMSE_gaussian": 6.783007994121783,
  "h32_CRPS_gaussian": 3.988648766411245,
  "h64_MAE_uniform": 6.770699060762195,
  "h64_RMSE_uniform": 9.006247019478048,
  "h64_CRPS_uniform": 5.391221157659487,
  "h64_MAE_gaussian": 6.774062160516028,
  "h64_RMSE_gaussian": 9.01124660648634,
  "h64_CRPS_gaussian": 5.395084784237753
}