{
  "seed": 2,
  "eta": 0.013866529799997807,
  "h32_MAE_uniform": 3.9051616529918105,
  "h32_RMSE_uniform": 5.30702846995341,
  "h32_CRPS_uniform": 2.9804289854200476,
  "h32_MAE_gaussian": 3.9068015862937893,
  "h32_RMSE_gaussian": 5.309694061130432,
  "h32_CRPS_gaussian": 2.982192220131381,
  "h64_MAE_uniform": 5.507458704350727,
  "h64_RMSE_uniform": 7.502870242662284,
  "h64_CRPS_uniform": 4.28864558736241,
  "h64_MAE_gaussian": 5.511360364209545,
  "h64_RMSE_gaussian": 7.508375286083023,
  "h64_CRPS_gaussian": 4.293898736712386
}