{
  "seed": 0,
  "eta": 9.859326362609863,
  "h32_MAE_uniform": 4.125343876842242,
  "h32_RMSE_uniform": 5.508569462530882,
  "h32_CRPS_uniform": 3.02140539939613,
  "h32_MAE_gaussian": 4.125203485611996,
  "h32_RMSE_gaussian": 5.508591321573854,
  "h32_CRPS_gaussian": 3.0212935593386163,
  "h64_MAE_uniform": 5.674728203174471,
  "h64_RMSE_uniform": 7.609918337047732,
  "h64_CRPS_uniform": 4.206507582149122,
  "h64_MAE_gaussian": 5.675301570367264,
  "h64_RMSE_gaussian": 7.611140830740683,
  "h64_CRPS_gaussian": 4.206980324582467
}