{
  "seed": 3,
  "eta": 0.013177428394556046,
  "h32_MAE_uniform": 3.875419765079963,
  "h32_RMSE_uniform": 5.226520000837934,
  "h32_CRPS_uniform": 2.771465105902962,
  "h32_MAE_gaussian": 3.87852651954407,
  "h32_RMSE_gaussian": 5.229079718120346,
  "h32_CRPS_gaussian": 2.7738061395962177,
  "h64_MAE_uniform": 5.480648237479072,
  "h64_RMSE_uniform": 7.372925153441303,
  "h64_CRPS_uniform": 3.9127062657138367,
  "h64_MAE_gaussian": 5.489090428545845,
  "h64_RMSE_gaussian": 7.3809085060880815,
  "h64_CRPS_gaussian": 3.9186080915444563
}