{
  "seed": 0,
  "eta": 0.012524981983006,
  "h32_MAE_uniform": 3.9717117835275992,
  "h32_RMSE_uniform": 5.333425399466203,
  "h32_CRPS_uniform": 2.906975477876145,
  "h32_MAE_gaussian": 3.977756642051314,
  "h32_RMSE_gaussian": 5.340051787850181,
  "h32_CRPS_gaussian": 2.9123507126694506,
  "h64_MAE_uniform": 5.5471509047373315,
  "h64_RMSE_uniform": 7.463023235015659,
  "h64_CRPS_uniform": 4.0911077477385405,
  "h64_MAE_gaussian": 5.552111233876556,
  "h64_RMSE_gaussian": 7.468034101213595,
  "h64_CRPS_gaussian": 4.096537965443204
}