{
  "seed": 4,
  "eta": 9.638910293579102,
  "h32_MAE_uniform": 4.423653660159745,
  "h32_RMSE_uniform": 5.9732642825950615,
  "h32_CRPS_uniform": 3.7047775019760287,
  "h32_MAE_gaussian": 4.424710704329231,
  "h32_RMSE_gaussian": 5.974619173443076,
  "h32_CRPS_gaussian": 3.7076509154565827,
  "h64_MAE_uniform": 5.923351608327486,
  "h64_RMSE_uniform": 7.9811177465183265,
  "h64_CRPS_uniform": 5.13554376286328,
  "h64_MAE_gaussian": 5.92448591034622,
  "h64_RMSE_gaussian": 7.9825284720358045,
  "h64_CRPS_gaussian": 5.1387259197738615
}