{
  "seed": 1,
  "eta": 0.012434522621333599,
  "h32_MAE_uniform": 4.057296891835136,
  "h32_RMSE_uniform": 5.49824127970666,
  "h32_CRPS_uniform": 2.990028319086548,
  "h32_MAE_gaussian": 4.0579798800047495,
  "h32_RMSE_gaussian": 5.498801511905458,
  "h32_CRPS_gaussian": 2.9911536617538843,
  "h64_MAE_uniform": 5.753176830080353,
  "h64_RMSE_uniform": 7.801450423844565,
  "h64_CRPS_uniform": 4.258296492585345,
  "h64_MAE_gaussian": 5.754230635218446,
  "h64_RMSE_gaussian": 7.802231064462298,
  "h64_CRPS_gaussian": 4.259812972161242
}