{
  "seed": 2,
  "eta": 21.637990278539753,
  "h32_MAE_uniform": 5.445788581359409,
  "h32_RMSE_uniform": 7.176015200679973,
  "h32_CRPS_uniform": 4.503893421748785,
  "h32_MAE_gaussian": 5.438732878552189,
  "h32_RMSE_gaussian": 7.168663817267732,
  "h32_CRPS_gaussian": 4.497131976928074,
  "h64_MAE_uniform": 6.953509760586487,
  "h64_RMSE_uniform": 9.238601442705667,
  "h64_CRPS_uniform": 5.948798072480088,
  "h64_MAE_gaussian": 6.946155971720904,
  "h64_RMSE_gaussian": 9.232429168207117,
  "h64_CRPS_gaussian": 5.941156700249195
}