{
  "seed": 1,
  "eta": 10.36746597290039,
  "h32_MAE_uniform": 3.8833194845725556,
  "h32_RMSE_uniform": 5.243956343264897,
  "h32_CRPS_uniform": 2.794850299820439,
  "h32_MAE_gaussian": 3.883759663090025,
  "h32_RMSE_gaussian": 5.244383745861318,
  "h32_CRPS_gaussian": 2.7952229646098203,
  "h64_MAE_uniform": 5.557728488444473,
  "h64_RMSE_uniform": 7.471212400083074,
  "h64_CRPS_uniform": 3.983538957330353,
  "h64_MAE_gaussian": 5.55817943234859,
  "h64_RMSE_gaussian": 7.471705297871263,
  "h64_CRPS_gaussian": 3.9840666121367576
}