{
  "seed": 4,
  "eta": 9.652843475341797,
  "h32_MAE_uniform": 4.44633345253957,
  "h32_RMSE_uniform": 6.001346321124381,
  "h32_CRPS_uniform": 3.724638517459425,
  "h32_MAE_gaussian": 4.447588045631421,
  "h32_RMSE_gaussian": 6.002807025217309,
  "h32_CRPS_gaussian": 3.727621661291778,
  "h64_MAE_uniform": 5.965779986834581,
  "h64_RMSE_uniform": 8.049663662531044,
  "h64_CRPS_uniform": 5.169866085685754,
  "h64_MAE_gaussian": 5.966935774750793,
  "h64_RMSE_gaussian": 8.050963197585327,
  "h64_CRPS_gaussian": 5.173042710909513
}