{
  "seed": 4,
  "eta": 0.10322818532586098,
  "h32_MAE_uniform": 4.362116705304177,
  "h32_RMSE_uniform": 5.90662213267355,
  "h32_CRPS_uniform": 3.6300825732627118,
  "h32_MAE_gaussian": 4.363833781407091,
  "h32_RMSE_gaussian": 5.908786120284959,
  "h32_CRPS_gaussian": 3.63352479766413,
  "h64_MAE_uniform": 5.910196030060963,
  "h64_RMSE_uniform": 8.00167720043294,
  "h64_CRPS_uniform": 5.107673569069995,
  "h64_MAE_gaussian": 5.9115971187855045,
  "h64_RMSE_gaussian": 8.003265116283737,
  "h64_CRPS_gaussian": 5.111135471906874
}