{
  "seed": 2,
  "eta": 8.760242462158203,
  "h32_MAE_uniform": 3.831503057409722,
  "h32_RMSE_uniform": 5.235024130575465,
  "h32_CRPS_uniform": 3.101589301542816,
  "h32_MAE_gaussian": 3.8316699745693112,
  "h32_RMSE_gaussian": 5.235205680742251,
  "h32_CRPS_gaussian": 3.1016670282481584,
  "h64_MAE_uniform": 5.41887956814266,
  "h64_RMSE_uniform": 7.453995819565979,
  "h64_CRPS_uniform": 4.4265317019971775,
  "h64_MAE_gaussian": 5.418994517021701,
  "h64_RMSE_gaussian": 7.454067197854711,
  "h64_CRPS_gaussian": 4.426690779109563
}