{
  "seed": 2,
  "eta": 0.09396129846572876,
  "h32_MAE_uniform": 3.8149493890308745,
  "h32_RMSE_uniform": 5.249447985209313,
  "h32_CRPS_uniform": 3.1083796678758233,
  "h32_MAE_gaussian": 3.815082611253106,
  "h32_RMSE_gaussian": 5.2496211813339775,
  "h32_CRPS_gaussian": 3.108310850660743,
  "h64_MAE_uniform": 5.444187218403291,
  "h64_RMSE_uniform": 7.530476284755149,
  "h64_CRPS_uniform": 4.474031505115235,
  "h64_MAE_gaussian": 5.444224684866939,
  "h64_RMSE_gaussian": 7.530485545715057,
  "h64_CRPS_gaussian": 4.474020947081634
}