{
  "seed": 3,
  "eta": 8.515644073486328,
  "h32_MAE_uniform": 3.9138290202775705,
  "h32_RMSE_uniform": 5.210692275412778,
  "h32_CRPS_uniform": 2.7910416252669847,
  "h32_MAE_gaussian": 3.9146715935003007,
  "h32_RMSE_gaussian": 5.211675398007294,
  "h32_CRPS_gaussian": 2.791520366758391,
  "h64_MAE_uniform": 5.706620209483676,
  "h64_RMSE_uniform": 7.565357976136951,
  "h64_CRPS_uniform": 3.9993418841290236,
  "h64_MAE_gaussian": 5.709660618620418,
  "h64_RMSE_gaussian": 7.569290561648721,
  "h64_CRPS_gaussian": 4.001041111675647
}