{
  "seed": 3,
  "eta": 8.491146087646484,
  "h32_MAE_uniform": 3.922196160604862,
  "h32_RMSE_uniform": 5.2507624711173175,
  "h32_CRPS_uniform": 2.799992124636333,
  "h32_MAE_gaussian": 3.922838106298964,
  "h32_RMSE_gaussian": 5.251418461881323,
  "h32_CRPS_gaussian": 2.8003397392518536,
  "h64_MAE_uniform": 5.759332237010412,
  "h64_RMSE_uniform": 7.6700804096360695,
  "h64_CRPS_uniform": 4.046343790514072,
  "h64_MAE_gaussian": 5.762063538962953,
  "h64_RMSE_gaussian": 7.673459737635342,
  "h64_CRPS_gaussian": 4.047789276386368
}