{
  "seed": 0,
  "eta": 9.884965896606445,
  "h32_MAE_uniform": 4.134197621233595,
  "h32_RMSE_uniform": 5.482654480200227,
  "h32_CRPS_uniform": 3.025641941283453,
  "h32_MAE_gaussian": 4.134219414457247,
  "h32_RMSE_gaussian": 5.48289463407032,
  "h32_CRPS_gaussian": 3.0256856314149445,
  "h64_MAE_uniform": 5.643603605394586,
  "h64_RMSE_uniform": 7.508975676727743,
  "h64_CRPS_uniform": 4.172818181976666,
  "h64_MAE_gaussian": 5.644367816731979,
  "h64_RMSE_gaussian": 7.510407430977882,
  "h64_CRPS_gaussian": 4.173472318321728
}