{
  "seed": 4,
  "eta": 23.439227123056327,
  "h32_MAE_uniform": 6.3610728967419785,
  "h32_RMSE_uniform": 8.155973474806872,
  "h32_CRPS_uniform": 5.862630937002393,
  "h32_MAE_gaussian": 6.359754527904789,
  "h32_RMSE_gaussian": 8.154271044146542,
  "h32_CRPS_gaussian": 5.8617516976621715,
  "h64_MAE_uniform": 7.431789644358797,
  "h64_RMSE_uniform": 9.641113259143303,
  "h64_CRPS_uniform": 6.921968789293501,
  "h64_MAE_gaussian": 7.430920291724712,
  "h64_RMSE_gaussian": 9.640236992682143,
  "h64_CRPS_gaussian": 6.92156505443819
}