{
  "seed": 4,
  "eta": 0.013642612844705582,
  "h32_MAE_uniform": 4.484084694233944,
  "h32_RMSE_uniform": 6.040372131910329,
  "h32_CRPS_uniform": 4.020169794366538,
  "h32_MAE_gaussian": 4.4877937039425095,
  "h32_RMSE_gaussian": 6.04463260671594,
  "h32_CRPS_gaussian": 4.026086881727615,
  "h64_MAE_uniform": 6.055417339556728,
  "h64_RMSE_uniform": 8.16834059220753,
  "h64_CRPS_uniform": 5.497109398620559,
  "h64_MAE_gaussian": 6.060654342298735,
  "h64_RMSE_gaussian": 8.174963991561269,
  "h64_CRPS_gaussian": 5.5053889606938675
}