{
  "seed": 2,
  "eta": 8.742958068847656,
  "h32_MAE_uniform": 3.8159955803898273,
  "h32_RMSE_uniform": 5.25402280365749,
  "h32_CRPS_uniform": 3.092566382600978,
  "h32_MAE_gaussian": 3.816073856296912,
  "h32_RMSE_gaussian": 5.254141202591293,
  "h32_CRPS_gaussian": 3.0925827050353973,
  "h64_MAE_uniform": 5.444298232218872,
  "h64_RMSE_uniform": 7.534212424162728,
  "h64_CRPS_uniform": 4.452873393097519,
  "h64_MAE_gaussian": 5.444285998875527,
  "h64_RMSE_gaussian": 7.534197627466902,
  "h64_CRPS_gaussian": 4.452953688071318
}