{
  "seed": 1,
  "eta": 0.09814081713557243,
  "h32_MAE_uniform": 3.921108518448822,
  "h32_RMSE_uniform": 5.284600498260962,
  "h32_CRPS_uniform": 2.8164377927171813,
  "h32_MAE_gaussian": 3.9214866449947268,
  "h32_RMSE_gaussian": 5.28507097547439,
  "h32_CRPS_gaussian": 2.8167763393520318,
  "h64_MAE_uniform": 5.6601221109164515,
  "h64_RMSE_uniform": 7.5849664577459555,
  "h64_CRPS_uniform": 4.040637440269762,
  "h64_MAE_gaussian": 5.660512447183519,
  "h64_RMSE_gaussian": 7.5853975892519045,
  "h64_CRPS_gaussian": 4.041073867662988
}