{
  "seed": 0,
  "eta": 0.09627345204353333,
  "h32_MAE_uniform": 4.129925583394908,
  "h32_RMSE_uniform": 5.520992161194147,
  "h32_CRPS_uniform": 3.102535253373901,
  "h32_MAE_gaussian": 4.12990973548303,
  "h32_RMSE_gaussian": 5.521107660932433,
  "h32_CRPS_gaussian": 3.1023594056402146,
  "h64_MAE_uniform": 5.693010499219369,
  "h64_RMSE_uniform": 7.578957112987649,
  "h64_CRPS_uniform": 4.328584560091969,
  "h64_MAE_gaussian": 5.693184166233599,
  "h64_RMSE_gaussian": 7.579697536713488,
  "h64_CRPS_gaussian": 4.328372703506673
}