{
  "seed": 3,
  "eta": 20.211706830300297,
  "h32_MAE_uniform": 4.488370192893155,
  "h32_RMSE_uniform": 5.975186180926957,
  "h32_CRPS_uniform": 3.2488705116184065,
  "h32_MAE_gaussian": 4.470265800744967,
  "h32_RMSE_gaussian": 5.951236932973609,
  "h32_CRPS_gaussian": 3.234575218874852,
  "h64_MAE_uniform": 6.03086427581056,
  "h64_RMSE_uniform": 8.06258130551271,
  "h64_CRPS_uniform": 4.364613992940576,
  "h64_MAE_gaussian": 6.027432433525956,
  "h64_RMSE_gaussian": 8.065639356929589,
  "h64_CRPS_gaussian": 4.360960427537748
}