{
  "seed": 3,
  "eta": 0.10750936344265938,
  "h32_MAE_uniform": 3.952149355868609,
  "h32_RMSE_uniform": 5.28736416657892,
  "h32_CRPS_uniform": 2.8259364253788135,
  "h32_MAE_gaussian": 3.9530170674607037,
  "h32_RMSE_gaussian": 5.288349281276887,
  "h32_CRPS_gaussian": 2.826411200838379,
  "h64_MAE_uniform": 5.891999830830764,
  "h64_RMSE_uniform": 7.834219681830519,
  "h64_CRPS_uniform": 4.111094665190535,
  "h64_MAE_gaussian": 5.89551540163877,
  "h64_RMSE_gaussian": 7.838549287494097,
  "h64_CRPS_gaussian": 4.113008603697438
}