{
  "seed": 1,
  "eta": 10.405536651611328,
  "h32_MAE_uniform": 3.8959332800820063,
  "h32_RMSE_uniform": 5.22777468925642,
  "h32_CRPS_uniform": 2.800675843545207,
  "h32_MAE_gaussian": 3.896340189976124,
  "h32_RMSE_gaussian": 5.228311894542396,
  "h32_CRPS_gaussian": 2.8010882452788906,
  "h64_MAE_uniform": 5.515147337751085,
  "h64_RMSE_uniform": 7.373979123818652,
  "h64_CRPS_uniform": 3.949446886994025,
  "h64_MAE_gaussian": 5.515710313259873,
  "h64_RMSE_gaussian": 7.37476442691762,
  "h64_CRPS_gaussian": 3.9501306440141946
}