{
  "baseline": {
    "MAE_h32": 3.7316868595980903,
    "RMSE_h32": 5.068157455771573,
    "CRPS_h32": 3.7316868595980903,
    "MAE_h64": 5.301255779606787,
    "RMSE_h64": 7.180981683588902,
    "CRPS_h64": 5.301255779606787
  },
  "h32_MAE_uniform": {
    "mean": 4.0386377109898115,
    "std": 0.2284669259679353
  },
  "h32_RMSE_uniform": {
    "mean": 5.451731480338994,
    "std": 0.2925593274944572
  },
  "h32_CRPS_uniform": {
    "mean": 3.086690544782661,
    "std": 0.3401884784100165
  },
  "h32_MAE_gaussian": {
    "mean": 4.039092631385864,
    "std": 0.22876380935810486
  },
  "h32_RMSE_gaussian": {
    "mean": 5.452268351425019,
    "std": 0.2929423707053769
  },
  "h32_CRPS_gaussian": {
    "mean": 3.087412125905493,
    "std": 0.3411895983439721
  },
  "h64_MAE_uniform": {
    "mean": 5.680373429536561,
    "std": 0.17804299771187124
  },
  "h64_RMSE_uniform": {
    "mean": 7.66701744669213,
    "std": 0.20281252764394475
  },
  "h64_CRPS_uniform": {
    "mean": 4.3718259617553645,
    "std": 0.4306906857053962
  },
  "h64_MAE_gaussian": {
    "mean": 5.681353263061025,
    "std": 0.17859497357116952
  },
  "h64_RMSE_gaussian": {
    "mean": 7.668293338259903,
    "std": 0.20315404958371203
  },
  "h64_CRPS_gaussian": {
    "mean": 4.3729665224172845,
    "std": 0.431521645687845
  },
  "per_seed": [
    {
      "seed": 0,
      "eta": 9.859326362609863,
      "h32_MAE_uniform": 4.125343876842242,
      "h32_RMSE_uniform": 5.508569462530882,
      "h32_CRPS_uniform": 3.02140539939613,
      "h32_MAE_gaussian": 4.125203485611996,
      "h32_RMSE_gaussian": 5.508591321573854,
      "h32_CRPS_gaussian": 3.0212935593386163,
      "h64_MAE_uniform": 5.674728203174471,
      "h64_RMSE_uniform": 7.609918337047732,
      "h64_CRPS_uniform": 4.206507582149122,
      "h64_MAE_gaussian": 5.675301570367264,
      "h64_RMSE_gaussian": 7.611140830740683,
      "h64_CRPS_gaussian": 4.206980324582467
    },
    {
      "seed": 1,
      "eta": 10.36746597290039,
      "h32_MAE_uniform": 3.8833194845725556,
      "h32_RMSE_uniform": 5.243956343264897,
      "h32_CRPS_uniform": 2.794850299820439,
      "h32_MAE_gaussian": 3.883759663090025,
      "h32_RMSE_gaussian": 5.244383745861318,
      "h32_CRPS_gaussian": 2.7952229646098203,
      "h64_MAE_uniform": 5.557728488444473,
      "h64_RMSE_uniform": 7.471212400083074,
      "h64_CRPS_uniform": 3.983538957330353,
      "h64_MAE_gaussian": 5.55817943234859,
      "h64_RMSE_gaussian": 7.471705297871263,
      "h64_CRPS_gaussian": 3.9840666121367576
    },
    {
      "seed": 2,
      "eta": 8.742958068847656,
      "h32_MAE_uniform": 3.8159955803898273,
      "h32_RMSE_uniform": 5.25402280365749,
      "h32_CRPS_uniform": 3.092566382600978,
      "h32_MAE_gaussian": 3.816073856296912,
      "h32_RMSE_gaussian": 5.254141202591293,
      "h32_CRPS_gaussian": 3.0925827050353973,
      "h64_MAE_uniform": 5.444298232218872,
      "h64_RMSE_uniform": 7.534212424162728,
      "h64_CRPS_uniform": 4.452873393097519,
      "h64_MAE_gaussian": 5.444285998875527,
      "h64_RMSE_gaussian": 7.534197627466902,
      "h64_CRPS_gaussian": 4.452953688071318
    },
    {
      "seed": 3,
      "eta": 8.491146087646484,
      "h32_MAE_uniform": 3.922196160604862,
      "h32_RMSE_uniform": 5.2507624711173175,
      "h32_CRPS_uniform": 2.799992124636333,
      "h32_MAE_gaussian": 3.922838106298964,
      "h32_RMSE_gaussian": 5.251418461881323,
      "h32_CRPS_gaussian": 2.8003397392518536,
      "h64_MAE_uniform": 5.759332237010412,
      "h64_RMSE_uniform": 7.6700804096360695,
      "h64_CRPS_uniform": 4.046343790514072,
      "h64_MAE_gaussian": 5.762063538962953,
      "h64_RMSE_gaussian": 7.673459737635342,
      "h64_CRPS_gaussian": 4.047789276386368
    },
    {
      "seed": 4,
      "eta": 9.652843475341797,
      "h32_MAE_uniform": 4.44633345253957,
      "h32_RMSE_uniform": 6.001346321124381,
      "h32_CRPS_uniform": 3.724638517459425,
      "h32_MAE_gaussian": 4.447588045631421,
      "h32_RMSE_gaussian": 6.002807025217309,
      "h32_CRPS_gaussian": 3.727621661291778,
      "h64_MAE_uniform": 5.965779986834581,
      "h64_RMSE_uniform": 8.049663662531044,
      "h64_CRPS_uniform": 5.169866085685754,
      "h64_MAE_gaussian": 5.966935774750793,
      "h64_RMSE_gaussian": 8.050963197585327,
      "h64_CRPS_gaussian": 5.173042710909513
    }
  ]
}