{
  "baseline": {
    "MAE_h32": 3.7316868595980903,
    "RMSE_h32": 5.068157455771573,
    "CRPS_h32": 3.7316868595980903,
    "MAE_h64": 5.301255779606787,
    "RMSE_h64": 7.180981683588902,
    "CRPS_h64": 5.301255779606787
  },
  "h32_MAE_uniform": {
    "mean": 4.036049910409479,
    "std": 0.19197315640650278
  },
  "h32_RMSE_uniform": {
    "mean": 5.449805388783378,
    "std": 0.24802096272509871
  },
  "h32_CRPS_uniform": {
    "mean": 3.0966743425216863,
    "std": 0.29547495635506194
  },
  "h32_MAE_gaussian": {
    "mean": 4.036665968119731,
    "std": 0.19240362642144432
  },
  "h32_RMSE_gaussian": {
    "mean": 5.450587043860529,
    "std": 0.24860550656475597
  },
  "h32_CRPS_gaussian": {
    "mean": 3.0974765188310998,
    "std": 0.296566343318899
  },
  "h64_MAE_uniform": {
    "mean": 5.719903137886167,
    "std": 0.17096485603247225
  },
  "h64_RMSE_uniform": {
    "mean": 7.7060593475504415,
    "std": 0.1819136411368163
  },
  "h64_CRPS_uniform": {
    "mean": 4.412404347947499,
    "std": 0.3803212094386465
  },
  "h64_MAE_gaussian": {
    "mean": 5.721006763741666,
    "std": 0.1719418079412843
  },
  "h64_RMSE_gaussian": {
    "mean": 7.707479015091657,
    "std": 0.1828811105169718
  },
  "h64_CRPS_gaussian": {
    "mean": 4.413522318771121,
    "std": 0.3812088650898294
  },
  "per_seed": [
    {
      "seed": 0,
      "eta": 0.09627345204353333,
      "h32_MAE_uniform": 4.129925583394908,
      "h32_RMSE_uniform": 5.520992161194147,
      "h32_CRPS_uniform": 3.102535253373901,
      "h32_MAE_gaussian": 4.12990973548303,
      "h32_RMSE_gaussian": 5.521107660932433,
      "h32_CRPS_gaussian": 3.1023594056402146,
      "h64_MAE_uniform": 5.693010499219369,
      "h64_RMSE_uniform": 7.578957112987649,
      "h64_CRPS_uniform": 4.328584560091969,
      "h64_MAE_gaussian": 5.693184166233599,
      "h64_RMSE_gaussian": 7.579697536713488,
      "h64_CRPS_gaussian": 4.328372703506673
    },
    {
      "seed": 1,
      "eta": 0.09814081713557243,
      "h32_MAE_uniform": 3.921108518448822,
      "h32_RMSE_uniform": 5.284600498260962,
      "h32_CRPS_uniform": 2.8164377927171813,
      "h32_MAE_gaussian": 3.9214866449947268,
      "h32_RMSE_gaussian": 5.28507097547439,
      "h32_CRPS_gaussian": 2.8167763393520318,
      "h64_MAE_uniform": 5.6601221109164515,
      "h64_RMSE_uniform": 7.5849664577459555,
      "h64_CRPS_uniform": 4.040637440269762,
      "h64_MAE_gaussian": 5.660512447183519,
      "h64_RMSE_gaussian": 7.5853975892519045,
      "h64_CRPS_gaussian": 4.041073867662988
    },
    {
      "seed": 2,
      "eta": 0.09396129846572876,
      "h32_MAE_uniform": 3.8149493890308745,
      "h32_RMSE_uniform": 5.249447985209313,
      "h32_CRPS_uniform": 3.1083796678758233,
      "h32_MAE_gaussian": 3.815082611253106,
      "h32_RMSE_gaussian": 5.2496211813339775,
      "h32_CRPS_gaussian": 3.108310850660743,
      "h64_MAE_uniform": 5.444187218403291,
      "h64_RMSE_uniform": 7.530476284755149,
      "h64_CRPS_uniform": 4.474031505115235,
      "h64_MAE_gaussian": 5.444224684866939,
      "h64_RMSE_gaussian": 7.530485545715057,
      "h64_CRPS_gaussian": 4.474020947081634
    },
    {
      "seed": 3,
      "eta": 0.10750936344265938,
      "h32_MAE_uniform": 3.952149355868609,
      "h32_RMSE_uniform": 5.28736416657892,
      "h32_CRPS_uniform": 2.8259364253788135,
      "h32_MAE_gaussian": 3.9530170674607037,
      "h32_RMSE_gaussian": 5.288349281276887,
      "h32_CRPS_gaussian": 2.826411200838379,
      "h64_MAE_uniform": 5.891999830830764,
      "h64_RMSE_uniform": 7.834219681830519,
      "h64_CRPS_uniform": 4.111094665190535,
      "h64_MAE_gaussian": 5.89551540163877,
      "h64_RMSE_gaussian": 7.838549287494097,
      "h64_CRPS_gaussian": 4.113008603697438
    },
    {
      "seed": 4,
      "eta": 0.10322818532586098,
      "h32_MAE_uniform": 4.362116705304177,
      "h32_RMSE_uniform": 5.90662213267355,
      "h32_CRPS_uniform": 3.6300825732627118,
      "h32_MAE_gaussian": 4.363833781407091,
      "h32_RMSE_gaussian": 5.908786120284959,
      "h32_CRPS_gaussian": 3.63352479766413,
      "h64_MAE_uniform": 5.910196030060963,
      "h64_RMSE_uniform": 8.00167720043294,
      "h64_CRPS_uniform": 5.107673569069995,
      "h64_MAE_gaussian": 5.9115971187855045,
      "h64_RMSE_gaussian": 8.003265116283737,
      "h64_CRPS_gaussian": 5.111135471906874
    }
  ]
}