{
  "baseline": {
    "MAE_h32": 3.7378173987486645,
    "RMSE_h32": 5.039875056706717,
    "CRPS_h32": 3.7378173987486645,
    "MAE_h64": 5.245856609882988,
    "RMSE_h64": 7.066083253003601,
    "CRPS_h64": 5.245856609882988
  },
  "h32_MAE_uniform": {
    "mean": 4.0398233278325275,
    "std": 0.21735154828816122
  },
  "h32_RMSE_uniform": {
    "mean": 5.425881971607991,
    "std": 0.291489392008118
  },
  "h32_CRPS_uniform": {
    "mean": 3.084745242722898,
    "std": 0.33321889608153255
  },
  "h32_MAE_gaussian": {
    "mean": 4.0403223753664435,
    "std": 0.21754349194796713
  },
  "h32_RMSE_gaussian": {
    "mean": 5.426541356161067,
    "std": 0.29176587389297937
  },
  "h32_CRPS_gaussian": {
    "mean": 3.0855224374313934,
    "std": 0.33413319546620607
  },
  "h64_MAE_uniform": {
    "mean": 5.641520465819899,
    "std": 0.1727485142043966
  },
  "h64_RMSE_uniform": {
    "mean": 7.57668526855353,
    "std": 0.2118589189142612
  },
  "h64_CRPS_uniform": {
    "mean": 4.336736483592034,
    "std": 0.43286344443703695
  },
  "h64_MAE_gaussian": {
    "mean": 5.642643835196038,
    "std": 0.17323989910457266
  },
  "h64_RMSE_gaussian": {
    "mean": 7.578211617886947,
    "std": 0.2121092681115484
  },
  "h64_CRPS_gaussian": {
    "mean": 4.338012154578999,
    "std": 0.4336084270237705
  },
  "per_seed": [
    {
      "seed": 0,
      "eta": 9.884965896606445,
      "h32_MAE_uniform": 4.134197621233595,
      "h32_RMSE_uniform": 5.482654480200227,
      "h32_CRPS_uniform": 3.025641941283453,
      "h32_MAE_gaussian": 4.134219414457247,
      "h32_RMSE_gaussian": 5.48289463407032,
      "h32_CRPS_gaussian": 3.0256856314149445,
      "h64_MAE_uniform": 5.643603605394586,
      "h64_RMSE_uniform": 7.508975676727743,
      "h64_CRPS_uniform": 4.172818181976666,
      "h64_MAE_gaussian": 5.644367816731979,
      "h64_RMSE_gaussian": 7.510407430977882,
      "h64_CRPS_gaussian": 4.173472318321728
    },
    {
      "seed": 1,
      "eta": 10.405536651611328,
      "h32_MAE_uniform": 3.8959332800820063,
      "h32_RMSE_uniform": 5.22777468925642,
      "h32_CRPS_uniform": 2.800675843545207,
      "h32_MAE_gaussian": 3.896340189976124,
      "h32_RMSE_gaussian": 5.228311894542396,
      "h32_CRPS_gaussian": 2.8010882452788906,
      "h64_MAE_uniform": 5.515147337751085,
      "h64_RMSE_uniform": 7.373979123818652,
      "h64_CRPS_uniform": 3.949446886994025,
      "h64_MAE_gaussian": 5.515710313259873,
      "h64_RMSE_gaussian": 7.37476442691762,
      "h64_CRPS_gaussian": 3.9501306440141946
    },
    {
      "seed": 2,
      "eta": 8.760242462158203,
      "h32_MAE_uniform": 3.831503057409722,
      "h32_RMSE_uniform": 5.235024130575465,
      "h32_CRPS_uniform": 3.101589301542816,
      "h32_MAE_gaussian": 3.8316699745693112,
      "h32_RMSE_gaussian": 5.235205680742251,
      "h32_CRPS_gaussian": 3.1016670282481584,
      "h64_MAE_uniform": 5.41887956814266,
      "h64_RMSE_uniform": 7.453995819565979,
      "h64_CRPS_uniform": 4.4265317019971775,
      "h64_MAE_gaussian": 5.418994517021701,
      "h64_RMSE_gaussian": 7.454067197854711,
      "h64_CRPS_gaussian": 4.426690779109563
    },
    {
      "seed": 3,
      "eta": 8.515644073486328,
      "h32_MAE_uniform": 3.9138290202775705,
      "h32_RMSE_uniform": 5.210692275412778,
      "h32_CRPS_uniform": 2.7910416252669847,
      "h32_MAE_gaussian": 3.9146715935003007,
      "h32_RMSE_gaussian": 5.211675398007294,
      "h32_CRPS_gaussian": 2.791520366758391,
      "h64_MAE_uniform": 5.706620209483676,
      "h64_RMSE_uniform": 7.565357976136951,
      "h64_CRPS_uniform": 3.9993418841290236,
      "h64_MAE_gaussian": 5.709660618620418,
      "h64_RMSE_gaussian": 7.569290561648721,
      "h64_CRPS_gaussian": 4.001041111675647
    },
    {
      "seed": 4,
      "eta": 9.638910293579102,
      "h32_MAE_uniform": 4.423653660159745,
      "h32_RMSE_uniform": 5.9732642825950615,
      "h32_CRPS_uniform": 3.7047775019760287,
      "h32_MAE_gaussian": 4.424710704329231,
      "h32_RMSE_gaussian": 5.974619173443076,
      "h32_CRPS_gaussian": 3.7076509154565827,
      "h64_MAE_uniform": 5.923351608327486,
      "h64_RMSE_uniform": 7.9811177465183265,
      "h64_CRPS_uniform": 5.13554376286328,
      "h64_MAE_gaussian": 5.92448591034622,
      "h64_RMSE_gaussian": 7.9825284720358045,
      "h64_CRPS_gaussian": 5.1387259197738615
    }
  ]
}