{
  "baseline": {
    "MAE_h32": 3.7316868595980903,
    "RMSE_h32": 5.068157455771573,
    "CRPS_h32": 3.7316868595980903,
    "MAE_h64": 5.301255779606787,
    "RMSE_h64": 7.180981683588902,
    "CRPS_h64": 5.301255779606787
  },
  "h32_MAE_uniform": {
    "mean": 4.058734957533691,
    "std": 0.22166944715512024
  },
  "h32_RMSE_uniform": {
    "mean": 5.481117456374906,
    "std": 0.29325715700279725
  },
  "h32_CRPS_uniform": {
    "mean": 3.133813536530448,
    "std": 0.45001784744878304
  },
  "h32_MAE_gaussian": {
    "mean": 4.061771666367287,
    "std": 0.22188383808048104
  },
  "h32_RMSE_gaussian": {
    "mean": 5.484451937144471,
    "std": 0.2934671979802231
  },
  "h32_CRPS_gaussian": {
    "mean": 3.1371179231757096,
    "std": 0.4512403127717057
  },
  "h64_MAE_uniform": {
    "mean": 5.668770403240842,
    "std": 0.21578832874844447
  },
  "h64_RMSE_uniform": {
    "mean": 7.661721929434267,
    "std": 0.2913091584548044
  },
  "h64_CRPS_uniform": {
    "mean": 4.409573098404138,
    "std": 0.5600964394968917
  },
  "h64_MAE_gaussian": {
    "mean": 5.673489400829825,
    "std": 0.21514520851785943
  },
  "h64_RMSE_gaussian": {
    "mean": 7.666902589881654,
    "std": 0.29083066609581765
  },
  "h64_CRPS_gaussian": {
    "mean": 4.414849345311032,
    "std": 0.5613411611368527
  },
  "per_seed": [
    {
      "seed": 0,
      "eta": 0.012524981983006,
      "h32_MAE_uniform": 3.9717117835275992,
      "h32_RMSE_uniform": 5.333425399466203,
      "h32_CRPS_uniform": 2.906975477876145,
      "h32_MAE_gaussian": 3.977756642051314,
      "h32_RMSE_gaussian": 5.340051787850181,
      "h32_CRPS_gaussian": 2.9123507126694506,
      "h64_MAE_uniform": 5.5471509047373315,
      "h64_RMSE_uniform": 7.463023235015659,
      "h64_CRPS_uniform": 4.0911077477385405,
      "h64_MAE_gaussian": 5.552111233876556,
      "h64_RMSE_gaussian": 7.468034101213595,
      "h64_CRPS_gaussian": 4.096537965443204
    },
    {
      "seed": 1,
      "eta": 0.012434522621333599,
      "h32_MAE_uniform": 4.057296891835136,
      "h32_RMSE_uniform": 5.49824127970666,
      "h32_CRPS_uniform": 2.990028319086548,
      "h32_MAE_gaussian": 4.0579798800047495,
      "h32_RMSE_gaussian": 5.498801511905458,
      "h32_CRPS_gaussian": 2.9911536617538843,
      "h64_MAE_uniform": 5.753176830080353,
      "h64_RMSE_uniform": 7.801450423844565,
      "h64_CRPS_uniform": 4.258296492585345,
      "h64_MAE_gaussian": 5.754230635218446,
      "h64_RMSE_gaussian": 7.802231064462298,
      "h64_CRPS_gaussian": 4.259812972161242
    },
    {
      "seed": 2,
      "eta": 0.013866529799997807,
      "h32_MAE_uniform": 3.9051616529918105,
      "h32_RMSE_uniform": 5.30702846995341,
      "h32_CRPS_uniform": 2.9804289854200476,
      "h32_MAE_gaussian": 3.9068015862937893,
      "h32_RMSE_gaussian": 5.309694061130432,
      "h32_CRPS_gaussian": 2.982192220131381,
      "h64_MAE_uniform": 5.507458704350727,
      "h64_RMSE_uniform": 7.502870242662284,
      "h64_CRPS_uniform": 4.28864558736241,
      "h64_MAE_gaussian": 5.511360364209545,
      "h64_RMSE_gaussian": 7.508375286083023,
      "h64_CRPS_gaussian": 4.293898736712386
    },
    {
      "seed": 3,
      "eta": 0.013177428394556046,
      "h32_MAE_uniform": 3.875419765079963,
      "h32_RMSE_uniform": 5.226520000837934,
      "h32_CRPS_uniform": 2.771465105902962,
      "h32_MAE_gaussian": 3.87852651954407,
      "h32_RMSE_gaussian": 5.229079718120346,
      "h32_CRPS_gaussian": 2.7738061395962177,
      "h64_MAE_uniform": 5.480648237479072,
      "h64_RMSE_uniform": 7.372925153441303,
      "h64_CRPS_uniform": 3.9127062657138367,
      "h64_MAE_gaussian": 5.489090428545845,
      "h64_RMSE_gaussian": 7.3809085060880815,
      "h64_CRPS_gaussian": 3.9186080915444563
    },
    {
      "seed": 4,
      "eta": 0.013642612844705582,
      "h32_MAE_uniform": 4.484084694233944,
      "h32_RMSE_uniform": 6.040372131910329,
      "h32_CRPS_uniform": 4.020169794366538,
      "h32_MAE_gaussian": 4.4877937039425095,
      "h32_RMSE_gaussian": 6.04463260671594,
      "h32_CRPS_gaussian": 4.026086881727615,
      "h64_MAE_uniform": 6.055417339556728,
      "h64_RMSE_uniform": 8.16834059220753,
      "h64_CRPS_uniform": 5.497109398620559,
      "h64_MAE_gaussian": 6.060654342298735,
      "h64_RMSE_gaussian": 8.174963991561269,
      "h64_CRPS_gaussian": 5.5053889606938675
    }
  ]
}