{
  "baseline": {
    "MAE_h32": 3.7316868595980903,
    "RMSE_h32": 5.068157455771573,
    "CRPS_h32": 3.7316868595980903,
    "MAE_h64": 5.301255779606787,
    "RMSE_h64": 7.180981683588902,
    "CRPS_h64": 5.301255779606787
  },
  "h32_MAE_uniform": {
    "mean": 5.1442573980421145,
    "std": 0.732079386051138
  },
  "h32_RMSE_uniform": {
    "mean": 6.7778148501190785,
    "std": 0.8550320912587044
  },
  "h32_CRPS_uniform": {
    "mean": 4.158661495990737,
    "std": 0.981541297799792
  },
  "h32_MAE_gaussian": {
    "mean": 5.138196199485796,
    "std": 0.7354158390566798
  },
  "h32_RMSE_gaussian": {
    "mean": 6.769920816663911,
    "std": 0.8603877682448189
  },
  "h32_CRPS_gaussian": {
    "mean": 4.154269301630987,
    "std": 0.9836261576746445
  },
  "h64_MAE_uniform": {
    "mean": 6.59485696072238,
    "std": 0.6049871826895047
  },
  "h64_RMSE_uniform": {
    "mean": 8.745712785192122,
    "std": 0.7087720031216317
  },
  "h64_CRPS_uniform": {
    "mean": 5.385008820762787,
    "std": 0.9901490514326152
  },
  "h64_MAE_gaussian": {
    "mean": 6.593324124669057,
    "std": 0.6045534034353008
  },
  "h64_RMSE_gaussian": {
    "mean": 8.745939950372085,
    "std": 0.7074447383340916
  },
  "h64_CRPS_gaussian": {
    "mean": 5.384267493236985,
    "std": 0.9890148766156873
  },
  "per_seed": [
    {
      "seed": 0,
      "eta": 19.701001794790542,
      "h32_MAE_uniform": 5.104201485750646,
      "h32_RMSE_uniform": 6.780452779995982,
      "h32_CRPS_uniform": 3.9874359234462986,
      "h32_MAE_gaussian": 5.10527479468702,
      "h32_RMSE_gaussian": 6.783007994121783,
      "h32_CRPS_gaussian": 3.988648766411245,
      "h64_MAE_uniform": 6.770699060762195,
      "h64_RMSE_uniform": 9.006247019478048,
      "h64_CRPS_uniform": 5.391221157659487,
      "h64_MAE_gaussian": 6.774062160516028,
      "h64_RMSE_gaussian": 9.01124660648634,
      "h64_CRPS_gaussian": 5.395084784237753
    },
    {
      "seed": 1,
      "eta": 18.9732076653514,
      "h32_MAE_uniform": 4.321853833465383,
      "h32_RMSE_uniform": 5.801446614185604,
      "h32_CRPS_uniform": 3.1904766861377993,
      "h32_MAE_gaussian": 4.316952995540014,
      "h32_RMSE_gaussian": 5.792424294809894,
      "h32_CRPS_gaussian": 3.189238848278592,
      "h64_MAE_uniform": 5.78742206209386,
      "h64_RMSE_uniform": 7.780020899120891,
      "h64_CRPS_uniform": 4.298442091440279,
      "h64_MAE_gaussian": 5.788049765857686,
      "h64_RMSE_gaussian": 7.780147627555239,
      "h64_CRPS_gaussian": 4.302570499722037
    },
    {
      "seed": 2,
      "eta": 21.637990278539753,
      "h32_MAE_uniform": 5.445788581359409,
      "h32_RMSE_uniform": 7.176015200679973,
      "h32_CRPS_uniform": 4.503893421748785,
      "h32_MAE_gaussian": 5.438732878552189,
      "h32_RMSE_gaussian": 7.168663817267732,
      "h32_CRPS_gaussian": 4.497131976928074,
      "h64_MAE_uniform": 6.953509760586487,
      "h64_RMSE_uniform": 9.238601442705667,
      "h64_CRPS_uniform": 5.948798072480088,
      "h64_MAE_gaussian": 6.946155971720904,
      "h64_RMSE_gaussian": 9.232429168207117,
      "h64_CRPS_gaussian": 5.941156700249195
    },
    {
      "seed": 3,
      "eta": 20.211706830300297,
      "h32_MAE_uniform": 4.488370192893155,
      "h32_RMSE_uniform": 5.975186180926957,
      "h32_CRPS_uniform": 3.2488705116184065,
      "h32_MAE_gaussian": 4.470265800744967,
      "h32_RMSE_gaussian": 5.951236932973609,
      "h32_CRPS_gaussian": 3.234575218874852,
      "h64_MAE_uniform": 6.03086427581056,
      "h64_RMSE_uniform": 8.06258130551271,
      "h64_CRPS_uniform": 4.364613992940576,
      "h64_MAE_gaussian": 6.027432433525956,
      "h64_RMSE_gaussian": 8.065639356929589,
      "h64_CRPS_gaussian": 4.360960427537748
    },
    {
      "seed": 4,
      "eta": 23.439227123056327,
      "h32_MAE_uniform": 6.3610728967419785,
      "h32_RMSE_uniform": 8.155973474806872,
      "h32_CRPS_uniform": 5.862630937002393,
      "h32_MAE_gaussian": 6.359754527904789,
      "h32_RMSE_gaussian": 8.154271044146542,
      "h32_CRPS_gaussian": 5.8617516976621715,
      "h64_MAE_uniform": 7.431789644358797,
      "h64_RMSE_uniform": 9.641113259143303,
      "h64_CRPS_uniform": 6.921968789293501,
      "h64_MAE_gaussian": 7.430920291724712,
      "h64_RMSE_gaussian": 9.640236992682143,
      "h64_CRPS_gaussian": 6.92156505443819
    }
  ]
}