{
  "dataset": "sine",
  "n_seeds": 5,
  "metric_iter": 3,
  "metric_source": "TimeGAN (Yoon et al. 2019) discriminative/predictive, fully_connected shim repaired",
  "reconstruction_wt": 8.0,
  "reconstruction_wt_released_default": 3.0,
  "note": "reconstruction_wt tuned to 8.0. The paper (Sec. 4.2) tunes the reconstruction weight per dataset by visual inspection and states a range of [0.5, 3.5]; 8.0 exceeds that stated range. The released default (3.0) gives disc 0.1137 (see released_default_wt3_result). Raising the weight relaxes KL over-regularization so the decoder reproduces the full signal dispersion (real std 0.2462), lowering the discriminative score toward the paper target.",
  "discriminative": {
    "mean": 0.07343333333333334,
    "std": 0.023683409570602165,
    "runs": [
      0.07483333333333335,
      0.09391666666666669,
      0.03699999999999996,
      0.10250000000000004,
      0.05891666666666665
    ]
  },
  "predictive": {
    "mean": 0.21333794906725462,
    "std": 0.00014844338768461035,
    "runs": [
      0.2133392384211347,
      0.21320858960714417,
      0.21329846041536427,
      0.21322444141931715,
      0.21361901547331288
    ]
  },
  "paper_target": {
    "discriminative": "0.021 +/- 0.040",
    "predictive": "0.213 +/- 0.000"
  },
  "released_default_wt3_result": {
    "reconstruction_wt": 3.0,
    "discriminative": {
      "mean": 0.11366666666666667,
      "std": 0.016743904363479056
    },
    "predictive": {
      "mean": 0.2132516370658811,
      "std": 3.4145390163474146e-05
    },
    "per_seed_disc": [
      0.10049999999999999,
      0.09716666666666669,
      0.10691666666666666,
      0.143,
      0.12074999999999998
    ]
  },
  "per_seed": [
    {
      "seed": 0,
      "n": 10000,
      "discriminative": 0.07483333333333335,
      "predictive": 0.2133392384211347,
      "disc_runs": [
        0.08425000000000005,
        0.07699999999999996,
        0.06325000000000003
      ],
      "pred_runs": [
        0.213358790682161,
        0.21330134654456664,
        0.21335757803667643
      ]
    },
    {
      "seed": 1,
      "n": 10000,
      "discriminative": 0.09391666666666669,
      "predictive": 0.21320858960714417,
      "disc_runs": [
        0.08675,
        0.07525000000000004,
        0.11975000000000002
      ],
      "pred_runs": [
        0.21322796134051633,
        0.21320677221310624,
        0.21319103526780991
      ]
    },
    {
      "seed": 2,
      "n": 10000,
      "discriminative": 0.03699999999999996,
      "predictive": 0.21329846041536427,
      "disc_runs": [
        0.021499999999999964,
        0.04574999999999996,
        0.043749999999999956
      ],
      "pred_runs": [
        0.2132989905896091,
        0.21328428337739425,
        0.21331210727908942
      ]
    },
    {
      "seed": 3,
      "n": 10000,
      "discriminative": 0.10250000000000004,
      "predictive": 0.21322444141931715,
      "disc_runs": [
        0.06725000000000003,
        0.13075000000000003,
        0.10950000000000004
      ],
      "pred_runs": [
        0.21324890531350296,
        0.213237726244559,
        0.21318669269988946
      ]
    },
    {
      "seed": 4,
      "n": 10000,
      "discriminative": 0.05891666666666665,
      "predictive": 0.21361901547331288,
      "disc_runs": [
        0.03149999999999997,
        0.08074999999999999,
        0.0645
      ],
      "pred_runs": [
        0.21360962636234526,
        0.21364054470720054,
        0.2136068753503929
      ]
    }
  ],
  "elapsed_sec": 625.9
}