{
  "seed": 4,
  "A1_path_mmd2": 0.00152066714206181,
  "A2_terminal_mmd2": 0.0011964050963838568,
  "A3_increment_mmd2": 0.0007186665706360174,
  "A4_volatility_mmd": 0.006738674923524035,
  "A5_terminal_swd": 0.6712938458467326,
  "A6_path_swd": 0.46773206848185755,
  "A7_cov_error": 5.684341886080802e-14,
  "A8_mean_rmse": 0.0,
  "A9_std_error": 0.0,
  "A10_kurtosis_error": 0.0,
  "A11_acf_abs": 1.734723475976807e-18,
  "A12_acf_sq": 8.673617379884035e-19,
  "A13_disc_score_gru": 0.0148,
  "A13_disc_score_mlp": 0.007782,
  "A14_pred_score_gru": 0.053706,
  "A14_pred_score_mlp": 0.053885,
  "A15_sigma_corr": 0.6142689893439206,
  "A15_sigma_rmse": 0.06544452276080961,
  "A16_logreturn_std_error": 0.0,
  "A17_abs_r_q95_error": 0.0,
  "A18_abs_r_q99_error": 0.0,
  "A19_kurtosis_ratio": 1.0,
  "A20_sigma_mean_error": 2.7755575615628914e-17,
  "A21_learned_oracle_sigma_corr": 0.6142689893439206,
  "A22_acf_lag1_abs_error": 0.0,
  "A23_acf_lag1_sq_error": 0.0,
  "A24_rv_law_loss": 0.0,
  "A25_mean_path_rmse": 2.978802651084322e-13,
  "A26_vol_path_rmse": 1.562090354787266e-14,
  "A27_ks_logreturns": 0.0,
  "A28_skewness_error": 6.938893903907228e-18,
  "A29_qq_rmse": 0.0,
  "A30_tail_qq_error": 0.0,
  "A31_rolling_vol_ks": 0.0,
  "A32_vol_of_vol_error": 8.673617379884035e-19,
  "A33_terminal_ks": 0.0,
  "A34_hill_tail_index_error": 0.0,
  "B_log_ret_hist_funct": 0.0,
  "B_log_ret_hist_der": 0.0,
  "B_log_ret_hist_sec_der": 0.0,
  "B_qq_plot_funct": 0.0,
  "B_qq_plot_der": 0.0,
  "B_qq_plot_sec_der": 0.0,
  "B_acf_abs_r_funct": 1.293984181385174e-35,
  "B_acf_abs_r_der": 2.7083389842945504e-35,
  "B_acf_abs_r_sec_der": 8.509534216085964e-35,
  "B_acf_sq_r_funct": 9.17825989122042e-36,
  "B_acf_sq_r_der": 1.2353826945904968e-35,
  "B_acf_sq_r_sec_der": 2.641466416781105e-35,
  "B_roll_vol_hist_funct": 0.0,
  "B_roll_vol_hist_der": 0.0,
  "B_roll_vol_hist_sec_der": 0.0,
  "B_tail_surv_funct": 0.0,
  "B_tail_surv_der": 0.0,
  "B_tail_surv_sec_der": 0.0,
  "compute_time_sec": 46.7
}