{
  "dataset": "Stocks",
  "source": "official SBTS code (reference/), demo-notebook Stock pipeline",
  "generation": {
    "model": "simulateSB_multi",
    "N_pi": 100,
    "h": 0.2,
    "deltati": 0.003968253968253968,
    "M_simu": 1000,
    "gen_sec": 39.09925298899179
  },
  "protocol": {
    "itt": 2000,
    "n_temp": 10,
    "min_max": true,
    "disc": "GRU 2-layer hidden=4, |acc-0.5|",
    "pred": "GRU 1-layer hidden=max(d/2,1), MAE TSTR"
  },
  "discriminative_score": {
    "mean": 0.025500000000000005,
    "std": 0.01243985530462472,
    "runs": [
      0.017500000000000016,
      0.02749999999999997,
      0.010000000000000009,
      0.015000000000000013,
      0.05249999999999999,
      0.04249999999999998,
      0.020000000000000018,
      0.020000000000000018,
      0.020000000000000018,
      0.030000000000000027
    ]
  },
  "predictive_score": {
    "mean": 0.018406451007467694,
    "std": 0.00281616133850706,
    "runs": [
      0.022499811565037817,
      0.0158715427191928,
      0.017404098263476043,
      0.016480035545071586,
      0.02404828038299456,
      0.016376281252596527,
      0.015889999461593106,
      0.01605640325252898,
      0.019999828412663193,
      0.01943822921952233
    ]
  },
  "paper_reference": {
    "discriminative": "0.010 +/- 0.008",
    "predictive": "0.017 +/- 0.000"
  },
  "seed": 987
}