{
  "B_log_ret_hist": {
    "name": "Log-return histogram",
    "mse": {
      "mean": 4.386391373865886,
      "std": 0.8334948836332025,
      "per_seed": [
        3.6195578751877675,
        4.185385293102594,
        3.624698130365875,
        4.6309509424182655,
        5.871364628254931
      ]
    },
    "pct": {
      "mean": 308.46335282686385,
      "std": 111.14841529589422,
      "per_seed": [
        336.3728635308693,
        214.42980521218462,
        167.08767980118583,
        485.12910631485926,
        339.2973092752203
      ]
    },
    "nrmse": {
      "mean": 25.663932849415026,
      "std": 2.8981262814634907,
      "per_seed": [
        24.245303068241842,
        24.374715132289058,
        21.936079000558667,
        30.24469707583486,
        27.5188699701507
      ]
    }
  },
  "B_qq_plot": {
    "name": "QQ plot",
    "mse": {
      "mean": 1.8162086979697676e-06,
      "std": 2.2007233163401432e-07,
      "per_seed": [
        1.5295023721174765e-06,
        1.7489239901581973e-06,
        1.7742760940045335e-06,
        1.820140493497818e-06,
        2.2082005400708117e-06
      ]
    },
    "pct": {
      "mean": 27.647543347210483,
      "std": 0.8493802828111134,
      "per_seed": [
        27.218702169788134,
        27.574430580847416,
        26.379774133393393,
        28.88225152475431,
        28.182558327269163
      ]
    },
    "nrmse": {
      "mean": 3.76400760509802,
      "std": 0.21174734735027012,
      "per_seed": [
        3.5358354882901284,
        3.5438770957806978,
        3.8988047936216224,
        3.752903796185832,
        4.088616851611818
      ]
    }
  },
  "B_acf_abs_r": {
    "name": "ACF |r|",
    "mse": {
      "mean": 0.00012164807205903734,
      "std": 3.839981591446011e-05,
      "per_seed": [
        0.00014077661911173669,
        0.00011078626482693105,
        5.547302145191514e-05,
        0.00013019358233929234,
        0.0001710108725653115
      ]
    },
    "pct": {
      "mean": 206.94639938752206,
      "std": 30.296012242810498,
      "per_seed": [
        263.8224004901786,
        206.80365998679682,
        175.0212537793776,
        190.8406066827905,
        198.2440759984668
      ]
    },
    "nrmse": {
      "mean": 81.22196982213067,
      "std": 16.029355095486217,
      "per_seed": [
        109.5336371561575,
        88.56053478137046,
        67.40290544590556,
        70.4280297025038,
        70.18474202471604
      ]
    }
  },
  "B_acf_sq_r": {
    "name": "ACF r\u00b2",
    "mse": {
      "mean": 0.0001053025400217352,
      "std": 2.9977805204398232e-05,
      "per_seed": [
        0.0001346291733799389,
        9.818463048267461e-05,
        5.4312295192872985e-05,
        0.00010283455026882492,
        0.00013655205078436463
      ]
    },
    "pct": {
      "mean": 463.25419384176365,
      "std": 82.83468287637828,
      "per_seed": [
        552.4093560485453,
        457.328569243605,
        389.58960655430064,
        356.3640502531966,
        560.579387109171
      ]
    },
    "nrmse": {
      "mean": 69.61242266482617,
      "std": 14.323035164705907,
      "per_seed": [
        96.56940098230483,
        71.39881542543667,
        56.33927018542372,
        62.01220972531339,
        61.74241700565228
      ]
    }
  },
  "B_roll_vol_hist": {
    "name": "Rolling vol histogram",
    "mse": {
      "mean": 113.9422733469255,
      "std": 13.914027417660208,
      "per_seed": [
        95.07458171704258,
        113.38406798287406,
        106.02024726401883,
        118.26245306563457,
        136.97001670505747
      ]
    },
    "pct": {
      "mean": 157.49368543901454,
      "std": 5.258726996829536,
      "per_seed": [
        160.1134279763953,
        158.51493445554925,
        165.1684831675202,
        149.90719235535553,
        153.76438924025237
      ]
    },
    "nrmse": {
      "mean": 30.011642289954306,
      "std": 1.2652084395505734,
      "per_seed": [
        27.856188048958625,
        30.017766861520784,
        30.458859482846037,
        29.93826767003605,
        31.78712938641002
      ]
    }
  },
  "B_tail_surv": {
    "name": "Tail survival",
    "mse": {
      "mean": 0.0017089228161319581,
      "std": 0.00027823979072433676,
      "per_seed": [
        0.001414033578605525,
        0.0016429867333095291,
        0.001521439858667258,
        0.0017482271805172598,
        0.0022179267295602176
      ]
    },
    "pct": {
      "mean": 22.029324509005153,
      "std": 1.3636738758481086,
      "per_seed": [
        20.273596299503094,
        21.69827448747951,
        21.570561727477916,
        22.149813859716545,
        24.454376170848693
      ]
    },
    "nrmse": {
      "mean": 7.2061423657477945,
      "std": 0.5710673366118871,
      "per_seed": [
        6.5755020681815575,
        7.0879036163368685,
        6.820586196937621,
        7.311420183608454,
        8.235299763674467
      ]
    }
  }
}