{
  "B_log_ret_hist": {
    "name": "Log-return histogram",
    "mse": {
      "mean": 13.198180609785819,
      "std": 2.418673987593889,
      "per_seed": [
        10.900318403944194,
        12.693339691441677,
        10.969920721893697,
        13.836558851524106,
        17.590765380125436
      ]
    },
    "pct": {
      "mean": 30.69461845446035,
      "std": 1.7732219618365017,
      "per_seed": [
        28.345308990832752,
        30.264926620025378,
        30.154894362587868,
        30.90149717378845,
        33.806465125067334
      ]
    }
  },
  "B_qq_plot": {
    "name": "QQ plot",
    "mse": {
      "mean": 5.340061401123864e-06,
      "std": 6.507848887010698e-07,
      "per_seed": [
        4.487978396327962e-06,
        5.139718761273462e-06,
        5.219138862008431e-06,
        5.349555021187339e-06,
        6.503915964822124e-06
      ]
    },
    "pct": {
      "mean": 23.538526674811113,
      "std": 2.3779147985749844,
      "per_seed": [
        23.21451200155527,
        23.94305406660955,
        19.274105444998288,
        24.900435593980337,
        26.36052626691211
      ]
    }
  },
  "B_acf_abs_r": {
    "name": "ACF |r|",
    "mse": {
      "mean": 0.0003040753537276777,
      "std": 0.00010451904334559985,
      "per_seed": [
        0.0003699626476814596,
        0.00027020554616918223,
        0.0001492740439704858,
        0.00030608975873581767,
        0.0004248447720814431
      ]
    },
    "pct": {
      "mean": 48.693488637094376,
      "std": 12.786262593708928,
      "per_seed": [
        52.139998583319944,
        46.91903513149297,
        25.485278027262808,
        55.468357011074886,
        63.454774432321294
      ]
    }
  },
  "B_acf_sq_r": {
    "name": "ACF r\u00b2",
    "mse": {
      "mean": 0.00026530449781880095,
      "std": 7.782632901560954e-05,
      "per_seed": [
        0.0003646153267662421,
        0.0002444338686760977,
        0.00015060503640022653,
        0.00023729591204816708,
        0.00032957234520327133
      ]
    },
    "pct": {
      "mean": 50.69217499438266,
      "std": 11.898871328434852,
      "per_seed": [
        56.498338619901425,
        49.80852687385043,
        28.725335948360215,
        54.43799798679792,
        63.99067554300334
      ]
    }
  },
  "B_roll_vol_hist": {
    "name": "Rolling vol histogram",
    "mse": {
      "mean": 332.84735277483514,
      "std": 40.72556654659614,
      "per_seed": [
        277.858469986664,
        331.3315389917697,
        308.5777498273281,
        345.6965995455029,
        400.7724055229111
      ]
    },
    "pct": {
      "mean": 53.75389238232648,
      "std": 2.4088536359030988,
      "per_seed": [
        50.005226751905866,
        52.7180121545634,
        53.501685485518195,
        55.51752050219172,
        57.02701701745322
      ]
    }
  },
  "B_tail_surv": {
    "name": "Tail survival",
    "mse": {
      "mean": 0.0050713380028190435,
      "std": 0.0008310016925603276,
      "per_seed": [
        0.0041908664216661,
        0.004873856251311017,
        0.004509767723396449,
        0.005189069197676022,
        0.006593130420045625
      ]
    },
    "pct": {
      "mean": 22.17905162205323,
      "std": 1.3788969004737837,
      "per_seed": [
        20.397967309277014,
        21.841991340572935,
        21.728561089683726,
        22.297387319836414,
        24.62935105089607
      ]
    }
  }
}