{
  "B_log_ret_hist": {
    "name": "Log-return histogram",
    "mse": {
      "mean": 4.386391373865886,
      "std": 0.8334948836332025,
      "per_seed": [
        3.6195578751877675,
        4.185385293102594,
        3.624698130365875,
        4.6309509424182655,
        5.871364628254931
      ]
    },
    "pct": {
      "mean": 30.95475169174157,
      "std": 1.7471570714850144,
      "per_seed": [
        28.625979155145277,
        30.543550709420426,
        30.430623059913458,
        31.16050876881305,
        34.01309676541564
      ]
    },
    "nrmse": {
      "mean": 9.691140922979667,
      "std": 0.9011204205745119,
      "per_seed": [
        8.83095980082925,
        9.521155707046338,
        8.871899810355593,
        9.941317567571891,
        11.290371729095257
      ]
    }
  },
  "B_qq_plot": {
    "name": "QQ plot",
    "mse": {
      "mean": 1.8162086979697676e-06,
      "std": 2.2007233163401432e-07,
      "per_seed": [
        1.5295023721174765e-06,
        1.7489239901581973e-06,
        1.7742760940045335e-06,
        1.820140493497818e-06,
        2.2082005400708117e-06
      ]
    },
    "pct": {
      "mean": 23.83557094065248,
      "std": 2.4341488492246666,
      "per_seed": [
        23.560880329413123,
        24.271371122243938,
        19.43632946551392,
        25.23845961297921,
        26.670814173112213
      ]
    },
    "nrmse": {
      "mean": 6.307684050422314,
      "std": 0.3784766096796311,
      "per_seed": [
        5.796788792138206,
        6.204478656728397,
        6.2398152056809115,
        6.326636172458368,
        6.970701425105689
      ]
    }
  },
  "B_acf_abs_r": {
    "name": "ACF |r|",
    "mse": {
      "mean": 0.00012164807205903734,
      "std": 3.839981591446011e-05,
      "per_seed": [
        0.00014077661911173669,
        0.00011078626482693105,
        5.547302145191514e-05,
        0.00013019358233929234,
        0.0001710108725653115
      ]
    },
    "pct": {
      "mean": 63.02915110099288,
      "std": 14.20670413846791,
      "per_seed": [
        66.81322380171018,
        61.312019827825836,
        37.148226981981715,
        70.54812767307048,
        79.32415722037615
      ]
    },
    "nrmse": {
      "mean": 45.54334462562332,
      "std": 9.362287354855795,
      "per_seed": [
        47.03860533967684,
        43.311633556371795,
        29.49426673050221,
        49.89903660193189,
        57.97318089963386
      ]
    }
  },
  "B_acf_sq_r": {
    "name": "ACF r\u00b2",
    "mse": {
      "mean": 0.0001053025400217352,
      "std": 2.9977805204398232e-05,
      "per_seed": [
        0.0001346291733799389,
        9.818463048267461e-05,
        5.4312295192872985e-05,
        0.00010283455026882492,
        0.00013655205078436463
      ]
    },
    "pct": {
      "mean": 70.36815644921157,
      "std": 13.754003166939638,
      "per_seed": [
        77.06437189977213,
        69.76479138361059,
        44.849005709337064,
        74.57031589930921,
        85.59229735402889
      ]
    },
    "nrmse": {
      "mean": 45.61323530640996,
      "std": 7.935863023209602,
      "per_seed": [
        48.21513243138433,
        44.447433680919914,
        31.726059912476167,
        47.57308000866463,
        56.104470498604734
      ]
    }
  },
  "B_roll_vol_hist": {
    "name": "Rolling vol histogram",
    "mse": {
      "mean": 113.9422733469255,
      "std": 13.914027417660208,
      "per_seed": [
        95.07458171704258,
        113.38406798287406,
        106.02024726401883,
        118.26245306563457,
        136.97001670505747
      ]
    },
    "pct": {
      "mean": 54.508531316067035,
      "std": 2.433293269128969,
      "per_seed": [
        50.75234441532187,
        53.47806277646274,
        54.170647364593684,
        56.29971163010915,
        57.84189039384769
      ]
    },
    "nrmse": {
      "mean": 20.681082083861675,
      "std": 1.2681568650222215,
      "per_seed": [
        18.919545487025545,
        20.66858588769231,
        19.959938161718352,
        21.120914333985162,
        22.73642654888701
      ]
    }
  },
  "B_tail_surv": {
    "name": "Tail survival",
    "mse": {
      "mean": 0.0017089228161319581,
      "std": 0.00027823979072433676,
      "per_seed": [
        0.001414033578605525,
        0.0016429867333095291,
        0.001521439858667258,
        0.0017482271805172598,
        0.0022179267295602176
      ]
    },
    "pct": {
      "mean": 22.337603840709438,
      "std": 1.3739809519053032,
      "per_seed": [
        20.56423206351947,
        22.00112033518575,
        21.889151967394724,
        22.453255627492272,
        24.780259209954977
      ]
    },
    "nrmse": {
      "mean": 7.2061423657477945,
      "std": 0.5710673366118871,
      "per_seed": [
        6.5755020681815575,
        7.0879036163368685,
        6.820586196937621,
        7.311420183608454,
        8.235299763674467
      ]
    }
  }
}