{
  "seed": 4,
  "A1_kurtosis_error": 0.2614106316869145,
  "A2_abs_r_q95_error": 0.004821806415852142,
  "A3_abs_r_q99_error": 0.006460172987814365,
  "A4_tail_qq_error": 0.0047712122588672605,
  "A5_hill_tail_index_error": 4.797352428923524,
  "A6_path_mmd2": 0.00512081842753867,
  "A7_terminal_mmd2": 0.005469027303258545,
  "A8_increment_mmd2": 0.009052335496769981,
  "A9_volatility_mmd": 0.2493074532702047,
  "A10_terminal_swd": 2.0048023298823154,
  "A11_path_swd": 1.0512872674031861,
  "A12_rv_law_loss": 1.8363210454906937,
  "A13_mean_path_rmse": 0.415662863046815,
  "A14_ks_logreturns": 0.056906872846948814,
  "A15_skewness_error": 0.039535930987433895,
  "A16_qq_rmse": 0.0024862996105116347,
  "A17_terminal_ks": 0.0413818359375,
  "A18_disc_score_gru": 0.00534,
  "A18_disc_score_mlp": 0.010223,
  "A19_pred_score_gru": 0.053936,
  "A19_pred_score_mlp": 0.053834,
  "A20_cov_error": 45.338771747192794,
  "A21_acf_abs": 0.024900428324769124,
  "A22_acf_sq": 0.02136570532548255,
  "A23_acf_lag1_abs_error": 0.025033287580296937,
  "A24_acf_lag1_sq_error": 0.020689021243888377,
  "A25_mean_rmse": 0.6242955063756028,
  "A26_std_error": 0.251451136002107,
  "A27_logreturn_std_error": 0.0025432421649504034,
  "A28_kurtosis_ratio": 0.7466881752586251,
  "A29_sigma_mean_error": 0.04076784539754852,
  "A30_vol_path_rmse": 1.0270293348312065,
  "A31_rolling_vol_ks": 0.19790277248475607,
  "A32_vol_of_vol_error": 0.0006506506686758846,
  "A33_sigma_corr": 0.005570346013615307,
  "A34_sigma_rmse": 0.10239307556820848,
  "compute_time_sec": 49.33,
  "B_log_ret_hist_funct": 16.965537162878196,
  "B_log_ret_hist_der": 0.4009953313515705,
  "B_log_ret_hist_sec_der": 0.22423288589567206,
  "B_log_ret_hist_funct_pct": 33.806465125067334,
  "B_log_ret_hist_der_pct": 431.937861204473,
  "B_log_ret_hist_sec_der_pct": 57291.97633405761,
  "B_qq_plot_funct": 6.451058126296142e-06,
  "B_qq_plot_der": 4.401871300882319e-08,
  "B_qq_plot_sec_der": 8.839125517158604e-09,
  "B_qq_plot_funct_pct": 26.36052626691211,
  "B_qq_plot_der_pct": 20.75331918752335,
  "B_qq_plot_sec_der_pct": 66.36701554503556,
  "B_acf_abs_r_funct": 0.0003968774177360041,
  "B_acf_abs_r_der": 8.92608256724325e-06,
  "B_acf_abs_r_sec_der": 1.9041271778195702e-05,
  "B_acf_abs_r_funct_pct": 63.454774432321294,
  "B_acf_abs_r_der_pct": 120.38107231429103,
  "B_acf_abs_r_sec_der_pct": 352.3321323894248,
  "B_acf_sq_r_funct": 0.00030005085666807074,
  "B_acf_sq_r_der": 9.624107561629437e-06,
  "B_acf_sq_r_sec_der": 1.9897380973571174e-05,
  "B_acf_sq_r_funct_pct": 63.99067554300334,
  "B_acf_sq_r_der_pct": 159.58824757781593,
  "B_acf_sq_r_sec_der_pct": 550.2553561329067,
  "B_roll_vol_hist_funct": 394.98414635754176,
  "B_roll_vol_hist_der": 3.594940670625984,
  "B_roll_vol_hist_sec_der": 2.1933184947433264,
  "B_roll_vol_hist_funct_pct": 57.02701701745322,
  "B_roll_vol_hist_der_pct": 159.7791984045884,
  "B_roll_vol_hist_sec_der_pct": 539.4976890440705,
  "B_tail_surv_funct": 0.006586479496939982,
  "B_tail_surv_der": 6.596101289755644e-06,
  "B_tail_surv_sec_der": 5.48218158875575e-08,
  "B_tail_surv_funct_pct": 24.62935105089607,
  "B_tail_surv_der_pct": 21.943836936837474,
  "B_tail_surv_sec_der_pct": 15205.105276322098
}