{
  "seed": 1,
  "A1_kurtosis_error": 0.10496557183141642,
  "A2_abs_r_q95_error": 0.004424034686036114,
  "A3_abs_r_q99_error": 0.005854106560994866,
  "A4_tail_qq_error": 0.004372138614593214,
  "A5_hill_tail_index_error": 5.546431673052648,
  "A6_path_mmd2": 0.003091275792316439,
  "A7_terminal_mmd2": 0.0025183087745197508,
  "A8_increment_mmd2": 0.007130601664214309,
  "A9_volatility_mmd": 0.19284513101829914,
  "A10_terminal_swd": 0.9472768403865356,
  "A11_path_swd": 0.7267394564784069,
  "A12_rv_law_loss": 1.6805889131770226,
  "A13_mean_path_rmse": 0.7874108594710426,
  "A14_ks_logreturns": 0.04992002952755906,
  "A15_skewness_error": 0.0411573896364659,
  "A16_qq_rmse": 0.002234179363166433,
  "A17_terminal_ks": 0.0615234375,
  "A18_disc_score_gru": 0.174092,
  "A18_disc_score_mlp": 0.010223,
  "A19_pred_score_gru": 0.050138,
  "A19_pred_score_mlp": 0.050205,
  "A20_cov_error": 18.36234182647226,
  "A21_acf_abs": 0.016985850030979723,
  "A22_acf_sq": 0.015874133471792205,
  "A23_acf_lag1_abs_error": 0.007382039633266953,
  "A24_acf_lag1_sq_error": 0.006625636236020999,
  "A25_mean_rmse": 1.057715048419908,
  "A26_std_error": 0.22686610659398765,
  "A27_logreturn_std_error": 0.0022971023435590463,
  "A28_kurtosis_ratio": 0.8217570260032273,
  "A29_sigma_mean_error": 0.03707602091442949,
  "A30_vol_path_rmse": 0.4384313645172248,
  "A31_rolling_vol_ks": 0.18465367759146345,
  "A32_vol_of_vol_error": 0.0006456993572333683,
  "A33_sigma_corr": -0.00439311284884543,
  "A34_sigma_rmse": 0.10154729236844476,
  "compute_time_sec": 47.66,
  "B_log_ret_hist_funct": 12.104464066509415,
  "B_log_ret_hist_der": 0.2670972769254327,
  "B_log_ret_hist_sec_der": 0.1845945358729333,
  "B_log_ret_hist_funct_pct": 30.543550709420426,
  "B_log_ret_hist_der_pct": 54.05527397660763,
  "B_log_ret_hist_sec_der_pct": 491032.97732743033,
  "B_log_ret_hist_funct_nrmse": 9.521155707046338,
  "B_log_ret_hist_der_nrmse": 28.075945193485058,
  "B_log_ret_hist_sec_der_nrmse": 35.52704449633578,
  "B_qq_plot_funct": 5.20730279518436e-06,
  "B_qq_plot_der": 3.448365723508155e-08,
  "B_qq_plot_sec_der": 4.985518055149672e-09,
  "B_qq_plot_funct_pct": 24.271371122243938,
  "B_qq_plot_der_pct": 18.537279188296466,
  "B_qq_plot_sec_der_pct": 70.11010203866664,
  "B_qq_plot_funct_nrmse": 6.204478656728397,
  "B_qq_plot_der_nrmse": 2.589422295478026,
  "B_qq_plot_sec_der_nrmse": 1.8377303351356715,
  "B_acf_abs_r_funct": 0.0002691185082556207,
  "B_acf_abs_r_der": 2.3632716878355374e-05,
  "B_acf_abs_r_sec_der": 3.96075693468171e-05,
  "B_acf_abs_r_funct_pct": 61.312019827825836,
  "B_acf_abs_r_der_pct": 212.6877600294903,
  "B_acf_abs_r_sec_der_pct": 349.79223198621827,
  "B_acf_abs_r_funct_nrmse": 43.311633556371795,
  "B_acf_abs_r_der_nrmse": 106.98732601522794,
  "B_acf_abs_r_sec_der_nrmse": 115.38264477251164,
  "B_acf_sq_r_funct": 0.00023398250219067133,
  "B_acf_sq_r_der": 2.2674483414928218e-05,
  "B_acf_sq_r_sec_der": 3.789690584242431e-05,
  "B_acf_sq_r_funct_pct": 69.76479138361059,
  "B_acf_sq_r_der_pct": 1029.2744429932657,
  "B_acf_sq_r_sec_der_pct": 397.52109239144966,
  "B_acf_sq_r_funct_nrmse": 44.447433680919914,
  "B_acf_sq_r_der_nrmse": 84.39247703201559,
  "B_acf_sq_r_sec_der_nrmse": 85.3565355633745,
  "B_roll_vol_hist_funct": 333.573468474274,
  "B_roll_vol_hist_der": 3.242355396082838,
  "B_roll_vol_hist_sec_der": 3.336380078265325,
  "B_roll_vol_hist_funct_pct": 53.47806277646274,
  "B_roll_vol_hist_der_pct": 168.5968741847154,
  "B_roll_vol_hist_sec_der_pct": 285.9924667925099,
  "B_roll_vol_hist_funct_nrmse": 20.66858588769231,
  "B_roll_vol_hist_der_nrmse": 33.74676840452988,
  "B_roll_vol_hist_sec_der_nrmse": 35.63794629234016,
  "B_tail_surv_funct": 0.00492386186611254,
  "B_tail_surv_der": 5.0470735149653395e-06,
  "B_tail_surv_sec_der": 5.1260301082107023e-08,
  "B_tail_surv_funct_pct": 22.00112033518575,
  "B_tail_surv_der_pct": 18.916228162758518,
  "B_tail_surv_sec_der_pct": 15889.87361497357,
  "B_tail_surv_funct_nrmse": 7.0879036163368685,
  "B_tail_surv_der_nrmse": 233729.22984759076,
  "B_tail_surv_sec_der_nrmse": 23555.036908864255
}