{
  "seed": 3,
  "A1_kurtosis_error": 0.22437282161290728,
  "A2_abs_r_q95_error": 0.004429318366629697,
  "A3_abs_r_q99_error": 0.005972201583143575,
  "A4_tail_qq_error": 0.004368085531880165,
  "A5_hill_tail_index_error": 4.046334706268112,
  "A6_path_mmd2": 0.00377312191480611,
  "A7_terminal_mmd2": 0.005342269058818794,
  "A8_increment_mmd2": 0.007012903179604235,
  "A9_volatility_mmd": 0.19086273340471954,
  "A10_terminal_swd": 1.2398118773250622,
  "A11_path_swd": 0.9296956063817263,
  "A12_rv_law_loss": 1.6815958412311578,
  "A13_mean_path_rmse": 0.6355688325489504,
  "A14_ks_logreturns": 0.050366979884350405,
  "A15_skewness_error": 0.027859234317162196,
  "A16_qq_rmse": 0.002252061900555471,
  "A17_terminal_ks": 0.05810546875,
  "A18_disc_score_gru": 0.05264,
  "A18_disc_score_mlp": 0.001678,
  "A19_pred_score_gru": 0.053897,
  "A19_pred_score_mlp": 0.053971,
  "A20_cov_error": 13.555291420042835,
  "A21_acf_abs": 0.018629078606304993,
  "A22_acf_sq": 0.015404260628094926,
  "A23_acf_lag1_abs_error": 0.012455433283042106,
  "A24_acf_lag1_sq_error": 0.007744655033345135,
  "A25_mean_rmse": 0.9535065076600233,
  "A26_std_error": 0.2259733513185671,
  "A27_logreturn_std_error": 0.00230515984220612,
  "A28_kurtosis_ratio": 0.7865350923926674,
  "A29_sigma_mean_error": 0.03693401299232582,
  "A30_vol_path_rmse": 0.32203339544241777,
  "A31_rolling_vol_ks": 0.18726082158282525,
  "A32_vol_of_vol_error": 0.0006922398305157871,
  "A33_sigma_corr": 0.0037384753721436217,
  "A34_sigma_rmse": 0.10095273859331104,
  "compute_time_sec": 49.3,
  "B_log_ret_hist_funct": 13.149319278954831,
  "B_log_ret_hist_der": 0.35315676827975595,
  "B_log_ret_hist_sec_der": 0.33408280428951975,
  "B_log_ret_hist_funct_pct": 30.90149717378845,
  "B_log_ret_hist_der_pct": 410.61062063789365,
  "B_log_ret_hist_sec_der_pct": 115793.94921984465,
  "B_qq_plot_funct": 5.30272108905165e-06,
  "B_qq_plot_der": 3.947253385004881e-08,
  "B_qq_plot_sec_der": 7.3613982856398006e-09,
  "B_qq_plot_funct_pct": 24.900435593980337,
  "B_qq_plot_der_pct": 18.771201016794166,
  "B_qq_plot_sec_der_pct": 64.73435948146447,
  "B_acf_abs_r_funct": 0.00028494236642705493,
  "B_acf_abs_r_der": 1.0365123703356886e-05,
  "B_acf_abs_r_sec_der": 1.0782268605405861e-05,
  "B_acf_abs_r_funct_pct": 55.468357011074886,
  "B_acf_abs_r_der_pct": 108.23834257386056,
  "B_acf_abs_r_sec_der_pct": 247.79209410122766,
  "B_acf_sq_r_funct": 0.00020887827397063466,
  "B_acf_sq_r_der": 1.3600175647373896e-05,
  "B_acf_sq_r_sec_der": 1.4817462430158507e-05,
  "B_acf_sq_r_funct_pct": 54.43799798679792,
  "B_acf_sq_r_der_pct": 122.28240302675371,
  "B_acf_sq_r_sec_der_pct": 470.65657218685084,
  "B_roll_vol_hist_funct": 340.58498938492505,
  "B_roll_vol_hist_der": 2.8919059875509467,
  "B_roll_vol_hist_sec_der": 2.2197041730269316,
  "B_roll_vol_hist_funct_pct": 55.51752050219172,
  "B_roll_vol_hist_der_pct": 147.94893691735638,
  "B_roll_vol_hist_sec_der_pct": 431.1111636363479,
  "B_tail_surv_funct": 0.005183743329580013,
  "B_tail_surv_der": 5.265115132612908e-06,
  "B_tail_surv_sec_der": 6.075296339700422e-08,
  "B_tail_surv_funct_pct": 22.297387319836414,
  "B_tail_surv_der_pct": 19.35831939139537,
  "B_tail_surv_sec_der_pct": 16305.576066053149
}