{
  "seed": 3,
  "A1_kurtosis_error": 0.2240160923548653,
  "A2_abs_r_q95_error": 0.004498733318869123,
  "A3_abs_r_q99_error": 0.005987006993665587,
  "A4_tail_qq_error": 0.004420520244703593,
  "A5_hill_tail_index_error": 3.480874162892597,
  "A6_path_mmd2": 0.0024403357361418576,
  "A7_terminal_mmd2": 0.002093741927731818,
  "A8_increment_mmd2": 0.006472014782341162,
  "A9_volatility_mmd": 0.17187352428338304,
  "A10_terminal_swd": 1.196081153066116,
  "A11_path_swd": 0.6501839897379058,
  "A12_rv_law_loss": 1.705149254979221,
  "A13_mean_path_rmse": 0.7347980126883947,
  "A14_ks_logreturns": 0.05134642593503935,
  "A15_skewness_error": 0.018960153142822837,
  "A16_qq_rmse": 0.0022763965457899167,
  "A17_terminal_ks": 0.0615234375,
  "A18_disc_score_gru": 0.117333,
  "A18_disc_score_mlp": 0.00473,
  "A19_pred_score_gru": 0.050182,
  "A19_pred_score_mlp": 0.050139,
  "A20_cov_error": 19.56297073851357,
  "A21_acf_abs": 0.02117161445569945,
  "A22_acf_sq": 0.018364143461052,
  "A23_acf_lag1_abs_error": 0.0161333008848382,
  "A24_acf_lag1_sq_error": 0.011849711696365568,
  "A25_mean_rmse": 1.1514640789131079,
  "A26_std_error": 0.2269429271699659,
  "A27_logreturn_std_error": 0.002334630265665239,
  "A28_kurtosis_ratio": 0.8018921818381438,
  "A29_sigma_mean_error": 0.037292855217469584,
  "A30_vol_path_rmse": 0.5238051001910701,
  "A31_rolling_vol_ks": 0.1894541174415651,
  "A32_vol_of_vol_error": 0.0006932346710054448,
  "A33_sigma_corr": 0.00969337957183818,
  "A34_sigma_rmse": 0.10119176833170339,
  "compute_time_sec": 47.51,
  "B_log_ret_hist_funct": 13.196359091190004,
  "B_log_ret_hist_der": 0.35083457778253163,
  "B_log_ret_hist_sec_der": 0.345659158282259,
  "B_log_ret_hist_funct_pct": 31.16050876881305,
  "B_log_ret_hist_der_pct": 66.8160576183603,
  "B_log_ret_hist_sec_der_pct": 1373783.4094665723,
  "B_log_ret_hist_funct_nrmse": 9.941317567571891,
  "B_log_ret_hist_der_nrmse": 32.177392710745096,
  "B_log_ret_hist_sec_der_nrmse": 48.61538094918759,
  "B_qq_plot_funct": 5.414370392241062e-06,
  "B_qq_plot_der": 3.9060156595673906e-08,
  "B_qq_plot_sec_der": 6.99093165671775e-09,
  "B_qq_plot_funct_pct": 25.23845961297921,
  "B_qq_plot_der_pct": 18.919620432262512,
  "B_qq_plot_sec_der_pct": 70.26147120276208,
  "B_qq_plot_funct_nrmse": 6.326636172458368,
  "B_qq_plot_der_nrmse": 2.7558984674616216,
  "B_qq_plot_sec_der_nrmse": 2.176176748637506,
  "B_acf_abs_r_funct": 0.00035720601249657175,
  "B_acf_abs_r_der": 1.2331401653267174e-05,
  "B_acf_abs_r_sec_der": 2.1043332868038134e-05,
  "B_acf_abs_r_funct_pct": 70.54812767307048,
  "B_acf_abs_r_der_pct": 230.6012152217442,
  "B_acf_abs_r_sec_der_pct": 274.44386695725444,
  "B_acf_abs_r_funct_nrmse": 49.89903660193189,
  "B_acf_abs_r_der_nrmse": 77.2826007775799,
  "B_acf_abs_r_sec_der_nrmse": 84.10245172799962,
  "B_acf_sq_r_funct": 0.0002680479802783714,
  "B_acf_sq_r_der": 1.4855288268335964e-05,
  "B_acf_sq_r_sec_der": 2.560038225976745e-05,
  "B_acf_sq_r_funct_pct": 74.57031589930921,
  "B_acf_sq_r_der_pct": 886.9493680087115,
  "B_acf_sq_r_sec_der_pct": 212.3295640714451,
  "B_acf_sq_r_funct_nrmse": 47.57308000866463,
  "B_acf_sq_r_der_nrmse": 68.30863002216873,
  "B_acf_sq_r_sec_der_nrmse": 70.15491914510682,
  "B_roll_vol_hist_funct": 348.3336279888921,
  "B_roll_vol_hist_der": 3.3007978819275845,
  "B_roll_vol_hist_sec_der": 3.1529333260840664,
  "B_roll_vol_hist_funct_pct": 56.29971163010915,
  "B_roll_vol_hist_der_pct": 161.41163936037213,
  "B_roll_vol_hist_sec_der_pct": 253.64397967912336,
  "B_roll_vol_hist_funct_nrmse": 21.120914333985162,
  "B_roll_vol_hist_der_nrmse": 34.04954782219104,
  "B_roll_vol_hist_sec_der_nrmse": 34.64434085393195,
  "B_tail_surv_funct": 0.005239305720809551,
  "B_tail_surv_der": 5.331459073113684e-06,
  "B_tail_surv_sec_der": 4.4361669114661044e-08,
  "B_tail_surv_funct_pct": 22.453255627492272,
  "B_tail_surv_der_pct": 19.510737711892435,
  "B_tail_surv_sec_der_pct": 13990.859830850712,
  "B_tail_surv_funct_nrmse": 7.311420183608454,
  "B_tail_surv_der_nrmse": 240223.92166526848,
  "B_tail_surv_sec_der_nrmse": 21912.763515299896
}