{
  "seed": 0,
  "A1_kurtosis_error": 0.07840085090782978,
  "A2_abs_r_q95_error": 0.004049724746447353,
  "A3_abs_r_q99_error": 0.005633737147700019,
  "A4_tail_qq_error": 0.004008277289573069,
  "A5_hill_tail_index_error": 2.420129125648703,
  "A6_path_mmd2": 0.004308271588826462,
  "A7_terminal_mmd2": 0.004961555821857533,
  "A8_increment_mmd2": 0.0062898172498877525,
  "A9_volatility_mmd": 0.17068345542080798,
  "A10_terminal_swd": 1.5891664806708257,
  "A11_path_swd": 1.1279432597660977,
  "A12_rv_law_loss": 1.5578161996049045,
  "A13_mean_path_rmse": 0.780353136029642,
  "A14_ks_logreturns": 0.04645496278297245,
  "A15_skewness_error": 0.04725802101766338,
  "A16_qq_rmse": 0.002058068708202176,
  "A17_terminal_ks": 0.0599365234375,
  "A18_disc_score_gru": 0.021514,
  "A18_disc_score_mlp": 0.008087,
  "A19_pred_score_gru": 0.053805,
  "A19_pred_score_mlp": 0.054722,
  "A20_cov_error": 6.012517973146771,
  "A21_acf_abs": 0.015240662345418703,
  "A22_acf_sq": 0.013999544556599377,
  "A23_acf_lag1_abs_error": 0.003007479282142518,
  "A24_acf_lag1_sq_error": 0.0011178489211831275,
  "A25_mean_rmse": 1.1148819292250494,
  "A26_std_error": 0.20962610728328013,
  "A27_logreturn_std_error": 0.0021178662915824244,
  "A28_kurtosis_ratio": 0.8372309711397045,
  "A29_sigma_mean_error": 0.03440684283125087,
  "A30_vol_path_rmse": 0.13169210286106572,
  "A31_rolling_vol_ks": 0.16672125095274387,
  "A32_vol_of_vol_error": 0.0006094170414622044,
  "A33_sigma_corr": -0.0001623365089072273,
  "A34_sigma_rmse": 0.10052266703717663,
  "compute_time_sec": 56.23,
  "B_log_ret_hist_funct": 10.370130561065357,
  "B_log_ret_hist_der": 0.2636783574875288,
  "B_log_ret_hist_sec_der": 0.26650948539130936,
  "B_log_ret_hist_funct_pct": 28.345308990832752,
  "B_log_ret_hist_der_pct": 481.5374378687273,
  "B_log_ret_hist_sec_der_pct": 30169.316467540182,
  "B_qq_plot_funct": 4.443614577831101e-06,
  "B_qq_plot_der": 3.7092381434545535e-08,
  "B_qq_plot_sec_der": 7.2714370623150846e-09,
  "B_qq_plot_funct_pct": 23.21451200155527,
  "B_qq_plot_der_pct": 17.140454256280865,
  "B_qq_plot_sec_der_pct": 56.040404701116145,
  "B_acf_abs_r_funct": 0.00025294253858866757,
  "B_acf_abs_r_der": 3.613647928933939e-05,
  "B_acf_abs_r_sec_der": 8.088362980345268e-05,
  "B_acf_abs_r_funct_pct": 52.139998583319944,
  "B_acf_abs_r_der_pct": 176.78946069797857,
  "B_acf_abs_r_sec_der_pct": 584.5295875755472,
  "B_acf_sq_r_funct": 0.00021857712220546278,
  "B_acf_sq_r_der": 4.353233764258051e-05,
  "B_acf_sq_r_sec_der": 0.00010250586691819879,
  "B_acf_sq_r_funct_pct": 56.498338619901425,
  "B_acf_sq_r_der_pct": 255.8937118645899,
  "B_acf_sq_r_sec_der_pct": 658.2258545884815,
  "B_roll_vol_hist_funct": 272.56584394209824,
  "B_roll_vol_hist_der": 2.749251462996494,
  "B_roll_vol_hist_sec_der": 2.5433745815692763,
  "B_roll_vol_hist_funct_pct": 50.005226751905866,
  "B_roll_vol_hist_der_pct": 147.3081850025615,
  "B_roll_vol_hist_sec_der_pct": 430.2374451516604,
  "B_tail_surv_funct": 0.004186515973857674,
  "B_tail_surv_der": 4.291648508249497e-06,
  "B_tail_surv_sec_der": 5.8799300176611325e-08,
  "B_tail_surv_funct_pct": 20.397967309277014,
  "B_tail_surv_der_pct": 17.451284382499825,
  "B_tail_surv_sec_der_pct": 16452.342270045243
}