{
  "seed": 0,
  "A1_kurtosis_error": 0.0780441216497878,
  "A2_abs_r_q95_error": 0.004119139698686779,
  "A3_abs_r_q99_error": 0.0056485425582220306,
  "A4_tail_qq_error": 0.004060712002396498,
  "A5_hill_tail_index_error": 1.854668582273188,
  "A6_path_mmd2": 0.0034125105669673417,
  "A7_terminal_mmd2": 0.0039025024578580036,
  "A8_increment_mmd2": 0.005662473486107267,
  "A9_volatility_mmd": 0.15905934567718288,
  "A10_terminal_swd": 1.4637990246039998,
  "A11_path_swd": 0.9891355563646403,
  "A12_rv_law_loss": 1.5808989196141712,
  "A13_mean_path_rmse": 0.8771286168304222,
  "A14_ks_logreturns": 0.047299843134842534,
  "A15_skewness_error": 0.03835893984332402,
  "A16_qq_rmse": 0.0020824473582303636,
  "A17_terminal_ks": 0.064697265625,
  "A18_disc_score_gru": 0.051724,
  "A18_disc_score_mlp": 0.008087,
  "A19_pred_score_gru": 0.050108,
  "A19_pred_score_mlp": 0.050272,
  "A20_cov_error": 12.020197291617507,
  "A21_acf_abs": 0.017783198194813155,
  "A22_acf_sq": 0.01695942738955645,
  "A23_acf_lag1_abs_error": 0.0066853468839386115,
  "A24_acf_lag1_sq_error": 0.0052229055842035604,
  "A25_mean_rmse": 1.312839500478134,
  "A26_std_error": 0.2105956831346789,
  "A27_logreturn_std_error": 0.002147336715041543,
  "A28_kurtosis_ratio": 0.8535778970870297,
  "A29_sigma_mean_error": 0.03476568505639463,
  "A30_vol_path_rmse": 0.31550085447550114,
  "A31_rolling_vol_ks": 0.1689780630716463,
  "A32_vol_of_vol_error": 0.0006104118819518622,
  "A33_sigma_corr": -0.0044119846543969115,
  "A34_sigma_rmse": 0.10114807113491917,
  "compute_time_sec": 52.04,
  "B_log_ret_hist_funct": 10.4131481209125,
  "B_log_ret_hist_der": 0.24534411605814588,
  "B_log_ret_hist_sec_der": 0.2001813885926573,
  "B_log_ret_hist_funct_pct": 28.625979155145277,
  "B_log_ret_hist_der_pct": 53.9730666640016,
  "B_log_ret_hist_sec_der_pct": 841061.8272993026,
  "B_log_ret_hist_funct_nrmse": 8.83095980082925,
  "B_log_ret_hist_der_nrmse": 26.90837548451398,
  "B_log_ret_hist_sec_der_nrmse": 36.9965739193823,
  "B_qq_plot_funct": 4.5454532559194774e-06,
  "B_qq_plot_der": 3.6175916708441746e-08,
  "B_qq_plot_sec_der": 6.877943724510712e-09,
  "B_qq_plot_funct_pct": 23.560880329413123,
  "B_qq_plot_der_pct": 17.29142211914995,
  "B_qq_plot_sec_der_pct": 70.44370185547876,
  "B_qq_plot_funct_nrmse": 5.796788792138206,
  "B_qq_plot_der_nrmse": 2.6521983210570026,
  "B_qq_plot_sec_der_nrmse": 2.158519351675176,
  "B_acf_abs_r_funct": 0.00031742659624804247,
  "B_acf_abs_r_der": 3.261373331041475e-05,
  "B_acf_abs_r_sec_der": 7.228952777675281e-05,
  "B_acf_abs_r_funct_pct": 66.81322380171018,
  "B_acf_abs_r_der_pct": 236.47470488482494,
  "B_acf_abs_r_sec_der_pct": 492.38995233418007,
  "B_acf_abs_r_funct_nrmse": 47.03860533967684,
  "B_acf_abs_r_der_nrmse": 125.68277608464473,
  "B_acf_abs_r_sec_der_nrmse": 155.8795300441509,
  "B_acf_sq_r_funct": 0.0002753320242283818,
  "B_acf_sq_r_der": 3.8421638724247304e-05,
  "B_acf_sq_r_sec_der": 9.01338571871876e-05,
  "B_acf_sq_r_funct_pct": 77.06437189977213,
  "B_acf_sq_r_der_pct": 1126.9539842795887,
  "B_acf_sq_r_sec_der_pct": 607.2571917195052,
  "B_acf_sq_r_funct_nrmse": 48.21513243138433,
  "B_acf_sq_r_der_nrmse": 109.85579605532874,
  "B_acf_sq_r_sec_der_nrmse": 131.6372744602014,
  "B_roll_vol_hist_funct": 279.50615171684535,
  "B_roll_vol_hist_der": 2.946798292308074,
  "B_roll_vol_hist_sec_der": 2.770795141974277,
  "B_roll_vol_hist_funct_pct": 50.75234441532187,
  "B_roll_vol_hist_der_pct": 162.20473142980342,
  "B_roll_vol_hist_sec_der_pct": 296.5540835023086,
  "B_roll_vol_hist_funct_nrmse": 18.919545487025545,
  "B_roll_vol_hist_der_nrmse": 32.17192796638911,
  "B_roll_vol_hist_sec_der_nrmse": 32.477090693461214,
  "B_tail_surv_funct": 0.004237679345665481,
  "B_tail_surv_der": 4.3620566444366726e-06,
  "B_tail_surv_sec_der": 5.933350665739609e-08,
  "B_tail_surv_funct_pct": 20.56423206351947,
  "B_tail_surv_der_pct": 17.62865151873848,
  "B_tail_surv_sec_der_pct": 15627.235423705835,
  "B_tail_surv_funct_nrmse": 6.5755020681815575,
  "B_tail_surv_der_nrmse": 217289.5613369717,
  "B_tail_surv_sec_der_nrmse": 25342.136209306405
}