{
  "seed": 4,
  "A1_kurtosis_error": 0.2610539024288725,
  "A2_abs_r_q95_error": 0.004891221368091569,
  "A3_abs_r_q99_error": 0.006474978398336377,
  "A4_tail_qq_error": 0.0048236469716906915,
  "A5_hill_tail_index_error": 4.231891885548009,
  "A6_path_mmd2": 0.004871750300856237,
  "A7_terminal_mmd2": 0.005150770099361768,
  "A8_increment_mmd2": 0.008863183990465151,
  "A9_volatility_mmd": 0.24030206396117354,
  "A10_terminal_swd": 1.4241079961709229,
  "A11_path_swd": 0.796125656988266,
  "A12_rv_law_loss": 1.8598744592387575,
  "A13_mean_path_rmse": 0.5152479432546258,
  "A14_ks_logreturns": 0.057746947281003935,
  "A15_skewness_error": 0.030636849813094537,
  "A16_qq_rmse": 0.0025104599817231303,
  "A17_terminal_ks": 0.0447998046875,
  "A18_disc_score_gru": 0.005645,
  "A18_disc_score_mlp": 0.0148,
  "A19_pred_score_gru": 0.050158,
  "A19_pred_score_mlp": 0.050227,
  "A20_cov_error": 51.34645106566353,
  "A21_acf_abs": 0.02744296417416358,
  "A22_acf_sq": 0.024325588158439625,
  "A23_acf_lag1_abs_error": 0.02871115518209303,
  "A24_acf_lag1_sq_error": 0.02479407790690881,
  "A25_mean_rmse": 0.8222530776286874,
  "A26_std_error": 0.2524207118535058,
  "A27_logreturn_std_error": 0.002572712588409522,
  "A28_kurtosis_ratio": 0.7612672540641789,
  "A29_sigma_mean_error": 0.04112668762269228,
  "A30_vol_path_rmse": 1.2344632776426039,
  "A31_rolling_vol_ks": 0.20003155964176833,
  "A32_vol_of_vol_error": 0.0006516455091655424,
  "A33_sigma_corr": 0.005595749123701916,
  "A34_sigma_rmse": 0.10290228146719665,
  "compute_time_sec": 47.61,
  "B_log_ret_hist_funct": 17.020907536413368,
  "B_log_ret_hist_der": 0.38860356662487355,
  "B_log_ret_hist_sec_der": 0.20458278172655445,
  "B_log_ret_hist_funct_pct": 34.01309676541564,
  "B_log_ret_hist_der_pct": 62.16386295178891,
  "B_log_ret_hist_sec_der_pct": 804068.5484000853,
  "B_log_ret_hist_funct_nrmse": 11.290371729095257,
  "B_log_ret_hist_der_nrmse": 33.86515337804731,
  "B_log_ret_hist_sec_der_nrmse": 37.40108480330952,
  "B_qq_plot_funct": 6.572872441828559e-06,
  "B_qq_plot_der": 4.3263319594403234e-08,
  "B_qq_plot_sec_der": 8.465858789472342e-09,
  "B_qq_plot_funct_pct": 26.670814173112213,
  "B_qq_plot_der_pct": 20.900231789417038,
  "B_qq_plot_sec_der_pct": 60.87996713717773,
  "B_qq_plot_funct_nrmse": 6.970701425105689,
  "B_qq_plot_der_nrmse": 2.9003882907427476,
  "B_qq_plot_sec_der_nrmse": 2.3947608389870165,
  "B_acf_abs_r_funct": 0.0004821572471830029,
  "B_acf_abs_r_der": 9.490717241711721e-06,
  "B_acf_abs_r_sec_der": 2.1384653271219902e-05,
  "B_acf_abs_r_funct_pct": 79.32415722037615,
  "B_acf_abs_r_der_pct": 201.44488790618794,
  "B_acf_abs_r_sec_der_pct": 317.27522709036907,
  "B_acf_abs_r_funct_nrmse": 57.97318089963386,
  "B_acf_abs_r_der_nrmse": 67.79927102307123,
  "B_acf_abs_r_sec_der_nrmse": 84.78177415144303,
  "B_acf_sq_r_funct": 0.0003728077531640726,
  "B_acf_sq_r_der": 1.0885025584481185e-05,
  "B_acf_sq_r_sec_der": 2.596337360454012e-05,
  "B_acf_sq_r_funct_pct": 85.59229735402889,
  "B_acf_sq_r_der_pct": 1068.739020862098,
  "B_acf_sq_r_sec_der_pct": 689.6738322784519,
  "B_acf_sq_r_funct_nrmse": 56.104470498604734,
  "B_acf_sq_r_der_nrmse": 58.47224391755198,
  "B_acf_sq_r_sec_der_nrmse": 70.65053660080014,
  "B_roll_vol_hist_funct": 403.65876720451627,
  "B_roll_vol_hist_der": 4.050411567074874,
  "B_roll_vol_hist_sec_der": 3.2008713435812783,
  "B_roll_vol_hist_funct_pct": 57.84189039384769,
  "B_roll_vol_hist_der_pct": 178.46416533945307,
  "B_roll_vol_hist_sec_der_pct": 254.97016586700641,
  "B_roll_vol_hist_funct_nrmse": 22.73642654888701,
  "B_roll_vol_hist_der_nrmse": 37.718243527113664,
  "B_roll_vol_hist_sec_der_nrmse": 34.906718083229386,
  "B_tail_surv_funct": 0.006647052031854118,
  "B_tail_surv_der": 6.673089712714768e-06,
  "B_tail_surv_sec_der": 5.5067113819825606e-08,
  "B_tail_surv_funct_pct": 24.780259209954977,
  "B_tail_surv_der_pct": 22.092756827254203,
  "B_tail_surv_sec_der_pct": 14699.622764351736,
  "B_tail_surv_funct_nrmse": 8.235299763674467,
  "B_tail_surv_der_nrmse": 268755.0877095679,
  "B_tail_surv_sec_der_nrmse": 24414.02416629373
}