{
  "seed": 1,
  "A1_kurtosis_error": 0.10532230108945839,
  "A2_abs_r_q95_error": 0.004354619733796687,
  "A3_abs_r_q99_error": 0.0058393011504728545,
  "A4_tail_qq_error": 0.004319703901769783,
  "A5_hill_tail_index_error": 6.1118922164281635,
  "A6_path_mmd2": 0.0030123643384501464,
  "A7_terminal_mmd2": 0.002794442229916594,
  "A8_increment_mmd2": 0.0066256822286501205,
  "A9_volatility_mmd": 0.1818040273023307,
  "A10_terminal_swd": 0.8285754839592443,
  "A11_path_swd": 0.5493694678372298,
  "A12_rv_law_loss": 1.6570354994289591,
  "A13_mean_path_rmse": 0.6936092488159893,
  "A14_ks_logreturns": 0.04894923412893698,
  "A15_skewness_error": 0.05005647081080526,
  "A16_qq_rmse": 0.0022099951082288514,
  "A17_terminal_ks": 0.0560302734375,
  "A18_disc_score_gru": 0.000153,
  "A18_disc_score_mlp": 0.010833,
  "A19_pred_score_gru": 0.053892,
  "A19_pred_score_mlp": 0.053853,
  "A20_cov_error": 12.354662508001525,
  "A21_acf_abs": 0.014443314181585268,
  "A22_acf_sq": 0.01291425063883513,
  "A23_acf_lag1_abs_error": 0.0037041720314708593,
  "A24_acf_lag1_sq_error": 0.0025205795730005656,
  "A25_mean_rmse": 0.8597574771668235,
  "A26_std_error": 0.22589653074258886,
  "A27_logreturn_std_error": 0.0022676319200999277,
  "A28_kurtosis_ratio": 0.8060195036322616,
  "A29_sigma_mean_error": 0.03671717868928573,
  "A30_vol_path_rmse": 0.2439087104099316,
  "A31_rolling_vol_ks": 0.18242564627794722,
  "A32_vol_of_vol_error": 0.0006447045167437106,
  "A33_sigma_corr": -9.42401279812145e-05,
  "A34_sigma_rmse": 0.10090291361808457,
  "compute_time_sec": 53.62,
  "B_log_ret_hist_funct": 12.06159345421233,
  "B_log_ret_hist_der": 0.31108015243881443,
  "B_log_ret_hist_sec_der": 0.32066608479053255,
  "B_log_ret_hist_funct_pct": 30.264926620025378,
  "B_log_ret_hist_der_pct": 439.15417034090115,
  "B_log_ret_hist_sec_der_pct": 88558.62783023674,
  "B_qq_plot_funct": 5.099094368451797e-06,
  "B_qq_plot_der": 3.532617455208859e-08,
  "B_qq_plot_sec_der": 5.2982182695768685e-09,
  "B_qq_plot_funct_pct": 23.94305406660955,
  "B_qq_plot_der_pct": 18.386354307308757,
  "B_qq_plot_sec_der_pct": 69.40378991175848,
  "B_acf_abs_r_funct": 0.0002096656477779119,
  "B_acf_abs_r_der": 2.4166751759716647e-05,
  "B_acf_abs_r_sec_der": 3.6373146631553686e-05,
  "B_acf_abs_r_funct_pct": 46.91903513149297,
  "B_acf_abs_r_der_pct": 123.8342266017805,
  "B_acf_abs_r_sec_der_pct": 365.4505927260066,
  "B_acf_sq_r_funct": 0.0001817308871660649,
  "B_acf_sq_r_der": 2.4829418163092476e-05,
  "B_acf_sq_r_sec_der": 3.787356334694031e-05,
  "B_acf_sq_r_funct_pct": 49.80852687385043,
  "B_acf_sq_r_der_pct": 178.1907118836275,
  "B_acf_sq_r_sec_der_pct": 1007.7120081610209,
  "B_roll_vol_hist_funct": 326.1883338704986,
  "B_roll_vol_hist_der": 2.826729865874452,
  "B_roll_vol_hist_sec_der": 2.3164752553967185,
  "B_roll_vol_hist_funct_pct": 52.7180121545634,
  "B_roll_vol_hist_der_pct": 184.02384809122546,
  "B_roll_vol_hist_sec_der_pct": 349.585575762045,
  "B_tail_surv_funct": 0.004868824207610535,
  "B_tail_surv_der": 4.979086478835074e-06,
  "B_tail_surv_sec_der": 5.2957221647335146e-08,
  "B_tail_surv_funct_pct": 21.841991340572935,
  "B_tail_surv_der_pct": 18.74109162888581,
  "B_tail_surv_sec_der_pct": 15733.686062304225
}