{
  "seed": 2,
  "A1_kurtosis_error": 0.013500348184655842,
  "A2_abs_r_q95_error": 0.004642767155306919,
  "A3_abs_r_q99_error": 0.006323450951701986,
  "A4_tail_qq_error": 0.004542294700103543,
  "A5_hill_tail_index_error": 3.7693346699236194,
  "A6_path_mmd2": 0.003348762604518496,
  "A7_terminal_mmd2": 0.0055237827196306655,
  "A8_increment_mmd2": 0.006964032382792196,
  "A9_volatility_mmd": 0.2020152514092084,
  "A10_terminal_swd": 1.7469553459371985,
  "A11_path_swd": 1.2282718925723892,
  "A12_rv_law_loss": 1.703262123099721,
  "A13_mean_path_rmse": 0.8817434378671909,
  "A14_ks_logreturns": 0.0478630967027559,
  "A15_skewness_error": 0.024839725608148296,
  "A16_qq_rmse": 0.0022352567948686823,
  "A17_terminal_ks": 0.0435791015625,
  "A18_disc_score_gru": 0.009918,
  "A18_disc_score_mlp": 0.007171,
  "A19_pred_score_gru": 0.050108,
  "A19_pred_score_mlp": 0.050079,
  "A20_cov_error": 11.740079447310194,
  "A21_acf_abs": 0.015573727415732886,
  "A22_acf_sq": 0.015307343336413426,
  "A23_acf_lag1_abs_error": 0.017219210759548444,
  "A24_acf_lag1_sq_error": 0.01767110714183208,
  "A25_mean_rmse": 0.8230424980980899,
  "A26_std_error": 0.2410415431513726,
  "A27_logreturn_std_error": 0.0023297232394128824,
  "A28_kurtosis_ratio": 0.9665193637246323,
  "A29_sigma_mean_error": 0.03688555905938731,
  "A30_vol_path_rmse": 0.3385491358174926,
  "A31_rolling_vol_ks": 0.18169620172764234,
  "A32_vol_of_vol_error": 0.0007792790744266991,
  "A33_sigma_corr": -0.002964852722029239,
  "A34_sigma_rmse": 0.10008075141193648,
  "compute_time_sec": 48.39,
  "B_log_ret_hist_funct": 10.509921876409157,
  "B_log_ret_hist_der": 0.21884657916242392,
  "B_log_ret_hist_sec_der": 0.1453259355260434,
  "B_log_ret_hist_funct_pct": 29.988886495745547,
  "B_log_ret_hist_der_pct": 54.77160070713999,
  "B_log_ret_hist_sec_der_pct": 416.50255220067197,
  "B_log_ret_hist_funct_nrmse": 8.871899810355593,
  "B_log_ret_hist_der_nrmse": 25.413795855981984,
  "B_log_ret_hist_sec_der_nrmse": 31.522541335338428,
  "B_qq_plot_funct": 5.2667863114411425e-06,
  "B_qq_plot_der": 4.738913627404034e-08,
  "B_qq_plot_sec_der": 8.652834298417779e-09,
  "B_qq_plot_funct_pct": 19.150984156842313,
  "B_qq_plot_der_pct": 18.180930644223622,
  "B_qq_plot_sec_der_pct": 41.80740759911424,
  "B_qq_plot_funct_nrmse": 6.2398152056809115,
  "B_qq_plot_der_nrmse": 3.03553762227598,
  "B_qq_plot_sec_der_nrmse": 2.4210615529079775,
  "B_acf_abs_r_funct": 0.00012479858052135835,
  "B_acf_abs_r_der": 1.0013699521194928e-05,
  "B_acf_abs_r_sec_der": 3.160678431319213e-05,
  "B_acf_abs_r_funct_pct": 37.06560480578581,
  "B_acf_abs_r_der_pct": 197.21842037695149,
  "B_acf_abs_r_sec_der_pct": 290.77973615539537,
  "B_acf_abs_r_funct_nrmse": 29.49426673050221,
  "B_acf_abs_r_der_nrmse": 69.64224855062145,
  "B_acf_abs_r_sec_der_nrmse": 103.07220105659304,
  "B_acf_sq_r_funct": 0.00011921263290656701,
  "B_acf_sq_r_der": 1.0461989878218844e-05,
  "B_acf_sq_r_sec_der": 3.32622627938331e-05,
  "B_acf_sq_r_funct_pct": 44.73122990892101,
  "B_acf_sq_r_der_pct": 401.3819679878999,
  "B_acf_sq_r_sec_der_pct": 722.655621766081,
  "B_acf_sq_r_funct_nrmse": 31.726059912476167,
  "B_acf_sq_r_der_nrmse": 57.32475156128988,
  "B_acf_sq_r_sec_der_nrmse": 79.96699908250514,
  "B_roll_vol_hist_funct": 311.0916510605969,
  "B_roll_vol_hist_der": 3.281515527073149,
  "B_roll_vol_hist_sec_der": 3.6875752043863996,
  "B_roll_vol_hist_funct_pct": 53.56683470931994,
  "B_roll_vol_hist_der_pct": 148.49057884240696,
  "B_roll_vol_hist_sec_der_pct": 293.4480359508337,
  "B_roll_vol_hist_funct_nrmse": 19.959938161718352,
  "B_roll_vol_hist_der_nrmse": 33.94994809624702,
  "B_roll_vol_hist_sec_der_nrmse": 37.46669219057274,
  "B_tail_surv_funct": 0.00455946260225611,
  "B_tail_surv_der": 4.799875316085173e-06,
  "B_tail_surv_sec_der": 5.7098429579341446e-08,
  "B_tail_surv_funct_pct": 21.570561727477916,
  "B_tail_surv_der_pct": 18.008247349885284,
  "B_tail_surv_sec_der_pct": 12643321.356868729,
  "B_tail_surv_funct_nrmse": 6.820586196937621,
  "B_tail_surv_der_nrmse": 227933.51650865344,
  "B_tail_surv_sec_der_nrmse": 24860.238715957305
}