{
  "seed": 2,
  "A1_kurtosis_error": 0.013857077442697818,
  "A2_abs_r_q95_error": 0.004573352203067493,
  "A3_abs_r_q99_error": 0.006308645541179974,
  "A4_tail_qq_error": 0.004489859987280114,
  "A5_hill_tail_index_error": 4.3347952132991345,
  "A6_path_mmd2": 0.003182467613015938,
  "A7_terminal_mmd2": 0.004365645706211341,
  "A8_increment_mmd2": 0.006602162129252909,
  "A9_volatility_mmd": 0.19044703277350367,
  "A10_terminal_swd": 1.8562376429718308,
  "A11_path_swd": 1.0481543007702065,
  "A12_rv_law_loss": 1.6797087093516576,
  "A13_mean_path_rmse": 0.9620393514415463,
  "A14_ks_logreturns": 0.04801015778789375,
  "A15_skewness_error": 0.033738806782487654,
  "A16_qq_rmse": 0.0022118798330117554,
  "A17_terminal_ks": 0.0499267578125,
  "A18_disc_score_gru": 0.038602,
  "A18_disc_score_mlp": 0.006256,
  "A19_pred_score_gru": 0.053832,
  "A19_pred_score_mlp": 0.053824,
  "A20_cov_error": 5.732400128839458,
  "A21_acf_abs": 0.013031191566338434,
  "A22_acf_sq": 0.01234746050345635,
  "A23_acf_lag1_abs_error": 0.01354134315775235,
  "A24_acf_lag1_sq_error": 0.013566050478811646,
  "A25_mean_rmse": 1.0210000693511745,
  "A26_std_error": 0.24007196729997382,
  "A27_logreturn_std_error": 0.0023002528159537638,
  "A28_kurtosis_ratio": 0.9480094883876757,
  "A29_sigma_mean_error": 0.03652671683424355,
  "A30_vol_path_rmse": 0.16575682955358714,
  "A31_rolling_vol_ks": 0.1795257320248984,
  "A32_vol_of_vol_error": 0.0007782842339370414,
  "A33_sigma_corr": 0.009331984493636095,
  "A34_sigma_rmse": 0.09911590451471841,
  "compute_time_sec": 50.04,
  "B_log_ret_hist_funct": 10.45413214389597,
  "B_log_ret_hist_der": 0.2551401116832425,
  "B_log_ret_hist_sec_der": 0.260648466314483,
  "B_log_ret_hist_funct_pct": 30.154894362587868,
  "B_log_ret_hist_der_pct": 396.87240588755407,
  "B_log_ret_hist_sec_der_pct": 38445.480950285135,
  "B_qq_plot_funct": 5.161678942787037e-06,
  "B_qq_plot_der": 4.8245042565647245e-08,
  "B_qq_plot_sec_der": 9.214876655746612e-09,
  "B_qq_plot_funct_pct": 19.274105444998288,
  "B_qq_plot_der_pct": 18.31946666076725,
  "B_qq_plot_sec_der_pct": 70.80715822175334,
  "B_acf_abs_r_funct": 8.658472947161432e-05,
  "B_acf_abs_r_der": 1.4404014781638771e-05,
  "B_acf_abs_r_sec_der": 4.8285299717232725e-05,
  "B_acf_abs_r_funct_pct": 25.485278027262808,
  "B_acf_abs_r_der_pct": 170.25651816134405,
  "B_acf_abs_r_sec_der_pct": 504.82233433194244,
  "B_acf_sq_r_funct": 8.2411374860379e-05,
  "B_acf_sq_r_der": 1.5078432877942488e-05,
  "B_acf_sq_r_sec_der": 5.311522866190504e-05,
  "B_acf_sq_r_funct_pct": 28.725335948360215,
  "B_acf_sq_r_der_pct": 199.6016237942761,
  "B_acf_sq_r_sec_der_pct": 864.891605302145,
  "B_roll_vol_hist_funct": 304.1036076333027,
  "B_roll_vol_hist_der": 2.614793590239075,
  "B_roll_vol_hist_sec_der": 1.8593486037862912,
  "B_roll_vol_hist_funct_pct": 53.501685485518195,
  "B_roll_vol_hist_der_pct": 164.80195311876815,
  "B_roll_vol_hist_sec_der_pct": 581.2794214419879,
  "B_tail_surv_funct": 0.004504997112442212,
  "B_tail_surv_der": 4.723228698451329e-06,
  "B_tail_surv_sec_der": 4.738225578574222e-08,
  "B_tail_surv_funct_pct": 21.728561089683726,
  "B_tail_surv_der_pct": 17.86183985756554,
  "B_tail_surv_sec_der_pct": 14706.912878977426
}