{
  "scale_minmax": [
    39.893609418078476,
    155.57898269218714
  ],
  "n_seeds": 5,
  "n_samples": 8192,
  "context_fid": {
    "mean": 0.03073250670893122,
    "std": 0.007702239036144969,
    "seeds": [
      0.038271886963911705,
      0.029538492098284925,
      0.01677795320399529,
      0.03182831199309645,
      0.037245889285367706
    ]
  },
  "correlational": {
    "mean": 5.9604645663569045e-09,
    "std": 5.3312015791411375e-09,
    "seeds": [
      1.1920929132713809e-08,
      5.9604645663569045e-09,
      1.1920929132713809e-08,
      0.0,
      0.0
    ]
  },
  "discriminative": {
    "mean": 0.0,
    "std": 0.0,
    "seeds": [
      0.0,
      0.0,
      0.0,
      0.0,
      0.0
    ]
  },
  "predictive": {
    "mean": 0.06529397744795915,
    "std": 1.636121624307425e-05,
    "seeds": [
      0.06527957526009232,
      0.06529966581103963,
      0.06532293633176778,
      0.06528910460110637,
      0.06527860523578966
    ]
  }
}