{
  "discriminative": {
    "mean": 0.09140518417462484,
    "ci95": 0.017756180795883095,
    "runs": [
      0.09890859481582537,
      0.09072305593451568,
      0.06684856753069579,
      0.09959072305593453,
      0.10095497953615284
    ]
  },
  "predictive": {
    "mean": 0.03705005679296859,
    "ci95": 4.8174032945770715e-05,
    "runs": [
      0.03710832772147041,
      0.037052206440504734,
      0.03704017680341806,
      0.037049748628793955,
      0.036999824370655826
    ]
  },
  "n_iter": 5,
  "n_samples": 3662
}