{
  "dataset": "Stocks (Google daily, 6 features)",
  "seq_length": 24,
  "n_samples": 3662,
  "n_iter": 5,
  "training": "released code + Config/stocks.yaml verbatim, 10000 steps, EMA, milestone-10",
  "paper_table1": {
    "context_fid": {
      "mean": 0.147,
      "ci95": 0.025
    },
    "correlational": {
      "mean": 0.004,
      "ci95": 0.001
    },
    "discriminative": {
      "mean": 0.067,
      "ci95": 0.015
    },
    "predictive": {
      "mean": 0.036,
      "ci95": 0.0
    }
  },
  "ours": {
    "context_fid": {
      "mean": 0.2024336922527849,
      "ci95": 0.02448152423364567,
      "runs": [
        0.21249174582252178,
        0.1735483193962515,
        0.21604111781115218,
        0.1905405510157083,
        0.21954672721829077
      ]
    },
    "correlational": {
      "mean": 0.01058272086083889,
      "ci95": 0.0,
      "runs": [
        0.01058272086083889,
        0.01058272086083889,
        0.01058272086083889,
        0.01058272086083889,
        0.01058272086083889
      ]
    },
    "discriminative": {
      "mean": 0.09140518417462484,
      "ci95": 0.017756180795883095,
      "runs": [
        0.09890859481582537,
        0.09072305593451568,
        0.06684856753069579,
        0.09959072305593453,
        0.10095497953615284
      ]
    },
    "predictive": {
      "mean": 0.03705005679296859,
      "ci95": 4.8174032945770715e-05,
      "runs": [
        0.03710832772147041,
        0.037052206440504734,
        0.03704017680341806,
        0.037049748628793955,
        0.036999824370655826
      ]
    }
  }
}