{
  "context_fid": {
    "mean": 0.2024336922527849,
    "ci95": 0.02448152423364567,
    "runs": [
      0.21249174582252178,
      0.1735483193962515,
      0.21604111781115218,
      0.1905405510157083,
      0.21954672721829077
    ]
  },
  "correlational": {
    "mean": 0.01058272086083889,
    "ci95": 0.0,
    "runs": [
      0.01058272086083889,
      0.01058272086083889,
      0.01058272086083889,
      0.01058272086083889,
      0.01058272086083889
    ]
  },
  "n_iter": 5,
  "n_samples": 3662
}