{
  "dataset": "stock",
  "T": 100,
  "fft_size": 101,
  "n_samples": 10000,
  "data_seed": 42,
  "model_params": {
    "hidden": 200,
    "n_flows": 3,
    "normalize": true
  },
  "train_params": {
    "epochs": 1000,
    "batch_size": 500,
    "learning_rate": 0.001,
    "display_step": 100
  },
  "paper_target": {
    "F_score": 0.984,
    "MAE": 0.009
  },
  "per_experiment": [
    {
      "exp": 4,
      "F1": 0.9933167474288068,
      "MAE": 0.008286887562993263,
      "loss_first": 166.7728271484375,
      "loss_last": 22.917728424072266,
      "sec": 256.7
    }
  ],
  "done": false,
  "elapsed_sec": 256.7
}