{
  "dataset": "stock",
  "T": 100,
  "fft_size": 101,
  "n_samples": 10000,
  "data_seed": 42,
  "model_params": {
    "hidden": 200,
    "n_flows": 3,
    "normalize": true
  },
  "train_params": {
    "epochs": 1000,
    "batch_size": 500,
    "learning_rate": 0.001,
    "display_step": 100
  },
  "paper_target": {
    "F_score": 0.984,
    "MAE": 0.009
  },
  "per_experiment": [
    {
      "exp": 0,
      "F1": 0.9933817340644108,
      "MAE": 0.00819489227459771,
      "loss_first": 171.79859924316406,
      "loss_last": 22.51603889465332,
      "sec": 255.2
    }
  ],
  "done": true,
  "elapsed_sec": 255.2
}