{
  "dataset": "stock",
  "T": 100,
  "fft_size": 101,
  "n_samples": 10000,
  "data_seed": 42,
  "model_params": {
    "hidden": 200,
    "n_flows": 3,
    "normalize": true
  },
  "train_params": {
    "epochs": 1000,
    "batch_size": 500,
    "learning_rate": 0.001,
    "display_step": 100
  },
  "paper_target": {
    "F_score": 0.984,
    "MAE": 0.009
  },
  "per_experiment": [
    {
      "exp": 2,
      "F1": 0.9920759695266017,
      "MAE": 0.008394798497321313,
      "loss_first": 173.94131469726562,
      "loss_last": 22.936113357543945,
      "sec": 260.2
    }
  ],
  "done": false,
  "elapsed_sec": 260.2
}