{
  "dataset": "stock",
  "T": 100,
  "fft_size": 101,
  "n_samples": 10000,
  "data_seed": 42,
  "model_params": {
    "hidden": 200,
    "n_flows": 3,
    "normalize": true
  },
  "train_params": {
    "epochs": 1000,
    "batch_size": 500,
    "learning_rate": 0.001,
    "display_step": 100
  },
  "paper_target": {
    "F_score": 0.984,
    "MAE": 0.009
  },
  "per_experiment": [
    {
      "exp": 3,
      "F1": 0.9907674290663049,
      "MAE": 0.009314496990490936,
      "loss_first": 174.7510223388672,
      "loss_last": 23.60616683959961,
      "sec": 256.5
    }
  ],
  "done": false,
  "elapsed_sec": 256.5
}