{
  "seed": 0,
  "A1_path_mmd2": 0.00946974966583275,
  "A2_terminal_mmd2": 0.020184242101330074,
  "A3_increment_mmd2": 0.005390540701997626,
  "A4_volatility_mmd": 0.17462518444685943,
  "A5_terminal_swd": 2.765044525160889,
  "A6_path_swd": 1.2791163698554016,
  "A7_cov_error": 8.829970093154685,
  "A8_mean_rmse": 0.8319908635827744,
  "A9_std_error": 0.15189693632250312,
  "A10_kurtosis_error": 0.014829987442657178,
  "A11_acf_abs": 0.0821022304499864,
  "A12_acf_sq": 0.058757535401678135,
  "A13_disc_score_gru": 0.046842,
  "A13_disc_score_mlp": 0.036771,
  "A14_pred_score_gru": 0.008514,
  "A14_pred_score_mlp": 0.008989,
  "A15_sigma_corr": 0.0007781256530750456,
  "A15_sigma_rmse": 0.9279190211310516,
  "compute_time_sec": 51.24
}