{
  "seed": 3,
  "A1_path_mmd2": 0.7520579431318111,
  "A2_terminal_mmd2": 0.7318543452448318,
  "A3_increment_mmd2": 0.23417957404398004,
  "A4_volatility_mmd": 4.173640872271249,
  "A5_terminal_swd": 11.147478492410874,
  "A6_path_swd": 7.339532303903825,
  "A7_cov_error": 199.6008429704052,
  "A8_mean_rmse": 0.06999191680378658,
  "A9_std_error": 1.232048829577913,
  "A10_kurtosis_error": 22.733877861109242,
  "A11_acf_abs": 0.10003449167655917,
  "A12_acf_sq": 0.06224188848775297,
  "A13_disc_score_gru": 0.009918,
  "A13_disc_score_mlp": 0.454837,
  "A14_pred_score_gru": 0.047191,
  "A14_pred_score_mlp": 0.014661,
  "A15_sigma_corr": 0.01329751047923978,
  "A15_sigma_rmse": 0.18010662276539932,
  "compute_time_sec": 108.65
}