{
  "seed": 1,
  "A1_path_mmd2": 0.0036859471530863164,
  "A2_terminal_mmd2": 0.007823809874415055,
  "A3_increment_mmd2": 0.007228466371629327,
  "A4_volatility_mmd": 0.3441739528112364,
  "A5_terminal_swd": 1.6351341193016389,
  "A6_path_swd": 0.8223823260082274,
  "A7_cov_error": 18.764794406248512,
  "A8_mean_rmse": 0.38902700851674865,
  "A9_std_error": 0.23792810075713677,
  "A10_kurtosis_error": 5.35985361947141,
  "A11_acf_abs": 0.10650735420137102,
  "A12_acf_sq": 0.08332091999768576,
  "A13_disc_score_gru": 0.015716,
  "A13_disc_score_mlp": 0.041654,
  "A14_pred_score_gru": 0.008945,
  "A14_pred_score_mlp": 0.008762,
  "A15_sigma_corr": 0.007922463559173669,
  "A15_sigma_rmse": 0.8391521848704337,
  "compute_time_sec": 46.44
}