{
  "seed": 3,
  "A1_path_mmd2": 0.005040698554599932,
  "A2_terminal_mmd2": 0.006701799877713743,
  "A3_increment_mmd2": 0.0023973638559096067,
  "A4_volatility_mmd": 0.0823028609467844,
  "A5_terminal_swd": 1.8160157191459143,
  "A6_path_swd": 0.988556927451749,
  "A7_cov_error": 29.372982877378632,
  "A8_mean_rmse": 1.3412324209797504,
  "A9_std_error": 0.07878731559849528,
  "A10_kurtosis_error": 0.9581309006549401,
  "A11_acf_abs": 0.04209183399535002,
  "A12_acf_sq": 0.04446393027788679,
  "A13_disc_score_gru": 0.014495,
  "A13_disc_score_mlp": 0.025175,
  "A14_pred_score_gru": 0.008669,
  "A14_pred_score_mlp": 0.008413,
  "A15_sigma_corr": -0.002888670008958732,
  "A15_sigma_rmse": 1.1473806831694873,
  "compute_time_sec": 46.77
}