{
  "seed": 1,
  "A1_path_mmd2": 0.7687222854879797,
  "A2_terminal_mmd2": 0.754361757671877,
  "A3_increment_mmd2": 0.23106394142566522,
  "A4_volatility_mmd": 4.141893717579522,
  "A5_terminal_swd": 11.425875310278578,
  "A6_path_swd": 7.601641795808312,
  "A7_cov_error": 199.60085242690224,
  "A8_mean_rmse": 0.721287522428355,
  "A9_std_error": 1.2221335052562616,
  "A10_kurtosis_error": 103.66120592625441,
  "A11_acf_abs": 0.07691850847922377,
  "A12_acf_sq": 0.03739836764830847,
  "A13_disc_score_gru": 0.000153,
  "A13_disc_score_mlp": 0.473146,
  "A14_pred_score_gru": 0.052079,
  "A14_pred_score_mlp": 0.01634,
  "A15_sigma_corr": 0.028912390620755853,
  "A15_sigma_rmse": 0.17672930069711737,
  "compute_time_sec": 59.91
}