{
  "seed": 2,
  "A1_path_mmd2": 0.03191128097510049,
  "A2_terminal_mmd2": 0.0693528324398689,
  "A3_increment_mmd2": 0.012961989760833514,
  "A4_volatility_mmd": 0.6721624509532569,
  "A5_terminal_swd": 4.132632953081136,
  "A6_path_swd": 2.154808773368474,
  "A7_cov_error": 14.807010174717249,
  "A8_mean_rmse": 1.0559569289316926,
  "A9_std_error": 0.03022252326847319,
  "A10_kurtosis_error": 3.7676706676060876,
  "A11_acf_abs": 0.2183976007496997,
  "A12_acf_sq": 0.13179276555845837,
  "A13_disc_score_gru": 0.074916,
  "A13_disc_score_mlp": 0.234513,
  "A14_pred_score_gru": 0.008427,
  "A14_pred_score_mlp": 0.009407,
  "A15_sigma_corr": -0.010022290262532534,
  "A15_sigma_rmse": 1.0714072427360504,
  "compute_time_sec": 54.36
}