{
  "seed": 0,
  "A1_path_mmd2": 0.7512892590366144,
  "A2_terminal_mmd2": 0.7419707260836691,
  "A3_increment_mmd2": 0.23284099297697702,
  "A4_volatility_mmd": 4.244675470025849,
  "A5_terminal_swd": 11.284247261642076,
  "A6_path_swd": 7.426388759040622,
  "A7_cov_error": 199.60085242594218,
  "A8_mean_rmse": 0.6476994478584288,
  "A9_std_error": 1.2274414100063082,
  "A10_kurtosis_error": 56.37364111598543,
  "A11_acf_abs": 0.11710871952124077,
  "A12_acf_sq": 0.05991255693537228,
  "A13_disc_score_gru": 0.174092,
  "A13_disc_score_mlp": 0.482301,
  "A14_pred_score_gru": 0.060976,
  "A14_pred_score_mlp": 0.015871,
  "A15_sigma_corr": 0.0380385905278537,
  "A15_sigma_rmse": 0.17486374721722334,
  "compute_time_sec": 52.12
}