{
  "seed": 4,
  "A1_path_mmd2": 0.03724556059608378,
  "A2_terminal_mmd2": 0.04092720474462819,
  "A3_increment_mmd2": 0.0124975431224561,
  "A4_volatility_mmd": 0.6412997914745198,
  "A5_terminal_swd": 3.480328520828109,
  "A6_path_swd": 2.034864957776418,
  "A7_cov_error": 16.98011574658898,
  "A8_mean_rmse": 0.07429007022636824,
  "A9_std_error": 0.2608281918806198,
  "A10_kurtosis_error": 4.672213129562577,
  "A11_acf_abs": 0.22028426472847404,
  "A12_acf_sq": 0.14118733318296822,
  "A13_disc_score_gru": 0.033415,
  "A13_disc_score_mlp": 0.360543,
  "A14_pred_score_gru": 0.008623,
  "A14_pred_score_mlp": 0.009149,
  "A15_sigma_corr": 0.01962107693509227,
  "A15_sigma_rmse": 0.8436189472713922,
  "compute_time_sec": 46.6
}