{
  "seed": 2,
  "A1_path_mmd2": 0.7467525135522811,
  "A2_terminal_mmd2": 0.7245053390734018,
  "A3_increment_mmd2": 0.23388019085932066,
  "A4_volatility_mmd": 4.092955358031937,
  "A5_terminal_swd": 10.940707089805372,
  "A6_path_swd": 7.256105592156523,
  "A7_cov_error": 199.60085206976058,
  "A8_mean_rmse": 0.724146716699039,
  "A9_std_error": 1.2135777435368083,
  "A10_kurtosis_error": 108.9819718353038,
  "A11_acf_abs": 0.016651851511638935,
  "A12_acf_sq": 0.02228131364069015,
  "A13_disc_score_gru": 0.104821,
  "A13_disc_score_mlp": 0.47162,
  "A14_pred_score_gru": 0.052485,
  "A14_pred_score_mlp": 0.017477,
  "A15_sigma_corr": 0.03125545838809466,
  "A15_sigma_rmse": 0.17333268289068646,
  "compute_time_sec": 100.31
}