{
  "seed": 4,
  "A1_path_mmd2": 0.7555419510606365,
  "A2_terminal_mmd2": 0.7532298066917686,
  "A3_increment_mmd2": 0.2326210387280787,
  "A4_volatility_mmd": 4.567303251974096,
  "A5_terminal_swd": 11.473387947438086,
  "A6_path_swd": 7.562659987224054,
  "A7_cov_error": 199.60085242689098,
  "A8_mean_rmse": 0.013153191390898655,
  "A9_std_error": 1.2244834632490353,
  "A10_kurtosis_error": 65.4498843050918,
  "A11_acf_abs": 0.17279451660446557,
  "A12_acf_sq": 0.15920224938230665,
  "A13_disc_score_gru": 0.102075,
  "A13_disc_score_mlp": 0.459109,
  "A14_pred_score_gru": 0.05002,
  "A14_pred_score_mlp": 0.020074,
  "A15_sigma_corr": 0.03419073556737834,
  "A15_sigma_rmse": 0.1773392638818634,
  "compute_time_sec": 98.84
}