{
  "seed": 0,
  "A1_path_mmd2": 0.009146319150414528,
  "A2_terminal_mmd2": 0.017618650630213173,
  "A3_increment_mmd2": 0.005443270399022593,
  "A4_volatility_mmd": 0.17099794447602557,
  "A5_terminal_swd": 2.591828030991059,
  "A6_path_swd": 1.2560415557814595,
  "A7_cov_error": 8.829970093154685,
  "A8_mean_rmse": 0.8319908635827744,
  "A9_std_error": 0.15189693632250312,
  "A10_kurtosis_error": 0.014829987442657178,
  "A11_acf_abs": 0.0821022304499864,
  "A12_acf_sq": 0.058757535401678135,
  "A13_disc_score_gru": 0.032499,
  "A13_disc_score_mlp": 0.116112,
  "A14_pred_score_gru": 0.008566,
  "A14_pred_score_mlp": 0.009666,
  "A15_sigma_corr": 0.0007781256530750456,
  "A15_sigma_rmse": 0.9279190211310516,
  "compute_time_sec": 53.04
}