{
  "seed": 0,
  "M_train": 8192,
  "M_simu": 8192,
  "T": 128,
  "h": 0.4,
  "K": 1,
  "N_pi": 200,
  "dt": 0.004,
  "sigma": 0.01264666343992117,
  "n_workers": 16,
  "elapsed_sec": 1405.07,
  "shape": [
    8192,
    128
  ],
  "min_val": 51.79678585526243,
  "max_val": 210.63087371799008
}