{
  "seed": 0,
  "eta": 8.766132354736328,
  "h32_MAE_uniform": 3.7238846043502334,
  "h32_RMSE_uniform": 5.043605775172589,
  "h32_CRPS_uniform": 2.7057196909341883,
  "h32_MAE_gaussian": 3.72390226108509,
  "h32_RMSE_gaussian": 5.043624193963243,
  "h32_CRPS_gaussian": 2.7057116929316862,
  "h64_MAE_uniform": 5.194652557774849,
  "h64_RMSE_uniform": 7.054800663797106,
  "h64_CRPS_uniform": 3.76623287356216,
  "h64_MAE_gaussian": 5.194475849407071,
  "h64_RMSE_gaussian": 7.054672467322098,
  "h64_CRPS_gaussian": 3.766100734155259
}