{
  "seed": 3,
  "eta": 8.706567764282227,
  "h32_MAE_uniform": 3.726113226658318,
  "h32_RMSE_uniform": 5.039463070719109,
  "h32_CRPS_uniform": 2.699369842271153,
  "h32_MAE_gaussian": 3.7262769382530196,
  "h32_RMSE_gaussian": 5.039715713451542,
  "h32_CRPS_gaussian": 2.6993936386219275,
  "h64_MAE_uniform": 5.199806061532535,
  "h64_RMSE_uniform": 7.0473076617957515,
  "h64_CRPS_uniform": 3.75449490933579,
  "h64_MAE_gaussian": 5.199946426617186,
  "h64_RMSE_gaussian": 7.047625535494822,
  "h64_CRPS_gaussian": 3.754551279672512
}