{
  "seed": 1,
  "eta": 8.685047149658203,
  "h32_MAE_uniform": 3.7212748681579013,
  "h32_RMSE_uniform": 5.044411411611003,
  "h32_CRPS_uniform": 2.7037641330407496,
  "h32_MAE_gaussian": 3.72121628585364,
  "h32_RMSE_gaussian": 5.04429264391329,
  "h32_CRPS_gaussian": 2.7036316312097597,
  "h64_MAE_uniform": 5.19616116054261,
  "h64_RMSE_uniform": 7.065788871142296,
  "h64_CRPS_uniform": 3.7642612953536627,
  "h64_MAE_gaussian": 5.19588953405659,
  "h64_RMSE_gaussian": 7.065540098986139,
  "h64_CRPS_gaussian": 3.7639634169386795
}