{
  "seed": 2,
  "eta": 8.714224815368652,
  "h32_MAE_uniform": 3.721226800335293,
  "h32_RMSE_uniform": 5.072738057462241,
  "h32_CRPS_uniform": 2.7061723467797947,
  "h32_MAE_gaussian": 3.7212144515625525,
  "h32_RMSE_gaussian": 5.072647940788584,
  "h32_CRPS_gaussian": 2.706155929595866,
  "h64_MAE_uniform": 5.251844652829372,
  "h64_RMSE_uniform": 7.159623011331683,
  "h64_CRPS_uniform": 3.807695920347328,
  "h64_MAE_gaussian": 5.251794482577385,
  "h64_RMSE_gaussian": 7.159554951564092,
  "h64_CRPS_gaussian": 3.807663607107145
}