{
  "seed": 4,
  "eta": 8.720087051391602,
  "h32_MAE_uniform": 3.7315945271324193,
  "h32_RMSE_uniform": 5.042197436890756,
  "h32_CRPS_uniform": 2.7029532838175783,
  "h32_MAE_gaussian": 3.731655641316604,
  "h32_RMSE_gaussian": 5.0423062449247285,
  "h32_CRPS_gaussian": 2.7029941674343263,
  "h64_MAE_uniform": 5.208905445988844,
  "h64_RMSE_uniform": 7.050350653509806,
  "h64_CRPS_uniform": 3.7589279912457414,
  "h64_MAE_gaussian": 5.20880692053236,
  "h64_RMSE_gaussian": 7.0503300030271765,
  "h64_CRPS_gaussian": 3.758868583877188
}