{
  "seed": 2,
  "eta": 8.748111724853516,
  "h32_MAE_uniform": 3.72863828348272,
  "h32_RMSE_uniform": 5.041709644222785,
  "h32_CRPS_uniform": 2.7065493753094643,
  "h32_MAE_gaussian": 3.7286849084990408,
  "h32_RMSE_gaussian": 5.041758696058431,
  "h32_CRPS_gaussian": 2.7065901471933103,
  "h64_MAE_uniform": 5.211134123840459,
  "h64_RMSE_uniform": 7.0615672522632105,
  "h64_CRPS_uniform": 3.771380077593051,
  "h64_MAE_gaussian": 5.211020997681462,
  "h64_RMSE_gaussian": 7.0614251802638375,
  "h64_CRPS_gaussian": 3.7713362144104394
}