{
  "seed": 1,
  "eta": 8.648364067077637,
  "h32_MAE_uniform": 3.711152615714661,
  "h32_RMSE_uniform": 5.071010311456016,
  "h32_CRPS_uniform": 2.7000610828592926,
  "h32_MAE_gaussian": 3.710973874677855,
  "h32_RMSE_gaussian": 5.070811865930184,
  "h32_CRPS_gaussian": 2.6998659182373785,
  "h64_MAE_uniform": 5.239673087406852,
  "h64_RMSE_uniform": 7.163168686620193,
  "h64_CRPS_uniform": 3.798016295144521,
  "h64_MAE_gaussian": 5.239537395192743,
  "h64_RMSE_gaussian": 7.16294981696932,
  "h64_CRPS_gaussian": 3.7978193290833246
}