{
  "seed": 4,
  "eta": 8.68544864654541,
  "h32_MAE_uniform": 3.7211575955134384,
  "h32_RMSE_uniform": 5.062834320465443,
  "h32_CRPS_uniform": 2.6954699067048296,
  "h32_MAE_gaussian": 3.721331505109361,
  "h32_RMSE_gaussian": 5.063000057613688,
  "h32_CRPS_gaussian": 2.6955221589695384,
  "h64_MAE_uniform": 5.248920712416034,
  "h64_RMSE_uniform": 7.1491766835982595,
  "h64_CRPS_uniform": 3.7915830158191284,
  "h64_MAE_gaussian": 5.249179949823842,
  "h64_RMSE_gaussian": 7.1494448665652355,
  "h64_CRPS_gaussian": 3.7917196360407956
}