{
  "seed": 3,
  "eta": 8.66751480102539,
  "h32_MAE_uniform": 3.7218177122655223,
  "h32_RMSE_uniform": 5.074447290605217,
  "h32_CRPS_uniform": 2.7010675496040903,
  "h32_MAE_gaussian": 3.7217901797407027,
  "h32_RMSE_gaussian": 5.074347921426543,
  "h32_CRPS_gaussian": 2.7009834063162543,
  "h64_MAE_uniform": 5.260756503767996,
  "h64_RMSE_uniform": 7.164303862684752,
  "h64_CRPS_uniform": 3.798075362633483,
  "h64_MAE_gaussian": 5.260740413585225,
  "h64_RMSE_gaussian": 7.164302511223183,
  "h64_CRPS_gaussian": 3.798057712453442
}