{
  "seed": 0,
  "eta": 8.733514785766602,
  "h32_MAE_uniform": 3.713008887083622,
  "h32_RMSE_uniform": 5.068949686016474,
  "h32_CRPS_uniform": 2.7007636704956894,
  "h32_MAE_gaussian": 3.7130932071407656,
  "h32_RMSE_gaussian": 5.069009683863345,
  "h32_CRPS_gaussian": 2.7007835653083703,
  "h64_MAE_uniform": 5.240626562173114,
  "h64_RMSE_uniform": 7.163589644428986,
  "h64_CRPS_uniform": 3.804017873797193,
  "h64_MAE_gaussian": 5.24075906180612,
  "h64_RMSE_gaussian": 7.163807242956064,
  "h64_CRPS_gaussian": 3.804101718380423
}