{
  "baseline": {
    "MAE_h32": 3.7378173987486645,
    "RMSE_h32": 5.039875056706717,
    "CRPS_h32": 3.7378173987486645,
    "MAE_h64": 5.245856609882988,
    "RMSE_h64": 7.066083253003601,
    "CRPS_h64": 5.245856609882988
  },
  "h32_MAE_uniform": {
    "mean": 3.726301101956319,
    "std": 0.0035950118660860128
  },
  "h32_RMSE_uniform": {
    "mean": 5.042277467723248,
    "std": 0.0017069139494886127
  },
  "h32_CRPS_uniform": {
    "mean": 2.7036712650746266,
    "std": 0.002510216194069511
  },
  "h32_MAE_gaussian": {
    "mean": 3.7263472070014787,
    "std": 0.0036318968384611815
  },
  "h32_RMSE_gaussian": {
    "mean": 5.042339498462247,
    "std": 0.0015929786373739582
  },
  "h32_CRPS_gaussian": {
    "mean": 2.703664255478202,
    "std": 0.0025076320749664073
  },
  "h64_MAE_uniform": {
    "mean": 5.20213186993586,
    "std": 0.0066920964383052365
  },
  "h64_RMSE_uniform": {
    "mean": 7.0559630205016335,
    "std": 0.0068661448446281255
  },
  "h64_CRPS_uniform": {
    "mean": 3.763059429418081,
    "std": 0.005850952078528078
  },
  "h64_MAE_gaussian": {
    "mean": 5.202027945658934,
    "std": 0.006721256747555406
  },
  "h64_RMSE_gaussian": {
    "mean": 7.055918657018815,
    "std": 0.0067000873216508175
  },
  "h64_CRPS_gaussian": {
    "mean": 3.762964045810816,
    "std": 0.005804794673879214
  },
  "per_seed": [
    {
      "seed": 0,
      "eta": 8.766132354736328,
      "h32_MAE_uniform": 3.7238846043502334,
      "h32_RMSE_uniform": 5.043605775172589,
      "h32_CRPS_uniform": 2.7057196909341883,
      "h32_MAE_gaussian": 3.72390226108509,
      "h32_RMSE_gaussian": 5.043624193963243,
      "h32_CRPS_gaussian": 2.7057116929316862,
      "h64_MAE_uniform": 5.194652557774849,
      "h64_RMSE_uniform": 7.054800663797106,
      "h64_CRPS_uniform": 3.76623287356216,
      "h64_MAE_gaussian": 5.194475849407071,
      "h64_RMSE_gaussian": 7.054672467322098,
      "h64_CRPS_gaussian": 3.766100734155259
    },
    {
      "seed": 1,
      "eta": 8.685047149658203,
      "h32_MAE_uniform": 3.7212748681579013,
      "h32_RMSE_uniform": 5.044411411611003,
      "h32_CRPS_uniform": 2.7037641330407496,
      "h32_MAE_gaussian": 3.72121628585364,
      "h32_RMSE_gaussian": 5.04429264391329,
      "h32_CRPS_gaussian": 2.7036316312097597,
      "h64_MAE_uniform": 5.19616116054261,
      "h64_RMSE_uniform": 7.065788871142296,
      "h64_CRPS_uniform": 3.7642612953536627,
      "h64_MAE_gaussian": 5.19588953405659,
      "h64_RMSE_gaussian": 7.065540098986139,
      "h64_CRPS_gaussian": 3.7639634169386795
    },
    {
      "seed": 2,
      "eta": 8.748111724853516,
      "h32_MAE_uniform": 3.72863828348272,
      "h32_RMSE_uniform": 5.041709644222785,
      "h32_CRPS_uniform": 2.7065493753094643,
      "h32_MAE_gaussian": 3.7286849084990408,
      "h32_RMSE_gaussian": 5.041758696058431,
      "h32_CRPS_gaussian": 2.7065901471933103,
      "h64_MAE_uniform": 5.211134123840459,
      "h64_RMSE_uniform": 7.0615672522632105,
      "h64_CRPS_uniform": 3.771380077593051,
      "h64_MAE_gaussian": 5.211020997681462,
      "h64_RMSE_gaussian": 7.0614251802638375,
      "h64_CRPS_gaussian": 3.7713362144104394
    },
    {
      "seed": 3,
      "eta": 8.706567764282227,
      "h32_MAE_uniform": 3.726113226658318,
      "h32_RMSE_uniform": 5.039463070719109,
      "h32_CRPS_uniform": 2.699369842271153,
      "h32_MAE_gaussian": 3.7262769382530196,
      "h32_RMSE_gaussian": 5.039715713451542,
      "h32_CRPS_gaussian": 2.6993936386219275,
      "h64_MAE_uniform": 5.199806061532535,
      "h64_RMSE_uniform": 7.0473076617957515,
      "h64_CRPS_uniform": 3.75449490933579,
      "h64_MAE_gaussian": 5.199946426617186,
      "h64_RMSE_gaussian": 7.047625535494822,
      "h64_CRPS_gaussian": 3.754551279672512
    },
    {
      "seed": 4,
      "eta": 8.720087051391602,
      "h32_MAE_uniform": 3.7315945271324193,
      "h32_RMSE_uniform": 5.042197436890756,
      "h32_CRPS_uniform": 2.7029532838175783,
      "h32_MAE_gaussian": 3.731655641316604,
      "h32_RMSE_gaussian": 5.0423062449247285,
      "h32_CRPS_gaussian": 2.7029941674343263,
      "h64_MAE_uniform": 5.208905445988844,
      "h64_RMSE_uniform": 7.050350653509806,
      "h64_CRPS_uniform": 3.7589279912457414,
      "h64_MAE_gaussian": 5.20880692053236,
      "h64_RMSE_gaussian": 7.0503300030271765,
      "h64_CRPS_gaussian": 3.758868583877188
    }
  ]
}