{
  "baseline": {
    "MAE_h32": 3.7316868595980903,
    "RMSE_h32": 5.068157455771573,
    "CRPS_h32": 3.7316868595980903,
    "MAE_h64": 5.301255779606787,
    "RMSE_h64": 7.180981683588902,
    "CRPS_h64": 5.301255779606787
  },
  "h32_MAE_uniform": {
    "mean": 3.7176727221825074,
    "std": 0.004609119278532135
  },
  "h32_RMSE_uniform": {
    "mean": 5.069995933201078,
    "std": 0.00401860974949392
  },
  "h32_CRPS_uniform": {
    "mean": 2.7007069112887394,
    "std": 0.0034013990674760263
  },
  "h32_MAE_gaussian": {
    "mean": 3.717680643646247,
    "std": 0.004663264916580168
  },
  "h32_RMSE_gaussian": {
    "mean": 5.069963493924469,
    "std": 0.003912758449848
  },
  "h32_CRPS_gaussian": {
    "mean": 2.7006621956854815,
    "std": 0.003386829028704873
  },
  "h64_MAE_uniform": {
    "mean": 5.248364303718674,
    "std": 0.007764005768132982
  },
  "h64_RMSE_uniform": {
    "mean": 7.159972377732774,
    "std": 0.005634391528332673
  },
  "h64_CRPS_uniform": {
    "mean": 3.7998776935483307,
    "std": 0.0055458208075860665
  },
  "h64_MAE_gaussian": {
    "mean": 5.248402260597063,
    "std": 0.007763328101414996
  },
  "h64_RMSE_gaussian": {
    "mean": 7.160011877855579,
    "std": 0.005537442124723804
  },
  "h64_CRPS_gaussian": {
    "mean": 3.799872400613026,
    "std": 0.005523871711117786
  },
  "per_seed": [
    {
      "seed": 0,
      "eta": 8.733514785766602,
      "h32_MAE_uniform": 3.713008887083622,
      "h32_RMSE_uniform": 5.068949686016474,
      "h32_CRPS_uniform": 2.7007636704956894,
      "h32_MAE_gaussian": 3.7130932071407656,
      "h32_RMSE_gaussian": 5.069009683863345,
      "h32_CRPS_gaussian": 2.7007835653083703,
      "h64_MAE_uniform": 5.240626562173114,
      "h64_RMSE_uniform": 7.163589644428986,
      "h64_CRPS_uniform": 3.804017873797193,
      "h64_MAE_gaussian": 5.24075906180612,
      "h64_RMSE_gaussian": 7.163807242956064,
      "h64_CRPS_gaussian": 3.804101718380423
    },
    {
      "seed": 1,
      "eta": 8.648364067077637,
      "h32_MAE_uniform": 3.711152615714661,
      "h32_RMSE_uniform": 5.071010311456016,
      "h32_CRPS_uniform": 2.7000610828592926,
      "h32_MAE_gaussian": 3.710973874677855,
      "h32_RMSE_gaussian": 5.070811865930184,
      "h32_CRPS_gaussian": 2.6998659182373785,
      "h64_MAE_uniform": 5.239673087406852,
      "h64_RMSE_uniform": 7.163168686620193,
      "h64_CRPS_uniform": 3.798016295144521,
      "h64_MAE_gaussian": 5.239537395192743,
      "h64_RMSE_gaussian": 7.16294981696932,
      "h64_CRPS_gaussian": 3.7978193290833246
    },
    {
      "seed": 2,
      "eta": 8.714224815368652,
      "h32_MAE_uniform": 3.721226800335293,
      "h32_RMSE_uniform": 5.072738057462241,
      "h32_CRPS_uniform": 2.7061723467797947,
      "h32_MAE_gaussian": 3.7212144515625525,
      "h32_RMSE_gaussian": 5.072647940788584,
      "h32_CRPS_gaussian": 2.706155929595866,
      "h64_MAE_uniform": 5.251844652829372,
      "h64_RMSE_uniform": 7.159623011331683,
      "h64_CRPS_uniform": 3.807695920347328,
      "h64_MAE_gaussian": 5.251794482577385,
      "h64_RMSE_gaussian": 7.159554951564092,
      "h64_CRPS_gaussian": 3.807663607107145
    },
    {
      "seed": 3,
      "eta": 8.66751480102539,
      "h32_MAE_uniform": 3.7218177122655223,
      "h32_RMSE_uniform": 5.074447290605217,
      "h32_CRPS_uniform": 2.7010675496040903,
      "h32_MAE_gaussian": 3.7217901797407027,
      "h32_RMSE_gaussian": 5.074347921426543,
      "h32_CRPS_gaussian": 2.7009834063162543,
      "h64_MAE_uniform": 5.260756503767996,
      "h64_RMSE_uniform": 7.164303862684752,
      "h64_CRPS_uniform": 3.798075362633483,
      "h64_MAE_gaussian": 5.260740413585225,
      "h64_RMSE_gaussian": 7.164302511223183,
      "h64_CRPS_gaussian": 3.798057712453442
    },
    {
      "seed": 4,
      "eta": 8.68544864654541,
      "h32_MAE_uniform": 3.7211575955134384,
      "h32_RMSE_uniform": 5.062834320465443,
      "h32_CRPS_uniform": 2.6954699067048296,
      "h32_MAE_gaussian": 3.721331505109361,
      "h32_RMSE_gaussian": 5.063000057613688,
      "h32_CRPS_gaussian": 2.6955221589695384,
      "h64_MAE_uniform": 5.248920712416034,
      "h64_RMSE_uniform": 7.1491766835982595,
      "h64_CRPS_uniform": 3.7915830158191284,
      "h64_MAE_gaussian": 5.249179949823842,
      "h64_RMSE_gaussian": 7.1494448665652355,
      "h64_CRPS_gaussian": 3.7917196360407956
    }
  ]
}