{
  "seed": 2,
  "A1_path_mmd2": 0.005618219560481863,
  "A2_terminal_mmd2": 0.006246403217341656,
  "A3_increment_mmd2": 0.0014502481402851597,
  "A4_volatility_mmd": 0.056898430764965646,
  "A5_terminal_swd": 1.9828662277485278,
  "A6_path_swd": 1.260060152038031,
  "A7_cov_error": 15.03685419476605,
  "A8_mean_rmse": 0.17359070126121878,
  "A9_std_error": 0.0505237864827377,
  "A10_kurtosis_error": 0.47892965096008266,
  "A11_acf_abs": 0.03311565897397,
  "A12_acf_sq": 0.02950843479646629,
  "A13_disc_score_gru": 0.009002,
  "A13_disc_score_mlp": 0.000458,
  "A14_pred_score_gru": 0.008327,
  "A14_pred_score_mlp": 0.008592,
  "A15_sigma_corr": -0.0022710429027436047,
  "A15_sigma_rmse": 0.0845620402955553,
  "A16_tail_survival": 0.007738945128857778,
  "compute_time_sec": 57.4
}