{
  "seed": 4,
  "A1_path_mmd2": 0.002842357719470723,
  "A2_terminal_mmd2": 0.0027523400010588395,
  "A3_increment_mmd2": 0.0013573455318325323,
  "A4_volatility_mmd": 0.048922786626261205,
  "A5_terminal_swd": 1.4212254709638075,
  "A6_path_swd": 0.8699617413398417,
  "A7_cov_error": 14.338953645245681,
  "A8_mean_rmse": 0.027219204084332205,
  "A9_std_error": 0.0483321780875523,
  "A10_kurtosis_error": 0.49378953245733515,
  "A11_acf_abs": 0.048769423480984786,
  "A12_acf_sq": 0.0436257804188335,
  "A13_disc_score_gru": 0.005035,
  "A13_disc_score_mlp": 0.050504,
  "A14_pred_score_gru": 0.00832,
  "A14_pred_score_mlp": 0.008817,
  "A15_sigma_corr": 0.0013199850789031161,
  "A15_sigma_rmse": 0.08443849218311937,
  "A16_tail_survival": 0.007479935386579631,
  "compute_time_sec": 56.46
}