{
  "seed": 0,
  "A1_path_mmd2": 0.006712260306079854,
  "A2_terminal_mmd2": 0.008345342263772815,
  "A3_increment_mmd2": 0.0015022491235845425,
  "A4_volatility_mmd": 0.06349536045095167,
  "A5_terminal_swd": 2.360238851465654,
  "A6_path_swd": 1.4388991272113647,
  "A7_cov_error": 16.29458117866946,
  "A8_mean_rmse": 0.12382152918648615,
  "A9_std_error": 0.04936993599124628,
  "A10_kurtosis_error": 0.48427488784908634,
  "A11_acf_abs": 0.0496846962540893,
  "A12_acf_sq": 0.04404085165483742,
  "A13_disc_score_gru": 0.000763,
  "A13_disc_score_mlp": 0.02365,
  "A14_pred_score_gru": 0.008323,
  "A14_pred_score_mlp": 0.008441,
  "A15_sigma_corr": -0.009920440112238327,
  "A15_sigma_rmse": 0.08504758846789207,
  "A16_tail_survival": 0.007396145257166701,
  "compute_time_sec": 61.49
}