{
  "seed": 1,
  "A1_path_mmd2": 0.006811173769021961,
  "A2_terminal_mmd2": 0.006315531326491042,
  "A3_increment_mmd2": 0.001398085163110574,
  "A4_volatility_mmd": 0.054249813112016765,
  "A5_terminal_swd": 2.090565439642603,
  "A6_path_swd": 1.3949478588528037,
  "A7_cov_error": 22.52052432987668,
  "A8_mean_rmse": 0.018547017204568306,
  "A9_std_error": 0.04639059563932957,
  "A10_kurtosis_error": 0.4701199043875013,
  "A11_acf_abs": 0.04985027284032832,
  "A12_acf_sq": 0.04439059596863811,
  "A13_disc_score_gru": 0.025481,
  "A13_disc_score_mlp": 0.00473,
  "A14_pred_score_gru": 0.00833,
  "A14_pred_score_mlp": 0.008679,
  "A15_sigma_corr": -0.0024327767459567293,
  "A15_sigma_rmse": 0.08466462595269973,
  "A16_tail_survival": 0.007046479420892043,
  "compute_time_sec": 56.7
}