{
  "seed": 3,
  "A1_path_mmd2": 0.002576409166978655,
  "A2_terminal_mmd2": 0.00284173904216245,
  "A3_increment_mmd2": 0.0014108406811050855,
  "A4_volatility_mmd": 0.04769388959107573,
  "A5_terminal_swd": 1.4695988027487896,
  "A6_path_swd": 0.8509813895488864,
  "A7_cov_error": 19.141578262551604,
  "A8_mean_rmse": 0.10576161095484338,
  "A9_std_error": 0.0492339619876101,
  "A10_kurtosis_error": 0.4823080412016787,
  "A11_acf_abs": 0.049143558304687675,
  "A12_acf_sq": 0.043855683720037134,
  "A13_disc_score_gru": 0.011443,
  "A13_disc_score_mlp": 0.027312,
  "A14_pred_score_gru": 0.008326,
  "A14_pred_score_mlp": 0.008791,
  "A15_sigma_corr": 0.000558490890907152,
  "A15_sigma_rmse": 0.08445319532491102,
  "A16_tail_survival": 0.007739628886338466,
  "compute_time_sec": 57.04
}