{
  "B_log_ret_hist": {
    "name": "Log-return histogram",
    "mse": {
      "mean": 45.397990644843404,
      "std": 57.906926152194224,
      "per_seed": [
        3.5788828734355724,
        6.973405981117917,
        153.7190225219302,
        4.7777525106244605,
        57.94088933710888
      ]
    },
    "pct": {
      "mean": 419.6810301609545,
      "std": 221.4727848664486,
      "per_seed": [
        296.9083686233557,
        384.01210929577405,
        826.7470069625471,
        168.29440667666196,
        422.4432592464334
      ]
    },
    "nrmse": {
      "mean": 157.6949713797489,
      "std": 170.66526927395543,
      "per_seed": [
        45.121480031544934,
        39.92837395777262,
        473.49075015319613,
        26.329953332633607,
        203.60429942359715
      ]
    }
  },
  "B_qq_plot": {
    "name": "QQ plot",
    "mse": {
      "mean": 2.381740366674903e-06,
      "std": 1.1385087951064e-06,
      "per_seed": [
        1.4119018572447117e-06,
        2.443766374601395e-06,
        2.7094446153593817e-06,
        1.0499244989820689e-06,
        4.293664487186956e-06
      ]
    },
    "pct": {
      "mean": 41.0432537591549,
      "std": 12.065917084628166,
      "per_seed": [
        29.025041103900467,
        32.214295540570795,
        60.136574432167514,
        33.570000800770906,
        50.270356918364826
      ]
    },
    "nrmse": {
      "mean": 5.479989539718175,
      "std": 1.0039791875042663,
      "per_seed": [
        5.0141749445036545,
        4.411653406957029,
        6.261943111657801,
        4.675581013651847,
        7.036595221820544
      ]
    }
  },
  "B_acf_abs_r": {
    "name": "ACF |r|",
    "mse": {
      "mean": 0.0035966657844691977,
      "std": 0.003199117100017697,
      "per_seed": [
        0.0010264359163827724,
        0.0018407939756999267,
        0.006211256051842915,
        0.00037922460004222646,
        0.008525618378378147
      ]
    },
    "pct": {
      "mean": 800.4533858986499,
      "std": 427.8080403643276,
      "per_seed": [
        865.0990161129636,
        515.4646984583238,
        791.7822430019311,
        281.1616034748054,
        1548.7593684452258
      ]
    },
    "nrmse": {
      "mean": 391.1584413645329,
      "std": 182.9191320590157,
      "per_seed": [
        357.2326613239241,
        332.0206342372767,
        465.4390077789247,
        120.41176967590177,
        680.6881338066372
      ]
    }
  },
  "B_acf_sq_r": {
    "name": "ACF r\u00b2",
    "mse": {
      "mean": 0.0019818176860235738,
      "std": 0.0016018946660563322,
      "per_seed": [
        0.0007021244938459188,
        0.0014818172686826058,
        0.002500793301893135,
        0.0003897144331541734,
        0.0048346389325420345
      ]
    },
    "pct": {
      "mean": 1771.3063011951622,
      "std": 1634.8291408943037,
      "per_seed": [
        2094.287206251251,
        665.2648882953819,
        733.1780072925106,
        525.5597449025298,
        4838.241659234138
      ]
    },
    "nrmse": {
      "mean": 346.2902712366475,
      "std": 170.2316205922884,
      "per_seed": [
        270.18118145764333,
        344.71247047635774,
        369.6901023903437,
        111.6344066035932,
        635.2331952552998
      ]
    }
  },
  "B_roll_vol_hist": {
    "name": "Rolling vol histogram",
    "mse": {
      "mean": 150.21031417454077,
      "std": 75.21621464189194,
      "per_seed": [
        96.14053521445561,
        215.12529742093272,
        207.263445455989,
        27.97256586308292,
        204.54972691824364
      ]
    },
    "pct": {
      "mean": 201.41020718647312,
      "std": 54.37322295645416,
      "per_seed": [
        191.25354781772816,
        204.5964317248429,
        213.72060069074314,
        113.58412486955628,
        283.8963308294951
      ]
    },
    "nrmse": {
      "mean": 34.396594471211074,
      "std": 8.777653295876105,
      "per_seed": [
        28.90788328967612,
        31.64889885327513,
        40.87320520910632,
        22.946340890390406,
        47.60664411360741
      ]
    }
  },
  "B_tail_surv": {
    "name": "Tail survival",
    "mse": {
      "mean": 0.003911975148133675,
      "std": 0.003064000567019648,
      "per_seed": [
        0.0009039416936133938,
        0.0020420892349834845,
        0.00730730913371684,
        0.0013541440009039519,
        0.00795239167745071
      ]
    },
    "pct": {
      "mean": 23.387963287719582,
      "std": 6.106131883414573,
      "per_seed": [
        18.127163216704623,
        24.331768115161616,
        25.66380324105686,
        15.731132247171761,
        33.085949618503065
      ]
    },
    "nrmse": {
      "mean": 10.024680738054194,
      "std": 4.365171522739554,
      "per_seed": [
        5.256771114043557,
        7.9015480487674,
        14.939068144778958,
        6.434352732452157,
        15.591663650228893
      ]
    }
  }
}