{
  "B_log_ret_hist": {
    "name": "Log-return histogram",
    "mse": {
      "mean": 144.21303800567594,
      "std": 120.61407214055971,
      "per_seed": [
        11.053584952445807,
        20.678875437724788,
        504.4767290336371,
        14.577774732692829,
        170.2782258718792
      ]
    },
    "pct": {
      "mean": 75440.10641877432,
      "std": 24681.44565988743,
      "per_seed": [
        83814.82618413107,
        36243.963463839435,
        111604.34000554217,
        89267.35039707778,
        56270.052043281095
      ]
    }
  },
  "B_qq_plot": {
    "name": "QQ plot",
    "mse": {
      "mean": 7.085598398769579e-06,
      "std": 3.3443303187019616e-06,
      "per_seed": [
        4.157746544425666e-06,
        7.222795084196904e-06,
        8.070144659888842e-06,
        3.1861595634433176e-06,
        1.2791146141893168e-05
      ]
    },
    "pct": {
      "mean": 157.93738208711838,
      "std": 27.160057022572857,
      "per_seed": [
        124.12611214439673,
        121.92720953509145,
        227.31820963811435,
        134.59214752024914,
        181.7232315977402
      ]
    }
  },
  "B_acf_abs_r": {
    "name": "ACF |r|",
    "mse": {
      "mean": 0.01047456530974758,
      "std": 0.008494308538139693,
      "per_seed": [
        0.0029046230617036936,
        0.005277227185606034,
        0.018166077077989024,
        0.0010128327167903829,
        0.025012066506648764
      ]
    },
    "pct": {
      "mean": 2342.141494868038,
      "std": 1351.8423929921767,
      "per_seed": [
        2849.0553372503264,
        972.7709364074153,
        1611.3981085049409,
        647.3340097458328,
        5630.149082431673
      ]
    }
  },
  "B_acf_sq_r": {
    "name": "ACF r\u00b2",
    "mse": {
      "mean": 0.005769112448599531,
      "std": 0.0033129757261678,
      "per_seed": [
        0.001960876795034247,
        0.004268318129998569,
        0.0072425154056897844,
        0.0010434928936955438,
        0.01433035901857951
      ]
    },
    "pct": {
      "mean": 4578.093252181298,
      "std": 4266.416533491171,
      "per_seed": [
        5737.071843488511,
        1155.4270053829996,
        1523.8238035682316,
        824.4243437445509,
        13649.719264722196
      ]
    }
  },
  "B_roll_vol_hist": {
    "name": "Rolling vol histogram",
    "mse": {
      "mean": 439.3262514126574,
      "std": 216.74032800762797,
      "per_seed": [
        280.403409185538,
        633.948105440638,
        604.1769002567595,
        82.52791786724227,
        595.5749243131094
      ]
    },
    "pct": {
      "mean": 882.8028738323861,
      "std": 410.8152046458994,
      "per_seed": [
        633.6631208771147,
        618.6897116082168,
        964.8272626672092,
        544.8729836067091,
        1651.9612904026803
      ]
    }
  },
  "B_tail_surv": {
    "name": "Tail survival",
    "mse": {
      "mean": 0.011713010179053818,
      "std": 0.009161555646260226,
      "per_seed": [
        0.0026715124253805693,
        0.006067425702693794,
        0.02189887257959461,
        0.004122778977882273,
        0.023804461209717843
      ]
    },
    "pct": {
      "mean": 24327.53190292027,
      "std": 11323.883678167862,
      "per_seed": [
        17671.788227635745,
        16124.087156722904,
        45820.525016361906,
        16154.442018905158,
        25866.81709497564
      ]
    }
  }
}