{
  "B_log_ret_hist": {
    "name": "Log-return histogram",
    "mse": {
      "mean": 45.397990644843404,
      "std": 57.906926152194224,
      "per_seed": [
        3.5788828734355724,
        6.973405981117917,
        153.7190225219302,
        4.7777525106244605,
        57.94088933710888
      ]
    },
    "pct": {
      "mean": 33.41352051398991,
      "std": 6.532838096447989,
      "per_seed": [
        26.36763784951825,
        36.990317283558625,
        32.64390379994354,
        27.12524669213981,
        43.94049694478934
      ]
    },
    "nrmse": {
      "mean": 21.381128496125957,
      "std": 14.34275978369226,
      "per_seed": [
        8.19381251032401,
        12.082543892268347,
        44.340523638311616,
        10.168068344439744,
        32.12069409528606
      ]
    }
  },
  "B_qq_plot": {
    "name": "QQ plot",
    "mse": {
      "mean": 2.381740366674903e-06,
      "std": 1.1385087951064e-06,
      "per_seed": [
        1.4119018572447117e-06,
        2.443766374601395e-06,
        2.7094446153593817e-06,
        1.0499244989820689e-06,
        4.293664487186956e-06
      ]
    },
    "pct": {
      "mean": 34.50488068693171,
      "std": 11.22013151114176,
      "per_seed": [
        20.509535747349567,
        23.6994228425525,
        47.989279786524214,
        34.20616884914946,
        46.11999620908281
      ]
    },
    "nrmse": {
      "mean": 6.960370875843559,
      "std": 1.7376295353826112,
      "per_seed": [
        5.487653783706977,
        7.318168662347245,
        7.626676901272707,
        4.709270835765284,
        9.660084196125581
      ]
    }
  },
  "B_acf_abs_r": {
    "name": "ACF |r|",
    "mse": {
      "mean": 0.0035966657844691977,
      "std": 0.003199117100017697,
      "per_seed": [
        0.0010264359163827724,
        0.0018407939756999267,
        0.006211256051842915,
        0.00037922460004222646,
        0.008525618378378147
      ]
    },
    "pct": {
      "mean": 186.16753540142787,
      "std": 107.81388004362871,
      "per_seed": [
        106.95470435019618,
        128.70304747372523,
        264.15554490240106,
        72.79222565585924,
        358.2321546249575
      ]
    },
    "nrmse": {
      "mean": 224.59185972774148,
      "std": 123.39589201635366,
      "per_seed": [
        116.85276236612874,
        181.17023574728358,
        346.68885085256244,
        85.32262787285703,
        392.9248217998756
      ]
    }
  },
  "B_acf_sq_r": {
    "name": "ACF r\u00b2",
    "mse": {
      "mean": 0.0019818176860235738,
      "std": 0.0016018946660563322,
      "per_seed": [
        0.0007021244938459188,
        0.0014818172686826058,
        0.002500793301893135,
        0.0003897144331541734,
        0.0048346389325420345
      ]
    },
    "pct": {
      "mean": 130.0262830738187,
      "std": 65.83998420958787,
      "per_seed": [
        95.36608495914065,
        88.6915112545603,
        113.55979067077891,
        91.9394047882622,
        260.57462369635147
      ]
    },
    "nrmse": {
      "mean": 168.22834016309994,
      "std": 70.20850732714575,
      "per_seed": [
        94.68406565793371,
        157.08149354883872,
        224.20502004360876,
        94.35996431158132,
        270.8111572535372
      ]
    }
  },
  "B_roll_vol_hist": {
    "name": "Rolling vol histogram",
    "mse": {
      "mean": 150.21031417454077,
      "std": 75.21621464189194,
      "per_seed": [
        96.14053521445561,
        215.12529742093272,
        207.263445455989,
        27.97256586308292,
        204.54972691824364
      ]
    },
    "pct": {
      "mean": 56.764510214944565,
      "std": 21.184669013136116,
      "per_seed": [
        53.374212102501936,
        72.7053754721466,
        84.36706221802862,
        22.364746847741664,
        51.01115443430396
      ]
    },
    "nrmse": {
      "mean": 22.640883881456794,
      "std": 7.202706603034469,
      "per_seed": [
        19.008770271572008,
        28.6142758710811,
        27.907577843166457,
        10.066419843200512,
        27.607375578263905
      ]
    }
  },
  "B_tail_surv": {
    "name": "Tail survival",
    "mse": {
      "mean": 0.003911975148133675,
      "std": 0.003064000567019648,
      "per_seed": [
        0.0009039416936133938,
        0.0020420892349834845,
        0.00730730913371684,
        0.0013541440009039519,
        0.00795239167745071
      ]
    },
    "pct": {
      "mean": 23.641471769020193,
      "std": 6.097289059768369,
      "per_seed": [
        18.460369668778032,
        24.615393325484444,
        25.988523873666608,
        15.88667459839618,
        33.2563973787757
      ]
    },
    "nrmse": {
      "mean": 10.024680738054194,
      "std": 4.365171522739554,
      "per_seed": [
        5.256771114043557,
        7.9015480487674,
        14.939068144778958,
        6.434352732452157,
        15.591663650228893
      ]
    }
  }
}