{
  "B_log_ret_hist": {
    "name": "Log-return histogram",
    "mse": {
      "mean": 144.21303800567594,
      "std": 120.61407214055971,
      "per_seed": [
        11.053584952445807,
        20.678875437724788,
        504.4767290336371,
        14.577774732692829,
        170.2782258718792
      ]
    },
    "pct": {
      "mean": 25146.702139591438,
      "std": 8785.099765961244,
      "per_seed": [
        27938.27539471036,
        12081.321154613144,
        37201.44666851406,
        29755.783465692595,
        18756.68401442703
      ]
    }
  },
  "B_qq_plot": {
    "name": "QQ plot",
    "mse": {
      "mean": 7.085598398769579e-06,
      "std": 3.3443303187019616e-06,
      "per_seed": [
        4.157746544425666e-06,
        7.222795084196904e-06,
        8.070144659888842e-06,
        3.1861595634433176e-06,
        1.2791146141893168e-05
      ]
    },
    "pct": {
      "mean": 52.645794029039465,
      "std": 13.633618862496148,
      "per_seed": [
        41.37537071479891,
        40.642403178363814,
        75.77273654603812,
        44.86404917341638,
        60.57441053258007
      ]
    }
  },
  "B_acf_abs_r": {
    "name": "ACF |r|",
    "mse": {
      "mean": 0.01047456530974758,
      "std": 0.008494308538139693,
      "per_seed": [
        0.0029046230617036936,
        0.005277227185606034,
        0.018166077077989024,
        0.0010128327167903829,
        0.025012066506648764
      ]
    },
    "pct": {
      "mean": 780.7138316226792,
      "std": 602.7619683901991,
      "per_seed": [
        949.6851124167755,
        324.2569788024718,
        537.1327028349803,
        215.77800324861093,
        1876.7163608105577
      ]
    }
  },
  "B_acf_sq_r": {
    "name": "ACF r\u00b2",
    "mse": {
      "mean": 0.005769112448599531,
      "std": 0.0033129757261678,
      "per_seed": [
        0.001960876795034247,
        0.004268318129998569,
        0.0072425154056897844,
        0.0010434928936955438,
        0.01433035901857951
      ]
    },
    "pct": {
      "mean": 1526.0310840604327,
      "std": 1624.608440089046,
      "per_seed": [
        1912.3572811628371,
        385.1423351276665,
        507.9412678560772,
        274.808114581517,
        4549.9064215740655
      ]
    }
  },
  "B_roll_vol_hist": {
    "name": "Rolling vol histogram",
    "mse": {
      "mean": 439.3262514126574,
      "std": 216.74032800762797,
      "per_seed": [
        280.403409185538,
        633.948105440638,
        604.1769002567595,
        82.52791786724227,
        595.5749243131094
      ]
    },
    "pct": {
      "mean": 294.26762461079534,
      "std": 136.97977627009607,
      "per_seed": [
        211.22104029237155,
        206.2299038694056,
        321.6090875557364,
        181.62432786890304,
        550.6537634675601
      ]
    }
  },
  "B_tail_surv": {
    "name": "Tail survival",
    "mse": {
      "mean": 0.011713010179053818,
      "std": 0.009161555646260226,
      "per_seed": [
        0.0026715124253805693,
        0.006067425702693794,
        0.02189887257959461,
        0.004122778977882273,
        0.023804461209717843
      ]
    },
    "pct": {
      "mean": 8109.1773009734225,
      "std": 3779.2209064953636,
      "per_seed": [
        5890.596075878581,
        5374.695718907635,
        15273.508338787302,
        5384.814006301719,
        8622.272364991879
      ]
    }
  }
}