{
  "B_log_ret_hist": {
    "name": "Log-return histogram",
    "mse": {
      "mean": 144.21303800567594,
      "std": 120.61407214055971,
      "per_seed": [
        11.053584952445807,
        20.678875437724788,
        504.4767290336371,
        14.577774732692829,
        170.2782258718792
      ]
    },
    "pct": {
      "mean": 33.418904147840834,
      "std": 6.511810438231837,
      "per_seed": [
        26.158533934474736,
        36.783414628616505,
        32.855869358853255,
        27.34993013841062,
        43.94677267884904
      ]
    }
  },
  "B_qq_plot": {
    "name": "QQ plot",
    "mse": {
      "mean": 7.085598398769579e-06,
      "std": 3.3443303187019616e-06,
      "per_seed": [
        4.157746544425666e-06,
        7.222795084196904e-06,
        8.070144659888842e-06,
        3.1861595634433176e-06,
        1.2791146141893168e-05
      ]
    },
    "pct": {
      "mean": 34.28648668138733,
      "std": 11.18947545905637,
      "per_seed": [
        20.17583372894548,
        23.682161740086553,
        47.69805571218341,
        33.99235806736159,
        45.88402415835962
      ]
    }
  },
  "B_acf_abs_r": {
    "name": "ACF |r|",
    "mse": {
      "mean": 0.01047456530974758,
      "std": 0.008494308538139693,
      "per_seed": [
        0.0029046230617036936,
        0.005277227185606034,
        0.018166077077989024,
        0.0010128327167903829,
        0.025012066506648764
      ]
    },
    "pct": {
      "mean": 163.88060116036277,
      "std": 100.65462868932589,
      "per_seed": [
        87.81589312313324,
        111.2860142233467,
        236.7993271388036,
        59.02165962880497,
        324.4801116877253
      ]
    }
  },
  "B_acf_sq_r": {
    "name": "ACF r\u00b2",
    "mse": {
      "mean": 0.005769112448599531,
      "std": 0.0033129757261678,
      "per_seed": [
        0.001960876795034247,
        0.004268318129998569,
        0.0072425154056897844,
        0.0010434928936955438,
        0.01433035901857951
      ]
    },
    "pct": {
      "mean": 109.56464789643265,
      "std": 60.71757861470051,
      "per_seed": [
        72.17778721609079,
        70.3997265634171,
        104.994919429195,
        72.05421382845145,
        228.1965924450088
      ]
    }
  },
  "B_roll_vol_hist": {
    "name": "Rolling vol histogram",
    "mse": {
      "mean": 439.3262514126574,
      "std": 216.74032800762797,
      "per_seed": [
        280.403409185538,
        633.948105440638,
        604.1769002567595,
        82.52791786724227,
        595.5749243131094
      ]
    },
    "pct": {
      "mean": 56.06160808341275,
      "std": 20.980275540874178,
      "per_seed": [
        52.54278457506118,
        71.70681724030896,
        84.04139939489839,
        22.65592278854282,
        49.361116418252394
      ]
    }
  },
  "B_tail_surv": {
    "name": "Tail survival",
    "mse": {
      "mean": 0.011713010179053818,
      "std": 0.009161555646260226,
      "per_seed": [
        0.0026715124253805693,
        0.006067425702693794,
        0.02189887257959461,
        0.004122778977882273,
        0.023804461209717843
      ]
    },
    "pct": {
      "mean": 23.60092759647823,
      "std": 6.039918053509066,
      "per_seed": [
        18.287657585819318,
        24.464193927239396,
        25.999382300900127,
        16.095290362438245,
        33.15811380599406
      ]
    }
  }
}