{
  "seed": 4,
  "A1_kurtosis_error": 4.672213129562577,
  "A2_abs_r_q95_error": 0.004018901759743482,
  "A3_abs_r_q99_error": 0.0004490769184789245,
  "A4_tail_qq_error": 0.004120852619030063,
  "A5_hill_tail_index_error": 57.6991443137525,
  "A6_path_mmd2": 0.03550608430113805,
  "A7_terminal_mmd2": 0.04552863603180335,
  "A8_increment_mmd2": 0.013083324091021753,
  "A9_volatility_mmd": 0.6828198804177273,
  "A10_terminal_swd": 3.56957124634848,
  "A11_path_swd": 1.8929026690296413,
  "A12_rv_law_loss": 1.8470082819328555,
  "A13_mean_path_rmse": 0.25328592108797926,
  "A14_ks_logreturns": 0.13285383089320862,
  "A15_skewness_error": 0.937903247469224,
  "A16_qq_rmse": 0.003504530693288075,
  "A17_terminal_ks": 0.1307373046875,
  "A18_disc_score_gru": 0.011138,
  "A18_disc_score_mlp": 0.129539,
  "A19_pred_score_gru": 0.056427,
  "A19_pred_score_mlp": 0.0578,
  "A20_cov_error": 16.98011574658898,
  "A21_acf_abs": 0.208020842984443,
  "A22_acf_sq": 0.1299982075628571,
  "A23_acf_lag1_abs_error": 0.31547317083980486,
  "A24_acf_lag1_sq_error": 0.1908209283547664,
  "A25_mean_rmse": 0.07429007022636824,
  "A26_std_error": 0.2608281918806198,
  "A27_logreturn_std_error": 0.0025437584632238205,
  "A28_kurtosis_ratio": 0.17181116336697141,
  "A29_sigma_mean_error": 0.04223634833280898,
  "A30_vol_path_rmse": 0.27900683614448235,
  "A31_rolling_vol_ks": 0.36947805513211385,
  "A32_vol_of_vol_error": 0.0010609984792578396,
  "A33_sigma_corr": 0.01657380256937892,
  "A34_sigma_rmse": 0.13077984002929607,
  "compute_time_sec": 51.87,
  "B_log_ret_hist_funct": 137.53229010971694,
  "B_log_ret_hist_der": 18.030011668353588,
  "B_log_ret_hist_sec_der": 14.71592409380866,
  "B_log_ret_hist_funct_pct": 43.94677267884904,
  "B_log_ret_hist_der_pct": 2234.760706909658,
  "B_log_ret_hist_sec_der_pct": 53991.34456369259,
  "B_qq_plot_funct": 1.252179770161437e-05,
  "B_qq_plot_der": 2.3177191079839442e-07,
  "B_qq_plot_sec_der": 3.75765294804038e-08,
  "B_qq_plot_funct_pct": 45.88402415835962,
  "B_qq_plot_der_pct": 34.35592287360638,
  "B_qq_plot_sec_der_pct": 101.4832845657742,
  "B_acf_abs_r_funct": 0.021616755179190858,
  "B_acf_abs_r_der": 0.001378337827535554,
  "B_acf_abs_r_sec_der": 0.0020169734999223522,
  "B_acf_abs_r_funct_pct": 324.4801116877253,
  "B_acf_abs_r_der_pct": 1923.334737061455,
  "B_acf_abs_r_sec_der_pct": 3382.3342336824935,
  "B_acf_sq_r_funct": 0.008395353058871003,
  "B_acf_sq_r_der": 0.0018465602225287655,
  "B_acf_sq_r_sec_der": 0.004088445737179741,
  "B_acf_sq_r_funct_pct": 228.1965924450088,
  "B_acf_sq_r_der_pct": 2108.05597819743,
  "B_acf_sq_r_sec_der_pct": 11313.466694079758,
  "B_roll_vol_hist_funct": 578.2688359422568,
  "B_roll_vol_hist_der": 11.293470109017493,
  "B_roll_vol_hist_sec_der": 6.012618261835128,
  "B_roll_vol_hist_funct_pct": 49.361116418252394,
  "B_roll_vol_hist_der_pct": 178.8351284663123,
  "B_roll_vol_hist_sec_der_pct": 1423.7650455181156,
  "B_tail_surv_funct": 0.023773481433281368,
  "B_tail_surv_der": 3.0752974684768964e-05,
  "B_tail_surv_sec_der": 2.268017517060562e-07,
  "B_tail_surv_funct_pct": 33.15811380599406,
  "B_tail_surv_der_pct": 42.9914401527974,
  "B_tail_surv_sec_der_pct": 25790.667541016846
}