{
  "seed": 2,
  "A1_path_mmd2": 0.03219318492594686,
  "A2_terminal_mmd2": 0.06811713461044244,
  "A3_increment_mmd2": 0.011212310603907927,
  "A4_volatility_mmd": 0.6571798430864375,
  "A5_terminal_swd": 4.530939264994484,
  "A6_path_swd": 2.46243133356639,
  "A7_cov_error": 14.807010174717249,
  "A8_mean_rmse": 1.0559569289316926,
  "A9_std_error": 0.03022252326847319,
  "A10_kurtosis_error": 3.7676706676060876,
  "A11_acf_abs": 0.20107345928147496,
  "A12_acf_sq": 0.11720337164530568,
  "A13_disc_score_gru": 0.002289,
  "A13_disc_score_mlp": 0.083155,
  "A14_pred_score_gru": 0.05749,
  "A14_pred_score_mlp": 0.057032,
  "A15_sigma_corr": -0.008228809666742474,
  "A15_sigma_rmse": 0.14793148451365165,
  "B1_mean_path_rmse": 0.8535779517806025,
  "B2_vol_path_rmse": 0.2584889534086575,
  "B3_ks_logreturns": 0.12590447373277558,
  "B4_skewness_error": 0.08908073538503103,
  "B5_qq_rmse": 0.0027599014196245447,
  "B6_tail_qq_error": 0.0016298634073411548,
  "B7_acf_lag1_abs": 0.36980107009169894,
  "compute_time_sec": 48.92,
  "B8_acf_lag1_sq": 0.26546083051810493,
  "B9_rolling_vol_ks": 0.3618610661204269,
  "B10_vol_of_vol_error": 0.00253060396520612,
  "B11_terminal_ks": 0.2073974609375,
  "B12_tail_index_error": 51.75082520044688,
  "A16_logreturn_std_error": 0.0005634316236998553,
  "A17_abs_r_q95_error": 0.0016336003612630566,
  "A18_abs_r_q99_error": 0.005207028074407656,
  "A19_kurtosis_ratio": 0.24506311076978937,
  "A20_sigma_mean_error": 0.02734267323861836,
  "A21_learned_oracle_sigma_corr": -0.008228809666742474,
  "A22_acf_lag1_abs_error": 0.36688925064215805,
  "A23_acf_lag1_sq_error": 0.2633705877581197,
  "A24_rv_law_loss": 1.8265895481852674
}