{
  "seed": 0,
  "A1_path_mmd2": 0.009282921405797284,
  "A2_terminal_mmd2": 0.02560168483032821,
  "A3_increment_mmd2": 0.004824804812694872,
  "A4_volatility_mmd": 0.1700450562301709,
  "A5_terminal_swd": 2.9504537382160887,
  "A6_path_swd": 1.279285054432556,
  "A7_cov_error": 8.829970093154685,
  "A8_mean_rmse": 0.8319908635827744,
  "A9_std_error": 0.15189693632250312,
  "A10_kurtosis_error": 0.014829987442657178,
  "A11_acf_abs": 0.06476060436621535,
  "A12_acf_sq": 0.04498705916777106,
  "A13_disc_score_gru": 0.003509,
  "A13_disc_score_mlp": 0.127708,
  "A14_pred_score_gru": 0.055316,
  "A14_pred_score_mlp": 0.055649,
  "A15_sigma_corr": 0.0010388708378190321,
  "A15_sigma_rmse": 0.10155295032270657,
  "B1_mean_path_rmse": 0.5326607659833524,
  "B2_vol_path_rmse": 0.22204115902713578,
  "B3_ks_logreturns": 0.039972740834153586,
  "B4_skewness_error": 0.0024672951945270347,
  "B5_qq_rmse": 0.001892498392596333,
  "B6_tail_qq_error": 0.00415202716371926,
  "B7_acf_lag1_abs": 0.15493171585772314,
  "compute_time_sec": 53.04,
  "B8_acf_lag1_sq": 0.11861874257236324,
  "B9_rolling_vol_ks": 0.18765184355945125,
  "B10_vol_of_vol_error": 0.0003537894609845294,
  "B11_terminal_ks": 0.107666015625,
  "B12_tail_index_error": 40.695267522906065,
  "A16_logreturn_std_error": 0.00201749554291325,
  "A17_abs_r_q95_error": 0.004178439360563096,
  "A18_abs_r_q99_error": 0.007368734309812337,
  "A19_kurtosis_ratio": 1.9787682959445065,
  "A20_sigma_mean_error": 0.03008143062539151,
  "A21_learned_oracle_sigma_corr": 0.0010388708378190321,
  "A22_acf_lag1_abs_error": 0.15371178108718983,
  "A23_acf_lag1_sq_error": 0.11768473672533666,
  "A24_rv_law_loss": 1.4913855413113972,
  "A25_mean_path_rmse": 0.5326607659833524,
  "A26_vol_path_rmse": 0.22204115902713578,
  "A27_ks_logreturns": 0.039972740834153586,
  "A28_skewness_error": 0.002467295194527208,
  "A29_qq_rmse": 0.0018924983925963205,
  "A30_tail_qq_error": 0.004152027163719131,
  "A31_rolling_vol_ks": 0.18765184355945125,
  "A32_vol_of_vol_error": 0.0003537894609845285,
  "A33_terminal_ks": 0.107666015625,
  "A34_hill_tail_index_error": 40.695267522906065,
  "B_log_ret_hist_funct": 9.065187801284832,
  "B_log_ret_hist_der": 1.0481421868544174,
  "B_log_ret_hist_sec_der": 0.9402549643065578,
  "B_log_ret_hist_funct_pct": 26.158533934474736,
  "B_log_ret_hist_der_pct": 720.6369444098245,
  "B_log_ret_hist_sec_der_pct": 83068.03070578678,
  "B_qq_plot_funct": 3.989267045675229e-06,
  "B_qq_plot_der": 1.3699279020381918e-07,
  "B_qq_plot_sec_der": 3.1486708546617825e-08,
  "B_qq_plot_funct_pct": 20.17583372894548,
  "B_qq_plot_der_pct": 15.27640151817967,
  "B_qq_plot_sec_der_pct": 88.67387689727157,
  "B_acf_abs_r_funct": 0.001810194336120027,
  "B_acf_abs_r_der": 0.0005460015593013298,
  "B_acf_abs_r_sec_der": 0.0005484271662823366,
  "B_acf_abs_r_funct_pct": 87.81589312313324,
  "B_acf_abs_r_der_pct": 753.759795035864,
  "B_acf_abs_r_sec_der_pct": 2007.479649091329,
  "B_acf_sq_r_funct": 0.0009547313747175148,
  "B_acf_sq_r_der": 0.0004454760089958801,
  "B_acf_sq_r_sec_der": 0.0005606694113208522,
  "B_acf_sq_r_funct_pct": 72.17778721609079,
  "B_acf_sq_r_der_pct": 799.4325201180116,
  "B_acf_sq_r_sec_der_pct": 4865.461536154409,
  "B_roll_vol_hist_funct": 274.565527459437,
  "B_roll_vol_hist_der": 2.6636228783751457,
  "B_roll_vol_hist_sec_der": 3.174258847725864,
  "B_roll_vol_hist_funct_pct": 52.54278457506118,
  "B_roll_vol_hist_der_pct": 132.93095420853723,
  "B_roll_vol_hist_sec_der_pct": 448.1893820935163,
  "B_tail_surv_funct": 0.0026680986942712198,
  "B_tail_surv_der": 3.3337911057250856e-06,
  "B_tail_surv_sec_der": 7.994000362465948e-08,
  "B_tail_surv_funct_pct": 18.287657585819318,
  "B_tail_surv_der_pct": 12.6160417652019,
  "B_tail_surv_sec_der_pct": 17640.884528284725
}