{
  "seed": 1,
  "A1_path_mmd2": 0.004607533514135231,
  "A2_terminal_mmd2": 0.010287135977931017,
  "A3_increment_mmd2": 0.007038119835586221,
  "A4_volatility_mmd": 0.34162707382166896,
  "A5_terminal_swd": 2.0578685794919815,
  "A6_path_swd": 0.9696164943983365,
  "A7_cov_error": 18.764794406248512,
  "A8_mean_rmse": 0.38902700851674865,
  "A9_std_error": 0.23792810075713677,
  "A10_kurtosis_error": 5.35985361947141,
  "A11_acf_abs": 0.10462101446612233,
  "A12_acf_sq": 0.07929011880808934,
  "A13_disc_score_gru": 0.012359,
  "A13_disc_score_mlp": 0.00534,
  "A14_pred_score_gru": 0.059134,
  "A14_pred_score_mlp": 0.059332,
  "A15_sigma_corr": 0.006885363210664993,
  "A15_sigma_rmse": 0.11078514230316738,
  "B1_mean_path_rmse": 0.21844418209871416,
  "B2_vol_path_rmse": 0.4752048356631415,
  "B3_ks_logreturns": 0.06265763410433073,
  "B4_skewness_error": 0.4473469674584888,
  "B5_qq_rmse": 0.0025983681513422003,
  "B6_tail_qq_error": 0.005357092465756852,
  "B7_acf_lag1_abs": 0.21367667604077245,
  "compute_time_sec": 48.29,
  "B8_acf_lag1_sq": 0.20162605246847268,
  "B9_rolling_vol_ks": 0.2704661299542683,
  "B10_vol_of_vol_error": 0.0002751399809626477,
  "B11_terminal_ks": 0.0572509765625,
  "B12_tail_index_error": 18.7827206738886,
  "A16_logreturn_std_error": 0.002329036569870104,
  "A17_abs_r_q95_error": 0.005574651671269089,
  "A18_abs_r_q99_error": 0.006897668188380637,
  "A19_kurtosis_ratio": 0.13604865267877955,
  "A20_sigma_mean_error": 0.03731694611449901,
  "A21_learned_oracle_sigma_corr": 0.006885363210664993,
  "A22_acf_lag1_abs_error": 0.21199418252864036,
  "A23_acf_lag1_sq_error": 0.20003844575612245,
  "A24_rv_law_loss": 1.7535641325185949,
  "A25_mean_path_rmse": 0.21844418209871416,
  "A26_vol_path_rmse": 0.4752048356631415,
  "A27_ks_logreturns": 0.06265763410433073,
  "A28_skewness_error": 0.44734696745848856,
  "A29_qq_rmse": 0.002598368151342133,
  "A30_tail_qq_error": 0.005357092465756956,
  "A31_rolling_vol_ks": 0.2704661299542683,
  "A32_vol_of_vol_error": 0.0002751399809626477,
  "A33_terminal_ks": 0.0572509765625,
  "A34_hill_tail_index_error": 18.7827206738886,
  "B_log_ret_hist_funct": 19.26795438311724,
  "B_log_ret_hist_der": 1.0146295403391175,
  "B_log_ret_hist_sec_der": 0.39629151426842874,
  "B_qq_plot_funct": 7.130896052925411e-06,
  "B_qq_plot_der": 8.533538422211382e-08,
  "B_qq_plot_sec_der": 6.563647049379638e-09,
  "B_acf_abs_r_funct": 0.004490460169289981,
  "B_acf_abs_r_der": 0.0005240253912305746,
  "B_acf_abs_r_sec_der": 0.00026274162508547767,
  "B_acf_sq_r_funct": 0.0027700665172984964,
  "B_acf_sq_r_der": 0.0008515972542189601,
  "B_acf_sq_r_sec_der": 0.0006466543584811128,
  "B_roll_vol_hist_funct": 628.9374442482431,
  "B_roll_vol_hist_der": 2.9747061407575215,
  "B_roll_vol_hist_sec_der": 2.0359550516372993,
  "B_tail_surv_funct": 0.006060433218077676,
  "B_tail_surv_der": 6.934645965618644e-06,
  "B_tail_surv_sec_der": 5.783865049956818e-08
}