{
  "seed": 0,
  "A1_path_mmd2": 0.009282921405797284,
  "A2_terminal_mmd2": 0.02560168483032821,
  "A3_increment_mmd2": 0.004824804812694872,
  "A4_volatility_mmd": 0.1700450562301709,
  "A5_terminal_swd": 2.9504537382160887,
  "A6_path_swd": 1.279285054432556,
  "A7_cov_error": 8.829970093154685,
  "A8_mean_rmse": 0.8319908635827744,
  "A9_std_error": 0.15189693632250312,
  "A10_kurtosis_error": 0.014829987442657178,
  "A11_acf_abs": 0.06476060436621535,
  "A12_acf_sq": 0.04498705916777106,
  "A13_disc_score_gru": 0.003509,
  "A13_disc_score_mlp": 0.127708,
  "A14_pred_score_gru": 0.055316,
  "A14_pred_score_mlp": 0.055649,
  "A15_sigma_corr": 0.0010388708378190321,
  "A15_sigma_rmse": 0.10155295032270657,
  "B1_mean_path_rmse": 0.5326607659833524,
  "B2_vol_path_rmse": 0.22204115902713578,
  "B3_ks_logreturns": 0.039972740834153586,
  "B4_skewness_error": 0.0024672951945270347,
  "B5_qq_rmse": 0.001892498392596333,
  "B6_tail_qq_error": 0.00415202716371926,
  "B7_acf_lag1_abs": 0.15493171585772314,
  "compute_time_sec": 53.04,
  "B8_acf_lag1_sq": 0.11861874257236324,
  "B9_rolling_vol_ks": 0.18765184355945125,
  "B10_vol_of_vol_error": 0.0003537894609845294,
  "B11_terminal_ks": 0.107666015625,
  "B12_tail_index_error": 40.695267522906065,
  "A16_logreturn_std_error": 0.00201749554291325,
  "A17_abs_r_q95_error": 0.004178439360563096,
  "A18_abs_r_q99_error": 0.007368734309812337,
  "A19_kurtosis_ratio": 1.9787682959445065,
  "A20_sigma_mean_error": 0.03008143062539151,
  "A21_learned_oracle_sigma_corr": 0.0010388708378190321,
  "A22_acf_lag1_abs_error": 0.15371178108718983,
  "A23_acf_lag1_sq_error": 0.11768473672533666,
  "A24_rv_law_loss": 1.4913855413113972
}