{
  "seed": 4,
  "A1_path_mmd2": 0.03728973128271884,
  "A2_terminal_mmd2": 0.04939496493440748,
  "A3_increment_mmd2": 0.012070815888272746,
  "A4_volatility_mmd": 0.6394193880245147,
  "A5_terminal_swd": 3.7720201057392315,
  "A6_path_swd": 2.0149086365457025,
  "A7_cov_error": 16.98011574658898,
  "A8_mean_rmse": 0.07429007022636824,
  "A9_std_error": 0.2608281918806198,
  "A10_kurtosis_error": 4.672213129562577,
  "A11_acf_abs": 0.208020842984443,
  "A12_acf_sq": 0.1299982075628571,
  "A13_disc_score_gru": 0.058132,
  "A13_disc_score_mlp": 0.35444,
  "A14_pred_score_gru": 0.008539,
  "A14_pred_score_mlp": 0.009886,
  "A15_sigma_corr": 0.01657380256937892,
  "A15_sigma_rmse": 0.13077984002929607,
  "compute_time_sec": 45.26,
  "tail_survival_error": 0.026994223470365824
}