{
  "seed": 2,
  "A1_kurtosis_error": 3.7673139383480456,
  "A2_abs_r_q95_error": 0.0015641854090236301,
  "A3_abs_r_q99_error": 0.005192222663885644,
  "A4_tail_qq_error": 0.0015816016927722588,
  "A5_hill_tail_index_error": 51.185364657071375,
  "A6_path_mmd2": 0.03560914069983445,
  "A7_terminal_mmd2": 0.06973957158353095,
  "A8_increment_mmd2": 0.014294020531230966,
  "A9_volatility_mmd": 0.7126375500642792,
  "A10_terminal_swd": 4.5503001956881155,
  "A11_path_swd": 2.3825210754503514,
  "A12_rv_law_loss": 1.8159979247962734,
  "A13_mean_path_rmse": 0.9467559125921512,
  "A14_ks_logreturns": 0.12592946450541337,
  "A15_skewness_error": 0.09797981655937005,
  "A16_qq_rmse": 0.0027690165157332348,
  "A17_terminal_ks": 0.2139892578125,
  "A18_disc_score_gru": 0.017547,
  "A18_disc_score_mlp": 0.008697,
  "A19_pred_score_gru": 0.053529,
  "A19_pred_score_mlp": 0.053498,
  "A20_cov_error": 8.799330856246513,
  "A21_acf_abs": 0.20361599513086942,
  "A22_acf_sq": 0.12016325447826276,
  "A23_acf_lag1_abs_error": 0.3705671182439541,
  "A24_acf_lag1_sq_error": 0.2674756444211402,
  "A25_mean_rmse": 1.2539145001847771,
  "A26_std_error": 0.031192099119871974,
  "A27_logreturn_std_error": 0.000592902047158974,
  "A28_kurtosis_ratio": 0.2498479654422361,
  "A29_sigma_mean_error": 0.027701515463762122,
  "A30_vol_path_rmse": 0.1711057370581934,
  "A31_rolling_vol_ks": 0.36335667555894313,
  "A32_vol_of_vol_error": 0.0025296091247164632,
  "A33_sigma_corr": -0.017984340110109593,
  "A34_sigma_rmse": 0.1487708173810137,
  "compute_time_sec": 48.09,
  "B_log_ret_hist_funct": 262.5233064794115,
  "B_log_ret_hist_der": 90.9740290672114,
  "B_log_ret_hist_sec_der": 107.65973201916779,
  "B_log_ret_hist_funct_pct": 32.46389072051856,
  "B_log_ret_hist_der_pct": 822.8986341455305,
  "B_log_ret_hist_sec_der_pct": 1624.8784960215921,
  "B_log_ret_hist_funct_nrmse": 44.340523638311616,
  "B_log_ret_hist_der_nrmse": 518.1534216451831,
  "B_log_ret_hist_sec_der_nrmse": 857.9783051760936,
  "B_qq_plot_funct": 7.868155572278923e-06,
  "B_qq_plot_der": 2.3081610334559365e-07,
  "B_qq_plot_sec_der": 2.936217045362827e-08,
  "B_qq_plot_funct_pct": 46.11867297488778,
  "B_qq_plot_der_pct": 38.019144378812015,
  "B_qq_plot_sec_der_pct": 96.27190594280273,
  "B_qq_plot_funct_nrmse": 7.626676901272707,
  "B_qq_plot_der_nrmse": 6.699297677753623,
  "B_qq_plot_sec_der_nrmse": 4.459854755947073,
  "B_acf_abs_r_funct": 0.017243054051581937,
  "B_acf_abs_r_der": 0.0010618053506984409,
  "B_acf_abs_r_sec_der": 0.0003289087532483659,
  "B_acf_abs_r_funct_pct": 263.7142224090877,
  "B_acf_abs_r_der_pct": 1438.1220800919425,
  "B_acf_abs_r_sec_der_pct": 673.510426504763,
  "B_acf_abs_r_funct_nrmse": 346.68885085256244,
  "B_acf_abs_r_der_nrmse": 717.1301171164681,
  "B_acf_abs_r_sec_der_nrmse": 332.49805536774346,
  "B_acf_sq_r_funct": 0.005953613871629596,
  "B_acf_sq_r_der": 0.0010197737412489367,
  "B_acf_sq_r_sec_der": 0.0005289922928008728,
  "B_acf_sq_r_funct_pct": 113.41870985449293,
  "B_acf_sq_r_der_pct": 1382.2934393528801,
  "B_acf_sq_r_sec_der_pct": 703.8218726701591,
  "B_acf_sq_r_funct_nrmse": 224.20502004360876,
  "B_acf_sq_r_der_nrmse": 565.9615742162182,
  "B_acf_sq_r_sec_der_nrmse": 318.9037129112042,
  "B_roll_vol_hist_funct": 608.1549732088439,
  "B_roll_vol_hist_der": 10.707168870548976,
  "B_roll_vol_hist_sec_der": 2.9281942885740717,
  "B_roll_vol_hist_funct_pct": 82.96574612020062,
  "B_roll_vol_hist_der_pct": 166.693530724327,
  "B_roll_vol_hist_sec_der_pct": 391.50252522770177,
  "B_roll_vol_hist_funct_nrmse": 27.907577843166457,
  "B_roll_vol_hist_der_nrmse": 61.32523329506575,
  "B_roll_vol_hist_sec_der_nrmse": 33.38680448908675,
  "B_tail_surv_funct": 0.021873449151213597,
  "B_tail_surv_der": 4.726350091147474e-05,
  "B_tail_surv_sec_der": 1.2147490254476064e-06,
  "B_tail_surv_funct_pct": 25.66380324105686,
  "B_tail_surv_der_pct": 44.49200050818817,
  "B_tail_surv_sec_der_pct": 40453673.1432347,
  "B_tail_surv_funct_nrmse": 14.939068144778958,
  "B_tail_surv_der_nrmse": 715247.183860698,
  "B_tail_surv_sec_der_nrmse": 114666.48304023514
}