{
  "seed": 4,
  "A1_path_mmd2": 0.03928250509530415,
  "A2_terminal_mmd2": 0.04392270053966946,
  "A3_increment_mmd2": 0.012921894366837217,
  "A4_volatility_mmd": 0.7178976768428106,
  "A5_terminal_swd": 3.7931234244670042,
  "A6_path_swd": 2.171109525906186,
  "A7_cov_error": 16.98011574658898,
  "A8_mean_rmse": 0.07429007022636824,
  "A9_std_error": 0.2608281918806198,
  "A10_kurtosis_error": 4.672213129562577,
  "A11_acf_abs": 0.208020842984443,
  "A12_acf_sq": 0.1299982075628571,
  "A13_disc_score_gru": 0.006256,
  "A13_disc_score_mlp": 0.126182,
  "A14_pred_score_gru": 0.057003,
  "A14_pred_score_mlp": 0.058783,
  "A15_sigma_corr": 0.01657380256937892,
  "A15_sigma_rmse": 0.13077984002929607,
  "A16_tail_survival": 0.027797040459788667,
  "A16_q90_error": 0.04407122754675196,
  "A16_q95_error": 0.01937842181348425,
  "A16_q99_error": 0.0004796305979330711,
  "A17_oracle_mae": 0.00968260265962075,
  "A18_agent_mae": 0.009921149488381896,
  "A19_oa_corr": -0.6136620070431986,
  "A20_rv_law_loss": 1.8470082819328555,
  "B1_mean_path_rmse": 0.25328592108797926,
  "B2_vol_path_rmse": 0.27900683614448235,
  "B3_ks_logreturns": 0.13285383089320862,
  "B4_skewness_error": 0.9379032474692239,
  "B5_qq_rmse": 0.003504530693288088,
  "B6_tail_qq_error": 0.004120852619029948,
  "B7_acf_lag1_abs": 0.31797692616393036,
  "B8_arch_persistence_error": 0.11304746469184074,
  "B9_acf_lag1_sq": 0.1923353801671058,
  "B10_garch_persistence_error": 0.05979730638107474,
  "B11_rolling_vol_ks": 0.36947805513211385,
  "B12_vol_of_vol_error": 0.0010609984792578388,
  "B13_terminal_ks": 0.1307373046875,
  "B14_tail_index_error": 57.6991443137525,
  "compute_time_sec": 48.24
}