{
  "seed": 4,
  "A1_kurtosis_error": 4.671856400304534,
  "A2_abs_r_q95_error": 0.004088316711982908,
  "A3_abs_r_q99_error": 0.0004638823290009364,
  "A4_tail_qq_error": 0.004149329261478558,
  "A5_hill_tail_index_error": 57.13368377037699,
  "A6_path_mmd2": 0.03735011583490383,
  "A7_terminal_mmd2": 0.04915426932954026,
  "A8_increment_mmd2": 0.011668531644559943,
  "A9_volatility_mmd": 0.6472845588635046,
  "A10_terminal_swd": 3.840381156406861,
  "A11_path_swd": 2.1760958499025715,
  "A12_rv_law_loss": 1.8627234235445154,
  "A13_mean_path_rmse": 0.291307102376057,
  "A14_ks_logreturns": 0.13335556871309054,
  "A15_skewness_error": 0.9290041662948847,
  "A16_qq_rmse": 0.0035206505078704217,
  "A17_terminal_ks": 0.1273193359375,
  "A18_disc_score_gru": 0.138999,
  "A18_disc_score_mlp": 0.121605,
  "A19_pred_score_gru": 0.05199,
  "A19_pred_score_mlp": 0.05352,
  "A20_cov_error": 22.987795065059714,
  "A21_acf_abs": 0.21056337883383747,
  "A22_acf_sq": 0.1325083795472629,
  "A23_acf_lag1_abs_error": 0.319151038441601,
  "A24_acf_lag1_sq_error": 0.19492598501778685,
  "A25_mean_rmse": 0.2722476414794528,
  "A26_std_error": 0.26179776773201857,
  "A27_logreturn_std_error": 0.002573228886682939,
  "A28_kurtosis_ratio": 0.1751657745331833,
  "A29_sigma_mean_error": 0.042595190557952745,
  "A30_vol_path_rmse": 0.3557223598456117,
  "A31_rolling_vol_ks": 0.3709121331935976,
  "A32_vol_of_vol_error": 0.001060003638768182,
  "A33_sigma_corr": 0.023043656753970264,
  "A34_sigma_rmse": 0.13103122304151263,
  "compute_time_sec": 48.73,
  "B_log_ret_hist_funct": 137.76410435967685,
  "B_log_ret_hist_der": 18.901143455991754,
  "B_log_ret_hist_sec_der": 17.15742019565802,
  "B_log_ret_hist_funct_pct": 43.5441099823478,
  "B_log_ret_hist_der_pct": 423.5938752568692,
  "B_log_ret_hist_sec_der_pct": 800.1917925000832,
  "B_log_ret_hist_funct_nrmse": 32.12069409528606,
  "B_log_ret_hist_der_nrmse": 236.180313607776,
  "B_log_ret_hist_sec_der_nrmse": 342.51189056772944,
  "B_qq_plot_funct": 1.2623043108174337e-05,
  "B_qq_plot_der": 2.2301768296559292e-07,
  "B_qq_plot_sec_der": 3.493267042093523e-08,
  "B_qq_plot_funct_pct": 44.71561641386443,
  "B_qq_plot_der_pct": 33.786138657242006,
  "B_qq_plot_sec_der_pct": 72.30931568398805,
  "B_qq_plot_funct_nrmse": 9.660084196125581,
  "B_qq_plot_der_nrmse": 6.585153047212722,
  "B_qq_plot_sec_der_nrmse": 4.864548422123332,
  "B_acf_abs_r_funct": 0.022148961512116688,
  "B_acf_abs_r_der": 0.0014008519843077532,
  "B_acf_abs_r_sec_der": 0.0020270416387100035,
  "B_acf_abs_r_funct_pct": 357.584072329447,
  "B_acf_abs_r_der_pct": 2356.757505279054,
  "B_acf_abs_r_sec_der_pct": 1931.9365277271768,
  "B_acf_abs_r_funct_nrmse": 392.9248217998756,
  "B_acf_abs_r_der_nrmse": 823.7048666044833,
  "B_acf_abs_r_sec_der_nrmse": 825.4347130155528,
  "B_acf_sq_r_funct": 0.008686065617672689,
  "B_acf_sq_r_der": 0.0018416725989339022,
  "B_acf_sq_r_sec_der": 0.003976178581019513,
  "B_acf_sq_r_funct_pct": 260.01798813658803,
  "B_acf_sq_r_der_pct": 6288.150271854198,
  "B_acf_sq_r_sec_der_pct": 7966.556717711627,
  "B_acf_sq_r_funct_nrmse": 270.8111572535372,
  "B_acf_sq_r_der_nrmse": 760.5736000854752,
  "B_acf_sq_r_sec_der_nrmse": 874.314828426887,
  "B_roll_vol_hist_funct": 595.14147917796,
  "B_roll_vol_hist_der": 11.490974956418478,
  "B_roll_vol_hist_sec_der": 7.016726620352392,
  "B_roll_vol_hist_funct_pct": 50.6857862715935,
  "B_roll_vol_hist_der_pct": 135.65374145085897,
  "B_roll_vol_hist_sec_der_pct": 665.349464766033,
  "B_roll_vol_hist_funct_nrmse": 27.607375578263905,
  "B_roll_vol_hist_der_nrmse": 63.5302145423198,
  "B_roll_vol_hist_sec_der_nrmse": 51.68234222023852,
  "B_tail_surv_funct": 0.023826221184759647,
  "B_tail_surv_der": 3.07440938868066e-05,
  "B_tail_surv_sec_der": 2.0975370567691493e-07,
  "B_tail_surv_funct_pct": 33.085949618503065,
  "B_tail_surv_der_pct": 42.983049585227626,
  "B_tail_surv_sec_der_pct": 22073939.041819025,
  "B_tail_surv_funct_nrmse": 15.591663650228893,
  "B_tail_surv_der_nrmse": 576864.8295390038,
  "B_tail_surv_sec_der_nrmse": 47648.3683896113
}