{
  "seed": 0,
  "A1_kurtosis_error": 0.014829987442657178,
  "A2_abs_r_q95_error": 0.004178439360563096,
  "A3_abs_r_q99_error": 0.007368734309812337,
  "A4_tail_qq_error": 0.004152027163719131,
  "A5_hill_tail_index_error": 40.695267522906065,
  "A6_path_mmd2": 0.0102935847971663,
  "A7_terminal_mmd2": 0.016838368062368603,
  "A8_increment_mmd2": 0.004752694020605963,
  "A9_volatility_mmd": 0.16445378739658012,
  "A10_terminal_swd": 2.303119463555015,
  "A11_path_swd": 1.4055140565831898,
  "A12_rv_law_loss": 1.4913855413113968,
  "A13_mean_path_rmse": 0.5326607659833524,
  "A14_ks_logreturns": 0.039972740834153586,
  "A15_skewness_error": 0.002467295194527208,
  "A16_qq_rmse": 0.0018924983925963205,
  "A17_terminal_ks": 0.107666015625,
  "A18_disc_score_gru": 0.008087,
  "A18_disc_score_mlp": 0.136558,
  "A19_pred_score_gru": 0.055327,
  "A19_pred_score_mlp": 0.055256,
  "A20_cov_error": 8.829970093154685,
  "A21_acf_abs": 0.06476060436621535,
  "A22_acf_sq": 0.04498705916777106,
  "A23_acf_lag1_abs_error": 0.15371178108718983,
  "A24_acf_lag1_sq_error": 0.11768473672533666,
  "A25_mean_rmse": 0.8319908635827744,
  "A26_std_error": 0.15189693632250312,
  "A27_logreturn_std_error": 0.00201749554291325,
  "A28_kurtosis_ratio": 1.9787682959445065,
  "A29_sigma_mean_error": 0.03008143062539151,
  "A30_vol_path_rmse": 0.22204115902713578,
  "A31_rolling_vol_ks": 0.18765184355945125,
  "A32_vol_of_vol_error": 0.0003537894609845285,
  "A33_sigma_corr": 0.0010388708378190321,
  "A34_sigma_rmse": 0.10155295032270657,
  "compute_time_sec": 56.29,
  "B_log_ret_hist_funct": 9.065187801284832,
  "B_log_ret_hist_der": 1.0481421868544174,
  "B_log_ret_hist_sec_der": 0.9402549643065578,
  "B_log_ret_hist_funct_pct": 26.158533934474736,
  "B_log_ret_hist_der_pct": 720.6369444098245,
  "B_log_ret_hist_sec_der_pct": 83068.03070578678,
  "B_qq_plot_funct": 3.989267045675229e-06,
  "B_qq_plot_der": 1.3699279020381918e-07,
  "B_qq_plot_sec_der": 3.1486708546617825e-08,
  "B_qq_plot_funct_pct": 20.17583372894548,
  "B_qq_plot_der_pct": 15.27640151817967,
  "B_qq_plot_sec_der_pct": 88.67387689727157,
  "B_acf_abs_r_funct": 0.001810194336120027,
  "B_acf_abs_r_der": 0.0005460015593013298,
  "B_acf_abs_r_sec_der": 0.0005484271662823366,
  "B_acf_abs_r_funct_pct": 87.81589312313324,
  "B_acf_abs_r_der_pct": 753.759795035864,
  "B_acf_abs_r_sec_der_pct": 2007.479649091329,
  "B_acf_sq_r_funct": 0.0009547313747175148,
  "B_acf_sq_r_der": 0.0004454760089958801,
  "B_acf_sq_r_sec_der": 0.0005606694113208522,
  "B_acf_sq_r_funct_pct": 72.17778721609079,
  "B_acf_sq_r_der_pct": 799.4325201180116,
  "B_acf_sq_r_sec_der_pct": 4865.461536154409,
  "B_roll_vol_hist_funct": 274.565527459437,
  "B_roll_vol_hist_der": 2.6636228783751457,
  "B_roll_vol_hist_sec_der": 3.174258847725864,
  "B_roll_vol_hist_funct_pct": 52.54278457506118,
  "B_roll_vol_hist_der_pct": 132.93095420853723,
  "B_roll_vol_hist_sec_der_pct": 448.1893820935163,
  "B_tail_surv_funct": 0.0026680986942712198,
  "B_tail_surv_der": 3.3337911057250856e-06,
  "B_tail_surv_sec_der": 7.994000362465948e-08,
  "B_tail_surv_funct_pct": 18.287657585819318,
  "B_tail_surv_der_pct": 12.6160417652019,
  "B_tail_surv_sec_der_pct": 17640.884528284725
}