{
  "seed": 1,
  "A1_path_mmd2": 0.003545115692836942,
  "A2_terminal_mmd2": 0.008585307604010384,
  "A3_increment_mmd2": 0.0076433204899351015,
  "A4_volatility_mmd": 0.3672559112331582,
  "A5_terminal_swd": 1.8201082919124867,
  "A6_path_swd": 0.8390110077047166,
  "A7_cov_error": 18.764794406248512,
  "A8_mean_rmse": 0.38902700851674865,
  "A9_std_error": 0.23792810075713677,
  "A10_kurtosis_error": 5.35985361947141,
  "A11_acf_abs": 0.10650735420137102,
  "A12_acf_sq": 0.08332091999768576,
  "A13_disc_score_gru": 0.022429,
  "A13_disc_score_mlp": 0.035246,
  "A14_pred_score_gru": 0.008989,
  "A14_pred_score_mlp": 0.008683,
  "A15_sigma_corr": 0.006885363210664993,
  "A15_sigma_rmse": 0.11078514230316738,
  "compute_time_sec": 46.73,
  "tail_survival_error": 0.03973659509792195
}