{
  "seed": 1,
  "A1_kurtosis_error": 5.359496890213368,
  "A2_abs_r_q95_error": 0.005644066623508515,
  "A3_abs_r_q99_error": 0.0069124735989026485,
  "A4_tail_qq_error": 0.005409527178580384,
  "A5_hill_tail_index_error": 18.217260130513086,
  "A6_path_mmd2": 0.003450069932239924,
  "A7_terminal_mmd2": 0.005804598627693003,
  "A8_increment_mmd2": 0.007798196075074371,
  "A9_volatility_mmd": 0.3623627222700679,
  "A10_terminal_swd": 1.4015706664108054,
  "A11_path_swd": 0.769096449028281,
  "A12_rv_law_loss": 1.7761630774266841,
  "A13_mean_path_rmse": 0.30176766999716104,
  "A14_ks_logreturns": 0.06328240342027558,
  "A15_skewness_error": 0.4384478862841492,
  "A16_qq_rmse": 0.0026207417202294067,
  "A17_terminal_ks": 0.053466796875,
  "A18_disc_score_gru": 0.001984,
  "A18_disc_score_mlp": 0.062099,
  "A19_pred_score_gru": 0.054559,
  "A19_pred_score_mlp": 0.054524,
  "A20_cov_error": 24.772473724719248,
  "A21_acf_abs": 0.10716355031551679,
  "A22_acf_sq": 0.08225000164104643,
  "A23_acf_lag1_abs_error": 0.21567205013043644,
  "A24_acf_lag1_sq_error": 0.20414350241914286,
  "A25_mean_rmse": 0.5869845797698332,
  "A26_std_error": 0.23889767660853556,
  "A27_logreturn_std_error": 0.0023585069933292225,
  "A28_kurtosis_ratio": 0.1387050011981683,
  "A29_sigma_mean_error": 0.037675788339642774,
  "A30_vol_path_rmse": 0.6882536589195554,
  "A31_rolling_vol_ks": 0.2727070630081301,
  "A32_vol_of_vol_error": 0.0002761348214523054,
  "A33_sigma_corr": 0.009071581896663268,
  "A34_sigma_rmse": 0.11118729369887144,
  "compute_time_sec": 48.04,
  "B_log_ret_hist_funct": 19.493193475569477,
  "B_log_ret_hist_der": 1.017818576076586,
  "B_log_ret_hist_sec_der": 0.40920589170768795,
  "B_log_ret_hist_funct_pct": 36.455314675673904,
  "B_log_ret_hist_der_pct": 121.14108364536038,
  "B_log_ret_hist_sec_der_pct": 994.4399295662878,
  "B_log_ret_hist_funct_nrmse": 12.082543892268347,
  "B_log_ret_hist_der_nrmse": 54.80685003799217,
  "B_log_ret_hist_sec_der_nrmse": 52.89572794305734,
  "B_qq_plot_funct": 7.244477550190415e-06,
  "B_qq_plot_der": 8.12545687611605e-08,
  "B_qq_plot_sec_der": 5.567004852610752e-09,
  "B_qq_plot_funct_pct": 23.31643005620454,
  "B_qq_plot_der_pct": 20.87042154805678,
  "B_qq_plot_sec_der_pct": 52.456035017451065,
  "B_qq_plot_funct_nrmse": 7.318168662347245,
  "B_qq_plot_der_nrmse": 3.97484426977485,
  "B_qq_plot_sec_der_nrmse": 1.9419472887489926,
  "B_acf_abs_r_funct": 0.004708777153700416,
  "B_acf_abs_r_der": 0.0005372119274765905,
  "B_acf_abs_r_sec_der": 0.00027639284592277376,
  "B_acf_abs_r_funct_pct": 128.4982132099957,
  "B_acf_abs_r_der_pct": 787.1369353489793,
  "B_acf_abs_r_sec_der_pct": 630.7589468159966,
  "B_acf_abs_r_funct_nrmse": 181.17023574728358,
  "B_acf_abs_r_der_nrmse": 510.09178622532863,
  "B_acf_abs_r_sec_der_nrmse": 304.7998807392177,
  "B_acf_sq_r_funct": 0.002922402586896234,
  "B_acf_sq_r_der": 0.0008691545539403436,
  "B_acf_sq_r_sec_der": 0.0006538946652112394,
  "B_acf_sq_r_funct_pct": 88.54835466415037,
  "B_acf_sq_r_der_pct": 1261.4754888247437,
  "B_acf_sq_r_sec_der_pct": 645.7708213972517,
  "B_acf_sq_r_funct_nrmse": 157.08149354883872,
  "B_acf_sq_r_der_nrmse": 522.4966838818241,
  "B_acf_sq_r_sec_der_nrmse": 354.5592339984104,
  "B_roll_vol_hist_funct": 639.3453232710964,
  "B_roll_vol_hist_der": 3.2317917056682113,
  "B_roll_vol_hist_sec_der": 2.798777286033591,
  "B_roll_vol_hist_funct_pct": 72.06357793312692,
  "B_roll_vol_hist_der_pct": 203.5468720445308,
  "B_roll_vol_hist_sec_der_pct": 338.17884519687095,
  "B_roll_vol_hist_funct_nrmse": 28.6142758710811,
  "B_roll_vol_hist_der_nrmse": 33.69174956661672,
  "B_roll_vol_hist_sec_der_nrmse": 32.64067112212758,
  "B_tail_surv_funct": 0.006119199677044419,
  "B_tail_surv_der": 7.005266695442071e-06,
  "B_tail_surv_sec_der": 6.276121059232464e-08,
  "B_tail_surv_funct_pct": 24.331768115161616,
  "B_tail_surv_der_pct": 19.40434155714573,
  "B_tail_surv_sec_der_pct": 12432365.272608047,
  "B_tail_surv_funct_nrmse": 7.9015480487674,
  "B_tail_surv_der_nrmse": 275362.9778797402,
  "B_tail_surv_sec_der_nrmse": 26063.86807472548
}