{
  "seed": 4,
  "A1_path_mmd2": 0.03928250509530415,
  "A2_terminal_mmd2": 0.04392270053966946,
  "A3_increment_mmd2": 0.012921894366837217,
  "A4_volatility_mmd": 0.7178976768428106,
  "A5_terminal_swd": 3.7931234244670042,
  "A6_path_swd": 2.171109525906186,
  "A7_cov_error": 16.98011574658898,
  "A8_mean_rmse": 0.07429007022636824,
  "A9_std_error": 0.2608281918806198,
  "A10_kurtosis_error": 4.672213129562577,
  "A11_acf_abs": 0.208020842984443,
  "A12_acf_sq": 0.1299982075628571,
  "A13_disc_score_gru": 0.006256,
  "A13_disc_score_mlp": 0.126182,
  "A14_pred_score_gru": 0.057003,
  "A14_pred_score_mlp": 0.058783,
  "A15_sigma_corr": 0.01657380256937892,
  "A15_sigma_rmse": 0.13077984002929607,
  "B1_mean_path_rmse": 0.25328592108797926,
  "B2_vol_path_rmse": 0.27900683614448235,
  "B3_ks_logreturns": 0.13285383089320862,
  "B4_skewness_error": 0.9379032474692239,
  "B5_qq_rmse": 0.003504530693288088,
  "B6_tail_qq_error": 0.004120852619029948,
  "B7_acf_lag1_abs": 0.31797692616393036,
  "compute_time_sec": 48.24,
  "B8_acf_lag1_sq": 0.1923353801671058,
  "B9_rolling_vol_ks": 0.36947805513211385,
  "B10_vol_of_vol_error": 0.0010609984792578388,
  "B11_terminal_ks": 0.1307373046875,
  "B12_tail_index_error": 57.6991443137525,
  "A16_logreturn_std_error": 0.0025437584632238205,
  "A17_abs_r_q95_error": 0.004018901759743482,
  "A18_abs_r_q99_error": 0.0004490769184789245,
  "A19_kurtosis_ratio": 0.17181116336697141,
  "A20_sigma_mean_error": 0.04223634833280898,
  "A21_learned_oracle_sigma_corr": 0.01657380256937892,
  "A22_acf_lag1_abs_error": 0.31547317083980486,
  "A23_acf_lag1_sq_error": 0.1908209283547664,
  "A24_rv_law_loss": 1.8470082819328562,
  "A25_mean_path_rmse": 0.25328592108797926,
  "A26_vol_path_rmse": 0.27900683614448235,
  "A27_ks_logreturns": 0.13285383089320862,
  "A28_skewness_error": 0.937903247469224,
  "A29_qq_rmse": 0.003504530693288075,
  "A30_tail_qq_error": 0.004120852619030063,
  "A31_rolling_vol_ks": 0.36947805513211385,
  "A32_vol_of_vol_error": 0.0010609984792578396,
  "A33_terminal_ks": 0.1307373046875,
  "A34_hill_tail_index_error": 57.6991443137525,
  "B_log_ret_hist_funct": 137.53229010971694,
  "B_log_ret_hist_der": 18.030011668353588,
  "B_log_ret_hist_sec_der": 14.71592409380866,
  "B_qq_plot_funct": 1.252179770161437e-05,
  "B_qq_plot_der": 2.3177191079839442e-07,
  "B_qq_plot_sec_der": 3.75765294804038e-08,
  "B_acf_abs_r_funct": 0.021616755179190858,
  "B_acf_abs_r_der": 0.001378337827535554,
  "B_acf_abs_r_sec_der": 0.0020169734999223522,
  "B_acf_sq_r_funct": 0.008395353058871003,
  "B_acf_sq_r_der": 0.0018465602225287655,
  "B_acf_sq_r_sec_der": 0.004088445737179741,
  "B_roll_vol_hist_funct": 578.2688359422568,
  "B_roll_vol_hist_der": 11.293470109017493,
  "B_roll_vol_hist_sec_der": 6.012618261835128,
  "B_tail_surv_funct": 0.023773481433281368,
  "B_tail_surv_der": 3.0752974684768964e-05,
  "B_tail_surv_sec_der": 2.268017517060562e-07
}