{
  "seed": 3,
  "A1_kurtosis_error": 0.9584876299129821,
  "A2_abs_r_q95_error": 0.0004363183492276622,
  "A3_abs_r_q99_error": 0.0017592140127752204,
  "A4_tail_qq_error": 0.0016578795688231393,
  "A5_hill_tail_index_error": 14.929365913072434,
  "A6_path_mmd2": 0.00664593722313786,
  "A7_terminal_mmd2": 0.009835282081574082,
  "A8_increment_mmd2": 0.0022506672809727846,
  "A9_volatility_mmd": 0.07878241917958162,
  "A10_terminal_swd": 2.273930168939712,
  "A11_path_swd": 1.3711517328175702,
  "A12_rv_law_loss": 0.8208488645719366,
  "A13_mean_path_rmse": 0.6922291754134569,
  "A14_ks_logreturns": 0.061669537401574825,
  "A15_skewness_error": 0.2341292518546032,
  "A16_qq_rmse": 0.0017045489280033959,
  "A17_terminal_ks": 0.0560302734375,
  "A18_disc_score_gru": 0.002899,
  "A18_disc_score_mlp": 0.108789,
  "A19_pred_score_gru": 0.05221,
  "A19_pred_score_mlp": 0.053183,
  "A20_cov_error": 35.38066219584937,
  "A21_acf_abs": 0.05023194286567985,
  "A22_acf_sq": 0.05090786070812159,
  "A23_acf_lag1_abs_error": 0.08767088200772039,
  "A24_acf_lag1_sq_error": 0.09154243409143341,
  "A25_mean_rmse": 1.1432748497266658,
  "A26_std_error": 0.07781773974709649,
  "A27_logreturn_std_error": 0.0009427629696791874,
  "A28_kurtosis_ratio": -8.161607689497572,
  "A29_sigma_mean_error": 0.01601937388875005,
  "A30_vol_path_rmse": 0.7242290343763903,
  "A31_rolling_vol_ks": 0.07955808561991873,
  "A32_vol_of_vol_error": 0.0002618191350473812,
  "A33_sigma_corr": 0.002782509102847812,
  "A34_sigma_rmse": 0.10002243482593244,
  "compute_time_sec": 48.05,
  "B_log_ret_hist_funct": 13.805214015111888,
  "B_log_ret_hist_der": 0.31092735023221285,
  "B_log_ret_hist_sec_der": 0.21711616652928217,
  "B_log_ret_hist_funct_pct": 26.80090562310004,
  "B_log_ret_hist_der_pct": 64.65078380821376,
  "B_log_ret_hist_sec_der_pct": 413.43153059867205,
  "B_log_ret_hist_funct_nrmse": 10.168068344439744,
  "B_log_ret_hist_der_nrmse": 30.292081641973155,
  "B_log_ret_hist_sec_der_nrmse": 38.529710011487914,
  "B_qq_plot_funct": 2.9999193403011843e-06,
  "B_qq_plot_der": 1.2018139098210566e-07,
  "B_qq_plot_sec_der": 2.967276566291666e-08,
  "B_qq_plot_funct_pct": 31.096983391213918,
  "B_qq_plot_der_pct": 18.693731274563405,
  "B_qq_plot_sec_der_pct": 50.91928773653539,
  "B_qq_plot_funct_nrmse": 4.709270835765284,
  "B_qq_plot_der_nrmse": 4.834091164647865,
  "B_qq_plot_sec_der_nrmse": 4.483381040542391,
  "B_acf_abs_r_funct": 0.0010443904322876784,
  "B_acf_abs_r_der": 6.165955303159677e-05,
  "B_acf_abs_r_sec_der": 3.162381480740419e-05,
  "B_acf_abs_r_funct_pct": 72.66699105602255,
  "B_acf_abs_r_der_pct": 409.99281091351963,
  "B_acf_abs_r_sec_der_pct": 360.8250084548742,
  "B_acf_abs_r_funct_nrmse": 85.32262787285703,
  "B_acf_abs_r_der_nrmse": 172.8127149496266,
  "B_acf_abs_r_sec_der_nrmse": 103.09996620522166,
  "B_acf_sq_r_funct": 0.0010545460169230378,
  "B_acf_sq_r_der": 7.694248929361422e-05,
  "B_acf_sq_r_sec_der": 3.7654793245868164e-05,
  "B_acf_sq_r_funct_pct": 91.74932994745137,
  "B_acf_sq_r_der_pct": 929.8660055847831,
  "B_acf_sq_r_sec_der_pct": 555.0638991753548,
  "B_acf_sq_r_funct_nrmse": 94.35996431158132,
  "B_acf_sq_r_der_nrmse": 155.45981618195407,
  "B_acf_sq_r_sec_der_nrmse": 85.08343931724418,
  "B_roll_vol_hist_funct": 79.12615315693374,
  "B_roll_vol_hist_der": 1.7195109543589042,
  "B_roll_vol_hist_sec_der": 3.072033477956105,
  "B_roll_vol_hist_funct_pct": 22.19009236429256,
  "B_roll_vol_hist_der_pct": 96.61127538432139,
  "B_roll_vol_hist_sec_der_pct": 221.9510068600549,
  "B_roll_vol_hist_funct_nrmse": 10.066419843200512,
  "B_roll_vol_hist_der_nrmse": 24.57561282454822,
  "B_roll_vol_hist_sec_der_nrmse": 34.19699000342249,
  "B_tail_surv_funct": 0.004057700466679895,
  "B_tail_surv_der": 4.635141816359297e-06,
  "B_tail_surv_sec_der": 9.639421560107952e-08,
  "B_tail_surv_funct_pct": 15.731132247171761,
  "B_tail_surv_der_pct": 18.68139498198879,
  "B_tail_surv_sec_der_pct": 12811229.085972175,
  "B_tail_surv_funct_nrmse": 6.434352732452157,
  "B_tail_surv_der_nrmse": 223987.9865597969,
  "B_tail_surv_sec_der_nrmse": 32301.203178389096
}