{
  "seed": 3,
  "A1_kurtosis_error": 0.9581309006549401,
  "A2_abs_r_q95_error": 0.0005057333014670887,
  "A3_abs_r_q99_error": 0.0017444086022532085,
  "A4_tail_qq_error": 0.0016509741586068858,
  "A5_hill_tail_index_error": 15.49482645644795,
  "A6_path_mmd2": 0.004248710301642755,
  "A7_terminal_mmd2": 0.006627889544033039,
  "A8_increment_mmd2": 0.0021760318381014443,
  "A9_volatility_mmd": 0.07078195918182256,
  "A10_terminal_swd": 1.6378398910556342,
  "A11_path_swd": 0.8440262392691822,
  "A12_rv_law_loss": 0.8373245879074674,
  "A13_mean_path_rmse": 0.7866426349648958,
  "A14_ks_logreturns": 0.06275375246062995,
  "A15_skewness_error": 0.22523017068026385,
  "A16_qq_rmse": 0.001716941278828959,
  "A17_terminal_ks": 0.057373046875,
  "A18_disc_score_gru": 0.0148,
  "A18_disc_score_mlp": 0.132591,
  "A19_pred_score_gru": 0.056027,
  "A19_pred_score_mlp": 0.055995,
  "A20_cov_error": 29.372982877378632,
  "A21_acf_abs": 0.0476894070162854,
  "A22_acf_sq": 0.04794797787516451,
  "A23_acf_lag1_abs_error": 0.0839930144059243,
  "A24_acf_lag1_sq_error": 0.08743737742841298,
  "A25_mean_rmse": 1.3412324209797504,
  "A26_std_error": 0.07878731559849528,
  "A27_logreturn_std_error": 0.0009722333931383061,
  "A28_kurtosis_ratio": -8.005304208624128,
  "A29_sigma_mean_error": 0.016378216113893812,
  "A30_vol_path_rmse": 0.5320432515140281,
  "A31_rolling_vol_ks": 0.08047113185975607,
  "A32_vol_of_vol_error": 0.00026281397553703893,
  "A33_sigma_corr": -0.005685698169517741,
  "A34_sigma_rmse": 0.10044182883910731,
  "compute_time_sec": 52.23,
  "B_log_ret_hist_funct": 13.981226928394351,
  "B_log_ret_hist_der": 0.3247642722917111,
  "B_log_ret_hist_sec_der": 0.2717835320067662,
  "B_log_ret_hist_funct_pct": 27.34993013841062,
  "B_log_ret_hist_der_pct": 127.49790075201723,
  "B_log_ret_hist_sec_der_pct": 89112.50256618735,
  "B_qq_plot_funct": 3.0357585093027338e-06,
  "B_qq_plot_der": 1.197525561828616e-07,
  "B_qq_plot_sec_der": 3.064849795772233e-08,
  "B_qq_plot_funct_pct": 33.99235806736159,
  "B_qq_plot_der_pct": 19.18311069711825,
  "B_qq_plot_sec_der_pct": 81.4166787557693,
  "B_acf_abs_r_funct": 0.0009354984885959542,
  "B_acf_abs_r_der": 5.5845095017068796e-05,
  "B_acf_abs_r_sec_der": 2.1489133177359847e-05,
  "B_acf_abs_r_funct_pct": 59.02165962880497,
  "B_acf_abs_r_der_pct": 249.53886684608918,
  "B_acf_abs_r_sec_der_pct": 338.77348327093864,
  "B_acf_sq_r_funct": 0.0009433781501025059,
  "B_acf_sq_r_der": 6.986401753729457e-05,
  "B_acf_sq_r_sec_der": 3.025072605574347e-05,
  "B_acf_sq_r_funct_pct": 72.05421382845145,
  "B_acf_sq_r_der_pct": 301.7455338174395,
  "B_acf_sq_r_sec_der_pct": 450.62459609866005,
  "B_roll_vol_hist_funct": 79.16664935118592,
  "B_roll_vol_hist_der": 1.4144712018566672,
  "B_roll_vol_hist_sec_der": 1.9467973141996762,
  "B_roll_vol_hist_funct_pct": 22.65592278854282,
  "B_roll_vol_hist_der_pct": 176.97600248311122,
  "B_roll_vol_hist_sec_der_pct": 345.2410583350551,
  "B_tail_surv_funct": 0.004117979519062266,
  "B_tail_surv_der": 4.7025912698983675e-06,
  "B_tail_surv_sec_der": 9.68675501084388e-08,
  "B_tail_surv_funct_pct": 16.095290362438245,
  "B_tail_surv_der_pct": 18.83936053445709,
  "B_tail_surv_sec_der_pct": 16119.507368008262
}