{
  "seed": 2,
  "A1_kurtosis_error": 3.7676706676060876,
  "A2_abs_r_q95_error": 0.0016336003612630566,
  "A3_abs_r_q99_error": 0.005207028074407656,
  "A4_tail_qq_error": 0.0016298634073412456,
  "A5_hill_tail_index_error": 51.75082520044688,
  "A6_path_mmd2": 0.027362538532135522,
  "A7_terminal_mmd2": 0.053738865247469736,
  "A8_increment_mmd2": 0.011439224624086197,
  "A9_volatility_mmd": 0.626039447462654,
  "A10_terminal_swd": 3.7736496142636535,
  "A11_path_swd": 2.038687589809701,
  "A12_rv_law_loss": 1.8265895481852676,
  "A13_mean_path_rmse": 0.8535779517806025,
  "A14_ks_logreturns": 0.12590447373277558,
  "A15_skewness_error": 0.0890807353850307,
  "A16_qq_rmse": 0.0027599014196245286,
  "A17_terminal_ks": 0.2073974609375,
  "A18_disc_score_gru": 0.003814,
  "A18_disc_score_mlp": 0.08224,
  "A19_pred_score_gru": 0.059234,
  "A19_pred_score_mlp": 0.057133,
  "A20_cov_error": 14.807010174717249,
  "A21_acf_abs": 0.20107345928147496,
  "A22_acf_sq": 0.11720337164530568,
  "A23_acf_lag1_abs_error": 0.36688925064215805,
  "A24_acf_lag1_sq_error": 0.2633705877581197,
  "A25_mean_rmse": 1.0559569289316926,
  "A26_std_error": 0.03022252326847319,
  "A27_logreturn_std_error": 0.0005634316236998553,
  "A28_kurtosis_ratio": 0.24506311076978937,
  "A29_sigma_mean_error": 0.02734267323861836,
  "A30_vol_path_rmse": 0.2584889534086575,
  "A31_rolling_vol_ks": 0.3618610661204269,
  "A32_vol_of_vol_error": 0.002530603965206121,
  "A33_sigma_corr": -0.008228809666742474,
  "A34_sigma_rmse": 0.14793148451365165,
  "compute_time_sec": 51.62,
  "B_log_ret_hist_funct": 267.2787983513731,
  "B_log_ret_hist_der": 100.5534801428309,
  "B_log_ret_hist_sec_der": 136.64445053943314,
  "B_log_ret_hist_funct_pct": 32.855869358853255,
  "B_log_ret_hist_der_pct": 8659.931578702437,
  "B_log_ret_hist_sec_der_pct": 102911.55255748087,
  "B_qq_plot_funct": 7.817823407557314e-06,
  "B_qq_plot_der": 2.2513098495673774e-07,
  "B_qq_plot_sec_der": 2.719026737479084e-08,
  "B_qq_plot_funct_pct": 47.69805571218341,
  "B_qq_plot_der_pct": 38.759755622187384,
  "B_qq_plot_sec_der_pct": 140.86039830374355,
  "B_acf_abs_r_funct": 0.016811668053962833,
  "B_acf_abs_r_der": 0.0010435026038274758,
  "B_acf_abs_r_sec_der": 0.0003109064201987141,
  "B_acf_abs_r_funct_pct": 236.7993271388036,
  "B_acf_abs_r_der_pct": 952.1765876811037,
  "B_acf_abs_r_sec_der_pct": 422.4221936850336,
  "B_acf_sq_r_funct": 0.005740417068748215,
  "B_acf_sq_r_der": 0.000995404631873273,
  "B_acf_sq_r_sec_der": 0.0005066937050682969,
  "B_acf_sq_r_funct_pct": 104.994919429195,
  "B_acf_sq_r_der_pct": 768.8704531399194,
  "B_acf_sq_r_sec_der_pct": 649.9584309991172,
  "B_roll_vol_hist_funct": 591.1805723681133,
  "B_roll_vol_hist_der": 10.431782796126315,
  "B_roll_vol_hist_sec_der": 2.564545092519882,
  "B_roll_vol_hist_funct_pct": 84.04139939489839,
  "B_roll_vol_hist_der_pct": 287.82218274881586,
  "B_roll_vol_hist_sec_der_pct": 592.9636805234949,
  "B_tail_surv_funct": 0.021850527808771406,
  "B_tail_surv_der": 4.713394596132708e-05,
  "B_tail_surv_sec_der": 1.210824861877409e-06,
  "B_tail_surv_funct_pct": 25.999382300900127,
  "B_tail_surv_der_pct": 44.485154483367765,
  "B_tail_surv_sec_der_pct": 45750.04047957764
}