{
  "seed": 2,
  "A1_path_mmd2": 0.03453166382757894,
  "A2_terminal_mmd2": 0.06463090641977964,
  "A3_increment_mmd2": 0.011653491466445232,
  "A4_volatility_mmd": 0.6467987144925134,
  "A5_terminal_swd": 4.339183840778361,
  "A6_path_swd": 2.3492993834727818,
  "A7_cov_error": 14.807010174717249,
  "A8_mean_rmse": 1.0559569289316926,
  "A9_std_error": 0.03022252326847319,
  "A10_kurtosis_error": 3.7676706676060876,
  "A11_acf_abs": 0.20107345928147496,
  "A12_acf_sq": 0.11720337164530568,
  "A13_disc_score_gru": 0.108789,
  "A13_disc_score_mlp": 0.290052,
  "A14_pred_score_gru": 0.008525,
  "A14_pred_score_mlp": 0.009022,
  "A15_sigma_corr": -0.008228809666742474,
  "A15_sigma_rmse": 0.14793148451365165,
  "compute_time_sec": 46.67,
  "tail_survival_error": 0.01065537792099372
}