{
  "seed": 3,
  "A1_path_mmd2": 0.0051337623859805115,
  "A2_terminal_mmd2": 0.005953499608522761,
  "A3_increment_mmd2": 0.0023404277074723367,
  "A4_volatility_mmd": 0.07968625236214166,
  "A5_terminal_swd": 2.309720135314652,
  "A6_path_swd": 1.2892177960088627,
  "A7_cov_error": 29.372982877378632,
  "A8_mean_rmse": 1.3412324209797504,
  "A9_std_error": 0.07878731559849528,
  "A10_kurtosis_error": 0.9581309006549401,
  "A11_acf_abs": 0.0476894070162854,
  "A12_acf_sq": 0.04794797787516451,
  "A13_disc_score_gru": 0.025175,
  "A13_disc_score_mlp": 0.118248,
  "A14_pred_score_gru": 0.056085,
  "A14_pred_score_mlp": 0.055898,
  "A15_sigma_corr": -0.005685698169517741,
  "A15_sigma_rmse": 0.10044182883910731,
  "A16_tail_survival": 0.014289053825427065,
  "A16_q90_error": 0.024116095595472453,
  "A16_q95_error": 0.004717488927165357,
  "A16_q99_error": 0.0029479499876968506,
  "A17_oracle_mae": 0.009669894843450702,
  "A18_agent_mae": 0.00997031704334188,
  "A19_oa_corr": -0.029763077609865466,
  "A20_rv_law_loss": 0.8373245879074674,
  "B1_mean_path_rmse": 0.7866426349648958,
  "B2_vol_path_rmse": 0.5320432515140281,
  "B3_ks_logreturns": 0.06275375246062995,
  "B4_skewness_error": 0.22523017068026457,
  "B5_qq_rmse": 0.0017169412788289075,
  "B6_tail_qq_error": 0.0016509741586067813,
  "B7_acf_lag1_abs": 0.08465962563136832,
  "B8_arch_persistence_error": 0.02213142073812554,
  "B9_acf_lag1_sq": 0.08813132486832123,
  "B10_garch_persistence_error": 0.022422579145919427,
  "B11_rolling_vol_ks": 0.08047113185975607,
  "B12_vol_of_vol_error": 0.00026281397553703807,
  "B13_terminal_ks": 0.057373046875,
  "B14_tail_index_error": 15.49482645644795,
  "compute_time_sec": 47.91
}