{
  "seed": 3,
  "A1_path_mmd2": 0.005401701808295856,
  "A2_terminal_mmd2": 0.00510644319321063,
  "A3_increment_mmd2": 0.0022881170440602894,
  "A4_volatility_mmd": 0.07092610766780766,
  "A5_terminal_swd": 1.5521571547011341,
  "A6_path_swd": 1.020725761332335,
  "A7_cov_error": 29.372982877378632,
  "A8_mean_rmse": 1.3412324209797504,
  "A9_std_error": 0.07878731559849528,
  "A10_kurtosis_error": 0.9581309006549401,
  "A11_acf_abs": 0.04209183399535002,
  "A12_acf_sq": 0.04446393027788679,
  "A13_disc_score_gru": 0.013274,
  "A13_disc_score_mlp": 0.037382,
  "A14_pred_score_gru": 0.008819,
  "A14_pred_score_mlp": 0.008411,
  "A15_sigma_corr": -0.002888670008958732,
  "A15_sigma_rmse": 1.1473806831694873,
  "compute_time_sec": 47.15,
  "tail_survival_error": 0.009654668604512483
}