{
  "seed": 0,
  "A1_kurtosis_error": 0.015186716700699154,
  "A2_abs_r_q95_error": 0.004247854312802522,
  "A3_abs_r_q99_error": 0.007383539720334349,
  "A4_tail_qq_error": 0.004204461876542559,
  "A5_hill_tail_index_error": 40.12980697953056,
  "A6_path_mmd2": 0.010249827616299584,
  "A7_terminal_mmd2": 0.019054444102504897,
  "A8_increment_mmd2": 0.005389526277685519,
  "A9_volatility_mmd": 0.18642972554919396,
  "A10_terminal_swd": 2.5165960578154873,
  "A11_path_swd": 1.6891967176988276,
  "A12_rv_law_loss": 1.5149389550594603,
  "A13_mean_path_rmse": 0.44575399445411507,
  "A14_ks_logreturns": 0.03948253721702755,
  "A15_skewness_error": 0.0064317859798121504,
  "A16_qq_rmse": 0.0019146533042834711,
  "A17_terminal_ks": 0.1038818359375,
  "A18_disc_score_gru": 0.003814,
  "A18_disc_score_mlp": 0.138389,
  "A19_pred_score_gru": 0.051538,
  "A19_pred_score_mlp": 0.051364,
  "A20_cov_error": 14.83764941162542,
  "A21_acf_abs": 0.0673031402156098,
  "A22_acf_sq": 0.047946942000728125,
  "A23_acf_lag1_abs_error": 0.15738964868898592,
  "A24_acf_lag1_sq_error": 0.12178979338835709,
  "A25_mean_rmse": 0.6340332923296899,
  "A26_std_error": 0.1528665121739019,
  "A27_logreturn_std_error": 0.002046965966372369,
  "A28_kurtosis_ratio": 2.0174037262089732,
  "A29_sigma_mean_error": 0.03044027285053527,
  "A30_vol_path_rmse": 0.431737226049725,
  "A31_rolling_vol_ks": 0.18947297383130085,
  "A32_vol_of_vol_error": 0.00035478430147418624,
  "A33_sigma_corr": -0.0031906134598446967,
  "A34_sigma_rmse": 0.10216441466746665,
  "compute_time_sec": 52.64,
  "B_log_ret_hist_funct": 8.964751898914649,
  "B_log_ret_hist_der": 0.9900032772635714,
  "B_log_ret_hist_sec_der": 0.7818934441284958,
  "B_log_ret_hist_funct_pct": 26.36763784951825,
  "B_log_ret_hist_der_pct": 116.14960704410137,
  "B_log_ret_hist_sec_der_pct": 485199.2280858936,
  "B_log_ret_hist_funct_nrmse": 8.19381251032401,
  "B_log_ret_hist_der_nrmse": 54.05277212795818,
  "B_log_ret_hist_sec_der_nrmse": 73.11785545635261,
  "B_qq_plot_funct": 4.073574372653847e-06,
  "B_qq_plot_der": 1.3252062866583476e-07,
  "B_qq_plot_sec_der": 2.961057041445386e-08,
  "B_qq_plot_funct_pct": 20.509535747349567,
  "B_qq_plot_der_pct": 15.451794620640468,
  "B_qq_plot_sec_der_pct": 88.38767189753929,
  "B_qq_plot_funct_nrmse": 5.487653783706977,
  "B_qq_plot_der_nrmse": 5.0761911428146895,
  "B_qq_plot_sec_der_nrmse": 4.478679906989297,
  "B_acf_abs_r_funct": 0.0019589006286819858,
  "B_acf_abs_r_der": 0.0005604315328191462,
  "B_acf_abs_r_sec_der": 0.0005599755876471856,
  "B_acf_abs_r_funct_pct": 106.95470435019618,
  "B_acf_abs_r_der_pct": 1118.4439074613133,
  "B_acf_abs_r_sec_der_pct": 1383.6932581206447,
  "B_acf_abs_r_funct_nrmse": 116.85276236612874,
  "B_acf_abs_r_der_nrmse": 520.9988786450705,
  "B_acf_abs_r_sec_der_nrmse": 433.8463429605731,
  "B_acf_sq_r_funct": 0.0010618026272373486,
  "B_acf_sq_r_der": 0.00046405701989190483,
  "B_acf_sq_r_sec_der": 0.0005805138344085033,
  "B_acf_sq_r_funct_pct": 95.36608495914065,
  "B_acf_sq_r_der_pct": 2368.501186644416,
  "B_acf_sq_r_sec_der_pct": 4279.015337199413,
  "B_acf_sq_r_funct_nrmse": 94.68406565793371,
  "B_acf_sq_r_der_nrmse": 381.78662235680815,
  "B_acf_sq_r_sec_der_nrmse": 334.07285635818806,
  "B_roll_vol_hist_funct": 282.14867631560975,
  "B_roll_vol_hist_der": 2.7857411416723927,
  "B_roll_vol_hist_sec_der": 3.4871881860846448,
  "B_roll_vol_hist_funct_pct": 53.374212102501936,
  "B_roll_vol_hist_der_pct": 110.13168771006217,
  "B_roll_vol_hist_sec_der_pct": 447.41508925567956,
  "B_roll_vol_hist_funct_nrmse": 19.008770271572008,
  "B_roll_vol_hist_der_nrmse": 31.280397406201963,
  "B_roll_vol_hist_sec_der_nrmse": 36.43448219125439,
  "B_tail_surv_funct": 0.0027083724644318043,
  "B_tail_surv_der": 3.378155938217297e-06,
  "B_tail_surv_sec_der": 7.446047016000522e-08,
  "B_tail_surv_funct_pct": 18.460369668778032,
  "B_tail_surv_der_pct": 12.685553762471846,
  "B_tail_surv_sec_der_pct": 16347.32719048822,
  "B_tail_surv_funct_nrmse": 5.256771114043557,
  "B_tail_surv_der_nrmse": 191219.88789460895,
  "B_tail_surv_sec_der_nrmse": 28389.39253600476
}