{
  "seed": 1,
  "A1_path_mmd2": 0.004607533514135231,
  "A2_terminal_mmd2": 0.010287135977931017,
  "A3_increment_mmd2": 0.007038119835586221,
  "A4_volatility_mmd": 0.34162707382166896,
  "A5_terminal_swd": 2.0578685794919815,
  "A6_path_swd": 0.9696164943983365,
  "A7_cov_error": 18.764794406248512,
  "A8_mean_rmse": 0.38902700851674865,
  "A9_std_error": 0.23792810075713677,
  "A10_kurtosis_error": 5.35985361947141,
  "A11_acf_abs": 0.10462101446612233,
  "A12_acf_sq": 0.07929011880808934,
  "A13_disc_score_gru": 0.012359,
  "A13_disc_score_mlp": 0.00534,
  "A14_pred_score_gru": 0.059134,
  "A14_pred_score_mlp": 0.059332,
  "A15_sigma_corr": 0.006885363210664993,
  "A15_sigma_rmse": 0.11078514230316738,
  "A16_tail_survival": 0.037392768339022636,
  "A16_q90_error": 0.055979330708661415,
  "A16_q95_error": 0.03205066590797244,
  "A16_q99_error": 0.005807471087598426,
  "A17_oracle_mae": 0.009681433988102513,
  "A18_agent_mae": 0.010633160451799394,
  "A19_oa_corr": -0.037511200522175846,
  "A20_rv_law_loss": 1.753564132518595,
  "B1_mean_path_rmse": 0.21844418209871416,
  "B2_vol_path_rmse": 0.4752048356631415,
  "B3_ks_logreturns": 0.06265763410433073,
  "B4_skewness_error": 0.4473469674584888,
  "B5_qq_rmse": 0.0025983681513422003,
  "B6_tail_qq_error": 0.005357092465756852,
  "B7_acf_lag1_abs": 0.21367667604077245,
  "B8_arch_persistence_error": 0.04357698162857011,
  "B9_acf_lag1_sq": 0.20162605246847268,
  "B10_garch_persistence_error": 0.026508007298640925,
  "B11_rolling_vol_ks": 0.2704661299542683,
  "B12_vol_of_vol_error": 0.0002751399809626477,
  "B13_terminal_ks": 0.0572509765625,
  "B14_tail_index_error": 18.7827206738886,
  "compute_time_sec": 48.29
}