{
  "seed": 1,
  "A1_kurtosis_error": 5.35985361947141,
  "A2_abs_r_q95_error": 0.005574651671269089,
  "A3_abs_r_q99_error": 0.006897668188380637,
  "A4_tail_qq_error": 0.005357092465756956,
  "A5_hill_tail_index_error": 18.7827206738886,
  "A6_path_mmd2": 0.00484546385366752,
  "A7_terminal_mmd2": 0.010519905324559653,
  "A8_increment_mmd2": 0.007180728846542195,
  "A9_volatility_mmd": 0.35041568970311093,
  "A10_terminal_swd": 2.0041510149205637,
  "A11_path_swd": 0.9015174028777571,
  "A12_rv_law_loss": 1.753564132518595,
  "A13_mean_path_rmse": 0.21844418209871416,
  "A14_ks_logreturns": 0.06265763410433073,
  "A15_skewness_error": 0.44734696745848856,
  "A16_qq_rmse": 0.002598368151342133,
  "A17_terminal_ks": 0.0572509765625,
  "A18_disc_score_gru": 0.000763,
  "A18_disc_score_mlp": 0.034635,
  "A19_pred_score_gru": 0.059981,
  "A19_pred_score_mlp": 0.058611,
  "A20_cov_error": 18.764794406248512,
  "A21_acf_abs": 0.10462101446612233,
  "A22_acf_sq": 0.07929011880808934,
  "A23_acf_lag1_abs_error": 0.21199418252864036,
  "A24_acf_lag1_sq_error": 0.20003844575612245,
  "A25_mean_rmse": 0.38902700851674865,
  "A26_std_error": 0.23792810075713677,
  "A27_logreturn_std_error": 0.002329036569870104,
  "A28_kurtosis_ratio": 0.13604865267877955,
  "A29_sigma_mean_error": 0.03731694611449901,
  "A30_vol_path_rmse": 0.4752048356631415,
  "A31_rolling_vol_ks": 0.2704661299542683,
  "A32_vol_of_vol_error": 0.0002751399809626477,
  "A33_sigma_corr": 0.006885363210664993,
  "A34_sigma_rmse": 0.11078514230316738,
  "compute_time_sec": 52.44,
  "B_log_ret_hist_funct": 19.26795438311724,
  "B_log_ret_hist_der": 1.0146295403391175,
  "B_log_ret_hist_sec_der": 0.39629151426842874,
  "B_log_ret_hist_funct_pct": 36.783414628616505,
  "B_log_ret_hist_der_pct": 319.6463167035135,
  "B_log_ret_hist_sec_der_pct": 35887.533732507305,
  "B_qq_plot_funct": 7.130896052925411e-06,
  "B_qq_plot_der": 8.533538422211382e-08,
  "B_qq_plot_sec_der": 6.563647049379638e-09,
  "B_qq_plot_funct_pct": 23.682161740086553,
  "B_qq_plot_der_pct": 21.054675334614295,
  "B_qq_plot_sec_der_pct": 77.1903724603906,
  "B_acf_abs_r_funct": 0.004490460169289981,
  "B_acf_abs_r_der": 0.0005240253912305746,
  "B_acf_abs_r_sec_der": 0.00026274162508547767,
  "B_acf_abs_r_funct_pct": 111.2860142233467,
  "B_acf_abs_r_der_pct": 520.3980293179771,
  "B_acf_abs_r_sec_der_pct": 341.0868928660915,
  "B_acf_sq_r_funct": 0.0027700665172984964,
  "B_acf_sq_r_der": 0.0008515972542189601,
  "B_acf_sq_r_sec_der": 0.0006466543584811128,
  "B_acf_sq_r_funct_pct": 70.3997265634171,
  "B_acf_sq_r_der_pct": 534.7197487603825,
  "B_acf_sq_r_sec_der_pct": 550.3075300592001,
  "B_roll_vol_hist_funct": 628.9374442482431,
  "B_roll_vol_hist_der": 2.9747061407575215,
  "B_roll_vol_hist_sec_der": 2.0359550516372993,
  "B_roll_vol_hist_funct_pct": 71.70681724030896,
  "B_roll_vol_hist_der_pct": 204.9468188320666,
  "B_roll_vol_hist_sec_der_pct": 342.03607553584123,
  "B_tail_surv_funct": 0.006060433218077676,
  "B_tail_surv_der": 6.934645965618644e-06,
  "B_tail_surv_sec_der": 5.783865049956818e-08,
  "B_tail_surv_funct_pct": 24.464193927239396,
  "B_tail_surv_der_pct": 19.284725572007442,
  "B_tail_surv_sec_der_pct": 16080.338237223657
}