{
  "per_run": [
    {
      "run": 0,
      "A1_path_mmd2": 0.0016092568925080986,
      "A2_terminal_mmd2": 0.001652191393766933,
      "A3_increment_mmd2": 0.0008320756879456326,
      "A4_volatility_mmd": 0.00797103582205555,
      "A5_terminal_swd": 0.7927845292886243,
      "A6_path_swd": 0.4747177157068279,
      "A7_cov_error": 2.8341701240055386,
      "A8_mean_rmse": 0.10668134088234638,
      "A9_std_error": 0.004602557348419634,
      "A10_kurtosis_error": 0.00027010414367545366,
      "A11_acf_abs": 0.0013809742943056069,
      "A12_acf_sq": 0.001347297675338208,
      "A13_disc_gru": 0.003356,
      "A13_disc_mlp": 0.02288,
      "A14_pred_gru": 0.008611,
      "A14_pred_mlp": 0.008708,
      "A15_sigma_corr": 0.6164180407146973,
      "A15_sigma_rmse": 0.06542186107775717,
      "elapsed_sec": 52.9,
      "A16_tail_survival": 0.000966496400024417
    },
    {
      "run": 1,
      "A1_path_mmd2": 0.001786877780599272,
      "A2_terminal_mmd2": 0.0012352944722691106,
      "A3_increment_mmd2": 0.0008057619270933625,
      "A4_volatility_mmd": 0.007933712346788024,
      "A5_terminal_swd": 0.6229190778330337,
      "A6_path_swd": 0.5305449739036017,
      "A7_cov_error": 6.390823573283313,
      "A8_mean_rmse": 0.04221378004518783,
      "A9_std_error": 0.0021085003843690497,
      "A10_kurtosis_error": 0.013571688322364217,
      "A11_acf_abs": 0.0005914944506661855,
      "A12_acf_sq": 0.000609535230532845,
      "A13_disc_gru": 0.000915,
      "A13_disc_mlp": 0.016168,
      "A14_pred_gru": 0.008549,
      "A14_pred_mlp": 0.00908,
      "A15_sigma_corr": 0.6125365390588005,
      "A15_sigma_rmse": 0.06535272048534616,
      "elapsed_sec": 47.3,
      "A16_tail_survival": 0.00033609736493590966
    },
    {
      "run": 2,
      "A1_path_mmd2": 0.002195597697946472,
      "A2_terminal_mmd2": 0.0018307445715010084,
      "A3_increment_mmd2": 0.0009252315725469806,
      "A4_volatility_mmd": 0.00934698255307903,
      "A5_terminal_swd": 0.9544454674069882,
      "A6_path_swd": 0.664188750646482,
      "A7_cov_error": 2.9931706483112066,
      "A8_mean_rmse": 0.0181881402206443,
      "A9_std_error": 0.004824086093970559,
      "A10_kurtosis_error": 0.04422439002458045,
      "A11_acf_abs": 0.0018418345622453793,
      "A12_acf_sq": 0.0013117872271568775,
      "A13_disc_gru": 0.000915,
      "A13_disc_mlp": 0.011897,
      "A14_pred_gru": 0.00834,
      "A14_pred_mlp": 0.008436,
      "A15_sigma_corr": 0.6146074947193092,
      "A15_sigma_rmse": 0.06535351046040024,
      "elapsed_sec": 47.7,
      "A16_tail_survival": 0.0010188213277411023
    },
    {
      "run": 3,
      "A1_path_mmd2": 0.0019076209870085292,
      "A2_terminal_mmd2": 0.001722756385602986,
      "A3_increment_mmd2": 0.0008253427008020342,
      "A4_volatility_mmd": 0.008218402522036428,
      "A5_terminal_swd": 0.6578330738711147,
      "A6_path_swd": 0.5357507420539129,
      "A7_cov_error": 2.6714907777595442,
      "A8_mean_rmse": 0.14940639183686244,
      "A9_std_error": 0.001894583429617125,
      "A10_kurtosis_error": 0.005347548683537262,
      "A11_acf_abs": 0.0025963788775073913,
      "A12_acf_sq": 0.0022783460814440053,
      "A13_disc_gru": 0.013728,
      "A13_disc_mlp": 0.002135,
      "A14_pred_gru": 0.008486,
      "A14_pred_mlp": 0.008873,
      "A15_sigma_corr": 0.6132604354713881,
      "A15_sigma_rmse": 0.0654863347054429,
      "elapsed_sec": 48.5,
      "A16_tail_survival": 0.00033892046632577686
    },
    {
      "run": 4,
      "A1_path_mmd2": 0.0016465679011747614,
      "A2_terminal_mmd2": 0.0014334423222397974,
      "A3_increment_mmd2": 0.0008186251413899726,
      "A4_volatility_mmd": 0.007666085925467969,
      "A5_terminal_swd": 0.789447467772689,
      "A6_path_swd": 0.5657137165864926,
      "A7_cov_error": 8.924006096944936,
      "A8_mean_rmse": 0.38342926660548926,
      "A9_std_error": 0.010603908476230606,
      "A10_kurtosis_error": 0.022805796659506328,
      "A11_acf_abs": 0.0019329273369592592,
      "A12_acf_sq": 0.0019058723325214178,
      "A13_disc_gru": 0.002135,
      "A13_disc_mlp": 0.002746,
      "A14_pred_gru": 0.008363,
      "A14_pred_mlp": 0.008571,
      "A15_sigma_corr": 0.6109139993207487,
      "A15_sigma_rmse": 0.06493419687873637,
      "elapsed_sec": 46.8,
      "A16_tail_survival": 0.0017341225512684949
    }
  ],
  "summary": {
    "A1_path_mmd2": {
      "mean": 0.0018291842518474266,
      "std": 0.00021162124058484949,
      "runs": [
        0.0016092568925080986,
        0.001786877780599272,
        0.002195597697946472,
        0.0019076209870085292,
        0.0016465679011747614
      ]
    },
    "A2_terminal_mmd2": {
      "mean": 0.001574885829075967,
      "std": 0.00021383830486568974,
      "runs": [
        0.001652191393766933,
        0.0012352944722691106,
        0.0018307445715010084,
        0.001722756385602986,
        0.0014334423222397974
      ]
    },
    "A3_increment_mmd2": {
      "mean": 0.0008414074059555965,
      "std": 4.2804855704661716e-05,
      "runs": [
        0.0008320756879456326,
        0.0008057619270933625,
        0.0009252315725469806,
        0.0008253427008020342,
        0.0008186251413899726
      ]
    },
    "A4_volatility_mmd": {
      "mean": 0.0082272438338854,
      "std": 0.0005866164753021228,
      "runs": [
        0.00797103582205555,
        0.007933712346788024,
        0.00934698255307903,
        0.008218402522036428,
        0.007666085925467969
      ]
    },
    "A5_terminal_swd": {
      "mean": 0.7634859232344899,
      "std": 0.117404872323775,
      "runs": [
        0.7927845292886243,
        0.6229190778330337,
        0.9544454674069882,
        0.6578330738711147,
        0.789447467772689
      ]
    },
    "A6_path_swd": {
      "mean": 0.5541831797794633,
      "std": 0.06236578936989757,
      "runs": [
        0.4747177157068279,
        0.5305449739036017,
        0.664188750646482,
        0.5357507420539129,
        0.5657137165864926
      ]
    },
    "A7_cov_error": {
      "mean": 4.762732244060908,
      "std": 2.4976337768947805,
      "runs": [
        2.8341701240055386,
        6.390823573283313,
        2.9931706483112066,
        2.6714907777595442,
        8.924006096944936
      ]
    },
    "A8_mean_rmse": {
      "mean": 0.13998378391810604,
      "std": 0.13027409088074507,
      "runs": [
        0.10668134088234638,
        0.04221378004518783,
        0.0181881402206443,
        0.14940639183686244,
        0.38342926660548926
      ]
    },
    "A9_std_error": {
      "mean": 0.004806727146521394,
      "std": 0.003143574611710136,
      "runs": [
        0.004602557348419634,
        0.0021085003843690497,
        0.004824086093970559,
        0.001894583429617125,
        0.010603908476230606
      ]
    },
    "A10_kurtosis_error": {
      "mean": 0.01724390556673274,
      "std": 0.015504835345398591,
      "runs": [
        0.00027010414367545366,
        0.013571688322364217,
        0.04422439002458045,
        0.005347548683537262,
        0.022805796659506328
      ]
    },
    "A11_acf_abs": {
      "mean": 0.0016687219043367645,
      "std": 0.0006638580626681815,
      "runs": [
        0.0013809742943056069,
        0.0005914944506661855,
        0.0018418345622453793,
        0.0025963788775073913,
        0.0019329273369592592
      ]
    },
    "A12_acf_sq": {
      "mean": 0.0014905677093986706,
      "std": 0.0005695225519250805,
      "runs": [
        0.001347297675338208,
        0.000609535230532845,
        0.0013117872271568775,
        0.0022783460814440053,
        0.0019058723325214178
      ]
    },
    "A13_disc_gru": {
      "mean": 0.0042098000000000005,
      "std": 0.004844405325734006,
      "runs": [
        0.003356,
        0.000915,
        0.000915,
        0.013728,
        0.002135
      ]
    },
    "A13_disc_mlp": {
      "mean": 0.011165199999999998,
      "std": 0.007940119883225946,