{
  "B_log_ret_hist": {
    "name": "Log-return histogram",
    "mse": {
      "mean": 0.9211295015560388,
      "std": 0.023699652236875493,
      "per_seed": [
        0.9371226764708965,
        0.9393810918078543,
        0.9444293338228856,
        0.8955892965578024,
        0.889125109120755
      ]
    },
    "pct": {
      "mean": 201.43076811770817,
      "std": 70.21151308694553,
      "per_seed": [
        256.81368601036644,
        107.99261140540602,
        302.6047358085492,
        152.233838370696,
        187.50896899352315
      ]
    },
    "nrmse": {
      "mean": 22.65866372996263,
      "std": 2.2358662593489584,
      "per_seed": [
        25.169701272028068,
        19.396703075060078,
        22.14859744635103,
        25.15926244321206,
        21.419054413161913
      ]
    }
  },
  "B_qq_plot": {
    "name": "QQ plot",
    "mse": {
      "mean": 1.4490418586269916e-07,
      "std": 2.6317954110563366e-08,
      "per_seed": [
        1.3708927554672396e-07,
        1.9693131937802538e-07,
        1.2479777655673274e-07,
        1.3333360186278596e-07,
        1.323689559692277e-07
      ]
    },
    "pct": {
      "mean": 21.352085171316887,
      "std": 0.9705532491028975,
      "per_seed": [
        23.127157886053908,
        20.410039752207194,
        21.068576917378824,
        20.608191973461647,
        21.546459327482864
      ]
    },
    "nrmse": {
      "mean": 2.3096739099497468,
      "std": 0.3374826741840132,
      "per_seed": [
        2.3518337968483887,
        2.846877072624992,
        1.7920465484180355,
        2.346866149035683,
        2.210745982821633
      ]
    }
  },
  "B_acf_abs_r": {
    "name": "ACF |r|",
    "mse": {
      "mean": 0.00038256343203502623,
      "std": 1.20133714591609e-05,
      "per_seed": [
        0.00038450258895983023,
        0.0003952176276818806,
        0.00036074177776129675,
        0.0003914410277675423,
        0.0003809141380045812
      ]
    },
    "pct": {
      "mean": 147.4471774533732,
      "std": 19.80525251543617,
      "per_seed": [
        130.0691629824038,
        146.71523616281283,
        132.44359714638085,
        185.04377026691745,
        142.964120708351
      ]
    },
    "nrmse": {
      "mean": 74.71740016645019,
      "std": 7.927667383790568,
      "per_seed": [
        68.30012305102343,
        73.82148460738975,
        75.92733545105125,
        88.99771136866934,
        66.54034635411723
      ]
    }
  },
  "B_acf_sq_r": {
    "name": "ACF r\u00b2",
    "mse": {
      "mean": 0.0002802146302306187,
      "std": 1.1250122684629385e-05,
      "per_seed": [
        0.000280015502330122,
        0.0002937151405873458,
        0.0002609447010609653,
        0.0002887388009304493,
        0.00027765900624421124
      ]
    },
    "pct": {
      "mean": 310.92436931224853,
      "std": 63.749438670652545,
      "per_seed": [
        316.57587933290944,
        371.1254474976374,
        334.1091611697983,
        344.38799514804373,
        188.42336341285394
      ]
    },
    "nrmse": {
      "mean": 63.28267233705519,
      "std": 6.028555386486605,
      "per_seed": [
        57.37122157895231,
        63.68505054645309,
        63.46926940027854,
        74.08058786744466,
        57.80723229214737
      ]
    }
  },
  "B_roll_vol_hist": {
    "name": "Rolling vol histogram",
    "mse": {
      "mean": 29.8769011352907,
      "std": 2.639279664932336,
      "per_seed": [
        29.795139360323073,
        34.636526414098945,
        26.52318583512562,
        29.363449741846523,
        29.066204325059356
      ]
    },
    "pct": {
      "mean": 120.56313856467588,
      "std": 8.620242092650455,
      "per_seed": [
        108.4155280923659,
        131.85376356859766,
        113.07088346846518,
        123.07772570214246,
        126.39779199180823
      ]
    },
    "nrmse": {
      "mean": 22.487759439659875,
      "std": 1.0511069655772105,
      "per_seed": [
        22.463536791051723,
        21.876455121984435,
        21.199568161383784,
        24.355175530953247,
        22.54406159292618
      ]
    }
  },
  "B_tail_surv": {
    "name": "Tail survival",
    "mse": {
      "mean": 0.00017145811821760596,
      "std": 1.486060679669286e-05,
      "per_seed": [
        0.0001688656786432661,
        0.00017236496758157066,
        0.00019818928925116914,
        0.00015308515734255472,
        0.0001647854982694692
      ]
    },
    "pct": {
      "mean": 5.5854973295425925,
      "std": 0.2282275767085514,
      "per_seed": [
        5.534964012375678,
        6.024233420939808,
        5.540683538422377,
        5.366739651325175,
        5.460866024649924
      ]
    },
    "nrmse": {
      "mean": 2.2869230811765986,
      "std": 0.09794970348145964,
      "per_seed": [
        2.2716736531302963,
        2.294771671938666,
        2.461364917897816,
        2.1628114834025327,
        2.2439936795136806
      ]
    }
  }
}