{
  "B_log_ret_hist": {
    "name": "Log-return histogram",
    "mse": {
      "mean": 2.8465652679095585,
      "std": 0.14053328293539,
      "per_seed": [
        2.71563073576257,
        3.091174461017493,
        2.9161316567494207,
        2.7457877635791186,
        2.764101722439189
      ]
    },
    "pct": {
      "mean": 9.071793610723613,
      "std": 0.5710569428171938,
      "per_seed": [
        8.83178923538595,
        10.18927601400133,
        8.941890000782854,
        8.816015797076409,
        8.579997006371519
      ]
    }
  },
  "B_qq_plot": {
    "name": "QQ plot",
    "mse": {
      "mean": 4.428048791224984e-07,
      "std": 6.558279866321692e-08,
      "per_seed": [
        4.186229621933828e-07,
        5.969772949715652e-07,
        3.923045015229142e-07,
        4.034801673500345e-07,
        4.0263946957459554e-07
      ]
    },
    "pct": {
      "mean": 9.362684377678955,
      "std": 2.272449079745919,
      "per_seed": [
        8.048262545579838,
        13.825672277731424,
        8.955959283116893,
        7.638290350780752,
        8.345237431185868
      ]
    }
  },
  "B_acf_abs_r": {
    "name": "ACF |r|",
    "mse": {
      "mean": 0.0012766370397724798,
      "std": 3.80641970558453e-05,
      "per_seed": [
        0.0012853722551984933,
        0.0013175074080631025,
        0.0012060861344862007,
        0.0012924475828253693,
        0.0012817718182892332
      ]
    },
    "pct": {
      "mean": 115.19008588263375,
      "std": 1.9255386457119157,
      "per_seed": [
        116.72081618444197,
        117.14613640614235,
        111.88173461446907,
        114.26178832916041,
        115.93995387895497
      ]
    }
  },
  "B_acf_sq_r": {
    "name": "ACF r\u00b2",
    "mse": {
      "mean": 0.0009433721766786302,
      "std": 3.508789467994664e-05,
      "per_seed": [
        0.0009500223702411452,
        0.0009912013841572827,
        0.0008787309130981138,
        0.0009538450765101003,
        0.0009430611393865087
      ]
    },
    "pct": {
      "mean": 117.35860469665394,
      "std": 2.637579899730574,
      "per_seed": [
        119.14004263854369,
        120.31725211454119,
        112.68050151146247,
        116.63103172370216,
        118.02419549502028
      ]
    }
  },
  "B_roll_vol_hist": {
    "name": "Rolling vol histogram",
    "mse": {
      "mean": 92.44319672457618,
      "std": 8.156884066669312,
      "per_seed": [
        91.9002736946248,
        107.98115903777449,
        82.5599084775369,
        89.79777854921987,
        89.97686386372489
      ]
    },
    "pct": {
      "mean": 25.289755993757755,
      "std": 3.2101434443915955,
      "per_seed": [
        25.064048937017297,
        30.66829009913797,
        20.56910619797378,
        25.363157251671986,
        24.784177482987747
      ]
    }
  },
  "B_tail_surv": {
    "name": "Tail survival",
    "mse": {
      "mean": 0.0005301675970931389,
      "std": 4.577740920324111e-05,
      "per_seed": [
        0.0005223860440504126,
        0.0005322474640951411,
        0.0006127486164728103,
        0.00047381925902049987,
        0.0005096366018268308
      ]
    },
    "pct": {
      "mean": 5.758906061242997,
      "std": 0.23660396645076004,
      "per_seed": [
        5.710515611761827,
        6.2131811639734345,
        5.71123103052422,
        5.5309662996416105,
        5.6286362003138874
      ]
    }
  }
}