{
  "B_log_ret_hist": {
    "name": "Log-return histogram",
    "mse": {
      "mean": 0.9211295015560388,
      "std": 0.023699652236875493,
      "per_seed": [
        0.9371226764708965,
        0.9393810918078543,
        0.9444293338228856,
        0.8955892965578024,
        0.889125109120755
      ]
    },
    "pct": {
      "mean": 9.167488390112913,
      "std": 0.5606041653665358,
      "per_seed": [
        8.986642499410806,
        10.28094164224687,
        8.875900062939538,
        8.911883867303954,
        8.7820738786634
      ]
    },
    "nrmse": {
      "mean": 4.186096778899582,
      "std": 0.11023380686173839,
      "per_seed": [
        4.141981185251558,
        4.342391787031323,
        4.272301079437999,
        4.026597728276799,
        4.1472121145002365
      ]
    }
  },
  "B_qq_plot": {
    "name": "QQ plot",
    "mse": {
      "mean": 1.4490418586269916e-07,
      "std": 2.6317954110563366e-08,
      "per_seed": [
        1.3708927554672396e-07,
        1.9693131937802538e-07,
        1.2479777655673274e-07,
        1.3333360186278596e-07,
        1.323689559692277e-07
      ]
    },
    "pct": {
      "mean": 9.341882469503478,
      "std": 2.2928406849558476,
      "per_seed": [
        7.913501058890531,
        13.857469145523272,
        8.8220375805377,
        7.678144923593195,
        8.438259638972694
      ]
    },
    "nrmse": {
      "mean": 1.6867207585766404,
      "std": 0.1351044196981916,
      "per_seed": [
        1.6384415313079572,
        1.9561001445965287,
        1.6080879834481885,
        1.6111114131424065,
        1.6198627203881224
      ]
    }
  },
  "B_acf_abs_r": {
    "name": "ACF |r|",
    "mse": {
      "mean": 0.00038256343203502623,
      "std": 1.20133714591609e-05,
      "per_seed": [
        0.00038450258895983023,
        0.0003952176276818806,
        0.00036074177776129675,
        0.0003914410277675423,
        0.0003809141380045812
      ]
    },
    "pct": {
      "mean": 117.18562916434603,
      "std": 2.1491210926733206,
      "per_seed": [
        118.96698664988104,
        119.30364450263417,
        113.54066035240334,
        116.02978107016506,
        118.08707324664658
      ]
    },
    "nrmse": {
      "mean": 88.45499886126774,
      "std": 1.4247337249677787,
      "per_seed": [
        88.99385647963982,
        90.0564249073876,
        85.78319013755687,
        88.80613328568978,
        88.6353894960646
      ]
    }
  },
  "B_acf_sq_r": {
    "name": "ACF r\u00b2",
    "mse": {
      "mean": 0.0002802146302306187,
      "std": 1.1250122684629385e-05,
      "per_seed": [
        0.000280015502330122,
        0.0002937151405873458,
        0.0002609447010609653,
        0.0002887388009304493,
        0.00027765900624421124
      ]
    },
    "pct": {
      "mean": 120.84504739859543,
      "std": 3.064723608066893,
      "per_seed": [
        123.09553278379614,
        124.07726090837232,
        115.42920125622929,
        119.78275240959451,
        121.84048963498479
      ]
    },
    "nrmse": {
      "mean": 82.92420047014356,
      "std": 1.6796883120096768,
      "per_seed": [
        83.35975755083925,
        85.06024061075229,
        79.89327893536434,
        83.33051470330618,
        82.97721055045578
      ]
    }
  },
  "B_roll_vol_hist": {
    "name": "Rolling vol histogram",
    "mse": {
      "mean": 29.8769011352907,
      "std": 2.639279664932336,
      "per_seed": [
        29.795139360323073,
        34.636526414098945,
        26.52318583512562,
        29.363449741846523,
        29.066204325059356
      ]
    },
    "pct": {
      "mean": 25.420056561680347,
      "std": 3.1986150433719684,
      "per_seed": [
        25.188102230916883,
        30.772938386890708,
        20.706656736718347,
        25.489575567187934,
        24.943009886687857
      ]
    },
    "nrmse": {
      "mean": 10.430092702994003,
      "std": 0.48230364950226723,
      "per_seed": [
        10.42772175592814,
        11.308962113281499,
        9.838393531147691,
        10.286321609276893,
        10.28906450533579
      ]
    }
  },
  "B_tail_surv": {
    "name": "Tail survival",
    "mse": {
      "mean": 0.00017145811821760596,
      "std": 1.486060679669286e-05,
      "per_seed": [
        0.0001688656786432661,
        0.00017236496758157066,
        0.00019818928925116914,
        0.00015308515734255472,
        0.0001647854982694692
      ]
    },
    "pct": {
      "mean": 5.71050801023731,
      "std": 0.24369135603440648,
      "per_seed": [
        5.658682384762755,
        6.185206834984774,
        5.629272654445654,
        5.495275552963415,
        5.584102624029953
      ]
    },
    "nrmse": {
      "mean": 2.2869230811765986,
      "std": 0.09794970348145964,
      "per_seed": [
        2.2716736531302963,
        2.294771671938666,
        2.461364917897816,
        2.1628114834025327,
        2.2439936795136806
      ]
    }
  }
}