{
  "seed": 0,
  "A1_kurtosis_error": 0.5668439055246943,
  "A2_abs_r_q95_error": 0.000639553993606691,
  "A3_abs_r_q99_error": 0.0023133463269314203,
  "A4_tail_qq_error": 0.0006751367993058019,
  "A5_hill_tail_index_error": 8.081726004741597,
  "A6_path_mmd2": 0.004009793560637243,
  "A7_terminal_mmd2": 0.011909188377454194,
  "A8_increment_mmd2": 0.0010117265936691044,
  "A9_volatility_mmd": 0.054092293268795555,
  "A10_terminal_swd": 2.5258002051991912,
  "A11_path_swd": 0.9518671571007317,
  "A12_rv_law_loss": 0.5208710951817991,
  "A13_mean_path_rmse": 0.4281524052818782,
  "A14_ks_logreturns": 0.0171254075418307,
  "A15_skewness_error": 0.028229234605116588,
  "A16_qq_rmse": 0.0005681364117162564,
  "A17_terminal_ks": 0.075927734375,
  "A18_disc_score_gru": 0.002289,
  "A18_disc_score_mlp": 0.011749,
  "A19_pred_score_gru": 0.053701,
  "A19_pred_score_mlp": 0.053907,
  "A20_cov_error": 45.62808386540195,
  "A21_acf_abs": 0.04381182536130899,
  "A22_acf_sq": 0.03837764806513584,
  "A23_acf_lag1_abs_error": 0.05174786277669906,
  "A24_acf_lag1_sq_error": 0.04473146094132105,
  "A25_mean_rmse": 0.7646439608831486,
  "A26_std_error": 0.0064173628569050845,
  "A27_logreturn_std_error": 1.94575447684895e-05,
  "A28_kurtosis_ratio": 2.820377450131498,
  "A29_sigma_mean_error": 0.002720775922623403,
  "A30_vol_path_rmse": 0.9122380710756718,
  "A31_rolling_vol_ks": 0.07461274930132114,
  "A32_vol_of_vol_error": 0.0006774282593767977,
  "A33_sigma_corr": -0.005498623596850093,
  "A34_sigma_rmse": 0.0897407966414372,
  "compute_time_sec": 53.45,
  "B_log_ret_hist_funct": 2.2877924466991315,
  "B_log_ret_hist_der": 0.1405552455350323,
  "B_log_ret_hist_sec_der": 0.28728304352840617,
  "B_log_ret_hist_funct_pct": 8.83178923538595,
  "B_log_ret_hist_der_pct": 60.13048948690907,
  "B_log_ret_hist_sec_der_pct": 23734.153255803663,
  "B_qq_plot_funct": 3.6843243283318714e-07,
  "B_qq_plot_der": 3.853659693537117e-08,
  "B_qq_plot_sec_der": 1.1653932424824424e-08,
  "B_qq_plot_funct_pct": 8.048262545579838,
  "B_qq_plot_der_pct": 7.379620121888841,
  "B_qq_plot_sec_der_pct": 71.37294961123128,
  "B_acf_abs_r_funct": 0.0012776165717736264,
  "B_acf_abs_r_der": 4.6352742471507284e-06,
  "B_acf_abs_r_sec_der": 3.1204091777161125e-06,
  "B_acf_abs_r_funct_pct": 116.72081618444197,
  "B_acf_abs_r_der_pct": 92.23362273486482,
  "B_acf_abs_r_sec_der_pct": 160.04780744189196,
  "B_acf_sq_r_funct": 0.0009411558454222885,
  "B_acf_sq_r_der": 4.301768168435266e-06,
  "B_acf_sq_r_sec_der": 4.564756650421371e-06,
  "B_acf_sq_r_funct_pct": 119.14004263854369,
  "B_acf_sq_r_der_pct": 114.14987156716654,
  "B_acf_sq_r_sec_der_pct": 403.1666927713485,
  "B_roll_vol_hist_funct": 89.01820299460745,
  "B_roll_vol_hist_der": 1.4054674597848578,
  "B_roll_vol_hist_sec_der": 1.4766032402324902,
  "B_roll_vol_hist_funct_pct": 25.064048937017297,
  "B_roll_vol_hist_der_pct": 109.80620142657503,
  "B_roll_vol_hist_sec_der_pct": 335.1536814495965,
  "B_tail_surv_funct": 0.0005215555172067368,
  "B_tail_surv_der": 7.651875442735541e-07,
  "B_tail_surv_sec_der": 6.533929940234962e-08,
  "B_tail_surv_funct_pct": 5.710515611761827,
  "B_tail_surv_der_pct": 7.607832313871186,
  "B_tail_surv_sec_der_pct": 16227.83734153572
}