{
  "seed": 4,
  "A1_kurtosis_error": 0.5794611034795163,
  "A2_abs_r_q95_error": 0.0007101063069637065,
  "A3_abs_r_q99_error": 0.002294629041493308,
  "A4_tail_qq_error": 0.0006815523315290648,
  "A5_hill_tail_index_error": 7.354264477403646,
  "A6_path_mmd2": 0.004339554872102913,
  "A7_terminal_mmd2": 0.011721342759864528,
  "A8_increment_mmd2": 0.0010867059332397844,
  "A9_volatility_mmd": 0.0621632716542333,
  "A10_terminal_swd": 2.539719060789471,
  "A11_path_swd": 1.0588802350282938,
  "A12_rv_law_loss": 0.5003999260542417,
  "A13_mean_path_rmse": 0.053574610237668886,
  "A14_ks_logreturns": 0.017914539247047334,
  "A15_skewness_error": 0.03253127463057434,
  "A16_qq_rmse": 0.000558591170876747,
  "A17_terminal_ks": 0.084228515625,
  "A18_disc_score_gru": 0.012054,
  "A18_disc_score_mlp": 0.002289,
  "A19_pred_score_gru": 0.053705,
  "A19_pred_score_mlp": 0.053803,
  "A20_cov_error": 63.554344658133346,
  "A21_acf_abs": 0.04364830288873617,
  "A22_acf_sq": 0.03816479188185527,
  "A23_acf_lag1_abs_error": 0.05270156633822569,
  "A24_acf_lag1_sq_error": 0.046244567520459,
  "A25_mean_rmse": 0.03185170677559768,
  "A26_std_error": 0.006651053492416015,
  "A27_logreturn_std_error": 2.318344922716542e-06,
  "A28_kurtosis_ratio": 2.727309122887121,
  "A29_sigma_mean_error": 0.0021816070976431456,
  "A30_vol_path_rmse": 1.165150849473635,
  "A31_rolling_vol_ks": 0.07286307482215446,
  "A32_vol_of_vol_error": 0.0006758375344596409,
  "A33_sigma_corr": 0.005426213028341788,
  "A34_sigma_rmse": 0.08930623538762715,
  "compute_time_sec": 48.76,
  "B_log_ret_hist_funct": 2.3027590293684104,
  "B_log_ret_hist_der": 0.1498320679410225,
  "B_log_ret_hist_sec_der": 0.31151062512975597,
  "B_log_ret_hist_funct_pct": 8.579997006371519,
  "B_log_ret_hist_der_pct": 188.40665776044597,
  "B_log_ret_hist_sec_der_pct": 27672.50980159898,
  "B_qq_plot_funct": 3.579505003372307e-07,
  "B_qq_plot_der": 3.4879574719294134e-08,
  "B_qq_plot_sec_der": 9.809394518070677e-09,
  "B_qq_plot_funct_pct": 8.345237431185868,
  "B_qq_plot_der_pct": 7.4578372902529315,
  "B_qq_plot_sec_der_pct": 74.95700686463182,
  "B_acf_abs_r_funct": 0.0012681088790393485,
  "B_acf_abs_r_der": 5.877674367262591e-06,
  "B_acf_abs_r_sec_der": 7.785264882621998e-06,
  "B_acf_abs_r_funct_pct": 115.93995387895497,
  "B_acf_abs_r_der_pct": 120.45829415703493,
  "B_acf_abs_r_sec_der_pct": 284.32012060312286,
  "B_acf_sq_r_funct": 0.0009326852995964535,
  "B_acf_sq_r_der": 4.568154150590923e-06,
  "B_acf_sq_r_sec_der": 5.807685639464272e-06,
  "B_acf_sq_r_funct_pct": 118.02419549502028,
  "B_acf_sq_r_der_pct": 114.35263496265098,
  "B_acf_sq_r_sec_der_pct": 394.76134514527416,
  "B_roll_vol_hist_funct": 86.80400208699038,
  "B_roll_vol_hist_der": 1.500353038816489,
  "B_roll_vol_hist_sec_der": 1.6725087379180186,
  "B_roll_vol_hist_funct_pct": 24.784177482987747,
  "B_roll_vol_hist_der_pct": 168.36566523541515,
  "B_roll_vol_hist_sec_der_pct": 580.3059916088096,
  "B_tail_surv_funct": 0.0005088135874850106,
  "B_tail_surv_der": 7.658474701583431e-07,
  "B_tail_surv_sec_der": 5.716687166191488e-08,
  "B_tail_surv_funct_pct": 5.6286362003138874,
  "B_tail_surv_der_pct": 7.636368426634771,
  "B_tail_surv_sec_der_pct": 14583.862790152665
}