{
  "seed": 1,
  "A1_kurtosis_error": 0.589953885172334,
  "A2_abs_r_q95_error": 0.0009129744613443902,
  "A3_abs_r_q99_error": 0.003075775430015276,
  "A4_tail_qq_error": 0.0009402222063744321,
  "A5_hill_tail_index_error": 3.518790775130153,
  "A6_path_mmd2": 0.005148946851801145,
  "A7_terminal_mmd2": 0.0037364833585275536,
  "A8_increment_mmd2": 0.0010851539407044086,
  "A9_volatility_mmd": 0.059651628071026974,
  "A10_terminal_swd": 2.1936620581434574,
  "A11_path_swd": 1.5816998137332101,
  "A12_rv_law_loss": 0.7486641652889084,
  "A13_mean_path_rmse": 1.1448268749291313,
  "A14_ks_logreturns": 0.023436538816437036,
  "A15_skewness_error": 0.0061956424816221045,
  "A16_qq_rmse": 0.0006658146496035404,
  "A17_terminal_ks": 0.095458984375,
  "A18_disc_score_gru": 0.027312,
  "A18_disc_score_mlp": 0.002899,
  "A19_pred_score_gru": 0.05372,
  "A19_pred_score_mlp": 0.053662,
  "A20_cov_error": 33.51681842241831,
  "A21_acf_abs": 0.044033270499707684,
  "A22_acf_sq": 0.03841902002766275,
  "A23_acf_lag1_abs_error": 0.05349732948167277,
  "A24_acf_lag1_sq_error": 0.04671813451714265,
  "A25_mean_rmse": 2.4883864394102773,
  "A26_std_error": 0.0008530643320829867,
  "A27_logreturn_std_error": 0.00010216594074902337,
  "A28_kurtosis_ratio": 4.490715684567418,
  "A29_sigma_mean_error": 0.0018678572701620322,
  "A30_vol_path_rmse": 1.7095307528134496,
  "A31_rolling_vol_ks": 0.07619767848069106,
  "A32_vol_of_vol_error": 0.0008401260000963796,
  "A33_sigma_corr": 0.0027281797827976425,
  "A34_sigma_rmse": 0.08735614055881052,
  "compute_time_sec": 50.08,
  "B_log_ret_hist_funct": 2.552185171300115,
  "B_log_ret_hist_der": 0.17670324380524124,
  "B_log_ret_hist_sec_der": 0.36228604591213703,
  "B_log_ret_hist_funct_pct": 10.18927601400133,
  "B_log_ret_hist_der_pct": 143.29172686923292,
  "B_log_ret_hist_sec_der_pct": 34728.14499288611,
  "B_qq_plot_funct": 5.213799757268678e-07,
  "B_qq_plot_der": 5.929622912423044e-08,
  "B_qq_plot_sec_der": 1.6301090120467005e-08,
  "B_qq_plot_funct_pct": 13.825672277731424,
  "B_qq_plot_der_pct": 8.152159299087717,
  "B_qq_plot_sec_der_pct": 74.56850981801026,
  "B_acf_abs_r_funct": 0.0013060944372604772,
  "B_acf_abs_r_der": 6.004342958772708e-06,
  "B_acf_abs_r_sec_der": 5.408627843852673e-06,
  "B_acf_abs_r_funct_pct": 117.14613640614235,
  "B_acf_abs_r_der_pct": 107.91820610127438,
  "B_acf_abs_r_sec_der_pct": 178.40851450697264,
  "B_acf_sq_r_funct": 0.0009763703845578596,
  "B_acf_sq_r_der": 6.107928485646215e-06,
  "B_acf_sq_r_sec_der": 8.72307111377697e-06,
  "B_acf_sq_r_funct_pct": 120.31725211454119,
  "B_acf_sq_r_der_pct": 115.66335014254499,
  "B_acf_sq_r_sec_der_pct": 612.5087995754905,
  "B_roll_vol_hist_funct": 104.31250123149721,
  "B_roll_vol_hist_der": 1.6921499858678057,
  "B_roll_vol_hist_sec_der": 1.976507820409479,
  "B_roll_vol_hist_funct_pct": 30.66829009913797,
  "B_roll_vol_hist_der_pct": 126.74084756492428,
  "B_roll_vol_hist_sec_der_pct": 412.49897052596236,
  "B_tail_surv_funct": 0.0005312794453504696,
  "B_tail_surv_der": 8.971974418561288e-07,
  "B_tail_surv_sec_der": 7.082130281543492e-08,
  "B_tail_surv_funct_pct": 6.2131811639734345,
  "B_tail_surv_der_pct": 8.156420979093976,
  "B_tail_surv_sec_der_pct": 15347.831654493464
}