{
  "seed": 2,
  "A1_kurtosis_error": 0.5728147980540932,
  "A2_abs_r_q95_error": 0.00027336189468378166,
  "A3_abs_r_q99_error": 0.0014809354353835513,
  "A4_tail_qq_error": 0.000566077218811575,
  "A5_hill_tail_index_error": 4.446093664163893,
  "A6_path_mmd2": 0.00875254141984938,
  "A7_terminal_mmd2": 0.018668496751475916,
  "A8_increment_mmd2": 0.0011730603378630189,
  "A9_volatility_mmd": 0.07399317189078655,
  "A10_terminal_swd": 4.673289296540175,
  "A11_path_swd": 1.9694940310439086,
  "A12_rv_law_loss": 0.3413228199784935,
  "A13_mean_path_rmse": 0.7092176576287244,
  "A14_ks_logreturns": 0.019635057824803154,
  "A15_skewness_error": 0.05274969898975669,
  "A16_qq_rmse": 0.0005878171740995009,
  "A17_terminal_ks": 0.1085205078125,
  "A18_disc_score_gru": 0.002594,
  "A18_disc_score_mlp": 0.001068,
  "A19_pred_score_gru": 0.053719,
  "A19_pred_score_mlp": 0.053647,
  "A20_cov_error": 138.3155235411187,
  "A21_acf_abs": 0.04244612969373269,
  "A22_acf_sq": 0.036910638678817616,
  "A23_acf_lag1_abs_error": 0.0519518520669273,
  "A24_acf_lag1_sq_error": 0.04604579839955518,
  "A25_mean_rmse": 1.0618029900540193,
  "A26_std_error": 0.009592488893523266,
  "A27_logreturn_std_error": 0.000179634424268188,
  "A28_kurtosis_ratio": 2.250688062449794,
  "A29_sigma_mean_error": 0.004257440865291756,
  "A30_vol_path_rmse": 2.0708413858470913,
  "A31_rolling_vol_ks": 0.07373046875,
  "A32_vol_of_vol_error": 0.0005509118522266654,
  "A33_sigma_corr": -0.0010502275598913025,
  "A34_sigma_rmse": 0.0913388765863428,
  "compute_time_sec": 49.92,
  "B_log_ret_hist_funct": 2.4496476891914205,
  "B_log_ret_hist_der": 0.15690119864812327,
  "B_log_ret_hist_sec_der": 0.309582768909877,
  "B_log_ret_hist_funct_pct": 8.941890000782854,
  "B_log_ret_hist_der_pct": 65.14056337590668,
  "B_log_ret_hist_sec_der_pct": 98768.27401189909,
  "B_qq_plot_funct": 3.6593381639409364e-07,
  "B_qq_plot_der": 2.1098728359329285e-08,
  "B_qq_plot_sec_der": 5.271956769491236e-09,
  "B_qq_plot_funct_pct": 8.955959283116893,
  "B_qq_plot_der_pct": 7.21737772581362,
  "B_qq_plot_sec_der_pct": 63.25823633244039,
  "B_acf_abs_r_funct": 0.0011921598157194637,
  "B_acf_abs_r_der": 6.629775443423186e-06,
  "B_acf_abs_r_sec_der": 7.296543323313886e-06,
  "B_acf_abs_r_funct_pct": 111.88173461446907,
  "B_acf_abs_r_der_pct": 105.23576000511075,
  "B_acf_abs_r_sec_der_pct": 150.02403765208442,
  "B_acf_sq_r_funct": 0.0008684390996943766,
  "B_acf_sq_r_der": 5.222059820952015e-06,
  "B_acf_sq_r_sec_der": 5.069753582785201e-06,
  "B_acf_sq_r_funct_pct": 112.68050151146247,
  "B_acf_sq_r_der_pct": 105.58925784187052,
  "B_acf_sq_r_sec_der_pct": 272.46667787622914,
  "B_roll_vol_hist_funct": 79.61769217688683,
  "B_roll_vol_hist_der": 1.3608943687525585,
  "B_roll_vol_hist_sec_der": 1.5813219318975074,
  "B_roll_vol_hist_funct_pct": 20.56910619797378,
  "B_roll_vol_hist_der_pct": 125.6183279971476,
  "B_roll_vol_hist_sec_der_pct": 445.18477309716775,
  "B_tail_surv_funct": 0.0006119329935708057,
  "B_tail_surv_der": 7.621858221692989e-07,
  "B_tail_surv_sec_der": 5.343707983529445e-08,
  "B_tail_surv_funct_pct": 5.71123103052422,
  "B_tail_surv_der_pct": 7.724040083907122,
  "B_tail_surv_sec_der_pct": 14409.38580686397
}