{
  "seed": 4,
  "A1_kurtosis_error": 0.5798178327375583,
  "A2_abs_r_q95_error": 0.000779521259203133,
  "A3_abs_r_q99_error": 0.00230943445201532,
  "A4_tail_qq_error": 0.0007217633345757566,
  "A5_hill_tail_index_error": 6.788803934028131,
  "A6_path_mmd2": 0.005601973957004069,
  "A7_terminal_mmd2": 0.013760688935011589,
  "A8_increment_mmd2": 0.0011709568957318783,
  "A9_volatility_mmd": 0.0602875066540679,
  "A10_terminal_swd": 2.966738301037138,
  "A11_path_swd": 1.1074234449143294,
  "A12_rv_law_loss": 0.5111713355803382,
  "A13_mean_path_rmse": 0.11472957147564133,
  "A14_ks_logreturns": 0.018304779773622104,
  "A15_skewness_error": 0.023632193456234983,
  "A16_qq_rmse": 0.0005556859177723836,
  "A17_terminal_ks": 0.080078125,
  "A18_disc_score_gru": 0.000763,
  "A18_disc_score_mlp": 0.006561,
  "A19_pred_score_gru": 0.050037,
  "A19_pred_score_mlp": 0.050087,
  "A20_cov_error": 57.54666533966261,
  "A21_acf_abs": 0.04110576703934172,
  "A22_acf_sq": 0.0352049090488982,
  "A23_acf_lag1_abs_error": 0.0490236987364296,
  "A24_acf_lag1_sq_error": 0.04213951085743857,
  "A25_mean_rmse": 0.22980927802868223,
  "A26_std_error": 0.00568147764101723,
  "A27_logreturn_std_error": 3.17887683818352e-05,
  "A28_kurtosis_ratio": 2.7805598049618774,
  "A29_sigma_mean_error": 0.0018227648724993828,
  "A30_vol_path_rmse": 1.137885433691438,
  "A31_rolling_vol_ks": 0.07103003525152438,
  "A32_vol_of_vol_error": 0.0006768323749492986,
  "A33_sigma_corr": 0.0024061936275394514,
  "A34_sigma_rmse": 0.08954251491603635,
  "compute_time_sec": 49.61,
  "B_log_ret_hist_funct": 2.2965649233101706,
  "B_log_ret_hist_der": 0.13540157143283593,
  "B_log_ret_hist_sec_der": 0.2354088326192584,
  "B_log_ret_hist_funct_pct": 8.678059302768297,
  "B_log_ret_hist_der_pct": 38.98277073968412,
  "B_log_ret_hist_sec_der_pct": 514.8660769381171,
  "B_log_ret_hist_funct_nrmse": 4.1472121145002365,
  "B_log_ret_hist_der_nrmse": 19.989940806889514,
  "B_log_ret_hist_sec_der_nrmse": 40.120010318095986,
  "B_qq_plot_funct": 3.5494303890722023e-07,
  "B_qq_plot_der": 3.312495748874467e-08,
  "B_qq_plot_sec_der": 9.038871511718163e-09,
  "B_qq_plot_funct_pct": 8.05545424701873,
  "B_qq_plot_der_pct": 7.372901368980174,
  "B_qq_plot_sec_der_pct": 49.2110223664497,
  "B_qq_plot_funct_nrmse": 1.6198627203881224,
  "B_qq_plot_der_nrmse": 2.5378963903897107,
  "B_qq_plot_sec_der_nrmse": 2.4744788376870663,
  "B_acf_abs_r_funct": 0.0011270644558764274,
  "B_acf_abs_r_der": 6.0277372951470595e-06,
  "B_acf_abs_r_sec_der": 9.650220842169214e-06,
  "B_acf_abs_r_funct_pct": 117.82649662570827,
  "B_acf_abs_r_der_pct": 112.17200667867692,
  "B_acf_abs_r_sec_der_pct": 198.89385882066782,
  "B_acf_abs_r_funct_nrmse": 88.6353894960646,
  "B_acf_abs_r_der_nrmse": 54.032201792223425,
  "B_acf_abs_r_sec_der_nrmse": 56.95344777406366,
  "B_acf_sq_r_funct": 0.0008154693864628424,
  "B_acf_sq_r_der": 5.997884717001955e-06,
  "B_acf_sq_r_sec_der": 1.150974755278949e-05,
  "B_acf_sq_r_funct_pct": 121.53218016283671,
  "B_acf_sq_r_der_pct": 233.18990280040356,
  "B_acf_sq_r_sec_der_pct": 210.5480072753215,
  "B_acf_sq_r_funct_nrmse": 82.97721055045578,
  "B_acf_sq_r_der_nrmse": 43.40443331865458,
  "B_acf_sq_r_sec_der_nrmse": 47.040053007331736,
  "B_roll_vol_hist_funct": 82.66501575722612,
  "B_roll_vol_hist_der": 1.7488327774868173,
  "B_roll_vol_hist_sec_der": 2.784764440465132,
  "B_roll_vol_hist_funct_pct": 24.60727277782683,
  "B_roll_vol_hist_der_pct": 123.12172788007175,
  "B_roll_vol_hist_sec_der_pct": 231.4643753175261,
  "B_roll_vol_hist_funct_nrmse": 10.28906450533579,
  "B_roll_vol_hist_der_nrmse": 24.78426391988174,
  "B_roll_vol_hist_sec_der_nrmse": 32.558856353561,
  "B_tail_surv_funct": 0.0004935299498469916,
  "B_tail_surv_der": 7.649940067017912e-07,
  "B_tail_surv_sec_der": 6.155095471418391e-08,
  "B_tail_surv_funct_pct": 5.460866024649924,
  "B_tail_surv_der_pct": 7.630764809358212,
  "B_tail_surv_sec_der_pct": 12162451.849818869,
  "B_tail_surv_funct_nrmse": 2.2439936795136806,
  "B_tail_surv_der_nrmse": 90995.9847129937,
  "B_tail_surv_sec_der_nrmse": 25811.343443498565
}