{
  "seed": 3,
  "A1_kurtosis_error": 0.5695223626872608,
  "A2_abs_r_q95_error": 0.0007235192088259138,
  "A3_abs_r_q99_error": 0.002386792026212829,
  "A4_tail_qq_error": 0.0007107715574595989,
  "A5_hill_tail_index_error": 8.43712071412006,
  "A6_path_mmd2": 0.003573071309764253,
  "A7_terminal_mmd2": 0.006883344377846268,
  "A8_increment_mmd2": 0.0009447087924150388,
  "A9_volatility_mmd": 0.04824436234672769,
  "A10_terminal_swd": 2.143951411614061,
  "A11_path_swd": 0.8820681290161854,
  "A12_rv_law_loss": 0.5341369211980248,
  "A13_mean_path_rmse": 0.1190917104732328,
  "A14_ks_logreturns": 0.017271507443405554,
  "A15_skewness_error": 0.021395657738188564,
  "A16_qq_rmse": 0.0005517094830291557,
  "A17_terminal_ks": 0.0596923828125,
  "A18_disc_score_gru": 0.002594,
  "A18_disc_score_mlp": 0.008697,
  "A19_pred_score_gru": 0.053707,
  "A19_pred_score_mlp": 0.054955,
  "A20_cov_error": 41.01525033445941,
  "A21_acf_abs": 0.043504389712588395,
  "A22_acf_sq": 0.03782390713399695,
  "A23_acf_lag1_abs_error": 0.0533236706485025,
  "A24_acf_lag1_sq_error": 0.046533923701424416,
  "A25_mean_rmse": 0.15348689981667007,
  "A26_std_error": 0.005260692340098627,
  "A27_logreturn_std_error": 2.91525459471028e-05,
  "A28_kurtosis_ratio": 2.9039919971830526,
  "A29_sigma_mean_error": 0.0019893735573341953,
  "A30_vol_path_rmse": 0.9771645020084939,
  "A31_rolling_vol_ks": 0.07235395229928865,
  "A32_vol_of_vol_error": 0.0006980981617768457,
  "A33_sigma_corr": 0.0023209320061234177,
  "A34_sigma_rmse": 0.08915250326000404,
  "compute_time_sec": 49.57,
  "B_log_ret_hist_funct": 2.170915748167697,
  "B_log_ret_hist_der": 0.17140937504310982,
  "B_log_ret_hist_sec_der": 0.40346264036831203,
  "B_log_ret_hist_funct_pct": 8.816015797076409,
  "B_log_ret_hist_der_pct": 180.44288958525152,
  "B_log_ret_hist_sec_der_pct": 15618.211939174278,
  "B_qq_plot_funct": 3.524123214174594e-07,
  "B_qq_plot_der": 3.961028990071849e-08,
  "B_qq_plot_sec_der": 1.1457556031856568e-08,
  "B_qq_plot_funct_pct": 7.638290350780752,
  "B_qq_plot_der_pct": 7.311334734076744,
  "B_qq_plot_sec_der_pct": 72.56409266268942,
  "B_acf_abs_r_funct": 0.0012713294660848195,
  "B_acf_abs_r_der": 8.166086109779901e-06,
  "B_acf_abs_r_sec_der": 1.2952030630770002e-05,
  "B_acf_abs_r_funct_pct": 114.26178832916041,
  "B_acf_abs_r_der_pct": 131.94008350181755,
  "B_acf_abs_r_sec_der_pct": 279.10401146270567,
  "B_acf_sq_r_funct": 0.0009386150164117247,
  "B_acf_sq_r_der": 6.198322808651206e-06,
  "B_acf_sq_r_sec_der": 9.031737289724385e-06,
  "B_acf_sq_r_funct_pct": 116.63103172370216,
  "B_acf_sq_r_der_pct": 140.47696149704436,
  "B_acf_sq_r_sec_der_pct": 515.8070643276127,
  "B_roll_vol_hist_funct": 86.64717080925881,
  "B_roll_vol_hist_der": 1.522766109844066,
  "B_roll_vol_hist_sec_der": 1.6278416301169927,
  "B_roll_vol_hist_funct_pct": 25.363157251671986,
  "B_roll_vol_hist_der_pct": 147.86736976490477,
  "B_roll_vol_hist_sec_der_pct": 428.2712592708468,
  "B_tail_surv_funct": 0.00047303240930341535,
  "B_tail_surv_der": 7.324205947161613e-07,
  "B_tail_surv_sec_der": 5.4429122368384776e-08,
  "B_tail_surv_funct_pct": 5.5309662996416105,
  "B_tail_surv_der_pct": 7.49909690358518,
  "B_tail_surv_sec_der_pct": 12878.784928141815
}