{
  "seed": 3,
  "A1_kurtosis_error": 0.5698790919453027,
  "A2_abs_r_q95_error": 0.0007929341610653402,
  "A3_abs_r_q99_error": 0.002401597436734841,
  "A4_tail_qq_error": 0.0007549818362977218,
  "A5_hill_tail_index_error": 7.871660170744544,
  "A6_path_mmd2": 0.003346324036782977,
  "A7_terminal_mmd2": 0.0062482279851762135,
  "A8_increment_mmd2": 0.0010154892421769812,
  "A9_volatility_mmd": 0.05195568730883565,
  "A10_terminal_swd": 1.9624780394982417,
  "A11_path_swd": 0.8887662791477755,
  "A12_rv_law_loss": 0.544689673065951,
  "A13_mean_path_rmse": 0.054053032623689636,
  "A14_ks_logreturns": 0.017558901328740162,
  "A15_skewness_error": 0.012496576563849206,
  "A16_qq_rmse": 0.0005501354944481652,
  "A17_terminal_ks": 0.0562744140625,
  "A18_disc_score_gru": 0.009307,
  "A18_disc_score_mlp": 0.008697,
  "A19_pred_score_gru": 0.050011,
  "A19_pred_score_mlp": 0.050266,
  "A20_cov_error": 35.007571015988674,
  "A21_acf_abs": 0.04096185386319394,
  "A22_acf_sq": 0.03486402430103988,
  "A23_acf_lag1_abs_error": 0.049645803046706405,
  "A24_acf_lag1_sq_error": 0.04242886703840398,
  "A25_mean_rmse": 0.04447067143641448,
  "A26_std_error": 0.004291116488699842,
  "A27_logreturn_std_error": 5.8622969406221456e-05,
  "A28_kurtosis_ratio": 2.9606924105289116,
  "A29_sigma_mean_error": 0.0016305313321904324,
  "A30_vol_path_rmse": 1.0116228881865128,
  "A31_rolling_vol_ks": 0.0705367917936992,
  "A32_vol_of_vol_error": 0.0006990930022665034,
  "A33_sigma_corr": -0.004700155496117921,
  "A34_sigma_rmse": 0.08956634641329149,
  "compute_time_sec": 49.03,
  "B_log_ret_hist_funct": 2.164924317729089,
  "B_log_ret_hist_der": 0.16888952318411324,
  "B_log_ret_hist_sec_der": 0.35295404876020464,
  "B_log_ret_hist_funct_pct": 8.797208702740662,
  "B_log_ret_hist_der_pct": 45.45268954330814,
  "B_log_ret_hist_sec_der_pct": 402.45161686603916,
  "B_log_ret_hist_funct_nrmse": 4.026597728276799,
  "B_log_ret_hist_der_nrmse": 22.325490565391988,
  "B_log_ret_hist_sec_der_nrmse": 49.12569903596741,
  "B_qq_plot_funct": 3.511182395764952e-07,
  "B_qq_plot_der": 3.804370408622328e-08,
  "B_qq_plot_sec_der": 1.0838861925639447e-08,
  "B_qq_plot_funct_pct": 7.445660264510046,
  "B_qq_plot_der_pct": 7.248198110535562,
  "B_qq_plot_sec_der_pct": 47.13071754533934,
  "B_qq_plot_funct_nrmse": 1.6111114131424065,
  "B_qq_plot_der_nrmse": 2.7198040787756157,
  "B_qq_plot_sec_der_nrmse": 2.7096829551890265,
  "B_acf_abs_r_funct": 0.0011314109051043784,
  "B_acf_abs_r_der": 1.2010881919029672e-05,
  "B_acf_abs_r_sec_der": 3.0901296279218926e-05,
  "B_acf_abs_r_funct_pct": 115.77879913548944,
  "B_acf_abs_r_der_pct": 190.27851178832952,
  "B_acf_abs_r_sec_der_pct": 249.07399987693336,
  "B_acf_abs_r_funct_nrmse": 88.80613328568978,
  "B_acf_abs_r_der_nrmse": 76.27161734864352,
  "B_acf_abs_r_sec_der_nrmse": 101.9153834716747,
  "B_acf_sq_r_funct": 0.0008224284558283311,
  "B_acf_sq_r_der": 1.1516405894926288e-05,
  "B_acf_sq_r_sec_der": 3.2271541068090536e-05,
  "B_acf_sq_r_funct_pct": 119.48711139200938,
  "B_acf_sq_r_der_pct": 489.9749748311327,
  "B_acf_sq_r_sec_der_pct": 423.7018992209891,
  "B_acf_sq_r_funct_nrmse": 83.33051470330618,
  "B_acf_sq_r_der_nrmse": 60.14416710832805,
  "B_acf_sq_r_sec_der_nrmse": 78.76708179069976,
  "B_roll_vol_hist_funct": 82.6209473537244,
  "B_roll_vol_hist_der": 1.9539132663626193,
  "B_roll_vol_hist_sec_der": 3.515488605452551,
  "B_roll_vol_hist_funct_pct": 25.13967431870301,
  "B_roll_vol_hist_der_pct": 129.06217585898096,
  "B_roll_vol_hist_sec_der_pct": 215.0313269287434,
  "B_roll_vol_hist_funct_nrmse": 10.286321609276893,
  "B_roll_vol_hist_der_nrmse": 26.197178766824585,
  "B_roll_vol_hist_sec_der_nrmse": 36.582026216758265,
  "B_tail_surv_funct": 0.0004584664793453995,
  "B_tail_surv_der": 7.319307362747265e-07,
  "B_tail_surv_sec_der": 5.7061945989883165e-08,
  "B_tail_surv_funct_pct": 5.366739651325175,
  "B_tail_surv_der_pct": 7.482849384870962,
  "B_tail_surv_sec_der_pct": 11023318.826164307,
  "B_tail_surv_funct_nrmse": 2.1628114834025327,
  "B_tail_surv_der_nrmse": 89007.8283858195,
  "B_tail_surv_sec_der_nrmse": 24852.295102807642
}