{
  "seed": 0,
  "A1_kurtosis_error": 0.5672006347827363,
  "A2_abs_r_q95_error": 0.0007089689458461175,
  "A3_abs_r_q99_error": 0.002328151737453432,
  "A4_tail_qq_error": 0.0007017629291019214,
  "A5_hill_tail_index_error": 7.516265461366082,
  "A6_path_mmd2": 0.003506086868142383,
  "A7_terminal_mmd2": 0.0071506227967813585,
  "A8_increment_mmd2": 0.0011880503957919508,
  "A9_volatility_mmd": 0.052461648303042396,
  "A10_terminal_swd": 1.9178894336014674,
  "A11_path_swd": 1.0969886802901112,
  "A12_rv_law_loss": 0.5312749178672078,
  "A13_mean_path_rmse": 0.3360367808769123,
  "A14_ks_logreturns": 0.017262856791338543,
  "A15_skewness_error": 0.01933015343077723,
  "A16_qq_rmse": 0.0005629899266741251,
  "A17_terminal_ks": 0.07373046875,
  "A18_disc_score_gru": 0.005951,
  "A18_disc_score_mlp": 0.008087,
  "A19_pred_score_gru": 0.050037,
  "A19_pred_score_mlp": 0.04992,
  "A20_cov_error": 39.62040454693121,
  "A21_acf_abs": 0.04126928951191453,
  "A22_acf_sq": 0.035417765232178766,
  "A23_acf_lag1_abs_error": 0.048069995174902964,
  "A24_acf_lag1_sq_error": 0.04062640427830062,
  "A25_mean_rmse": 0.566686389630064,
  "A26_std_error": 0.005447787005506299,
  "A27_logreturn_std_error": 1.0012878690629154e-05,
  "A28_kurtosis_ratio": 2.875445290321457,
  "A29_sigma_mean_error": 0.00236193369747964,
  "A30_vol_path_rmse": 0.9428545373543069,
  "A31_rolling_vol_ks": 0.07279261147103658,
  "A32_vol_of_vol_error": 0.0006784230998664554,
  "A33_sigma_corr": -0.001968488476815806,
  "A34_sigma_rmse": 0.08968600421896301,
  "compute_time_sec": 53.49,
  "B_log_ret_hist_funct": 2.290775206209006,
  "B_log_ret_hist_der": 0.1680153078899043,
  "B_log_ret_hist_sec_der": 0.35257751531377934,
  "B_log_ret_hist_funct_pct": 8.986642499410806,
  "B_log_ret_hist_der_pct": 51.223642492556124,
  "B_log_ret_hist_sec_der_pct": 416708.1708328522,
  "B_log_ret_hist_funct_nrmse": 4.141981185251558,
  "B_log_ret_hist_der_nrmse": 22.26763437891241,
  "B_log_ret_hist_sec_der_nrmse": 49.099488251920235,
  "B_qq_plot_funct": 3.631316791607098e-07,
  "B_qq_plot_der": 3.7134528948958556e-08,
  "B_qq_plot_sec_der": 1.100161853050356e-08,
  "B_qq_plot_funct_pct": 7.913501058890531,
  "B_qq_plot_der_pct": 7.445992116254918,
  "B_qq_plot_sec_der_pct": 88.30289499619478,
  "B_qq_plot_funct_nrmse": 1.6384415313079572,
  "B_qq_plot_der_nrmse": 2.687108377304849,
  "B_qq_plot_sec_der_nrmse": 2.7299514819323596,
  "B_acf_abs_r_funct": 0.0011361992354553209,
  "B_acf_abs_r_der": 6.201352414767006e-06,
  "B_acf_abs_r_sec_der": 1.110717900940289e-05,
  "B_acf_abs_r_funct_pct": 118.96698664988104,
  "B_acf_abs_r_der_pct": 122.86898847402554,
  "B_acf_abs_r_sec_der_pct": 149.97234469500629,
  "B_acf_abs_r_funct_nrmse": 88.99385647963982,
  "B_acf_abs_r_der_nrmse": 54.804814647759805,
  "B_acf_abs_r_sec_der_nrmse": 61.10169802567068,
  "B_acf_sq_r_funct": 0.0008230057802319599,
  "B_acf_sq_r_der": 5.550193018436296e-06,
  "B_acf_sq_r_sec_der": 1.1490533739969788e-05,
  "B_acf_sq_r_funct_pct": 123.09553278379614,
  "B_acf_sq_r_der_pct": 559.1495500976042,
  "B_acf_sq_r_sec_der_pct": 348.08791174458656,
  "B_acf_sq_r_funct_nrmse": 83.35975755083925,
  "B_acf_sq_r_der_nrmse": 41.75313376680494,
  "B_acf_sq_r_sec_der_nrmse": 47.00077341921272,
  "B_roll_vol_hist_funct": 84.90804503686155,
  "B_roll_vol_hist_der": 1.7087017611735311,
  "B_roll_vol_hist_sec_der": 2.768671282934133,
  "B_roll_vol_hist_funct_pct": 25.188102230916883,
  "B_roll_vol_hist_der_pct": 138.18174399830508,
  "B_roll_vol_hist_sec_der_pct": 185.4618895351396,
  "B_roll_vol_hist_funct_nrmse": 10.42772175592814,
  "B_roll_vol_hist_der_nrmse": 24.498247416086567,
  "B_roll_vol_hist_sec_der_nrmse": 32.46464120114047,
  "B_tail_surv_funct": 0.0005057805641340941,
  "B_tail_surv_der": 7.580427332560456e-07,
  "B_tail_surv_sec_der": 5.8429062448160646e-08,
  "B_tail_surv_funct_pct": 5.658682384762755,
  "B_tail_surv_der_pct": 7.621813474932162,
  "B_tail_surv_sec_der_pct": 15218.854282659438,
  "B_tail_surv_funct_nrmse": 2.2716736531302963,
  "B_tail_surv_der_nrmse": 90581.61449989537,
  "B_tail_surv_sec_der_nrmse": 25148.244355128347
}