{
  "seed": 1,
  "A1_kurtosis_error": 0.590310614430376,
  "A2_abs_r_q95_error": 0.0009823894135838167,
  "A3_abs_r_q99_error": 0.003090580840537288,
  "A4_tail_qq_error": 0.0009804332094211238,
  "A5_hill_tail_index_error": 2.953330231754638,
  "A6_path_mmd2": 0.005484715598490314,
  "A7_terminal_mmd2": 0.005615504740471178,
  "A8_increment_mmd2": 0.0011603584985431237,
  "A9_volatility_mmd": 0.057591463545647925,
  "A10_terminal_swd": 2.0752669053165897,
  "A11_path_swd": 1.7279880121493352,
  "A12_rv_law_loss": 0.7595007844564603,
  "A13_mean_path_rmse": 1.0487118822184298,
  "A14_ks_logreturns": 0.022864634596456712,
  "A15_skewness_error": 0.015094723655961463,
  "A16_qq_rmse": 0.000662167806502472,
  "A17_terminal_ks": 0.0902099609375,
  "A18_disc_score_gru": 0.026701,
  "A18_disc_score_mlp": 0.000458,
  "A19_pred_score_gru": 0.050021,
  "A19_pred_score_mlp": 0.050938,
  "A20_cov_error": 39.524497740889046,
  "A21_acf_abs": 0.04149073465031323,
  "A22_acf_sq": 0.03545913719470568,
  "A23_acf_lag1_abs_error": 0.049819461879876674,
  "A24_acf_lag1_sq_error": 0.04261307785412222,
  "A25_mean_rmse": 2.2904288681571927,
  "A26_std_error": 0.0001165115193157984,
  "A27_logreturn_std_error": 0.00013163636420814202,
  "A28_kurtosis_ratio": 4.5783968612995505,
  "A29_sigma_mean_error": 0.0015090150450182693,
  "A30_vol_path_rmse": 1.876431272189406,
  "A31_rolling_vol_ks": 0.07440334413109756,
  "A32_vol_of_vol_error": 0.0008411208405860373,
  "A33_sigma_corr": -0.0033381336675413972,
  "A34_sigma_rmse": 0.08773182241864867,
  "compute_time_sec": 48.91,
  "B_log_ret_hist_funct": 2.5178174521644534,
  "B_log_ret_hist_der": 0.12420185367515833,
  "B_log_ret_hist_sec_der": 0.17612396958395135,
  "B_log_ret_hist_funct_pct": 10.28094164224687,
  "B_log_ret_hist_der_pct": 35.18032508412294,
  "B_log_ret_hist_sec_der_pct": 72254.44586277078,
  "B_log_ret_hist_funct_nrmse": 4.342391787031323,
  "B_log_ret_hist_der_nrmse": 19.14536694546572,
  "B_log_ret_hist_sec_der_nrmse": 34.70235049268319,
  "B_qq_plot_funct": 5.175882543758359e-07,
  "B_qq_plot_der": 5.7778693732501714e-08,
  "B_qq_plot_sec_der": 1.542701002573851e-08,
  "B_qq_plot_funct_pct": 13.857469145523272,
  "B_qq_plot_der_pct": 8.166915868992866,
  "B_qq_plot_sec_der_pct": 64.3805521248048,
  "B_qq_plot_funct_nrmse": 1.9561001445965287,
  "B_qq_plot_der_nrmse": 3.3518153287394186,
  "B_qq_plot_sec_der_nrmse": 3.232715744539029,
  "B_acf_abs_r_funct": 0.0011634931830966475,
  "B_acf_abs_r_der": 8.119855294933776e-06,
  "B_acf_abs_r_sec_der": 1.4039844654060456e-05,
  "B_acf_abs_r_funct_pct": 119.30364450263417,
  "B_acf_abs_r_der_pct": 159.64972650919347,
  "B_acf_abs_r_sec_der_pct": 163.10034245997508,
  "B_acf_abs_r_funct_nrmse": 90.0564249073876,
  "B_acf_abs_r_der_nrmse": 62.711855668620444,
  "B_acf_abs_r_sec_der_nrmse": 68.69617324616121,
  "B_acf_sq_r_funct": 0.0008569257899428585,
  "B_acf_sq_r_der": 8.01821233796395e-06,
  "B_acf_sq_r_sec_der": 1.6201419481214863e-05,
  "B_acf_sq_r_funct_pct": 124.07726090837232,
  "B_acf_sq_r_der_pct": 477.6534730819822,
  "B_acf_sq_r_sec_der_pct": 586.7481042206398,
  "B_acf_sq_r_funct_nrmse": 85.06024061075229,
  "B_acf_sq_r_der_nrmse": 50.18498630634413,
  "B_acf_sq_r_sec_der_nrmse": 55.80992472226286,
  "B_roll_vol_hist_funct": 99.86549780275676,
  "B_roll_vol_hist_der": 1.7162959878768453,
  "B_roll_vol_hist_sec_der": 2.3277854516632255,
  "B_roll_vol_hist_funct_pct": 30.772938386890708,
  "B_roll_vol_hist_der_pct": 128.83072854795495,
  "B_roll_vol_hist_sec_der_pct": 273.4828525532323,
  "B_roll_vol_hist_funct_nrmse": 11.308962113281499,
  "B_roll_vol_hist_der_nrmse": 24.55262758651345,
  "B_roll_vol_hist_sec_der_nrmse": 29.767775666158357,
  "B_tail_surv_funct": 0.0005161182480013165,
  "B_tail_surv_der": 8.97766240184709e-07,
  "B_tail_surv_sec_der": 7.888850321074488e-08,
  "B_tail_surv_funct_pct": 6.185206834984774,
  "B_tail_surv_der_pct": 8.1219572549876,
  "B_tail_surv_sec_der_pct": 16582.87087492358,
  "B_tail_surv_funct_nrmse": 2.294771671938666,
  "B_tail_surv_der_nrmse": 98576.82990862925,
  "B_tail_surv_sec_der_nrmse": 29221.33618467733
}