{
  "seed": 2,
  "A1_kurtosis_error": 0.5731715273121352,
  "A2_abs_r_q95_error": 0.00034277684692320814,
  "A3_abs_r_q99_error": 0.0014957408459055632,
  "A4_tail_qq_error": 0.0005534153855461857,
  "A5_hill_tail_index_error": 3.880633120788378,
  "A6_path_mmd2": 0.009693774702022179,
  "A7_terminal_mmd2": 0.022476680001798033,
  "A8_increment_mmd2": 0.0010857732894216099,
  "A9_volatility_mmd": 0.07123246958491788,
  "A10_terminal_swd": 4.629945737664535,
  "A11_path_swd": 1.847019567339189,
  "A12_rv_law_loss": 0.35187502522890546,
  "A13_mean_path_rmse": 0.6146178021826754,
  "A14_ks_logreturns": 0.018738273560531482,
  "A15_skewness_error": 0.04385061781541733,
  "A16_qq_rmse": 0.0005742360653046638,
  "A17_terminal_ks": 0.1046142578125,
  "A18_disc_score_gru": 0.003204,
  "A18_disc_score_mlp": 0.005951,
  "A19_pred_score_gru": 0.05007,
  "A19_pred_score_mlp": 0.050402,
  "A20_cov_error": 132.30784422264796,
  "A21_acf_abs": 0.03990359384433824,
  "A22_acf_sq": 0.03395075584586055,
  "A23_acf_lag1_abs_error": 0.0482739844651312,
  "A24_acf_lag1_sq_error": 0.041940741736534747,
  "A25_mean_rmse": 0.8638454188009348,
  "A26_std_error": 0.00862291304212448,
  "A27_logreturn_std_error": 0.00015016400080906933,
  "A28_kurtosis_ratio": 2.2946327233088057,
  "A29_sigma_mean_error": 0.0038985986401479933,
  "A30_vol_path_rmse": 1.934962455028663,
  "A31_rolling_vol_ks": 0.07189544429623987,
  "A32_vol_of_vol_error": 0.0005519066927163231,
  "A33_sigma_corr": -0.005218305966889202,
  "A34_sigma_rmse": 0.09160262168161828,
  "compute_time_sec": 48.9,
  "B_log_ret_hist_funct": 2.4371930563353708,
  "B_log_ret_hist_der": 0.13985605411581634,
  "B_log_ret_hist_sec_der": 0.2562388910174696,
  "B_log_ret_hist_funct_pct": 8.875900062939538,
  "B_log_ret_hist_der_pct": 41.46631259797637,
  "B_log_ret_hist_sec_der_pct": 708409.4617784237,
  "B_log_ret_hist_funct_nrmse": 4.272301079437999,
  "B_log_ret_hist_der_nrmse": 20.316097632601434,
  "B_log_ret_hist_sec_der_nrmse": 41.85739362701366,
  "B_qq_plot_funct": 3.498016512693364e-07,
  "B_qq_plot_der": 1.9769109834916358e-08,
  "B_qq_plot_sec_der": 4.822568565945434e-09,
  "B_qq_plot_funct_pct": 8.8220375805377,
  "B_qq_plot_der_pct": 7.24291409439872,
  "B_qq_plot_sec_der_pct": 79.2270208662609,
  "B_qq_plot_funct_nrmse": 1.6080879834481885,
  "B_qq_plot_der_nrmse": 1.9606035307849021,
  "B_qq_plot_sec_der_nrmse": 1.8074481310210153,
  "B_acf_abs_r_funct": 0.0010556958748415318,
  "B_acf_abs_r_der": 8.49295816973437e-06,
  "B_acf_abs_r_sec_der": 1.8036500272623967e-05,
  "B_acf_abs_r_funct_pct": 113.54066035240334,
  "B_acf_abs_r_der_pct": 143.3759426013238,
  "B_acf_abs_r_sec_der_pct": 141.96055048507813,
  "B_acf_abs_r_funct_nrmse": 85.78319013755687,
  "B_acf_abs_r_der_nrmse": 64.13646208947216,
  "B_acf_abs_r_sec_der_nrmse": 77.86235412612473,
  "B_acf_sq_r_funct": 0.0007559803218134134,
  "B_acf_sq_r_der": 8.119133353299741e-06,
  "B_acf_sq_r_sec_der": 1.8734648016182656e-05,
  "B_acf_sq_r_funct_pct": 115.42920125622929,
  "B_acf_sq_r_der_pct": 621.8252137864829,
  "B_acf_sq_r_sec_der_pct": 370.7210460653809,
  "B_acf_sq_r_funct_nrmse": 79.89327893536434,
  "B_acf_sq_r_der_nrmse": 50.499824722403574,
  "B_acf_sq_r_sec_der_nrmse": 60.01470454306773,
  "B_roll_vol_hist_funct": 75.58199538845606,
  "B_roll_vol_hist_der": 1.5242593355973253,
  "B_roll_vol_hist_sec_der": 2.463302781323481,
  "B_roll_vol_hist_funct_pct": 20.706656736718347,
  "B_roll_vol_hist_der_pct": 100.63841409933731,
  "B_roll_vol_hist_sec_der_pct": 238.55687306643753,
  "B_roll_vol_hist_funct_nrmse": 9.838393531147691,
  "B_roll_vol_hist_der_nrmse": 23.138292917564197,
  "B_roll_vol_hist_sec_der_nrmse": 30.622018035439464,
  "B_tail_surv_funct": 0.000593775490083951,
  "B_tail_surv_der": 7.489994641463606e-07,
  "B_tail_surv_sec_der": 4.3378205410098726e-08,
  "B_tail_surv_funct_pct": 5.629272654445654,
  "B_tail_surv_der_pct": 7.637541490340248,
  "B_tail_surv_sec_der_pct": 13627.05352369021,
  "B_tail_surv_funct_nrmse": 2.461364917897816,
  "B_tail_surv_der_nrmse": 90039.68484326467,
  "B_tail_surv_sec_der_nrmse": 21668.507725014548
}