{
  "seed": 2,
  "method": "FourierFlow",
  "shape": [
    8192,
    128
  ],
  "seq_len": 128,
  "n_gen": 8192,
  "scale_min": 39.893609418078476,
  "scale_max": 155.57898269218714,
  "gen_min_val": 42.60419845581055,
  "gen_max_val": 148.87362670898438,
  "train_sec": 514.4,
  "gen_sec": 1.4,
  "hidden": 200,
  "n_flows": 3,
  "normalize": true,
  "epochs": 1000,
  "learning_rate": 0.001
}