{
  "dataset": "sine",
  "metric_source": "TimeGAN (Yoon et al. 2019) discriminative_metrics.py / predictive_metrics.py",
  "metric_iter": 3,
  "paper_target": {
    "discriminative": "0.021 +/- 0.040",
    "predictive": "0.213 +/- 0.000"
  },
  "discriminative": {
    "mean": 0.143,
    "std": 0.0,
    "runs": [
      0.143
    ]
  },
  "predictive": {
    "mean": 0.21323387877752312,
    "std": 0.0,
    "runs": [
      0.21323387877752312
    ]
  },
  "per_seed": [
    {
      "seed": 3,
      "n": 10000,
      "discriminative": 0.143,
      "predictive": 0.21323387877752312,
      "disc_runs": [
        0.14925,
        0.12649999999999995,
        0.15325
      ],
      "pred_runs": [
        0.2132229763440156,
        0.21323420641613589,
        0.21324445357241795
      ]
    }
  ],
  "elapsed_sec": 120.0
}