{
  "dataset": "sine",
  "metric_source": "TimeGAN (Yoon et al. 2019) discriminative_metrics.py / predictive_metrics.py",
  "metric_iter": 3,
  "paper_target": {
    "discriminative": "0.021 +/- 0.040",
    "predictive": "0.213 +/- 0.000"
  },
  "discriminative": {
    "mean": 0.10691666666666666,
    "std": 0.0,
    "runs": [
      0.10691666666666666
    ]
  },
  "predictive": {
    "mean": 0.21322541830605765,
    "std": 0.0,
    "runs": [
      0.21322541830605765
    ]
  },
  "per_seed": [
    {
      "seed": 2,
      "n": 10000,
      "discriminative": 0.10691666666666666,
      "predictive": 0.21322541830605765,
      "disc_runs": [
        0.12324999999999997,
        0.056499999999999995,
        0.14100000000000001
      ],
      "pred_runs": [
        0.21323825728605184,
        0.2132185272033789,
        0.2132194704287422
      ]
    }
  ],
  "elapsed_sec": 128.7
}