{
  "seed": 1,
  "eta": 9.744447708129883,
  "h32_MAE_uniform": 3.701680613051172,
  "h32_RMSE_uniform": 5.069446682936854,
  "h32_CRPS_uniform": 2.7767221347254463,
  "h32_MAE_gaussian": 3.701755488094098,
  "h32_RMSE_gaussian": 5.069493755606932,
  "h32_CRPS_gaussian": 2.7766415617165876,
  "h64_MAE_uniform": 5.22870796391485,
  "h64_RMSE_uniform": 7.166194982091349,
  "h64_CRPS_uniform": 3.8956215159517456,
  "h64_MAE_gaussian": 5.228705901407516,
  "h64_RMSE_gaussian": 7.166202359617804,
  "h64_CRPS_gaussian": 3.89545130765714
}