{
  "seed": 1,
  "eta": 9.772273063659668,
  "h32_MAE_uniform": 3.716738994899373,
  "h32_RMSE_uniform": 5.0490355660582065,
  "h32_CRPS_uniform": 2.785038425264588,
  "h32_MAE_gaussian": 3.716692025265238,
  "h32_RMSE_gaussian": 5.048963123590063,
  "h32_CRPS_gaussian": 2.7848784658288537,
  "h64_MAE_uniform": 5.182208478758183,
  "h64_RMSE_uniform": 7.0598130880482834,
  "h64_CRPS_uniform": 3.8569836377116076,
  "h64_MAE_gaussian": 5.182175898443331,
  "h64_RMSE_gaussian": 7.059750554530613,
  "h64_CRPS_gaussian": 3.8568297158878124
}