{
  "seed": 3,
  "eta": 9.815553665161133,
  "h32_MAE_uniform": 3.714632881553513,
  "h32_RMSE_uniform": 5.040247866127832,
  "h32_CRPS_uniform": 2.7675283583145642,
  "h32_MAE_gaussian": 3.7146704239192307,
  "h32_RMSE_gaussian": 5.0402882157820645,
  "h32_CRPS_gaussian": 2.7674136566963057,
  "h64_MAE_uniform": 5.175726443838512,
  "h64_RMSE_uniform": 7.04995101163765,
  "h64_CRPS_uniform": 3.8358543973498342,
  "h64_MAE_gaussian": 5.1758735372254385,
  "h64_RMSE_gaussian": 7.050092535315543,
  "h64_CRPS_gaussian": 3.8357241759393617
}