{
  "seed": 2,
  "eta": 9.827993392944336,
  "h32_MAE_uniform": 3.7169447448299464,
  "h32_RMSE_uniform": 5.046340464176427,
  "h32_CRPS_uniform": 2.758294608869278,
  "h32_MAE_gaussian": 3.716896537751948,
  "h32_RMSE_gaussian": 5.046296589442605,
  "h32_CRPS_gaussian": 2.758188084875769,
  "h64_MAE_uniform": 5.177116488684683,
  "h64_RMSE_uniform": 7.054429970375339,
  "h64_CRPS_uniform": 3.8248162999489637,
  "h64_MAE_gaussian": 5.177089264736688,
  "h64_RMSE_gaussian": 7.054421378538829,
  "h64_CRPS_gaussian": 3.824673546958195
}