{
  "seed": 0,
  "eta": 9.663623809814453,
  "h32_MAE_uniform": 3.7145825801575123,
  "h32_RMSE_uniform": 5.047594137233055,
  "h32_CRPS_uniform": 2.7771483209076564,
  "h32_MAE_gaussian": 3.7145953170581762,
  "h32_RMSE_gaussian": 5.047562500119508,
  "h32_CRPS_gaussian": 2.7770733949545843,
  "h64_MAE_uniform": 5.181148294785345,
  "h64_RMSE_uniform": 7.067491173561704,
  "h64_CRPS_uniform": 3.8480351734540648,
  "h64_MAE_gaussian": 5.181251804616492,
  "h64_RMSE_gaussian": 7.067447633957368,
  "h64_CRPS_gaussian": 3.8479595249254714
}