{
  "seed": 3,
  "eta": 9.786145210266113,
  "h32_MAE_uniform": 3.6996544374430984,
  "h32_RMSE_uniform": 5.060026886476623,
  "h32_CRPS_uniform": 2.7595595165467444,
  "h32_MAE_gaussian": 3.699649754690189,
  "h32_RMSE_gaussian": 5.059999006051849,
  "h32_CRPS_gaussian": 2.7593987029249547,
  "h64_MAE_uniform": 5.223958887944125,
  "h64_RMSE_uniform": 7.149222418759512,
  "h64_CRPS_uniform": 3.875339005186362,
  "h64_MAE_gaussian": 5.223935426534906,
  "h64_RMSE_gaussian": 7.14921480108149,
  "h64_CRPS_gaussian": 3.8751304535189774
}