{
  "seed": 4,
  "eta": 9.896435737609863,
  "h32_MAE_uniform": 3.713875902553954,
  "h32_RMSE_uniform": 5.039438551245456,
  "h32_CRPS_uniform": 2.806728431791555,
  "h32_MAE_gaussian": 3.713789297162365,
  "h32_RMSE_gaussian": 5.039341316331973,
  "h32_CRPS_gaussian": 2.8065211657275313,
  "h64_MAE_uniform": 5.180555166176185,
  "h64_RMSE_uniform": 7.0508438332140955,
  "h64_CRPS_uniform": 3.8894933699524756,
  "h64_MAE_gaussian": 5.1804363830807025,
  "h64_RMSE_gaussian": 7.05067831839271,
  "h64_CRPS_gaussian": 3.889228640021372
}