{
  "seed": 4,
  "eta": 9.87092399597168,
  "h32_MAE_uniform": 3.695932568361572,
  "h32_RMSE_uniform": 5.056314156597899,
  "h32_CRPS_uniform": 2.7940761026263203,
  "h32_MAE_gaussian": 3.6958657350432222,
  "h32_RMSE_gaussian": 5.056212279195259,
  "h32_CRPS_gaussian": 2.7938313847405425,
  "h64_MAE_uniform": 5.215876940207207,
  "h64_RMSE_uniform": 7.144192772889369,
  "h64_CRPS_uniform": 3.918069136875232,
  "h64_MAE_gaussian": 5.215824859120524,
  "h64_RMSE_gaussian": 7.144038930178043,
  "h64_CRPS_gaussian": 3.917763868049292
}