{
  "baseline": {
    "MAE_h32": 3.7316868595980903,
    "RMSE_h32": 5.068157455771573,
    "CRPS_h32": 3.7316868595980903,
    "MAE_h64": 5.301255779606787,
    "RMSE_h64": 7.180981683588902,
    "CRPS_h64": 5.301255779606787
  },
  "h32_MAE_uniform": {
    "mean": 3.701157908322152,
    "std": 0.0032612492273816737
  },
  "h32_RMSE_uniform": {
    "mean": 5.065841075911307,
    "std": 0.006455101334755855
  },
  "h32_CRPS_uniform": {
    "mean": 2.7705207473844213,
    "std": 0.014566933296282284
  },
  "h32_MAE_gaussian": {
    "mean": 3.7011312018174025,
    "std": 0.0032531581040971683
  },
  "h32_RMSE_gaussian": {
    "mean": 5.065809709130495,
    "std": 0.00648440195464864
  },
  "h32_CRPS_gaussian": {
    "mean": 2.7703567953718675,
    "std": 0.01455278471499787
  },
  "h64_MAE_uniform": {
    "mean": 5.2273812622472295,
    "std": 0.007414071516362848
  },
  "h64_RMSE_uniform": {
    "mean": 7.158557671531516,
    "std": 0.009975658651365208
  },
  "h64_CRPS_uniform": {
    "mean": 3.8889165371465992,
    "std": 0.017112557212576675
  },
  "h64_MAE_gaussian": {
    "mean": 5.227354498384692,
    "std": 0.007406978050166642
  },
  "h64_RMSE_gaussian": {
    "mean": 7.158535074348289,
    "std": 0.010033431738264965
  },
  "h64_CRPS_gaussian": {
    "mean": 3.888708586638188,
    "std": 0.017079188688546756
  },
  "per_seed": [
    {
      "seed": 0,
      "eta": 9.622116088867188,
      "h32_MAE_uniform": 3.702832144827679,
      "h32_RMSE_uniform": 5.0726869048524454,
      "h32_CRPS_uniform": 2.770366409451242,
      "h32_MAE_gaussian": 3.702802849403651,
      "h32_RMSE_gaussian": 5.072687407583821,
      "h32_CRPS_gaussian": 2.770217360758636,
      "h64_MAE_uniform": 5.2299069089983,
      "h64_RMSE_uniform": 7.16948180950309,
      "h64_CRPS_uniform": 3.8860474765686774,
      "h64_MAE_gaussian": 5.229944571819783,
      "h64_RMSE_gaussian": 7.16953868245748,
      "h64_CRPS_gaussian": 3.8858930106553373
    },
    {
      "seed": 1,
      "eta": 9.744447708129883,
      "h32_MAE_uniform": 3.701680613051172,
      "h32_RMSE_uniform": 5.069446682936854,
      "h32_CRPS_uniform": 2.7767221347254463,
      "h32_MAE_gaussian": 3.701755488094098,
      "h32_RMSE_gaussian": 5.069493755606932,
      "h32_CRPS_gaussian": 2.7766415617165876,
      "h64_MAE_uniform": 5.22870796391485,
      "h64_RMSE_uniform": 7.166194982091349,
      "h64_CRPS_uniform": 3.8956215159517456,
      "h64_MAE_gaussian": 5.228705901407516,
      "h64_RMSE_gaussian": 7.166202359617804,
      "h64_CRPS_gaussian": 3.89545130765714
    },
    {
      "seed": 2,
      "eta": 9.784455299377441,
      "h32_MAE_uniform": 3.705689777927239,
      "h32_RMSE_uniform": 5.070730748692716,
      "h32_CRPS_uniform": 2.751879573572353,
      "h32_MAE_gaussian": 3.70558218185585,
      "h32_RMSE_gaussian": 5.070656097214613,
      "h32_CRPS_gaussian": 2.751694966718617,
      "h64_MAE_uniform": 5.23845561017167,
      "h64_RMSE_uniform": 7.163696374414259,
      "h64_CRPS_uniform": 3.8695055511509793,
      "h64_MAE_gaussian": 5.238361733040732,
      "h64_RMSE_gaussian": 7.16368059840663,
      "h64_CRPS_gaussian": 3.8693042933101935
    },
    {
      "seed": 3,
      "eta": 9.786145210266113,
      "h32_MAE_uniform": 3.6996544374430984,
      "h32_RMSE_uniform": 5.060026886476623,
      "h32_CRPS_uniform": 2.7595595165467444,
      "h32_MAE_gaussian": 3.699649754690189,
      "h32_RMSE_gaussian": 5.059999006051849,
      "h32_CRPS_gaussian": 2.7593987029249547,
      "h64_MAE_uniform": 5.223958887944125,
      "h64_RMSE_uniform": 7.149222418759512,
      "h64_CRPS_uniform": 3.875339005186362,
      "h64_MAE_gaussian": 5.223935426534906,
      "h64_RMSE_gaussian": 7.14921480108149,
      "h64_CRPS_gaussian": 3.8751304535189774
    },
    {
      "seed": 4,
      "eta": 9.87092399597168,
      "h32_MAE_uniform": 3.695932568361572,
      "h32_RMSE_uniform": 5.056314156597899,
      "h32_CRPS_uniform": 2.7940761026263203,
      "h32_MAE_gaussian": 3.6958657350432222,
      "h32_RMSE_gaussian": 5.056212279195259,
      "h32_CRPS_gaussian": 2.7938313847405425,
      "h64_MAE_uniform": 5.215876940207207,
      "h64_RMSE_uniform": 7.144192772889369,
      "h64_CRPS_uniform": 3.918069136875232,
      "h64_MAE_gaussian": 5.215824859120524,
      "h64_RMSE_gaussian": 7.144038930178043,
      "h64_CRPS_gaussian": 3.917763868049292
    }
  ]
}