{
  "baseline": {
    "MAE_h32": 3.7378173987486645,
    "RMSE_h32": 5.039875056706717,
    "CRPS_h32": 3.7378173987486645,
    "MAE_h64": 5.245856609882988,
    "RMSE_h64": 7.066083253003601,
    "CRPS_h64": 5.245856609882988
  },
  "h32_MAE_uniform": {
    "mean": 3.7153550207988593,
    "std": 0.0012448732644244772
  },
  "h32_RMSE_uniform": {
    "mean": 5.044531316968195,
    "std": 0.003930047207586089
  },
  "h32_CRPS_uniform": {
    "mean": 2.7789476290295285,
    "std": 0.01654723720745208
  },
  "h32_MAE_gaussian": {
    "mean": 3.7153287202313914,
    "std": 0.0012375548495006153
  },
  "h32_RMSE_gaussian": {
    "mean": 5.044490349053243,
    "std": 0.003921142450072188
  },
  "h32_CRPS_gaussian": {
    "mean": 2.778814953616609,
    "std": 0.016509940532742597
  },
  "h64_MAE_uniform": {
    "mean": 5.179350974448582,
    "std": 0.0024890125657199415
  },
  "h64_RMSE_uniform": {
    "mean": 7.056505815367414,
    "std": 0.0064953640931641335
  },
  "h64_CRPS_uniform": {
    "mean": 3.851036575683389,
    "std": 0.022096616872750812
  },
  "h64_MAE_gaussian": {
    "mean": 5.17936537762053,
    "std": 0.0024486047458500515
  },
  "h64_RMSE_gaussian": {
    "mean": 7.056478084147012,
    "std": 0.006475841877254285
  },
  "h64_CRPS_gaussian": {
    "mean": 3.8508831207464427,
    "std": 0.02205005043345467
  },
  "per_seed": [
    {
      "seed": 0,
      "eta": 9.663623809814453,
      "h32_MAE_uniform": 3.7145825801575123,
      "h32_RMSE_uniform": 5.047594137233055,
      "h32_CRPS_uniform": 2.7771483209076564,
      "h32_MAE_gaussian": 3.7145953170581762,
      "h32_RMSE_gaussian": 5.047562500119508,
      "h32_CRPS_gaussian": 2.7770733949545843,
      "h64_MAE_uniform": 5.181148294785345,
      "h64_RMSE_uniform": 7.067491173561704,
      "h64_CRPS_uniform": 3.8480351734540648,
      "h64_MAE_gaussian": 5.181251804616492,
      "h64_RMSE_gaussian": 7.067447633957368,
      "h64_CRPS_gaussian": 3.8479595249254714
    },
    {
      "seed": 1,
      "eta": 9.772273063659668,
      "h32_MAE_uniform": 3.716738994899373,
      "h32_RMSE_uniform": 5.0490355660582065,
      "h32_CRPS_uniform": 2.785038425264588,
      "h32_MAE_gaussian": 3.716692025265238,
      "h32_RMSE_gaussian": 5.048963123590063,
      "h32_CRPS_gaussian": 2.7848784658288537,
      "h64_MAE_uniform": 5.182208478758183,
      "h64_RMSE_uniform": 7.0598130880482834,
      "h64_CRPS_uniform": 3.8569836377116076,
      "h64_MAE_gaussian": 5.182175898443331,
      "h64_RMSE_gaussian": 7.059750554530613,
      "h64_CRPS_gaussian": 3.8568297158878124
    },
    {
      "seed": 2,
      "eta": 9.827993392944336,
      "h32_MAE_uniform": 3.7169447448299464,
      "h32_RMSE_uniform": 5.046340464176427,
      "h32_CRPS_uniform": 2.758294608869278,
      "h32_MAE_gaussian": 3.716896537751948,
      "h32_RMSE_gaussian": 5.046296589442605,
      "h32_CRPS_gaussian": 2.758188084875769,
      "h64_MAE_uniform": 5.177116488684683,
      "h64_RMSE_uniform": 7.054429970375339,
      "h64_CRPS_uniform": 3.8248162999489637,
      "h64_MAE_gaussian": 5.177089264736688,
      "h64_RMSE_gaussian": 7.054421378538829,
      "h64_CRPS_gaussian": 3.824673546958195
    },
    {
      "seed": 3,
      "eta": 9.815553665161133,
      "h32_MAE_uniform": 3.714632881553513,
      "h32_RMSE_uniform": 5.040247866127832,
      "h32_CRPS_uniform": 2.7675283583145642,
      "h32_MAE_gaussian": 3.7146704239192307,
      "h32_RMSE_gaussian": 5.0402882157820645,
      "h32_CRPS_gaussian": 2.7674136566963057,
      "h64_MAE_uniform": 5.175726443838512,
      "h64_RMSE_uniform": 7.04995101163765,
      "h64_CRPS_uniform": 3.8358543973498342,
      "h64_MAE_gaussian": 5.1758735372254385,
      "h64_RMSE_gaussian": 7.050092535315543,
      "h64_CRPS_gaussian": 3.8357241759393617
    },
    {
      "seed": 4,
      "eta": 9.896435737609863,
      "h32_MAE_uniform": 3.713875902553954,
      "h32_RMSE_uniform": 5.039438551245456,
      "h32_CRPS_uniform": 2.806728431791555,
      "h32_MAE_gaussian": 3.713789297162365,
      "h32_RMSE_gaussian": 5.039341316331973,
      "h32_CRPS_gaussian": 2.8065211657275313,
      "h64_MAE_uniform": 5.180555166176185,
      "h64_RMSE_uniform": 7.0508438332140955,
      "h64_CRPS_uniform": 3.8894933699524756,
      "h64_MAE_gaussian": 5.1804363830807025,
      "h64_RMSE_gaussian": 7.05067831839271,
      "h64_CRPS_gaussian": 3.889228640021372
    }
  ]
}