{
  "seed": 2,
  "eta": 40.636077880859375,
  "h32_MAE_uniform": 3.959685959919249,
  "h32_RMSE_uniform": 5.390835769860761,
  "h32_CRPS_uniform": 3.505878969543332,
  "h32_MAE_gaussian": 3.959822902512594,
  "h32_RMSE_gaussian": 5.391076638454552,
  "h32_CRPS_gaussian": 3.505934757921814,
  "h64_MAE_uniform": 5.572652417364306,
  "h64_RMSE_uniform": 7.598163706201993,
  "h64_CRPS_uniform": 4.8488983739749685,
  "h64_MAE_gaussian": 5.572899869466428,
  "h64_RMSE_gaussian": 7.598562713013726,
  "h64_CRPS_gaussian": 4.84900206106548
}