{
  "seed": 3,
  "eta": 69.21372985839844,
  "h32_MAE_uniform": 4.176319876419949,
  "h32_RMSE_uniform": 5.697081249611601,
  "h32_CRPS_uniform": 3.5383350611454816,
  "h32_MAE_gaussian": 4.176688021871973,
  "h32_RMSE_gaussian": 5.697667238246869,
  "h32_CRPS_gaussian": 3.5385582486041187,
  "h64_MAE_uniform": 6.035504766678766,
  "h64_RMSE_uniform": 8.245875362921165,
  "h64_CRPS_uniform": 4.973252093062495,
  "h64_MAE_gaussian": 6.0361336765108575,
  "h64_RMSE_gaussian": 8.24686050991325,
  "h64_CRPS_gaussian": 4.973666659940207
}