{
  "seed": 1,
  "eta": 64.71570587158203,
  "h32_MAE_uniform": 4.185511979579772,
  "h32_RMSE_uniform": 5.729392084397946,
  "h32_CRPS_uniform": 3.3932381260802913,
  "h32_MAE_gaussian": 4.185968000352796,
  "h32_RMSE_gaussian": 5.730157475138696,
  "h32_CRPS_gaussian": 3.393401870846077,
  "h64_MAE_uniform": 6.147808780325342,
  "h64_RMSE_uniform": 8.44653304915238,
  "h64_CRPS_uniform": 4.748387530686898,
  "h64_MAE_gaussian": 6.148609750871425,
  "h64_RMSE_gaussian": 8.447824836393885,
  "h64_CRPS_gaussian": 4.748726813502955
}