{
  "seed": 4,
  "eta": 48.88145446777344,
  "h32_MAE_uniform": 4.175760156940161,
  "h32_RMSE_uniform": 5.728199878583366,
  "h32_CRPS_uniform": 3.5968017858041037,
  "h32_MAE_gaussian": 4.17646279433578,
  "h32_RMSE_gaussian": 5.7293990681228255,
  "h32_CRPS_gaussian": 3.597190682686211,
  "h64_MAE_uniform": 6.16057877647893,
  "h64_RMSE_uniform": 8.49834214569801,
  "h64_CRPS_uniform": 5.103528267002659,
  "h64_MAE_gaussian": 6.162014099977871,
  "h64_RMSE_gaussian": 8.500710293271421,
  "h64_CRPS_gaussian": 5.1043272499556345
}