{
  "baseline": {
    "MAE_h32": 3.7378173987486645,
    "RMSE_h32": 5.039875056706717,
    "CRPS_h32": 3.7378173987486645,
    "MAE_h64": 5.245856609882988,
    "RMSE_h64": 7.066083253003601,
    "CRPS_h64": 5.245856609882988
  },
  "h32_MAE_uniform": {
    "mean": 4.133484421935121,
    "std": 0.0870388657783063
  },
  "h32_RMSE_uniform": {
    "mean": 5.645762556764045,
    "std": 0.1287015383620033
  },
  "h32_CRPS_uniform": {
    "mean": 3.5513750679894267,
    "std": 0.10829230920777176
  },
  "h32_MAE_gaussian": {
    "mean": 4.133852507604832,
    "std": 0.0871582280489796
  },
  "h32_RMSE_gaussian": {
    "mean": 5.64637715266327,
    "std": 0.12892265570449774
  },
  "h32_CRPS_gaussian": {
    "mean": 3.551554595483354,
    "std": 0.10828799942717145
  },
  "h64_MAE_uniform": {
    "mean": 6.002306733374972,
    "std": 0.21932433280954697
  },
  "h64_RMSE_uniform": {
    "mean": 8.221981307336936,
    "std": 0.32444453898142056
  },
  "h64_CRPS_uniform": {
    "mean": 4.995788750885666,
    "std": 0.19515926794616437
  },
  "h64_MAE_gaussian": {
    "mean": 6.003010357500027,
    "std": 0.21959433928782437
  },
  "h64_RMSE_gaussian": {
    "mean": 8.223110331812538,
    "std": 0.3249249275065727
  },
  "h64_CRPS_gaussian": {
    "mean": 4.9961594261624835,
    "std": 0.19519877994475215
  },
  "per_seed": [
    {
      "seed": 0,
      "eta": 54.269569396972656,
      "h32_MAE_uniform": 4.170144136816472,
      "h32_RMSE_uniform": 5.6833038013665504,
      "h32_CRPS_uniform": 3.722621397373924,
      "h32_MAE_gaussian": 4.170320818951016,
      "h32_RMSE_gaussian": 5.68358534335341,
      "h32_CRPS_gaussian": 3.72268741735855,
      "h64_MAE_uniform": 6.094988926027515,
      "h64_RMSE_uniform": 8.320992272711134,
      "h64_CRPS_uniform": 5.30487748970131,
      "h64_MAE_gaussian": 6.095394390673553,
      "h64_RMSE_gaussian": 8.321593306470405,
      "h64_CRPS_gaussian": 5.305074346348139
    },
    {
      "seed": 1,
      "eta": 64.71570587158203,
      "h32_MAE_uniform": 4.185511979579772,
      "h32_RMSE_uniform": 5.729392084397946,
      "h32_CRPS_uniform": 3.3932381260802913,
      "h32_MAE_gaussian": 4.185968000352796,
      "h32_RMSE_gaussian": 5.730157475138696,
      "h32_CRPS_gaussian": 3.393401870846077,
      "h64_MAE_uniform": 6.147808780325342,
      "h64_RMSE_uniform": 8.44653304915238,
      "h64_CRPS_uniform": 4.748387530686898,
      "h64_MAE_gaussian": 6.148609750871425,
      "h64_RMSE_gaussian": 8.447824836393885,
      "h64_CRPS_gaussian": 4.748726813502955
    },
    {
      "seed": 2,
      "eta": 40.636077880859375,
      "h32_MAE_uniform": 3.959685959919249,
      "h32_RMSE_uniform": 5.390835769860761,
      "h32_CRPS_uniform": 3.505878969543332,
      "h32_MAE_gaussian": 3.959822902512594,
      "h32_RMSE_gaussian": 5.391076638454552,
      "h32_CRPS_gaussian": 3.505934757921814,
      "h64_MAE_uniform": 5.572652417364306,
      "h64_RMSE_uniform": 7.598163706201993,
      "h64_CRPS_uniform": 4.8488983739749685,
      "h64_MAE_gaussian": 5.572899869466428,
      "h64_RMSE_gaussian": 7.598562713013726,
      "h64_CRPS_gaussian": 4.84900206106548
    },
    {
      "seed": 3,
      "eta": 69.21372985839844,
      "h32_MAE_uniform": 4.176319876419949,
      "h32_RMSE_uniform": 5.697081249611601,
      "h32_CRPS_uniform": 3.5383350611454816,
      "h32_MAE_gaussian": 4.176688021871973,
      "h32_RMSE_gaussian": 5.697667238246869,
      "h32_CRPS_gaussian": 3.5385582486041187,
      "h64_MAE_uniform": 6.035504766678766,
      "h64_RMSE_uniform": 8.245875362921165,
      "h64_CRPS_uniform": 4.973252093062495,
      "h64_MAE_gaussian": 6.0361336765108575,
      "h64_RMSE_gaussian": 8.24686050991325,
      "h64_CRPS_gaussian": 4.973666659940207
    },
    {
      "seed": 4,
      "eta": 48.88145446777344,
      "h32_MAE_uniform": 4.175760156940161,
      "h32_RMSE_uniform": 5.728199878583366,
      "h32_CRPS_uniform": 3.5968017858041037,
      "h32_MAE_gaussian": 4.17646279433578,
      "h32_RMSE_gaussian": 5.7293990681228255,
      "h32_CRPS_gaussian": 3.597190682686211,
      "h64_MAE_uniform": 6.16057877647893,
      "h64_RMSE_uniform": 8.49834214569801,
      "h64_CRPS_uniform": 5.103528267002659,
      "h64_MAE_gaussian": 6.162014099977871,
      "h64_RMSE_gaussian": 8.500710293271421,
      "h64_CRPS_gaussian": 5.1043272499556345
    }
  ]
}