{
  "seed": 4,
  "method": "FourierFlow",
  "shape": [
    8192,
    128
  ],
  "seq_len": 128,
  "n_gen": 8192,
  "scale_min": 39.893609418078476,
  "scale_max": 155.57898269218714,
  "gen_min_val": 50.079864501953125,
  "gen_max_val": 143.09768676757812,
  "train_sec": 486.8,
  "gen_sec": 1.5,
  "hidden": 200,
  "n_flows": 3,
  "normalize": true,
  "epochs": 1000,
  "learning_rate": 0.001
}