step,loss_total,simple,proto,aux
0,1.4348888099193573,0.9997403174638748,23.299036026000977,20.2158145904541
1,1.427335038781166,0.9989000111818314,23.282814025878906,19.5606906414032
2,1.414525493979454,0.9927053824067116,23.266468048095703,18.91554093360901
3,1.398324504494667,0.983087033033371,23.249996185302734,18.273751974105835
4,1.3840337693691254,0.9753743037581444,23.233388900756836,17.63256025314331
5,1.373843789100647,0.971621073782444,23.216617584228516,17.00565528869629
6,1.367638811469078,0.9720296189188957,23.199676513671875,16.361241817474365
7,1.3565502315759659,0.9674146771430969,23.182559967041016,15.730992436408997
8,1.340399831533432,0.9575403928756714,23.165260314941406,15.12068259716034
9,1.3316394835710526,0.9546935632824898,23.147777557373047,14.546818614006042
10,1.3222438842058182,0.9505842477083206,23.130102157592773,14.035865783691406
11,1.3136338591575623,0.9460037499666214,23.11223793029785,13.650771379470825
12,1.303290143609047,0.9387383759021759,23.094200134277344,13.360976934432983
13,1.2913899421691895,0.9292084276676178,23.07601547241211,13.142142057418823
14,1.284169003367424,0.9235019683837891,23.057706832885742,13.008992552757263
15,1.2810029685497284,0.9213387444615364,23.039310455322266,12.927116513252258
16,1.2703477293252945,0.9114573150873184,23.020870208740234,12.868173122406006
17,1.2601105868816376,0.9018783792853355,23.002403259277344,12.820820689201355
18,1.2476981580257416,0.8899776637554169,22.983945846557617,12.788101434707642
19,1.2416003048419952,0.8841195330023766,22.965534210205078,12.782541990280151
20,1.2289820611476898,0.8714342042803764,22.94721031188965,12.807573914527893
21,1.2155294120311737,0.8577904999256134,22.928993225097656,12.844899415969849
22,1.1974333971738815,0.8394464030861855,22.910930633544922,12.887770533561707
23,1.1847319900989532,0.8263498097658157,22.893091201782227,12.945122957229614
24,1.1668402403593063,0.8081577643752098,22.875516891479492,12.992732763290405
25,1.1345485299825668,0.7754478007555008,22.858240127563477,13.051834344863892
26,1.112044170498848,0.7526742368936539,22.841318130493164,13.095677018165588
27,1.0762551426887512,0.7166644111275673,22.82478904724121,13.13428521156311
28,1.0324369668960571,0.6727387383580208,22.808687210083008,13.1611328125
29,0.9870418459177017,0.6275024116039276,22.793048858642578,13.16089403629303
30,0.9416875094175339,0.5826634764671326,22.77789878845215,13.124506711959839
31,0.8925155624747276,0.5341547876596451,22.763221740722656,13.072854280471802
32,0.837051197886467,0.4794806241989136,22.749004364013672,13.008052229881287
33,0.8047189190983772,0.4481482580304146,22.735197067260742,12.921871781349182
34,0.7697446718811989,0.414198599755764,22.721717834472656,12.832891821861267
35,0.7403039559721947,0.38578633964061737,22.70842742919922,12.743335843086243
36,0.7152539417147636,0.36160533875226974,22.69515037536621,12.669711470603943
37,0.6861321777105331,0.3331058956682682,22.681690216064453,12.620938301086426
38,0.6564921513199806,0.303701426833868,22.66785430908203,12.61121952533722
39,0.6343669295310974,0.2815653830766678,22.653568267822266,12.626587510108948
40,0.602948285639286,0.2500938195735216,22.6389217376709,12.646524786949158
41,0.5854530707001686,0.23328512534499168,22.624027252197266,12.59276795387268
42,0.5613373294472694,0.21043703332543373,22.608875274658203,12.48115587234497
43,0.5442688465118408,0.19473502598702908,22.593286514282227,12.360096335411072
44,0.5313710570335388,0.18259337358176708,22.576873779296875,12.300895094871521
45,0.5098512955009937,0.16171328909695148,22.55962371826172,12.254177212715149
46,0.4968862943351269,0.14892278239130974,22.541282653808594,12.255070328712463
47,0.49345679208636284,0.14559343084692955,22.522090911865234,12.264247059822083
48,0.4752329997718334,0.12812554370611906,22.502798080444336,12.207948803901672
49,0.4655379578471184,0.11929048877209425,22.482860565185547,12.141887307167053
50,0.46667612716555595,0.12047089450061321,22.461483001708984,12.159041047096252
51,0.4409441687166691,0.09513397328555584,22.440078735351562,12.14094078540802
52,0.44535941630601883,0.09976101294159889,22.41716766357422,12.142673969268799
53,0.42242227122187614,0.07703247014433146,22.394792556762695,12.144187092781067
54,0.43311189115047455,0.087806086987257,22.37240219116211,12.158178567886353
55,0.4291839934885502,0.08415920101106167,22.35028076171875,12.152199864387512
56,0.4251318871974945,0.08049009181559086,22.328004837036133,12.136176109313965
57,0.4280158095061779,0.08371975552290678,22.306129455566406,12.123476147651672
58,0.408744640648365,0.06482282932847738,22.2847900390625,12.10739290714264
59,0.41329530626535416,0.06961199827492237,22.26213264465332,12.106198787689209
60,0.3967207260429859,0.05350848566740751,22.239490509033203,12.081734299659729
61,0.4098338633775711,0.06695165578275919,22.21439552307129,12.073826313018799
62,0.420720849186182,0.07812516484409571,22.190000534057617,12.069567799568176
63,0.4014318063855171,0.05937524838373065,22.166399002075195,12.039257764816284
64,0.3850928321480751,0.04353448702022433,22.142927169799805,12.012907028198242
65,0.4003312401473522,0.05880594067275524,22.117778778076172,12.034751296043396
66,0.3854345642030239,0.04427378252148628,22.09246253967285,12.023616671562195
67,0.39242858812212944,0.051642789505422115,22.065279006958008,12.013301610946655
68,0.4081590138375759,0.06754260044544935,22.03873062133789,12.022911667823792
69,0.3975922614336014,0.057290603406727314,22.013036727905273,12.017129778862
70,0.37974636629223824,0.03980150306597352,21.987911224365234,12.006576180458069
71,0.388943687081337,0.04910141276195645,21.96253776550293,12.02169144153595
72,0.38898487761616707,0.049323358573019505,21.936832427978516,12.029319167137146
73,0.3775286599993706,0.03822334250435233,21.91101837158203,12.019515752792358
74,0.3800923749804497,0.041001861449331045,21.883502960205078,12.025549173355103
75,0.3939928412437439,0.05518663953989744,21.856700897216797,12.023921132087708
76,0.380546648055315,0.04209891427308321,21.830699920654297,12.014075517654419
77,0.3737635836005211,0.035607583122327924,21.804710388183594,12.01089072227478
78,0.3791129104793072,0.04106868337839842,21.778324127197266,12.026098489761353
79,0.3723801299929619,0.03468634351156652,21.751117706298828,12.018262386322021
80,0.37656332552433014,0.0392481260932982,21.723432540893555,12.008089065551758
81,0.37212782725691795,0.035163074266165495,21.69448471069336,12.001991391181946
82,0.3720051050186157,0.035321183037012815,21.66492462158203,12.003469467163086
83,0.36695577949285507,0.030537213664501905,21.634464263916016,12.007392406463623
84,0.3686499483883381,0.03245496517047286,21.60331916809082,12.016179203987122
85,0.3646217845380306,0.028742381837219,21.57160186767578,12.016337871551514
86,0.36647820100188255,0.03101013833656907,21.539432525634766,12.00737464427948
87,0.360033567994833,0.024989001685753465,21.507991790771484,11.996464490890503
88,0.3627899959683418,0.028103362070396543,21.47641372680664,11.992250323295593
89,0.3611905686557293,0.026824299013242126,21.445507049560547,11.99112057685852
90,0.36310001090168953,0.02909393049776554,21.414161682128906,11.986447215080261
91,0.35827823355793953,0.024511652532964945,21.383813858032227,11.992845177650452
92,0.3602026738226414,0.026572035858407617,21.353010177612305,12.010054469108582
93,0.36154410243034363,0.028120899107307196,21.32362937927246,12.018692135810852
94,0.3534761294722557,0.020403752103447914,21.295621871948242,12.011616230010986
95,0.36034969985485077,0.02759897685609758,21.26692008972168,12.008153200149536
96,0.35621776804327965,0.023787774611264467,21.239328384399414,12.003671526908875
97,0.3574114441871643,0.025223904056474566,21.21208953857422,12.006665587425232
98,0.35632389038801193,0.024398606969043612,21.185592651367188,12.00693655014038
99,0.3551391623914242,0.023446852806955576,21.160125732421875,12.009105443954468
100,0.3528372086584568,0.02153817261569202,21.13372039794922,11.996184349060059
101,0.3548760563135147,0.023776503279805183,21.108184814453125,12.001770973205566
102,0.3528492674231529,0.021883303299546242,21.083147048950195,12.013449788093567
103,0.34902847185730934,0.01836613635532558,21.05716323852539,12.00907039642334
104,0.3527943529188633,0.022519101621583104,21.030372619628906,11.997152924537659
105,0.3483951985836029,0.018375681014731526,21.003387451171875,11.998565554618835
106,0.3494744077324867,0.019757226458750665,20.975765228271484,11.995953559875488
107,0.35151485353708267,0.022052246844395995,20.948307037353516,11.997953653335571
108,0.35073477402329445,0.02155639696866274,20.920310974121094,11.997527003288269
109,0.34831657633185387,0.019404960330575705,20.89213752746582,11.999024868011475
110,0.34563226252794266,0.016972486162558198,20.86355972290039,12.002418041229248
111,0.34879882261157036,0.020378019311465323,20.834651947021484,12.007428884506226
112,0.34581948816776276,0.01771241973619908,20.80599594116211,12.004711747169495
113,0.34546976909041405,0.017698599258437753,20.77706527709961,12.000052452087402
114,0.344770148396492,0.01733483502175659,20.74799919128418,11.995532989501953
115,0.34445130452513695,0.01730050495825708,20.718746185302734,11.996333599090576
116,0.3468949422240257,0.02000902674626559,20.689355850219727,11.999237179756165
117,0.3427172414958477,0.016136720776557922,20.659862518310547,11.998189568519592
118,0.34253889322280884,0.016192312934435904,20.630300521850586,12.004358649253845
119,0.34208017215132713,0.016009391983971,20.600696563720703,12.00638222694397
120,0.34043963998556137,0.014671566779725254,20.571081161499023,12.00572645664215
121,0.33859414234757423,0.013147548423148692,20.541475296020508,12.003185272216797
122,0.3410862497985363,0.01592851767782122,20.51189613342285,12.003877878189087
123,0.33806557580828667,0.013246707851067185,20.482364654541016,11.99952244758606
124,0.3391646705567837,0.014641579473391175,20.4528865814209,11.999422430992126
125,0.3406823053956032,0.01642514776904136,20.42348289489746,12.002233028411865
126,0.3381919860839844,0.014240220421925187,20.39415740966797,12.001020073890686
127,0.3384883813560009,0.014834309578873217,20.364919662475586,12.000488042831421
128,0.3383399285376072,0.014966655988246202,20.335777282714844,12.001550316810608
129,0.33723830431699753,0.014174649841152132,20.306739807128906,11.999626398086548
130,0.3370974436402321,0.01433372008614242,20.277809143066406,11.998563647270203
131,0.33740047737956047,0.014899994479492307,20.248992919921875,12.001055479049683
132,0.33529623970389366,0.013092007488012314,20.220293045043945,12.000130653381348
133,0.3355020545423031,0.013569754431955516,20.191707611083984,12.001523613929749
134,0.3343172073364258,0.01266758784186095,20.163244247436523,12.001717925071716
135,0.3346952125430107,0.013300741207785904,20.13490104675293,12.004546642303467
136,0.3334552273154259,0.012376754079014063,20.1066837310791,12.001163959503174
137,0.3337171822786331,0.012912068516016006,20.07858657836914,12.001925230026245
138,0.3334985300898552,0.012999718193896115,20.050613403320312,11.999266982078552
139,0.3326975703239441,0.012454784708097577,20.02276611328125,12.001511812210083
140,0.33501436561346054,0.015045405714772642,19.995038986206055,12.001858592033386
141,0.33146216720342636,0.011780551634728909,19.967437744140625,12.000725030899048
142,0.33369337394833565,0.014257827890105546,19.939958572387695,12.003597021102905
143,0.33121467754244804,0.012071612989529967,19.91259765625,12.001709222793579
144,0.3329146169126034,0.014059346867725253,19.885356903076172,12.000170111656189
145,0.3311012424528599,0.012496684212237597,19.85870933532715,12.001747131347656
146,0.33164284378290176,0.0133173594949767,19.832122802734375,12.000426530838013
147,0.3287181183695793,0.010681037441827357,19.805606842041016,11.99810242652893
148,0.3286001831293106,0.010835512890480459,19.77916145324707,11.99730658531189
149,0.3298400044441223,0.012276798952370882,19.75278663635254,12.003535747528076
150,0.3304694816470146,0.01315803057514131,19.726491928100586,12.00465452671051
151,0.3302721939980984,0.013238918385468423,19.700273513793945,12.003055334091187
152,0.3292165845632553,0.012454737909138203,19.67477798461914,12.001407265663147
153,0.3267367221415043,0.010258280381094664,19.649288177490234,11.99855637550354
154,0.326530858874321,0.010299844900146127,19.623823165893555,11.999278664588928
155,0.32800936326384544,0.011978584574535489,19.598379135131836,12.004700541496277
156,0.32805318385362625,0.01232543250080198,19.572967529296875,11.999808073043823
157,0.3258058503270149,0.010331685014534742,19.548236846923828,11.999180912971497
158,0.3261125460267067,0.010864510084502399,19.523475646972656,12.001329898834229
159,0.3259510509669781,0.010952408541925251,19.498693466186523,12.001172065734863
160,0.325594749301672,0.010841076960787177,19.473907470703125,12.00145959854126
161,0.3268493078649044,0.012367733637802303,19.449121475219727,11.999037027359009
162,0.3255407549440861,0.011280087288469076,19.425050735473633,12.001015782356262
163,0.32592635974287987,0.011905962601304054,19.401111602783203,12.000929474830627
164,0.3252664655447006,0.011470785306300968,19.377103805541992,12.002464413642883
165,0.32460393011569977,0.011071301531046629,19.353042602539062,12.000220656394958
166,0.3247862905263901,0.01148551725782454,19.328941345214844,12.00113570690155
167,0.32276343181729317,0.009691655286587775,19.304813385009766,12.00236427783966
168,0.3226255141198635,0.009806352492887527,19.280670166015625,12.00124728679657
169,0.3239155001938343,0.0113306621205993,19.25651741027832,12.001967072486877
170,0.32265717536211014,0.010358689818531275,19.232364654541016,11.997485160827637
171,0.32349999994039536,0.011410611565224826,19.208227157592773,12.000712513923645
172,0.322085864841938,0.010248208069242537,19.18491554260254,11.998850226402283
173,0.3234373964369297,0.011797315382864326,19.161535263061523,12.002473831176758
174,0.3247612975537777,0.013329092063941061,19.13810157775879,12.005119800567627
175,0.32117774337530136,0.010017591761425138,19.115739822387695,12.000275611877441
176,0.327082771807909,0.016117501421831548,19.093225479125977,12.003302693367004
177,0.32228193804621696,0.01151036482769996,19.071998596191406,12.005159258842468
178,0.33368340879678726,0.023058530408889055,19.050504684448242,12.011983871459961
179,0.3361007645726204,0.02567703160457313,19.03036880493164,12.01200544834137
180,0.32347118481993675,0.013319423422217369,19.011362075805664,12.003813982009888
181,0.32984232902526855,0.019858043640851974,18.99286651611328,12.005561590194702
182,0.33031028136610985,0.020450670272111893,18.97527313232422,12.01068890094757
183,0.32155128568410873,0.011893244925886393,18.958480834960938,12.007323384284973
184,0.32689646631479263,0.01741683902218938,18.942089080810547,12.005873441696167
185,0.3252457492053509,0.015935478499159217,18.926158905029297,12.004868984222412
186,0.3195837400853634,0.010431344620883465,18.910863876342773,12.004376530647278
187,0.3251768425107002,0.016110027907416224,18.894678115844727,12.012003540992737
188,0.3226415291428566,0.013749449979513884,18.879291534423828,12.009917140007019
189,0.3226042613387108,0.013955901493318379,18.86438751220703,12.000448346138
190,0.3197361007332802,0.011240574298426509,18.849472045898438,12.000082015991211
191,0.3211667723953724,0.012796921539120376,18.83464241027832,12.002343773841858
192,0.31952838227152824,0.011363896424882114,18.819686889648438,11.996762037277222
193,0.3219470642507076,0.01395798148587346,18.803808212280273,11.995099902153015
194,0.32187771052122116,0.014059953507967293,18.78851890563965,11.993258118629456
195,0.3208850845694542,0.013157818233594298,18.773523330688477,11.99920380115509
196,0.32051805406808853,0.012910018092952669,18.758586883544922,12.002217650413513
197,0.32014260068535805,0.012668384588323534,18.743593215942383,12.00382947921753
198,0.31734751909971237,0.010050416574813426,18.728790283203125,12.000921249389648
199,0.3219807893037796,0.014777786447666585,18.71350860595703,12.006791710853577
200,0.3217616640031338,0.014693344244733453,18.698728561401367,12.00810432434082
201,0.3190283328294754,0.012148915440775454,18.68440055847168,12.003540873527527
202,0.31716225668787956,0.01045379159040749,18.66908073425293,12.001766324043274
203,0.31882020458579063,0.012218956486321986,18.65287208557129,12.007254242897034
204,0.32040879502892494,0.013917997246608138,18.63702392578125,12.01205599308014
205,0.31945016235113144,0.013191721169278026,18.621068954467773,12.004775881767273
206,0.3184749111533165,0.012410437571816146,18.60555648803711,12.000890970230103
207,0.31937045231461525,0.013414269196800888,18.59038734436035,12.005232453346252
208,0.31617945432662964,0.010409353068098426,18.574914932250977,12.002096056938171
209,0.316697645932436,0.011108032311312854,18.55906867980957,11.999893307685852
210,0.3167375549674034,0.01128361839801073,18.543598175048828,12.001796007156372
211,0.3159458227455616,0.010626274510286748,18.528352737426758,12.003601908683777
212,0.31538284942507744,0.010222244309261441,18.51283836364746,12.003223419189453
213,0.31775543466210365,0.012776616960763931,18.496917724609375,12.000964879989624
214,0.31548984721302986,0.01071425259578973,18.481224060058594,11.996335744857788
215,0.317144189029932,0.01243642857298255,18.465564727783203,12.005212187767029
216,0.31489916890859604,0.010368156828917563,18.449962615966797,12.00313949584961
217,0.31640172749757767,0.012045477866195142,18.434288024902344,12.00133740901947
218,0.3154565170407295,0.011228119721636176,18.418651580810547,12.004187941551208
219,0.31587447971105576,0.011810382828116417,18.402664184570312,12.003746032714844
220,0.3166618123650551,0.01273964368738234,18.38695526123047,12.005261301994324
221,0.31413260102272034,0.010439019883051515,18.37159538269043,11.99776303768158
222,0.31353218108415604,0.010005980730056763,18.355356216430664,11.997264504432678
223,0.3143681101500988,0.010977310594171286,18.338348388671875,12.000732660293579
224,0.3150796517729759,0.011824593180790544,18.321636199951172,12.003869891166687
225,0.3146856799721718,0.011612437665462494,18.3046932220459,12.00263249874115
226,0.31502001360058784,0.01210323756095022,18.28822898864746,12.003450155258179
227,0.3132336884737015,0.010467349668033421,18.272146224975586,12.004489421844482
228,0.31306031718850136,0.01044866960728541,18.255298614501953,12.005866765975952
229,0.3147948756814003,0.012395513127557933,18.237747192382812,12.00218915939331
230,0.3125472776591778,0.010370222269557416,18.2204532623291,11.997252225875854
231,0.31251876428723335,0.010500844102352858,18.202713012695312,11.99907922744751
232,0.31351905316114426,0.011633010930381715,18.185585021972656,12.003020524978638
233,0.31137676537036896,0.009703425865154713,18.16901969909668,11.998315453529358
234,0.3106248080730438,0.009111474850215018,18.1517276763916,11.999605774879456
235,0.31138233840465546,0.010014504427090287,18.13435173034668,12.002432823181152
236,0.3117861934006214,0.010605404619127512,18.11634063720703,12.001738667488098
237,0.31122125685214996,0.010249929269775748,18.09776496887207,11.99936830997467
238,0.30943362787365913,0.008638302038889378,18.07868766784668,12.000844836235046
239,0.310828372836113,0.010208926978521049,18.059167861938477,12.002778053283691
240,0.3103937655687332,0.009964046708773822,18.039257049560547,12.003715753555298
241,0.3111637383699417,0.010925369104370475,18.018999099731445,12.004838585853577
242,0.30881109088659286,0.008837643777951598,17.998435974121094,11.99890911579132
243,0.3093719743192196,0.009612986410502344,17.977609634399414,11.998289942741394
244,0.30985089763998985,0.0102917798794806,17.956544876098633,11.999366879463196
245,0.309654388576746,0.010300760273821652,17.935277938842773,12.000086188316345
246,0.3091804161667824,0.010027295094914734,17.91383171081543,12.001481056213379
247,0.30840130150318146,0.009461985726375133,17.892230987548828,12.0017009973526
248,0.3084448277950287,0.009662895230576396,17.870502471923828,12.007691740989685
249,0.30785882472991943,0.009353639848995954,17.84865951538086,12.001859784126282
250,0.3071592301130295,0.008903508016373962,17.826719284057617,11.998852491378784
251,0.3076646365225315,0.00961872935295105,17.80470085144043,11.999890804290771
252,0.30811266228556633,0.010278722445946187,17.782615661621094,12.000779151916504
253,0.30781325697898865,0.010213157627731562,17.760475158691406,11.99953556060791
254,0.307303823530674,0.009921639459207654,17.738292694091797,11.999926567077637
255,0.30671418085694313,0.009566652937792242,17.716075897216797,11.998677372932434
256,0.30701378732919693,0.010064363246783614,17.693838119506836,12.001105070114136
257,0.3062156029045582,0.009485976304858923,17.671581268310547,12.00138247013092
258,0.3054307848215103,0.008904108370188624,17.649314880371094,12.003354549407959
259,0.3049088418483734,0.008635381062049419,17.627046585083008,12.000301241874695
260,0.30514683946967125,0.009082772769033909,17.604780197143555,12.001627087593079
261,0.3049434907734394,0.009113931679166853,17.582521438598633,12.00043499469757
262,0.30473195761442184,0.009115940949413925,17.56027603149414,12.001327157020569
263,0.30511485412716866,0.009734783263411373,17.538043975830078,11.99996304512024
264,0.30395929887890816,0.00878796074539423,17.51583480834961,12.001300811767578
265,0.30425523966550827,0.009301139973104,17.4936466217041,12.001764178276062
266,0.304336778819561,0.009610249719116837,17.471481323242188,12.001172661781311
267,0.3035832904279232,0.009082144824787974,17.4493465423584,12.000768065452576
268,0.3035440966486931,0.009268412599340081,17.4272403717041,12.000328183174133
269,0.30365217104554176,0.00959750876063481,17.405166625976562,12.000300765037537
270,0.3029451183974743,0.009120836504735053,17.383127212524414,11.999301433563232
271,0.3026791401207447,0.009039731055963784,17.36111831665039,12.002823233604431
272,0.3021423928439617,0.008720653655473143,17.339149475097656,12.003024697303772
273,0.301482904702425,0.008287222241051495,17.31721305847168,12.002354621887207
274,0.302564550191164,0.009592758142389357,17.295318603515625,12.00186014175415
275,0.3022793307900429,0.009509810712188482,17.273462295532227,12.003490924835205
276,0.30089420080184937,0.008389613649342209,17.251644134521484,11.998815178871155
277,0.3008735254406929,0.008572486054617912,17.229867935180664,12.000237703323364
278,0.3016144670546055,0.009524143417365849,17.208131790161133,12.000900864601135
279,0.30154263600707054,0.009653199696913362,17.18643569946289,12.00250792503357
280,0.3004140146076679,0.008753883361350745,17.165283203125,12.000731229782104
281,0.3002280704677105,0.008763623249251395,17.144115447998047,12.002329230308533
282,0.2999388761818409,0.008702506718691438,17.122941970825195,12.000694990158081
283,0.29938898980617523,0.008379877137485892,17.101768493652344,11.999143838882446
284,0.298932459205389,0.008116207318380475,17.080596923828125,12.001028776168823
285,0.30098455399274826,0.010342035966459662,17.05943489074707,12.004817724227905
286,0.299576573073864,0.009159260953310877,17.03828239440918,12.003449320793152
287,0.30143579840660095,0.011241397471167147,17.017179489135742,12.0022611618042
288,0.2992534935474396,0.009264516178518534,16.99671173095703,12.00218653678894
289,0.29778244346380234,0.008037394320126623,16.976192474365234,11.998311996459961
290,0.29779839888215065,0.008253141480963677,16.95563316345215,11.998892664909363
291,0.30038046464324,0.010967151029035449,16.935455322265625,12.005877494812012
292,0.29815248399972916,0.009005660831462592,16.915206909179688,11.999475598335266
293,0.3001997694373131,0.011234466335736215,16.894914627075195,12.001617074012756
294,0.2975384443998337,0.00881061446852982,16.87502098083496,11.997762441635132
295,0.29810551181435585,0.009548269561491907,16.855037689208984,12.000687599182129
296,0.29877424240112305,0.010379570187069476,16.834980010986328,12.00448727607727
297,0.29799463227391243,0.009795254562050104,16.815168380737305,12.00477123260498
298,0.29848047718405724,0.010474053502548486,16.7956485748291,12.004993677139282
299,0.2984697185456753,0.01066341920522973,16.776493072509766,12.00413727760315
300,0.2982034794986248,0.010640019318088889,16.757186889648438,11.99915897846222
301,0.2962235361337662,0.008836632885504514,16.738805770874023,11.99988567829132
302,0.3015964962542057,0.014303612988442183,16.720197677612305,12.009091854095459
303,0.3001140132546425,0.013005897402763367,16.702754974365234,12.008057355880737
304,0.29542214795947075,0.008569449710194021,16.68633460998535,11.99893593788147
305,0.29636524990200996,0.009672000771388412,16.669490814208984,11.999834775924683
306,0.2961551286280155,0.009584813378751278,16.653200149536133,12.003832578659058
307,0.2962777465581894,0.009881943697109818,16.636474609375,12.003106117248535
308,0.2962421253323555,0.010054206941276789,16.61936378479004,11.99942934513092
309,0.2955773174762726,0.009532854543067515,16.602886199951172,12.001560926437378
310,0.2997666448354721,0.01383467426057905,16.58599853515625,12.007199168205261
311,0.3012053743004799,0.01542637508828193,16.570011138916016,12.007889032363892
312,0.2947371229529381,0.009183678077533841,16.554710388183594,12.00063419342041
313,0.29861389845609665,0.013200307730585337,16.53929901123047,12.00206172466278
314,0.295325368642807,0.010052908561192453,16.52416229248047,12.003084301948547
315,0.29640866070985794,0.011317011783830822,16.509157180786133,12.00000774860382
316,0.2960466518998146,0.011116666486486793,16.493816375732422,11.99918270111084
317,0.29620515927672386,0.011408889200538397,16.478958129882812,12.000670433044434
318,0.29741160571575165,0.012656190083362162,16.464153289794922,12.011388897895813
319,0.2986570782959461,0.014079574146308005,16.44977569580078,12.007975578308105
320,0.2936396151781082,0.009254882112145424,16.435720443725586,12.002753376960754
321,0.2971245162189007,0.012890439364127815,16.421554565429688,12.001853942871094
322,0.2948017902672291,0.010693367919884622,16.4074649810791,12.00337839126587
323,0.29582468420267105,0.01187625469174236,16.393205642700195,12.00163745880127
324,0.2929108701646328,0.00912706454982981,16.378538131713867,11.999842286109924
325,0.295836366713047,0.012167707551270723,16.363380432128906,12.00348687171936
326,0.29314178600907326,0.009638244635425508,16.348583221435547,12.001771926879883
327,0.29607726261019707,0.01272634754423052,16.333377838134766,12.001714587211609
328,0.29895491525530815,0.015737740672193468,16.318830490112305,12.002886652946472
329,0.29131702333688736,0.008271237195003778,16.304962158203125,11.999616861343384
330,0.30065198615193367,0.01765982201322913,16.290430068969727,12.008787274360657
331,0.30152133107185364,0.018703714944422245,16.276611328125,12.005149841308594
332,0.2919970154762268,0.009374146349728107,16.263395309448242,11.998891353607178
333,0.2999543361365795,0.01742515852674842,16.24945068359375,12.003467321395874
334,0.2993868626654148,0.016954298014752567,16.2357234954834,12.007534384727478
335,0.2912653833627701,0.009010737645439804,16.222131729125977,12.003333926200867
336,0.29716019332408905,0.015063514816574752,16.207853317260742,12.00181519985199
337,0.29032425582408905,0.008408376306761056,16.19390869140625,11.997680068016052
338,0.296717781573534,0.014865952776744962,16.1793155670166,12.005867838859558
339,0.29784905910491943,0.016124945832416415,16.165239334106445,12.007173418998718
340,0.29181814193725586,0.010302281996700913,16.15167999267578,11.999906182289124
341,0.2982427068054676,0.016834922833368182,16.137434005737305,12.003345370292664
342,0.30209169164299965,0.020781672094017267,16.123733520507812,12.007269024848938
343,0.2927151210606098,0.011535856407135725,16.11056900024414,12.007357478141785
344,0.29610123112797737,0.015066929394379258,16.097103118896484,12.006326913833618
345,0.2983926422894001,0.01751080178655684,16.083641052246094,12.00454294681549
346,0.28994474187493324,0.009246502304449677,16.070449829101562,11.999374151229858
347,0.29651104286313057,0.0159094164846465,16.05653953552246,12.003623843193054
348,0.301849152892828,0.021329056471586227,16.043062210083008,12.008947014808655
349,0.29245659708976746,0.01208753907121718,16.03013038635254,12.006776571273804
350,0.2970094829797745,0.016779231373220682,16.016454696655273,12.006570100784302
351,0.3038413003087044,0.023716960567981005,16.00298309326172,12.009451389312744
352,0.2935372367501259,0.013607168686576188,15.989919662475586,12.003087639808655
353,0.29165488481521606,0.011801027809269726,15.976812362670898,12.008573770523071
354,0.2966390326619148,0.01698039227630943,15.962980270385742,12.002885222434998
355,0.2908863350749016,0.011362913297489285,15.94941520690918,12.002928018569946
356,0.2917880229651928,0.012386821443215013,15.9351806640625,12.00494122505188
357,0.2966858446598053,0.017412921180948615,15.92087459564209,12.006418347358704
358,0.2913370095193386,0.012257500202395022,15.906759262084961,12.001192450523376
359,0.29071667045354843,0.011798126273788512,15.892378807067871,11.999475955963135
360,0.2926618717610836,0.013856273842975497,15.877412796020508,12.003148198127747
361,0.28735410422086716,0.008712181355804205,15.862585067749023,12.001608490943909
362,0.28853680938482285,0.010039127198979259,15.847222328186035,12.002546191215515
363,0.2907847762107849,0.01242842327337712,15.831544876098633,12.004090666770935
364,0.28788406774401665,0.009726324817165732,15.815422058105469,12.000352621078491
365,0.28916388005018234,0.011190113495104015,15.79890251159668,11.99847400188446
366,0.28774046152830124,0.009912870766129345,15.782270431518555,12.000490427017212
367,0.2887106239795685,0.011013194394763559,15.765297889709473,12.004445791244507
368,0.2866530232131481,0.009137143846601248,15.748023986816406,12.003564357757568
369,0.2860589362680912,0.008762190293055028,15.73048210144043,11.999192118644714
370,0.28714771196246147,0.010030593606643379,15.712703704833984,11.999008417129517
371,0.28618259355425835,0.00926160579547286,15.694713592529297,11.997385859489441
372,0.286437314003706,0.009667720878496766,15.676541328430176,12.000418186187744
373,0.2880984880030155,0.011448053293861449,15.658206939697266,12.006836652755737
374,0.2860982269048691,0.009673160791862756,15.639727592468262,12.002780199050903
375,0.2842557542026043,0.008060475753154606,15.621124267578125,11.998403668403625
376,0.28492485359311104,0.008889709250070155,15.602411270141602,12.00110387802124
377,0.2853788807988167,0.009548647271003574,15.583606719970703,11.999417662620544
378,0.283787053078413,0.008142215374391526,15.564719200134277,11.999764442443848
379,0.2844516411423683,0.008966628869529814,15.545759201049805,12.002742767333984
380,0.28335603699088097,0.008074922603555024,15.52674388885498,12.001368045806885
381,0.28341585397720337,0.00830664805835113,15.50767707824707,12.00324296951294
382,0.2832831032574177,0.008387495996430516,15.488568305969238,12.000992894172668
383,0.28334151580929756,0.00863603298785165,15.469427108764648,12.001121163368225
384,0.28336960449814796,0.008871392463333905,15.450258255004883,11.999562740325928
385,0.28195980936288834,0.007653410255443305,15.431069374084473,11.999571681022644
386,0.2829199843108654,0.008790960651822388,15.411864280700684,12.001038789749146
387,0.282675851136446,0.008726293803192675,15.392645835876465,12.002309918403625
388,0.2826656475663185,0.008924786699935794,15.373424530029297,12.000662565231323
389,0.28137682005763054,0.007854396651964635,15.354199409484863,11.998042941093445
390,0.2812856435775757,0.00793069985229522,15.334976196289062,12.000519037246704
391,0.28200292587280273,0.008834489097353071,15.315755844116211,12.001087546348572
392,0.2819945625960827,0.009012129332404584,15.296545028686523,12.001699566841125
393,0.2810887210071087,0.008284647716209292,15.277342796325684,12.003065466880798
394,0.28105251863598824,0.008453210350126028,15.25815200805664,12.001779556274414
395,0.2809736095368862,0.008558799047023058,15.238975524902344,12.002506256103516
396,0.28028454631567,0.008095665310975164,15.219816207885742,11.999072074890137
397,0.2797630690038204,0.007767469447571784,15.200672149658203,11.998888373374939
398,0.2813510186970234,0.009507648705039173,15.181547164916992,12.002789735794067
399,0.27988874539732933,0.008265781332738698,15.162442207336426,11.999855518341064
400,0.2792588286101818,0.007804846856743097,15.14335823059082,12.00204074382782
401,0.279243391007185,0.007979500049259514,15.124296188354492,12.002092838287354
402,0.27994754537940025,0.008870579593349248,15.105257034301758,12.002440810203552
403,0.28046542406082153,0.009566408407408744,15.08624267578125,12.003658890724182
404,0.27823079004883766,0.007572534668724984,15.067253112792969,11.998573184013367
405,0.2787397466599941,0.008250425569713116,15.048287391662598,12.000646233558655
406,0.2792576625943184,0.008992347866296768,15.029346466064453,11.997186064720154
407,0.2782592959702015,0.008154226408805698,15.010433197021484,12.000074028968811
408,0.27875741571187973,0.008826909877825528,14.991545677185059,12.001504898071289
409,0.27808695659041405,0.008362623048014939,14.972684860229492,11.999749779701233
410,0.2781250551342964,0.008543319418095052,14.953850746154785,12.004323840141296
411,0.2771567180752754,0.007789533818140626,14.93504524230957,12.001673817634583
412,0.27866725996136665,0.00949343031970784,14.916267395019531,12.00111722946167
413,0.2764918990433216,0.007494605495594442,14.897514343261719,12.002216100692749
414,0.2778956890106201,0.009100976982153952,14.878789901733398,12.000681281089783
415,0.2775217331945896,0.008878639724571258,14.860095977783203,12.004214644432068
416,0.27630670741200447,0.007876079122070223,14.84142780303955,12.001636147499084
417,0.2765018083155155,0.008240653551183641,14.82278823852539,12.003327488899231
418,0.27697304263710976,0.008915265090763569,14.804178237915039,12.001599550247192
419,0.27685000002384186,0.008977591409347951,14.785594940185547,12.001645803451538
420,0.27621597051620483,0.008536532637663186,14.767040252685547,12.000903844833374
421,0.2755574807524681,0.008075738151092082,14.748514175415039,11.999661684036255
422,0.27543269097805023,0.008112906478345394,14.730016708374023,12.001962184906006
423,0.2745940461754799,0.0074782202718779445,14.7115478515625,12.000035881996155
424,0.2745967358350754,0.00767884572269395,14.693105697631836,11.99868392944336
425,0.2747482545673847,0.008005436218809336,14.674692153930664,11.999590039253235
426,0.27595842629671097,0.00937239226186648,14.656305313110352,12.002298831939697
427,0.2745136059820652,0.008115020056720823,14.637948989868164,12.001910090446472
428,0.2743071876466274,0.008103906293399632,14.619620323181152,12.000709176063538
429,0.274688508361578,0.008660337422043085,14.601319313049316,12.001498937606812
430,0.2738151140511036,0.007982385694049299,14.583045959472656,12.000227570533752
431,0.27422983571887016,0.008573326282203197,14.564800262451172,12.000850915908813
432,0.2745761014521122,0.009099981805775315,14.54658317565918,12.001029014587402
433,0.27446045354008675,0.009150948724709451,14.528392791748047,12.002558469772339
434,0.27215560898184776,0.007048799772746861,14.510229110717773,12.000451564788818
435,0.273713793605566,0.008757312200032175,14.492094039916992,12.003555417060852
436,0.27225475385785103,0.007511623960454017,14.47398567199707,12.000327348709106
437,0.27240416407585144,0.007822337909601629,14.455904960632324,12.002279043197632
438,0.273674800992012,0.009290798974689096,14.43785285949707,12.000547766685486
439,0.2720576450228691,0.007831470633391291,14.419824600219727,12.002793908119202
440,0.2723509296774864,0.008336438739206642,14.401826858520508,11.99962294101715
441,0.2727491669356823,0.008909858122933656,14.383855819702148,12.000075817108154
442,0.27083783596754074,0.007174706493970007,14.365909576416016,12.00040316581726
443,0.2720068246126175,0.008540288603398949,14.347990989685059,11.998662948608398
444,0.27252527698874474,0.009204762172885239,14.330100059509277,12.001951932907104
445,0.2703403867781162,0.007228529721032828,14.312234878540039,11.99895191192627
446,0.2712021581828594,0.008220211369916797,14.29439640045166,12.003798484802246
447,0.27238890901207924,0.00959416845580563,14.276582717895508,12.002891778945923
448,0.2710079103708267,0.008391228213440627,14.258796691894531,12.002872228622437
449,0.27045241743326187,0.00800941331544891,14.241036415100098,12.003263473510742
450,0.27062244340777397,0.008345985785126686,14.223302841186523,12.004343509674072
451,0.27063295990228653,0.00856624124571681,14.205595016479492,12.001077771186829
452,0.2701992467045784,0.008332481025718153,14.187911987304688,11.998765468597412
453,0.27039965987205505,0.00867082446347922,14.170256614685059,12.0026273727417
454,0.2688463442027569,0.007319954456761479,14.15262508392334,12.000013709068298
455,0.26920442283153534,0.007859501347411424,14.13502025604248,11.999472737312317
456,0.26869940385222435,0.007539976795669645,14.11744213104248,11.998501420021057
457,0.26830584555864334,0.007338634110055864,14.099885940551758,11.996835947036743
458,0.2697523385286331,0.008923625631723553,14.082358360290527,12.000513315200806
459,0.2682820297777653,0.0076173036359250546,14.064855575561523,12.001617193222046
460,0.2688830494880676,0.008367332280613482,14.047377586364746,12.00419545173645
461,0.26843589544296265,0.008123023668304086,14.029924392700195,12.001362919807434
462,0.26826221495866776,0.00809120706981048,14.012495040893555,12.004605889320374
463,0.268438171595335,0.008473328431136906,13.995279312133789,12.001205086708069
464,0.2669025808572769,0.007119990768842399,13.978069305419922,12.000190258026123
465,0.26752566173672676,0.007934975088573992,13.96086597442627,11.998204231262207
466,0.2678234539926052,0.008351701369974762,13.943700790405273,12.003474712371826
467,0.26772332191467285,0.008454023860394955,13.92654037475586,12.00039005279541
468,0.26738589629530907,0.00825823750346899,13.909391403198242,12.00337553024292
469,0.2677059769630432,0.008754786977078766,13.892251968383789,12.002868294715881
470,0.2678498439490795,0.009068064740858972,13.87512493133545,12.003052711486816
471,0.26552196592092514,0.006953748466912657,13.858011245727539,11.998810172080994
472,0.26663394644856453,0.008221438096370548,13.840909957885742,12.000341415405273
473,0.26738911122083664,0.00910724711138755,13.823823928833008,12.004363417625427
474,0.26730073243379593,0.009222903521731496,13.806754112243652,12.001029133796692
475,0.2668633237481117,0.008931641525123268,13.78969955444336,12.003468871116638
476,0.26535186544060707,0.007648870116099715,13.773100852966309,11.997199892997742
477,0.2655043676495552,0.007958596688695252,13.756475448608398,11.998102068901062
478,0.26595576107501984,0.008515033056028187,13.739824295043945,12.004248142242432
479,0.26626110821962357,0.009011250687763095,13.72329330444336,12.00169289112091
480,0.26548562198877335,0.008360639913007617,13.707025527954102,12.005472302436829
481,0.26470720767974854,0.007781848835293204,13.690702438354492,12.00183391571045
482,0.2662223018705845,0.00946982076857239,13.674335479736328,12.00091302394867
483,0.26607999205589294,0.009475208993535489,13.657929420471191,12.00255012512207
484,0.2643562778830528,0.007950885512400419,13.641965866088867,11.998574376106262
485,0.2647651806473732,0.008499045157805085,13.625924110412598,12.000689148902893
486,0.2657931186258793,0.009629597363527864,13.609911918640137,12.006440877914429
487,0.26540082320570946,0.009389783081132919,13.594477653503418,12.006627559661865
488,0.26694663241505623,0.011158157722093165,13.578919410705566,11.999928832054138
489,0.2650105729699135,0.009374173474498093,13.564223289489746,11.999417424201965
490,0.26922687888145447,0.013634850736707449,13.549808502197266,12.00939655303955
491,0.27121007069945335,0.015752077335491776,13.536296844482422,12.009502649307251
492,0.26344284042716026,0.00818320905091241,13.523685455322266,12.00227952003479
493,0.2746898978948593,0.019536543637514114,13.510665893554688,12.00467038154602
494,0.2865411639213562,0.031442812411114573,13.498591423034668,12.011244297027588
495,0.27410219609737396,0.019182058051228523,13.487459182739258,12.004555940628052
496,0.2631518878042698,0.008326713112182915,13.477066993713379,12.005451440811157
497,0.26879699528217316,0.0139834905276075,13.466042518615723,12.015308260917664
498,0.2675166390836239,0.012826363672502339,13.455617904663086,12.013409733772278
499,0.2627633102238178,0.008274563180748373,13.445653915405273,12.003221869468689
500,0.264638040214777,0.01028439961373806,13.435012817382812,12.00035297870636
501,0.263262540102005,0.008996970020234585,13.42452621459961,12.002031683921814
502,0.26521703973412514,0.011058644624426961,13.413420677185059,12.002419471740723
503,0.26407839730381966,0.010056804632768035,13.40250015258789,11.999659419059753
504,0.26879022642970085,0.014868378057144582,13.391128540039062,12.00105631351471
505,0.26881275698542595,0.015017799218185246,13.379974365234375,11.999521136283875
506,0.2624097131192684,0.008702430932316929,13.369016647338867,12.001712441444397
507,0.2679995745420456,0.014417511643841863,13.357486724853516,12.000720620155334
508,0.2623461186885834,0.008874897554051131,13.346185684204102,12.000937700271606
509,0.2696664147078991,0.016253145993687212,13.3343505859375,12.00697672367096
510,0.26833733543753624,0.015075988252647221,13.322720527648926,12.00341546535492
511,0.2619119957089424,0.008791151631157845,13.311223030090332,12.000862717628479
512,0.2681819424033165,0.015148885431699455,13.299213409423828,12.004092574119568
513,0.26334356516599655,0.010434409021399915,13.28752326965332,12.003392696380615
514,0.264381293207407,0.01160419569350779,13.275777816772461,12.001933336257935
515,0.26583942770957947,0.013166294782422483,13.263944625854492,12.00337040424347
516,0.26100288704037666,0.008436831180006266,13.252243995666504,12.004362940788269
517,0.2638343386352062,0.01141071377787739,13.240053176879883,12.002310156822205
518,0.260592058300972,0.008312529302202165,13.22799015045166,11.99996280670166
519,0.263856939971447,0.011681581498123705,13.215478897094727,12.002057433128357
520,0.26259826868772507,0.010571088292635977,13.20292854309082,11.999790787696838
521,0.26204240322113037,0.010122098727151752,13.190128326416016,12.001902341842651
522,0.2643646188080311,0.012551363790407777,13.176958084106445,12.004366993904114
523,0.2601424939930439,0.008484349236823618,13.163631439208984,12.00218379497528
524,0.26240528747439384,0.010878124739974737,13.149993896484375,12.00272285938263
525,0.25880546495318413,0.007420313952025026,13.136151313781738,12.002363681793213
526,0.2606193944811821,0.009390084189362824,13.122050285339355,12.00088083744049
527,0.25996608659625053,0.008868713222909719,13.107719421386719,12.002019047737122
528,0.2604331485927105,0.009470866702031344,13.093180656433105,12.003047227859497
529,0.25938593223690987,0.00860756408656016,13.078458786010742,11.999378561973572
530,0.2600329741835594,0.009367450489662588,13.063573837280273,12.002978801727295
531,0.2599617764353752,0.009455064660869539,13.04854679107666,12.002125263214111
532,0.2576601952314377,0.0073183930944651365,13.033391952514648,12.000789403915405
533,0.25879594311118126,0.008588752709329128,13.018125534057617,12.002593994140625
534,0.26087262108922005,0.010809789411723614,13.00275993347168,12.00352430343628
535,0.2576476112008095,0.0077959150657989085,12.987308502197266,11.997862219810486
536,0.25876622647047043,0.009039923956152052,12.971780776977539,12.000849604606628
537,0.259050115942955,0.009476385836023837,12.956186294555664,12.001187801361084
538,0.258492074906826,0.009082986507564783,12.940532684326172,12.000376582145691
539,0.25809821113944054,0.008830478647723794,12.924832344055176,12.001941323280334
540,0.25696778297424316,0.007870460976846516,12.909088134765625,12.000645518302917
541,0.25823862850666046,0.009280622529331595,12.893308639526367,12.002492070198059
542,0.2576421722769737,0.008850599871948361,12.877498626708984,12.001659274101257
543,0.2560329847037792,0.007402993098367006,12.861663818359375,12.001335740089417
544,0.2573431693017483,0.008866861462593079,12.845808029174805,12.0018230676651
545,0.2570020817220211,0.008709048095624894,12.829937934875488,11.999366283416748
546,0.25751037523150444,0.009339975542388856,12.81405258178711,12.002987623214722
547,0.25626853108406067,0.008274826686829329,12.798157691955566,12.001214027404785
548,0.256862360984087,0.00900436012307182,12.782259941101074,12.003540873527527
549,0.2558307684957981,0.008132695162203163,12.766355514526367,12.00345230102539
550,0.2564093992114067,0.00888291746377945,12.750452995300293,12.002195358276367
551,0.2559705562889576,0.00864920747699216,12.734551429748535,11.997583866119385
552,0.25551363080739975,0.008347502443939447,12.718650817871094,11.997962713241577
553,0.2558726482093334,0.008859409426804632,12.702757835388184,11.99856698513031
554,0.2550406791269779,0.008153297938406467,12.686870574951172,12.001867532730103
555,0.25457243621349335,0.007833640440367162,12.670990943908691,12.002888798713684
556,0.25405173376202583,0.007495413476135582,12.655119895935059,12.000513434410095
557,0.25531401112675667,0.0088718191254884,12.63925838470459,12.004960298538208
558,0.2537250258028507,0.007499200000893325,12.623411178588867,11.999171495437622
559,0.25460241362452507,0.008521466981619596,12.607574462890625,12.000521421432495
560,0.2538124993443489,0.007877919764723629,12.591750144958496,12.00170910358429
561,0.2533467896282673,0.007569215842522681,12.57594108581543,12.001816630363464
562,0.2537487745285034,0.008125497261062264,12.560145378112793,12.002182245254517
563,0.25309090688824654,0.007629711763001978,12.544366836547852,12.001753211021423
564,0.2520659975707531,0.006758077419362962,12.52860164642334,12.002190232276917
565,0.2548567168414593,0.009675034845713526,12.51285457611084,12.005315065383911
566,0.25308557227253914,0.008095924800727516,12.49712085723877,12.00184428691864
567,0.25209173932671547,0.007271267822943628,12.481407165527344,12.000639915466309
568,0.25336848199367523,0.008725145016796887,12.465707778930664,11.998627424240112
569,0.2524685822427273,0.007978364126756787,12.450027465820312,11.998993992805481
570,0.25160873867571354,0.007282978622242808,12.43436336517334,11.998212218284607
571,0.2505634278059006,0.006403312901966274,12.418718338012695,11.997294068336487
572,0.2533719278872013,0.009292045258916914,12.403091430664062,12.00489866733551
573,0.25245107151567936,0.008555354783311486,12.387482643127441,12.002089977264404
574,0.25132711231708527,0.007554852112662047,12.371891975402832,12.005334973335266
575,0.2510534040629864,0.007475938822608441,12.356319427490234,12.001427054405212
576,0.2511848621070385,0.007763142115436494,12.340765953063965,12.0014066696167
577,0.2510404698550701,0.007758071296848357,12.325230598449707,12.00300943851471
578,0.25063070096075535,0.007546548149548471,12.309715270996094,11.998700737953186
579,0.25128404051065445,0.008328186755534261,12.294218063354492,12.001367688179016
580,0.24969316646456718,0.006943702639546245,12.278739929199219,11.996207475662231
581,0.24981656298041344,0.007181718770880252,12.263279914855957,12.000204682350159
582,0.24968736246228218,0.007188615680206567,12.24783992767334,12.00203549861908
583,0.25107128359377384,0.008702206541784108,12.232418060302734,12.004490733146667
584,0.25208277627825737,0.00982733815908432,12.21701431274414,12.00852906703949
585,0.24982648342847824,0.007800398918334395,12.201630592346191,12.000978231430054
586,0.24888772144913673,0.007018141448497772,12.186266899108887,12.000691652297974
587,0.24984248913824558,0.008141513331793249,12.170920372009277,11.999178290367126
588,0.24898888729512691,0.007433226797729731,12.155595779418945,11.99997103214264
589,0.24895138293504715,0.007514650002121925,12.140287399291992,12.003386735916138
590,0.2490852978080511,0.007828637724742293,12.125,12.00066602230072
591,0.24933170713484287,0.008202034863643348,12.109729766845703,12.003237843513489
592,0.24855400621891022,0.007590845692902803,12.094478607177734,12.001838207244873
593,0.2491604220122099,0.0083406544290483,12.079248428344727,12.002728939056396
594,0.24825796484947205,0.007617459632456303,12.06403636932373,12.000014424324036
595,0.24835682474076748,0.007899065385572612,12.048843383789062,11.996933817863464
596,0.24905647709965706,0.008700566133484244,12.033668518066406,12.001923680305481
597,0.2483026534318924,0.008134094474371523,12.018556594848633,11.998300433158875
598,0.24712582118809223,0.007072853681165725,12.003459930419922,12.001837611198425
599,0.2477957997471094,0.007864642539061606,11.988378524780273,12.004737615585327
600,0.24782239273190498,0.008062775828875601,11.973310470581055,12.002651929855347
601,0.24774755351245403,0.008131373324431479,11.958258628845215,12.003359913825989
602,0.24766910821199417,0.008230718725826591,11.943273544311523,12.000565886497498
603,0.24740828573703766,0.008110180730000138,11.92831802368164,12.001492977142334
604,0.246910797432065,0.007767194765619934,11.913373947143555,12.00098741054535
605,0.24666685611009598,0.007656129077076912,11.898438453674316,12.002634644508362
606,0.2466406114399433,0.007773009943775833,11.883514404296875,12.003246188163757
607,0.24641837179660797,0.007713861472439021,11.86860179901123,12.001849889755249
608,0.2480088286101818,0.009420037793461233,11.8537015914917,12.005177855491638
609,0.2475848738104105,0.009205668000504375,11.838813781738281,11.999106645584106
610,0.24522316455841064,0.007001041725743562,11.82394027709961,11.998272180557251
611,0.24471674300730228,0.00664873537607491,11.80908203125,11.997719645500183
612,0.24689840897917747,0.00893975590588525,11.794236183166504,12.001630663871765
613,0.24569727294147015,0.007892038789577782,11.77940559387207,12.001118540763855
614,0.24486903101205826,0.007219198509119451,11.764589309692383,12.000394701957703
615,0.2454505506902933,0.007917839859146625,11.749789237976074,12.003482222557068
616,0.24499947391450405,0.007647885708138347,11.735004425048828,12.000154733657837
617,0.24549276381731033,0.008264173928182572,11.720236778259277,12.002622961997986
618,0.24540316872298717,0.008337418315932155,11.705484390258789,12.001091122627258
619,0.2451329156756401,0.008224720135331154,11.690747261047363,12.000073075294495
620,0.24449310265481472,0.007715378713328391,11.676027297973633,12.00174593925476
621,0.2450921330600977,0.008436758653260767,11.661322593688965,12.004215359687805
622,0.2448131963610649,0.008321678673382849,11.646634101867676,12.002518653869629
623,0.243985403329134,0.00765349913854152,11.631963729858398,12.001227140426636
624,0.24399647675454617,0.007813988428097218,11.6173095703125,12.00093960762024
625,0.24472849071025848,0.008712928276509047,11.602672576904297,11.998884439468384
626,0.24333447962999344,0.007490926014725119,11.588051795959473,11.996304512023926
627,0.24318953976035118,0.007461470260750502,11.573448181152344,11.999359011650085
628,0.24361558631062508,0.008021736110094935,11.558862686157227,12.00052261352539
629,0.24383173137903214,0.008347082883119583,11.544292449951172,12.004172801971436
630,0.2426190786063671,0.0073011614149436355,11.529740333557129,12.002052068710327
631,0.2431032769382,0.007942546508274972,11.515203475952148,12.000870823860168
632,0.2420209925621748,0.0070101849269121885,11.50068473815918,12.000396847724915
633,0.24181021004915237,0.006953680014703423,11.486184120178223,11.99946928024292
634,0.2418463248759508,0.007123582065105438,11.471699714660645,12.000574946403503
635,0.24296434968709946,0.008343686698935926,11.457232475280762,12.004834175109863
636,0.24171720072627068,0.007243850675877184,11.442782402038574,12.004553079605103
637,0.242262102663517,0.007969951489940286,11.428348541259766,12.000867247581482
638,0.24200211092829704,0.007840342004783452,11.413932800292969,12.002244114875793
639,0.24217676743865013,0.008168610744178295,11.399534225463867,12.001282453536987
640,0.24157889932394028,0.0076877097599208355,11.385152816772461,12.003967046737671
641,0.24102011136710644,0.007315715483855456,11.37078857421875,11.999651551246643
642,0.2416437789797783,0.008080328640062362,11.356440544128418,11.999904751777649
643,0.24113955162465572,0.007722006645053625,11.342110633850098,11.999644756317139
644,0.24202940240502357,0.008760612108744681,11.32779598236084,11.999083518981934
645,0.24177602492272854,0.008643965586088598,11.313498497009277,11.99970805644989
646,0.24038029089570045,0.007392556988634169,11.29921817779541,11.999554991722107
647,0.24049678817391396,0.007664351025596261,11.284954071044922,11.998289942741394
648,0.24020070396363735,0.0075016767950728536,11.270709037780762,11.999194264411926
649,0.2405854258686304,0.00800390844233334,11.256479263305664,12.001673579216003
650,0.23968167416751385,0.007228846487123519,11.242267608642578,12.003015756607056
651,0.23958216607570648,0.007268928049597889,11.228071212768555,12.003252983093262
652,0.2395291831344366,0.0073479992570355535,11.213891983032227,12.004226565361023
653,0.23994071781635284,0.007947057485580444,11.199729919433594,11.99963641166687
654,0.24031240493059158,0.008429467212408781,11.185583114624023,12.002711176872253
655,0.23989735543727875,0.008161316509358585,11.171666145324707,12.001938223838806
656,0.23942038416862488,0.007790622767060995,11.157743453979492,12.005233526229858
657,0.23897773027420044,0.007511676463764161,11.143818855285645,12.002786993980408
658,0.24057737179100513,0.00927305524237454,11.129892349243164,12.000540375709534
659,0.2399040050804615,0.008752305991947651,11.115967750549316,11.999202847480774
660,0.23899781703948975,0.008001188922207803,11.102225303649902,11.997437715530396
661,0.23866482079029083,0.007792800024617463,11.088467597961426,11.998734474182129
662,0.23903582617640495,0.008254390326328576,11.074697494506836,12.003446578979492
663,0.23887149058282375,0.008250767947174609,11.060920715332031,12.001152396202087
664,0.23798491805791855,0.00748376187402755,11.047136306762695,12.002980351448059
665,0.23869371600449085,0.00835824094247073,11.033346176147461,12.000201940536499
666,0.23881831020116806,0.008587486110627651,11.019556045532227,12.003527522087097
667,0.23748623207211494,0.007420698180794716,11.005915641784668,12.000637531280518
668,0.23649957217276096,0.006600873253773898,10.99226188659668,11.997608304023743
669,0.23634908720850945,0.0065648878226056695,10.978595733642578,11.999825239181519
670,0.23795795999467373,0.008286566066090018,10.964921951293945,12.002218127250671
671,0.2382120694965124,0.00862925237743184,10.951240539550781,12.007041931152344
672,0.23653268814086914,0.007141693844459951,10.937555313110352,12.001544713973999
673,0.23780635558068752,0.00850930844899267,10.923870086669922,12.005835056304932
674,0.23646912351250648,0.007372872205451131,10.91018295288086,11.999443173408508
675,0.23712670803070068,0.008157539006788284,10.896499633789062,12.000417828559875
676,0.2362284455448389,0.007385272067040205,10.882816314697266,12.00150191783905
677,0.23628496006131172,0.0075953524792566895,10.869139671325684,11.999821305274963
678,0.23587629944086075,0.007322074146941304,10.85546588897705,11.99995732307434
679,0.23646901734173298,0.008044138376135379,10.841798782348633,12.000689148902893
680,0.235679367557168,0.007376874273177236,10.828139305114746,12.002110719680786
681,0.23535722866654396,0.007225644192658365,10.814488410949707,11.99867069721222
682,0.23637305945158005,0.00835701817413792,10.800846099853516,12.000758528709412
683,0.23521266505122185,0.007335655158385634,10.787212371826172,12.000489234924316
684,0.23499217815697193,0.007252606097608805,10.773590087890625,12.000367045402527
685,0.2357165887951851,0.008097865618765354,10.759978294372559,12.001894354820251
686,0.2343280203640461,0.0068307045148685575,10.746377944946289,12.00335431098938
687,0.23561225086450577,0.008232080726884305,10.7327880859375,12.005229592323303
688,0.23486747406423092,0.007652244123164564,10.71921157836914,12.002311706542969
689,0.23433826118707657,0.007291884918231517,10.705646514892578,11.998991847038269
690,0.23370963148772717,0.0068222013069316745,10.692094802856445,11.996648788452148
691,0.2340111881494522,0.007235382741782814,10.678556442260742,11.999023795127869
692,0.23439093492925167,0.00772158766631037,10.665029525756836,12.001905918121338
693,0.23384089022874832,0.007341444259509444,10.651517868041992,11.998427152633667
694,0.23411739245057106,0.007712075603194535,10.638019561767578,12.002512335777283
695,0.23414155654609203,0.007845991814974695,10.624531745910645,12.005025029182434
696,0.23406874015927315,0.00791514926822856,10.611061096191406,12.004298329353333
697,0.23460415937006474,0.008580263413023204,10.597602844238281,12.004787564277649
698,0.2339431494474411,0.008112360024824739,10.584159851074219,11.998919248580933
699,0.2335762344300747,0.007859491975978017,10.570732116699219,12.000942826271057
700,0.2345073539763689,0.008945818757638335,10.557316780090332,11.99883759021759
701,0.23366078734397888,0.008222063828725368,10.543916702270508,11.999956727027893
702,0.23413061909377575,0.008842418435961008,10.53053092956543,11.998289704322815
703,0.23308290168642998,0.007921131968032569,10.517160415649414,11.99901807308197
704,0.23215250298380852,0.007116254011634737,10.503803253173828,11.99982225894928
705,0.23183241114020348,0.0069049958838149905,10.490462303161621,12.00227952003479
706,0.23269536159932613,0.007852791110053658,10.477134704589844,12.00712251663208
707,0.23216790333390236,0.00750206847442314,10.463823318481445,12.002760767936707
708,0.2317319344729185,0.007193225552327931,10.450526237487793,12.003344655036926
709,0.23144217766821384,0.007095495471730828,10.43724250793457,11.997426390647888
710,0.2327752448618412,0.008502243494149297,10.42397403717041,12.003325939178467
711,0.2326315212994814,0.008515820256434381,10.410992622375488,12.0005784034729
712,0.23132049851119518,0.007321251789107919,10.397997856140137,12.001927137374878
713,0.232131477445364,0.00823998509440571,10.384994506835938,12.00415551662445
714,0.23226272501051426,0.00853028247365728,10.372056007385254,12.00118863582611
715,0.2313421219587326,0.007765372516587377,10.35927963256836,11.998396515846252
716,0.2321427557617426,0.008640564687084407,10.346474647521973,12.003744721412659
717,0.231755793094635,0.008380859682802111,10.333645820617676,12.0038480758667
718,0.2310827076435089,0.007813722302671522,10.320796966552734,12.006101965904236
719,0.23124440759420395,0.00814471417106688,10.307930946350098,12.002039432525635
720,0.23198090121150017,0.008984686399344355,10.295051574707031,12.004570364952087
721,0.23108920082449913,0.008266610675491393,10.282244682312012,12.000014901161194
722,0.23030951991677284,0.007621936500072479,10.269420623779297,11.999338030815125
723,0.23048894852399826,0.007879954879172146,10.256584167480469,12.004315853118896
724,0.23004555702209473,0.007598758384119719,10.24373722076416,12.000943183898926
725,0.23078738525509834,0.008425442851148546,10.230880737304688,12.005314350128174
726,0.2306301575154066,0.008416119671892375,10.218019485473633,12.003385066986084
727,0.22895760275423527,0.006886690447572619,10.205154418945312,12.001937627792358
728,0.22947018034756184,0.007560518279206008,10.192285537719727,11.998680830001831
729,0.23043334297835827,0.008611650788225234,10.17941665649414,12.002753257751465
730,0.22992664016783237,0.00821733387419954,10.166549682617188,12.00438117980957
731,0.2292105983942747,0.007683639181777835,10.153684616088867,11.999011874198914
732,0.22984823025763035,0.008393815602175891,10.140825271606445,12.004616498947144
733,0.228709127753973,0.007423291390296072,10.127967834472656,12.000616312026978
734,0.22852066159248352,0.00735532765975222,10.115116119384766,12.001417398452759
735,0.2289287205785513,0.007862746191676706,10.102272033691406,12.004325866699219
736,0.2284516617655754,0.007538277539424598,10.089434623718262,12.001903891563416
737,0.22926273196935654,0.008472171088214964,10.076606750488281,12.002450108528137
738,0.2271539494395256,0.006539099442306906,10.063787460327148,11.997697710990906
739,0.2284446284174919,0.007884466671384871,10.050975799560547,12.005040645599365
740,0.22895350493490696,0.008513687236700207,10.03817367553711,12.005808591842651
741,0.22873526811599731,0.008466641244012862,10.025382995605469,12.001480102539062
742,0.22817163914442062,0.00803755538072437,10.012602806091309,12.000806093215942
743,0.22710482962429523,0.007104469812475145,9.999834060668945,12.000202298164368
744,0.22726280242204666,0.007391059189103544,9.987075805664062,12.000098705291748
745,0.2292542438954115,0.009479041502345353,9.974328994750977,12.003192067146301
746,0.22620685026049614,0.006579091306775808,9.961594581604004,12.001181721687317
747,0.22677274607121944,0.007245574670378119,9.948870658874512,12.003847002983093
748,0.22690318897366524,0.0075483889086171985,9.93616008758545,11.999320387840271
749,0.22675581835210323,0.007495763944461942,9.9234619140625,12.002544045448303
750,0.22637601383030415,0.007271045004017651,9.910778045654297,11.999719023704529
751,0.22773384861648083,0.00871330255176872,9.898104667663574,12.003950357437134
752,0.22697573900222778,0.00811265455558896,9.885444641113281,12.000864505767822
753,0.22670289687812328,0.007949881488457322,9.872797012329102,12.002504706382751
754,0.2260037511587143,0.007395281281787902,9.860163688659668,12.000683903694153
755,0.2258309442549944,0.007331907341722399,9.847541809082031,12.00236189365387
756,0.22573716938495636,0.007350957952439785,9.83493423461914,12.003687143325806
757,0.2257545366883278,0.007487592229153961,9.82234001159668,12.00435495376587
758,0.22605243884027004,0.007891174464020878,9.809761047363281,12.006365656852722
759,0.2248696368187666,0.006895924918353558,9.797192573547363,12.000179171562195
760,0.22544451616704464,0.007623577024787664,9.784637451171875,11.997456789016724
761,0.22634591162204742,0.008650349103845656,9.77209758758545,11.997459292411804
762,0.22552588023245335,0.007936857698950917,9.759571075439453,11.999332189559937
763,0.22636370733380318,0.008916931285057217,9.74705696105957,11.997621297836304
764,0.2251766137778759,0.007764493173453957,9.73455810546875,12.006654381752014
765,0.2257939949631691,0.008495022309944034,9.722071647644043,12.007826447486877
766,0.2249999027699232,0.007851845817640424,9.709599494934082,12.005206108093262
767,0.22476860135793686,0.007752845878712833,9.697138786315918,12.004437685012817
768,0.22485526278614998,0.008018072810955346,9.6846923828125,11.999026656150818
769,0.22571662440896034,0.008957448066212237,9.672261238098145,12.003656506538391
770,0.22573518007993698,0.009142920025624335,9.659879684448242,11.999346733093262
771,0.22346805967390537,0.00700087082805112,9.647663116455078,11.999056458473206
772,0.22379559092223644,0.007431115780491382,9.635440826416016,12.001007199287415
773,0.22500894218683243,0.008774362853728235,9.623214721679688,12.000243544578552
774,0.22490058653056622,0.008721911057364196,9.610986709594727,12.00688099861145
775,0.22386299073696136,0.00784956436837092,9.59892463684082,12.002418756484985
776,0.22306099347770214,0.007179387321230024,9.586845397949219,12.001314997673035
777,0.2233258280903101,0.007566368149127811,9.574752807617188,12.001193881034851
778,0.22408446855843067,0.008434444956947118,9.562650680541992,12.002352714538574
779,0.22466770373284817,0.009106948506087065,9.550728797912598,12.00534725189209
780,0.22350389324128628,0.008100325881969184,9.538884162902832,12.001473069190979
781,0.22328704595565796,0.007955024659167975,9.527008056640625,12.006194710731506
782,0.22174828685820103,0.006593425176106393,9.515103340148926,12.000383734703064
783,0.2239122223109007,0.008858460176270455,9.50317668914795,12.002199649810791
784,0.22281301580369473,0.007866384170483798,9.49130916595459,12.003354668617249
785,0.22343719005584717,0.008629742194898427,9.479416847229004,12.001328110694885
786,0.22153686545789242,0.006855331361293793,9.467503547668457,12.0006502866745
787,0.22147469222545624,0.00690612947801128,9.455574035644531,12.001283407211304
788,0.22135010175406933,0.006918967701494694,9.443629264831543,11.99948501586914
789,0.22162096947431564,0.00729198771296069,9.431673049926758,12.001225233078003
790,0.22150936536490917,0.007306606566999108,9.419708251953125,12.000568389892578
791,0.22177563421428204,0.00760637765051797,9.407736778259277,12.009189128875732
792,0.22087495028972626,0.006854441366158426,9.395760536193848,12.006290555000305
793,0.2207392081618309,0.00688324827933684,9.383781433105469,12.00181519985199
794,0.22190137207508087,0.00813729187939316,9.371800422668457,12.004608511924744
795,0.22132820822298527,0.00774034415371716,9.359884262084961,11.998902320861816
796,0.22168826684355736,0.00819404621142894,9.347969055175781,12.001453399658203
797,0.22118258476257324,0.007802078383974731,9.33604907989502,12.002001881599426
798,0.22154539451003075,0.008284369658213109,9.324128150939941,12.001974701881409
799,0.22136072628200054,0.008193587767891586,9.31220531463623,12.004509449005127
800,0.2202240712940693,0.007232395524624735,9.30028247833252,11.99888527393341
801,0.222025653347373,0.009130106365773827,9.288363456726074,12.00119173526764
802,0.22098921611905098,0.008218084927648306,9.276447296142578,12.00066590309143
803,0.21997462026774883,0.007334571389947087,9.264533996582031,11.999470949172974
804,0.22091677226126194,0.008362305699847639,9.252626419067383,12.002820611000061
805,0.2207311913371086,0.008317662810441107,9.24072265625,12.000630617141724
806,0.2201115544885397,0.0077882480109110475,9.228827476501465,12.003503441810608
807,0.22005761042237282,0.007895498536527157,9.216939926147461,11.999271869659424
808,0.22006431221961975,0.007976939261425287,9.205059051513672,12.003678560256958
809,0.2194766364991665,0.0074845183989964426,9.19318675994873,12.006025433540344
810,0.22056621126830578,0.00873019901337102,9.181323051452637,12.002278685569763
811,0.21924999356269836,0.007499407627619803,9.169466972351074,12.005592107772827
812,0.21955200657248497,0.007951856590807438,9.157621383666992,12.002394199371338
813,0.21863009594380856,0.007161543122492731,9.14578628540039,12.00106966495514
814,0.21900163404643536,0.007675343542359769,9.133959770202637,11.998670220375061
815,0.21951638907194138,0.008295251871459186,9.122145652770996,11.999968886375427
816,0.2186142336577177,0.007511931471526623,9.110342025756836,11.99988865852356
817,0.21898607350885868,0.007964660471770912,9.098548889160156,12.00359332561493
818,0.21944317780435085,0.008545811346266419,9.086767196655273,12.002970099449158
819,0.21723501943051815,0.006468441162724048,9.074995040893555,12.001662969589233
820,0.2185202967375517,0.007862906553782523,9.06323528289795,12.002503871917725
821,0.21903286315500736,0.008500428521074355,9.05148696899414,12.001757264137268
822,0.21779301762580872,0.007403071504086256,9.039749145507812,11.999245762825012
823,0.21800318732857704,0.007720222929492593,9.028024673461914,12.000272631645203
824,0.21733849309384823,0.007176380720920861,9.016311645507812,11.999900341033936
825,0.21878167800605297,0.008699756523128599,9.004611015319824,12.003581762313843
826,0.21742301993072033,0.007474242185708135,8.992920875549316,12.001957416534424
827,0.21853458508849144,0.00867642107186839,8.981244087219238,12.004573225975037
828,0.21737810410559177,0.007662824471481144,8.969579696655273,12.001948356628418
829,0.2177320457994938,0.008150531095452607,8.957926750183105,12.00022566318512
830,0.21698738262057304,0.007531688781455159,8.946287155151367,11.999282717704773
831,0.2169650960713625,0.007625034311786294,8.93465805053711,11.999348521232605
832,0.21691713854670525,0.007685462711378932,8.923042297363281,12.000126004219055
833,0.21631857007741928,0.00714539346517995,8.91143798828125,12.00588059425354
834,0.21637822315096855,0.0073701642686501145,8.899847030639648,12.000959396362305
835,0.21639619208872318,0.007461923232767731,8.888301849365234,12.005125284194946
836,0.21629109606146812,0.007518694212194532,8.8767671585083,12.000473380088806
837,0.2160173412412405,0.0073550736997276545,8.865241050720215,12.000986218452454
838,0.2150525227189064,0.006510564824566245,8.853724479675293,12.000471353530884
839,0.21589106507599354,0.007466784561984241,8.842217445373535,12.000211119651794
840,0.21734492294490337,0.009017850505188107,8.830720901489258,12.001986265182495
841,0.21622821502387524,0.00804284296464175,8.819234848022461,11.999303221702576
842,0.21643764898180962,0.0083323082071729,8.807889938354492,12.002645373344421
843,0.21578705310821533,0.007808175694663078,8.796542167663574,12.001345992088318
844,0.2151965405791998,0.007356397341936827,8.785192489624023,11.998822927474976
845,0.2153045255690813,0.007577052689157426,8.773842811584473,11.998905062675476
846,0.21594717912375927,0.00832441047532484,8.762495040893555,11.99978256225586
847,0.21534952521324158,0.007801034429576248,8.7512788772583,12.003571033477783
848,0.21474909782409668,0.007282355916686356,8.740053176879883,12.006621241569519
849,0.2152762170881033,0.007938980706967413,8.728819847106934,12.004904747009277
850,0.2161257453262806,0.008896846033167094,8.71757984161377,12.005310773849487
851,0.2139148786664009,0.006854940904304385,8.70654296875,11.999451160430908
852,0.2152888011187315,0.008321399567648768,8.695480346679688,12.00126051902771
853,0.21449544839560986,0.007610489206854254,8.68440055847168,12.004095792770386
854,0.2154550664126873,0.008712855342309922,8.673357963562012,12.000863552093506
855,0.21449572406709194,0.007869002176448703,8.662429809570312,12.000242590904236
856,0.2130302432924509,0.006540721806231886,8.651472091674805,11.997480154037476
857,0.21426514349877834,0.007853026909288019,8.640486717224121,12.000725150108337
858,0.2145272232592106,0.008223453012760729,8.629480361938477,12.000897407531738
859,0.21367393620312214,0.007500642794184387,8.618532180786133,11.99879765510559
860,0.21408698335289955,0.007993436942342669,8.607559204101562,12.001795887947083
861,0.2141522280871868,0.008168124128133059,8.59656810760498,12.001842856407166
862,0.21407407708466053,0.008194032532628626,8.585561752319336,12.002442598342896
863,0.2139737494289875,0.008163432299625129,8.574541091918945,12.00649118423462
864,0.2137329801917076,0.008057101629674435,8.563508987426758,12.004079103469849
865,0.21319897286593914,0.007626927399542183,8.552468299865723,12.004737257957458
866,0.21249270997941494,0.0070416543749161065,8.541420936584473,12.003684878349304
867,0.21310988254845142,0.007821896695531905,8.53036880493164,11.998430490493774
868,0.2123637292534113,0.007183286361396313,8.51931381225586,11.998731255531311
869,0.21335874497890472,0.008285250107292086,8.508257865905762,11.99909245967865
870,0.21209155395627022,0.007141251175198704,8.497200012207031,11.997830271720886
871,0.21255529671907425,0.007706977834459394,8.486144065856934,11.998687744140625
872,0.21234086900949478,0.007596576353535056,8.475090980529785,11.99933910369873
873,0.2122427262365818,0.007556902477517724,8.464040756225586,12.004541873931885
874,0.21260022558271885,0.008043480047490448,8.452993392944336,12.002681970596313
875,0.21258088946342468,0.008117702906019986,8.441951751708984,12.004367470741272
876,0.21202634274959564,0.007688945101108402,8.430914878845215,12.002825736999512
877,0.21171028725802898,0.007509618299081922,8.419883728027344,12.000183820724487
878,0.21188997477293015,0.007801282394211739,8.408860206604004,12.000009298324585
879,0.21187712624669075,0.007909377687610686,8.397844314575195,11.998930811882019
880,0.21222960017621517,0.008373472257517278,8.386836051940918,11.998777151107788
881,0.21103711985051632,0.007264104962814599,8.375835418701172,12.001466512680054
882,0.21039988473057747,0.006746646424289793,8.364843368530273,12.000481367111206
883,0.21237050741910934,0.008801976626273245,8.353860855102539,12.002992749214172
884,0.21152226999402046,0.008072926662862301,8.342885971069336,12.002048373222351
885,0.21128394454717636,0.007957160356454551,8.331921577453613,12.000757098197937
886,0.20987469144165516,0.006658313621301204,8.320966720581055,12.000671982765198
887,0.2098925095051527,0.006789216538891196,8.310020446777344,12.000309348106384
888,0.21032126247882843,0.007287710322998464,8.29908561706543,12.004270076751709
889,0.21084799244999886,0.007902947545517236,8.28816032409668,12.006344556808472
890,0.21093776635825634,0.008154026814736426,8.27724552154541,12.001128554344177
891,0.21101094782352448,0.008340311120264232,8.266341209411621,12.000722765922546
892,0.20976122096180916,0.0072187508922070265,8.255447387695312,11.998799920082092
893,0.21120986714959145,0.008751105284318328,8.2445650100708,12.001311302185059
894,0.20956575125455856,0.00725290400441736,8.233694076538086,11.997590780258179
895,0.21046929620206356,0.008251876628492028,8.222831726074219,11.998910546302795
896,0.20992505736649036,0.007779354578815401,8.211981773376465,12.002588748931885
897,0.20870993100106716,0.006672159768640995,8.201142311096191,12.00263500213623
898,0.20947392098605633,0.007529568276368082,8.190315246582031,12.004120349884033
899,0.209589883685112,0.007757942425087094,8.179497718811035,12.003697037696838
900,0.2084991242736578,0.006777691771276295,8.168692588806152,12.003451585769653
901,0.20912212505936623,0.007515050703659654,8.157898902893066,12.002809405326843
902,0.20904283225536346,0.007533330761361867,8.147116661071777,12.003833651542664
903,0.2087385393679142,0.007366357313003391,8.136343002319336,12.00087594985962
904,0.2089709583669901,0.007714328938163817,8.125582695007324,12.000080704689026
905,0.20869197137653828,0.007541625935118645,8.114832878112793,12.000202178955078
906,0.20885374024510384,0.007818560348823667,8.104095458984375,11.999422311782837
907,0.20946131460368633,0.008496010501403362,8.093369483947754,12.003161191940308
908,0.20812743343412876,0.007317235809750855,8.08265495300293,11.998364806175232
909,0.20893468894064426,0.00818457145942375,8.071950912475586,12.003061413764954
910,0.20840522274374962,0.0077980837668292224,8.061259269714355,11.999454736709595
911,0.20727607049047947,0.006735659437254071,8.050578117370605,12.00346314907074
912,0.20875106193125248,0.008320007007569075,8.039909362792969,12.003196597099304
913,0.20758409425616264,0.00728278118185699,8.029250144958496,12.000881791114807
914,0.2089263889938593,0.008704948180820793,8.018604278564453,12.003540396690369
915,0.2078081239014864,0.007726523792371154,8.00796890258789,12.00019085407257
916,0.20900090597569942,0.008981681254226714,7.997344970703125,12.004578232765198
917,0.20652251690626144,0.0066445713164284825,7.986733436584473,12.00106132030487
918,0.20737910084426403,0.007613550988025963,7.976132392883301,12.000423431396484
919,0.20727391354739666,0.007606690865941346,7.965542793273926,12.001180171966553
920,0.20755446329712868,0.00802080862922594,7.954965591430664,11.998400449752808
921,0.2063983753323555,0.006948275840841234,7.944398403167725,12.000612020492554
922,0.20774068869650364,0.008394150820095092,7.933842658996582,12.000811576843262
923,0.20684616826474667,0.007601311895996332,7.9232988357543945,12.001186966896057
924,0.20656820945441723,0.007427994278259575,7.912766456604004,12.001255512237549
925,0.20700723677873611,0.007940298179164529,7.902246475219727,12.00444781780243
926,0.206798380240798,0.007868869113735855,7.891735553741455,12.001215815544128
927,0.20700844936072826,0.00816151441540569,7.881236553192139,12.00345754623413
928,0.2069842331111431,0.008246034500189126,7.870748519897461,12.003071069717407
929,0.20581761933863163,0.007232579926494509,7.8602728843688965,11.998232245445251
930,0.2061437238007784,0.0076250308775343,7.8498077392578125,12.00206196308136
931,0.20571580342948437,0.007312527217436582,7.839354991912842,12.000973105430603
932,0.20597604475915432,0.0076598539017140865,7.82891321182251,12.00270664691925
933,0.20567806623876095,0.007464657304808497,7.818482875823975,12.002858400344849
934,0.20621898770332336,0.008125178515911102,7.80806303024292,12.001318097114563
935,0.2050846554338932,0.007113637344446033,7.797654628753662,11.999447345733643
936,0.20554895885288715,0.007681886141654104,7.787256717681885,11.999451041221619
937,0.2059352919459343,0.008156494703143835,7.7768707275390625,12.001009345054626
938,0.20548022352159023,0.007821379113011062,7.766496658325195,11.999388098716736
939,0.20503022335469723,0.007466252602171153,7.756133079528809,12.000264763832092
940,0.20431068167090416,0.006829303223639727,7.7457804679870605,12.002358436584473
941,0.20502356626093388,0.007635054993443191,7.735440254211426,12.003411054611206
942,0.20473676919937134,0.007479822263121605,7.7251105308532715,12.00058400630951
943,0.20380577072501183,0.006650857510976493,7.714791297912598,12.00070071220398
944,0.204056179150939,0.007010391389485449,7.704483985900879,12.000095129013062
945,0.20438921451568604,0.0074262620764784515,7.694186687469482,12.002109289169312
946,0.20395047403872013,0.007106079312507063,7.683901786804199,12.000538229942322
947,0.20547758974134922,0.008687840774655342,7.6736273765563965,12.005348443984985
948,0.20467809028923512,0.008028876851312816,7.663364410400391,12.00155770778656
949,0.20401494577527046,0.007465582515578717,7.653112411499023,12.001824498176575
950,0.2038974929600954,0.0074633381445892155,7.642871856689453,12.000543713569641
951,0.20377638936042786,0.007431340287439525,7.632641792297363,12.001863360404968
952,0.2037079706788063,0.007492587435990572,7.622422695159912,11.99911630153656
953,0.20550093799829483,0.00937720900401473,7.612215042114258,12.000158309936523
954,0.20433873310685158,0.008291807258501649,7.602017879486084,12.002675294876099
955,0.20391044579446316,0.007984066614881158,7.591831684112549,12.000806450843811
956,0.20325636118650436,0.007420464069582522,7.5816569328308105,12.001933693885803
957,0.20265866070985794,0.006913489429280162,7.571493148803711,12.003024816513062
958,0.20153086446225643,0.005917488189879805,7.561340808868408,11.99999713897705
959,0.20277772843837738,0.007265049847774208,7.5511980056762695,12.000070691108704
960,0.2028280757367611,0.007401295413728803,7.541068077087402,12.001610279083252
961,0.20296810008585453,0.007618484611157328,7.530948162078857,12.004014134407043
962,0.20258889347314835,0.007333856308832765,7.520839214324951,12.00466537475586
963,0.20271341875195503,0.007590508321300149,7.510741710662842,12.00154972076416
964,0.2033605743199587,0.008300964836962521,7.500654220581055,12.00530755519867
965,0.20122379809617996,0.006319108884781599,7.490577697753906,11.999891877174377
966,0.20198923163115978,0.007199793646577746,7.480511665344238,11.998432397842407
967,0.20258391834795475,0.00787468091584742,7.470458030700684,12.000465869903564
968,0.20229561813175678,0.007670236693229526,7.460414886474609,12.002123832702637
969,0.20243444480001926,0.007908077735919505,7.450381755828857,12.00225555896759
970,0.20229557529091835,0.00783280108589679,7.440360069274902,12.0059175491333
971,0.2027668058872223,0.00839950074441731,7.430348873138428,12.006382703781128
972,0.2028169333934784,0.00857851334149018,7.42034912109375,12.003493070602417
973,0.2015920765697956,0.007483920315280557,7.4103593826293945,12.0004563331604
974,0.2017444223165512,0.007732025405857712,7.400381565093994,12.000858426094055
975,0.20274997130036354,0.008779430470895022,7.390413284301758,12.006640791893005
976,0.2015373408794403,0.007744647504296154,7.380457401275635,11.998812675476074
977,0.2013391349464655,0.0076285231043584645,7.370511054992676,12.000550746917725
978,0.20114348642528057,0.007504800800234079,7.36057710647583,12.003291606903076
979,0.20091325603425503,0.007410703809000552,7.350651264190674,11.999604344367981
980,0.20107666961848736,0.007636315480340272,7.340737819671631,12.003298044204712
981,0.20055154524743557,0.007242784195113927,7.330928802490234,11.999947786331177
982,0.20090041123330593,0.007670519466046244,7.321120738983154,12.001868486404419
983,0.20039652287960052,0.007261049700900912,7.311314582824707,12.002232909202576
984,0.20018877275288105,0.007140482543036342,7.301510810852051,12.003318071365356
985,0.20122616738080978,0.0082433195784688,7.29171085357666,12.006574273109436
986,0.20075751468539238,0.007917697774246335,7.28191614151001,12.002065658569336
987,0.20171494036912918,0.008964091131929308,7.272125720977783,12.002959370613098
988,0.20051101222634315,0.007888217049185187,7.2623419761657715,11.999938011169434
989,0.200447216629982,0.007921174517832696,7.2525634765625,12.000040888786316
990,0.200920682400465,0.008480947057250887,7.242791175842285,12.001182317733765
991,0.20114748179912567,0.008770999207627028,7.233026027679443,12.0046226978302
992,0.20083106495440006,0.008572046761400998,7.223268032073975,12.002634167671204
993,0.20070586912333965,0.008544092066586018,7.213517665863037,12.002660512924194
994,0.20037517324090004,0.008329243515618145,7.203775405883789,12.000818610191345
995,0.20005819387733936,0.008140287885908037,7.1940412521362305,11.997749328613281
996,0.20041421242058277,0.008588531811255962,7.184319972991943,11.998248815536499
997,0.19908005185425282,0.007373259752057493,7.174703121185303,11.995976567268372
998,0.19933065585792065,0.007677026034798473,7.1650848388671875,12.000278234481812
999,0.1995778288692236,0.007961371913552284,7.155466079711914,12.006179690361023
1000,0.20023224875330925,0.008721462450921535,7.145848274230957,12.005230784416199
1001,0.19946839101612568,0.00805938895791769,7.136232376098633,12.004668116569519
1002,0.1989841777831316,0.0077185791451483965,7.126618385314941,11.99994146823883
1003,0.19812284596264362,0.0069565054145641625,7.117008209228516,11.99962568283081
1004,0.1980972308665514,0.006985896616242826,7.107401371002197,12.003732681274414
1005,0.19903278537094593,0.008030490600503981,7.097799777984619,12.002430081367493
1006,0.19865978695452213,0.007730707642622292,7.0882039070129395,12.004704356193542
1007,0.19779415987432003,0.006974889663979411,7.07861328125,12.003313541412354
1008,0.19842169992625713,0.007732121448498219,7.069028854370117,11.999929547309875
1009,0.19868171960115433,0.008074110141023993,7.059451103210449,12.001309990882874
1010,0.19779608771204948,0.007312186644412577,7.049880504608154,11.998510122299194
1011,0.19832376204431057,0.007923150551505387,7.040317058563232,11.999744772911072
1012,0.19821589812636375,0.00788947707042098,7.030761241912842,12.001880764961243
1013,0.1974556613713503,0.007232090691104531,7.021213531494141,12.00114381313324
1014,0.1978214867413044,0.007691358623560518,7.0116729736328125,12.00134027004242
1015,0.1977547500282526,0.00772030942607671,7.002141952514648,12.001301765441895
1016,0.19776503182947636,0.007811209419742227,6.992619514465332,12.00276267528534
1017,0.1978621520102024,0.007995772757567465,6.983105659484863,12.003532528877258
1018,0.1971874162554741,0.007429052435327321,6.973601341247559,12.002235651016235
1019,0.1974243577569723,0.007756912033073604,6.964104652404785,12.00264036655426
1020,0.1976356990635395,0.008080659434199333,6.954617023468018,12.000887274742126
1021,0.1967837419360876,0.007339442381635308,6.945138931274414,11.9992915391922
1022,0.19739813171327114,0.008043387613724917,6.935669898986816,11.999805331230164
1023,0.19699054397642612,0.007696969201788306,6.926210880279541,12.003146886825562
1024,0.1961041372269392,0.006941365776583552,6.916762351989746,11.999514937400818
1025,0.19679516553878784,0.007703676470555365,6.907321929931641,12.001827597618103
1026,0.19611267372965813,0.007092983229085803,6.897891044616699,12.00407874584198
1027,0.19674895331263542,0.007853665098082274,6.88847017288208,12.001059412956238
1028,0.1952864844352007,0.0065004469943232834,6.879058837890625,11.999545454978943
1029,0.19620844721794128,0.00747151073301211,6.869657516479492,12.004036784172058
1030,0.19522780552506447,0.006624533154536039,6.860266208648682,12.000061631202698
1031,0.19654246605932713,0.00798701582243666,6.850884437561035,12.004661083221436
1032,0.19605509750545025,0.00762129167560488,6.841512680053711,12.00186812877655
1033,0.19550006836652756,0.007155107392463833,6.832149028778076,12.002347707748413
1034,0.19567896611988544,0.007425917603541166,6.822797775268555,12.002507328987122
1035,0.19467809051275253,0.006549309939146042,6.8134565353393555,11.999421954154968
1036,0.19550213776528835,0.007456148217897862,6.804123878479004,12.000475764274597
1037,0.19687381945550442,0.008899016014765948,6.794801712036133,12.002679347991943
1038,0.19464550726115704,0.006792495143599808,6.785489082336426,11.999812841415405
1039,0.19549953378736973,0.007738776504993439,6.776185989379883,11.999889850616455
1040,0.1952957808971405,0.0076117258868180215,6.76689338684082,12.001513004302979
1041,0.1947353072464466,0.007147068565245718,6.7576117515563965,12.001212477684021
1042,0.19479495473206043,0.00730424391804263,6.74833869934082,12.00073254108429
1043,0.19503063522279263,0.007607985637150705,6.739077091217041,12.003188371658325
1044,0.19562972337007523,0.008309337659738958,6.729823589324951,12.00221562385559
1045,0.1954895220696926,0.008245844626799226,6.7205810546875,12.003787159919739
1046,0.19434084929525852,0.007200587715487927,6.711347579956055,12.002678871154785
1047,0.19473304972052574,0.007693057123105973,6.702125549316406,12.001874327659607
1048,0.19563904590904713,0.008707947854418308,6.692912578582764,12.000197649002075
1049,0.19466221146285534,0.007830636110156775,6.683710098266602,11.99944794178009
1050,0.19548857398331165,0.008728990389499813,6.674517631530762,12.001441240310669
1051,0.19394443556666374,0.0072845141985453665,6.6653337478637695,12.000659108161926
1052,0.1958107240498066,0.009230896190274507,6.656161308288574,12.001822113990784
1053,0.19462702050805092,0.008129539899528027,6.646997928619385,12.002751111984253
1054,0.19320408627390862,0.006799327675253153,6.637845039367676,12.002630710601807
1055,0.19368965551257133,0.007404099102132022,6.628702163696289,11.99985420703888
1056,0.1936884969472885,0.007480255444534123,6.619568347930908,12.001256346702576
1057,0.1945157740265131,0.008396110846661031,6.61044454574585,12.001522779464722
1058,0.19348203018307686,0.007452779565937817,6.60133171081543,12.001593589782715
1059,0.1939787156879902,0.008034079743083566,6.592227458953857,12.002236247062683
1060,0.19410921074450016,0.008249375910963863,6.583133697509766,12.002850532531738
1061,0.19356520287692547,0.007806104724295437,6.574050426483154,12.001859903335571
1062,0.19229759275913239,0.006680522987153381,6.564975738525391,11.996731758117676
1063,0.19374916516244411,0.008161149569787085,6.555911540985107,12.002890944480896
1064,0.19273639656603336,0.00726459629368037,6.546857833862305,12.000322222709656
1065,0.1927341353148222,0.0073625645018182695,6.537813186645508,11.99934434890747
1066,0.19371042028069496,0.008394563221372664,6.528779029846191,12.002806782722473
1067,0.1928345412015915,0.007618934323545545,6.519754409790039,12.001806616783142
1068,0.1932309791445732,0.008076810045167804,6.510768890380859,12.004647970199585
1069,0.19241946935653687,0.00739815435372293,6.501790523529053,12.000341773033142
1070,0.19340482726693153,0.008481255150400102,6.492819309234619,11.99953842163086
1071,0.19324149377644062,0.00836276588961482,6.483855724334717,12.004016876220703
1072,0.19207432866096497,0.007331086206249893,6.4750075340271,11.999317169189453
1073,0.19164127297699451,0.00697106693405658,6.466155052185059,12.000865817070007
1074,0.19240710325539112,0.007799098908435553,6.457301139831543,12.003499507904053
1075,0.19175018556416035,0.007260948419570923,6.448446750640869,12.000477194786072
1076,0.1933753564953804,0.008936412981711328,6.4395928382873535,12.004301905632019
1077,0.19211742654442787,0.007797572878189385,6.4307403564453125,12.001245856285095
1078,0.19193134270608425,0.007690313446801156,6.421889781951904,12.002213716506958
1079,0.19126802496612072,0.007110592094250023,6.413041114807129,12.002702355384827
1080,0.19252628833055496,0.008439632947556674,6.404196739196777,12.004469156265259
1081,0.19162556156516075,0.007665563374757767,6.39535665512085,12.000643610954285
1082,0.1908501498401165,0.006997108808718622,6.386520862579346,11.998783349990845
1083,0.19179453887045383,0.008006393734831363,6.377689838409424,12.001125574111938
1084,0.19107761047780514,0.007380019989795983,6.368865013122559,12.00089406967163
1085,0.19138013571500778,0.007791120151523501,6.360045433044434,11.998857021331787
1086,0.19197122380137444,0.008406415348872542,6.351232528686523,12.005248785018921
1087,0.19078108295798302,0.0073278655763715506,6.3424272537231445,12.002894759178162
1088,0.19103498943150043,0.007661322189960629,6.333628177642822,12.003738403320312
1089,0.1918467190116644,0.008570086036343127,6.324836254119873,12.002827644348145
1090,0.19076280109584332,0.007578366552479565,6.316052436828613,12.002391576766968
1091,0.19072271510958672,0.0076473146909847856,6.307275772094727,12.000264644622803
1092,0.19135797023773193,0.0083570844726637,6.298506736755371,12.001582503318787
1093,0.18950023502111435,0.006605909729842097,6.289744853973389,11.999688386917114
1094,0.1901992615312338,0.007385127188172191,6.280992031097412,12.000421643257141
1095,0.18994932994246483,0.0072391320136375725,6.272248268127441,11.998771786689758
1096,0.1896888166666031,0.007036130351480097,6.26351261138916,12.00175654888153
1097,0.1899783704429865,0.007442463072948158,6.25478458404541,11.998806476593018
1098,0.18982096388936043,0.00733987899729982,6.246067047119141,12.002041697502136
1099,0.1891681794077158,0.006778389739338309,6.237356185913086,12.001623153686523
1100,0.18927362747490406,0.006958423007745296,6.2286553382873535,12.0028657913208
1101,0.1893456857651472,0.007118724344763905,6.2199625968933105,12.002733826637268
1102,0.18959959037601948,0.007459946733433753,6.211278438568115,12.002686619758606
1103,0.18983223102986813,0.007791903160978109,6.202604293823242,12.001428842544556
1104,0.18909544125199318,0.007150717021431774,6.193938732147217,12.000534176826477
1105,0.1895333155989647,0.007682213967200369,6.185282230377197,11.999828934669495
1106,0.18995383940637112,0.008177731768228114,6.176634788513184,12.00097644329071
1107,0.18947344459593296,0.007792134420014918,6.167995929718018,12.00013542175293
1108,0.18848322704434395,0.006882217596285045,6.159366607666016,12.00073528289795
1109,0.18933175317943096,0.007821168750524521,6.1507463455200195,12.000312209129333
1110,0.18904534354805946,0.007615705137141049,6.1421356201171875,12.000828742980957
1111,0.189687205478549,0.00833937618881464,6.133533477783203,12.00124990940094
1112,0.18874965980648994,0.007490121002774686,6.124941349029541,12.001012802124023
1113,0.18895181268453598,0.007773172517772764,6.116357803344727,12.001506447792053
1114,0.18882456980645657,0.007727005693595856,6.107784271240234,12.001972913742065
1115,0.1892919596284628,0.008267047698609531,6.09921932220459,12.003272294998169
1116,0.18819003365933895,0.007264365907758474,6.090663909912109,12.001903295516968
1117,0.18794785253703594,0.007098499045241624,6.082117557525635,12.002817988395691
1118,0.18834688514471054,0.007623763114679605,6.073580741882324,11.99873173236847
1119,0.18835887126624584,0.007713838771451265,6.0650529861450195,11.99945056438446
1120,0.18885665200650692,0.008295678766444325,6.0565338134765625,11.999563694000244
1121,0.18743722327053547,0.006976567790843546,6.048025608062744,11.998040199279785
1122,0.1882786527276039,0.00785846111830324,6.039525508880615,12.00249433517456
1123,0.18799247778952122,0.0076643325737677515,6.031034469604492,12.00178050994873
1124,0.187868045642972,0.007602660451084375,6.022553443908691,12.00398576259613
1125,0.18748952820897102,0.007302753161638975,6.01408052444458,12.004597187042236
1126,0.18738208338618279,0.007311146939173341,6.005617618560791,12.001476168632507
1127,0.18693163432180882,0.006965930515434593,5.997164726257324,11.999406218528748
1128,0.18758060224354267,0.00770072458544746,5.988719940185547,11.999268293380737
1129,0.1886439174413681,0.00882868020562455,5.980284690856934,12.00123906135559
1130,0.18722368590533733,0.007507037895265967,5.971858978271484,11.999805808067322
1131,0.18704739212989807,0.007394442509394139,5.963442802429199,12.001852035522461
1132,0.18687769398093224,0.007315899420063943,5.95503568649292,12.001144170761108
1133,0.1870824694633484,0.007634347944986075,5.946636199951172,11.998176336288452
1134,0.1876457780599594,0.008245697128586471,5.9382476806640625,12.001760601997375
1135,0.18792707473039627,0.008606725081335753,5.929868221282959,12.002167463302612
1136,0.18734909035265446,0.008119939710013568,5.921497821807861,12.001417756080627
1137,0.18776699528098106,0.00862443697405979,5.913136005401611,12.001120448112488
1138,0.1874935943633318,0.008432731032371521,5.904783725738525,12.0013028383255
1139,0.18609817326068878,0.007127336808480322,5.896502494812012,12.000581622123718
1140,0.18622873537242413,0.007345224672462791,5.888223648071289,12.000127792358398
1141,0.1859732661396265,0.007158015388995409,5.879948616027832,12.001576781272888
1142,0.18620545230805874,0.007474862912204117,5.871676921844482,12.00138235092163
1143,0.18573066778481007,0.007084229378961027,5.863409996032715,12.00123417377472
1144,0.1861557997763157,0.007575378054752946,5.8551483154296875,12.002894520759583
1145,0.1865295898169279,0.008058962994255126,5.846892833709717,12.000170111656189
1146,0.18715885654091835,0.008730402041692287,5.8386430740356445,12.004202485084534
1147,0.1864757016301155,0.008162507496308535,5.8303985595703125,12.00092101097107
1148,0.18708668649196625,0.008851210295688361,5.822160720825195,12.00138795375824
1149,0.18685687892138958,0.00871524284593761,5.813930034637451,12.000234007835388
1150,0.18574283644557,0.007699391921050847,5.805706024169922,11.998639106750488
1151,0.1860638279467821,0.008069716626778245,5.797489166259766,12.001922369003296
1152,0.18525541760027409,0.007338171009905636,5.789279460906982,12.002445697784424
1153,0.18635202944278717,0.008528677804861218,5.7810773849487305,12.00125765800476
1154,0.18534901179373264,0.0076216625166125596,5.77288293838501,11.999852538108826
1155,0.18561586178839207,0.00796521472511813,5.76469612121582,12.000369191169739
1156,0.18477180041372776,0.0071969625423662364,5.75651741027832,12.000967144966125
1157,0.18520472757518291,0.007713078986853361,5.748347282409668,12.00081741809845
1158,0.18536450527608395,0.007952164334710687,5.740185260772705,12.001049041748047
1159,0.18566100113093853,0.008314963080920279,5.732030391693115,12.002573728561401
1160,0.18467844277620316,0.007430747093167156,5.723883628845215,12.00088632106781
1161,0.18609306029975414,0.008895191480405629,5.71574592590332,12.004041314125061
1162,0.18483372032642365,0.007747141527943313,5.707615852355957,12.001042485237122
1163,0.18410507589578629,0.007101738592609763,5.6994948387146,12.000839233398438
1164,0.18408246897161007,0.007192916062194854,5.69138240814209,11.997573137283325
1165,0.1844617985188961,0.0076450209598988295,5.683278560638428,11.998400092124939
1166,0.18409811332821846,0.00734264450147748,5.675182819366455,12.000364303588867
1167,0.18540577217936516,0.008724981278646737,5.6670966148376465,12.000982999801636
1168,0.18414900451898575,0.0075475406483747065,5.659018516540527,12.001128435134888
1169,0.1854664795100689,0.0089247883297503,5.650949478149414,12.003219723701477
1170,0.184508191421628,0.008056681079324335,5.642888069152832,12.0022634267807
1171,0.18445000611245632,0.008072382188402116,5.634836196899414,12.00292694568634
1172,0.18413144163787365,0.007837524928618222,5.626792907714844,12.002599000930786
1173,0.18449904955923557,0.008267855213489383,5.618757724761963,12.004362106323242
1174,0.18325171433389187,0.007162691734265536,5.610732078552246,11.998170375823975
1175,0.18381288088858128,0.007817411271389574,5.602714538574219,11.996832966804504
1176,0.18323178216814995,0.007289971748832613,5.5947065353393555,11.999475002288818
1177,0.18435592018067837,0.00847057782812044,5.586706638336182,12.001828074455261
1178,0.18366544879972935,0.007844755542464554,5.578716278076172,12.003353476524353
1179,0.18345599807798862,0.00773726194165647,5.57073450088501,12.001139283180237
1180,0.1828993707895279,0.00726142042549327,5.5627617835998535,12.001033186912537
1181,0.18352920562028885,0.007962012139614671,5.5547966957092285,12.001922726631165
1182,0.18348808214068413,0.008007451426237822,5.546840667724609,12.001222729682922
1183,0.18333330936729908,0.007924142468255013,5.538893222808838,12.002023816108704
1184,0.18232492171227932,0.007002787082456052,5.5309553146362305,12.001258492469788
1185,0.18234992772340775,0.007121195085346699,5.523025989532471,11.999847888946533
1186,0.18249286524951458,0.007304519240278751,5.5151047706604,12.003730177879333
1187,0.18176871724426746,0.0066876792698167264,5.507193565368652,12.00091028213501
1188,0.1829503122717142,0.007924092409666628,5.499290943145752,12.003331542015076
1189,0.18263903446495533,0.007748384901788086,5.491396903991699,11.997668623924255
1190,0.18201435171067715,0.007187747920397669,5.483510494232178,11.999150156974792
1191,0.1819285750389099,0.007171249540988356,5.4756340980529785,12.000098943710327
1192,0.18262020125985146,0.007906080863904208,5.467765808105469,12.003646612167358
1193,0.18251676112413406,0.007890253385994583,5.459907054901123,12.002744317054749
1194,0.18251635879278183,0.007958862406667322,5.452056884765625,12.003693342208862
1195,0.18342625349760056,0.008945449662860483,5.444214820861816,12.003865718841553
1196,0.18222408555448055,0.00785401405300945,5.436381816864014,12.000625848770142
1197,0.18303250148892403,0.00874562724493444,5.428557395935059,12.000130414962769
1198,0.18172564171254635,0.007539999787695706,5.420880317687988,11.997684717178345
1199,0.18207968026399612,0.007970506558194757,5.413198471069336,11.997719287872314
1200,0.1816885620355606,0.007644243014510721,5.405511856079102,11.998920321464539
1201,0.18274372071027756,0.008750499808229506,5.397823810577393,12.001498937606812
1202,0.18125027045607567,0.007303431222680956,5.390312194824219,12.004372000694275
1203,0.18175026215612888,0.007875351002439857,5.382781505584717,12.004709839820862
1204,0.18145341984927654,0.007683475792873651,5.375235080718994,12.001760005950928
1205,0.18160423450171947,0.007909236825071275,5.367889881134033,12.001610517501831
1206,0.1820513680577278,0.0084428945556283,5.360511779785156,12.000335931777954
1207,0.1817016340792179,0.008182567602489144,5.353104114532471,11.998802900314331
1208,0.1817857213318348,0.008301276189740747,5.345860481262207,12.002584457397461
1209,0.18264712765812874,0.009230056661181152,5.33857536315918,12.003132462501526
1210,0.18311651796102524,0.009782247943803668,5.331254005432129,12.00217318534851
1211,0.18009084835648537,0.006842996663181111,5.324253082275391,12.000532507896423
1212,0.18609550595283508,0.012825975543819368,5.317187786102295,12.009765267372131
1213,0.18627119064331055,0.013047459535300732,5.310581684112549,12.011791467666626
1214,0.17984533496201038,0.006777034781407565,5.304413795471191,12.002416729927063
1215,0.1878135185688734,0.01479196548461914,5.298099517822266,12.004056215286255
1216,0.18985001742839813,0.016901614028029144,5.292206287384033,12.002634525299072
1217,0.18191214837133884,0.009040308534167707,5.286718845367432,12.000465512275696
1218,0.18937021493911743,0.016395903541706502,5.28126859664917,12.016162633895874
1219,0.19621566124260426,0.023216757690533996,5.2761640548706055,12.02372682094574
1220,0.18730567954480648,0.014493203372694552,5.27142858505249,12.009819626808167
1221,0.18012903444468975,0.007392922590952367,5.26696252822876,12.006648898124695
1222,0.18479301780462265,0.012170941918157041,5.262180328369141,12.000027775764465
1223,0.1803756132721901,0.007808029477018863,5.257546424865723,11.999212741851807
1224,0.18457652442157269,0.011962296557612717,5.252615451812744,12.00880777835846
1225,0.18510698899626732,0.012544167693704367,5.247904300689697,12.00837767124176
1226,0.1803854163736105,0.007862052589189261,5.243412017822266,12.008924722671509
1227,0.18481316417455673,0.012393383891321719,5.238608360290527,12.00337016582489
1228,0.1856204867362976,0.01326547167263925,5.234031677246094,12.001470565795898
1229,0.17954585514962673,0.007240299019031227,5.229680061340332,12.00087594985962
1230,0.18703285604715347,0.014668478048406541,5.225005149841309,12.011433124542236
1231,0.19310647249221802,0.020669687306508422,5.220583915710449,12.02309501171112
1232,0.1856713779270649,0.013204173534177244,5.2164459228515625,12.030274987220764
1233,0.17984182015061378,0.007508707814849913,5.21248722076416,12.020824313163757
1234,0.18278703838586807,0.010695871082134545,5.208164691925049,12.00095272064209
1235,0.1800328902900219,0.007843085913918912,5.203911304473877,12.015069603919983
1236,0.18345066159963608,0.011286603868938982,5.199323654174805,12.017082571983337
1237,0.1824442744255066,0.01036205340642482,5.194876670837402,12.01334524154663
1238,0.17983057163655758,0.007706426549702883,5.190567493438721,12.021847367286682
1239,0.18137148767709732,0.009377046022564173,5.185933589935303,12.013510942459106
1240,0.18152468092739582,0.009593345283064991,5.181416988372803,12.011716723442078
1241,0.1804798375815153,0.008609081385657191,5.176913738250732,12.010162591934204
1242,0.18059181235730648,0.008884388080332428,5.1722092628479,11.998533844947815
1243,0.1814387533813715,0.009688010381069034,5.167357921600342,12.00771713256836
1244,0.18129167705774307,0.009526859677862376,5.162395477294922,12.014086365699768
1245,0.1816719751805067,0.01001837127842009,5.157182693481445,12.008177518844604
1246,0.18140055797994137,0.009749637451022863,5.152050495147705,12.013042211532593
1247,0.17886937409639359,0.007325703802052885,5.147010326385498,12.007357597351074
1248,0.17968533001840115,0.008288920391350985,5.141718864440918,11.997922539710999
1249,0.1803500559180975,0.008828687889035791,5.136298179626465,12.015839219093323
1250,0.18020725809037685,0.008792702050413936,5.130667686462402,12.010788440704346
1251,0.17974406480789185,0.008466779545415193,5.124849319458008,12.002880096435547
1252,0.17899098433554173,0.007680985261686146,5.1190571784973145,12.011943101882935
1253,0.17947226017713547,0.008291199977975339,5.113091945648193,12.005015015602112
1254,0.1793950106948614,0.00823452725308016,5.107249736785889,12.008798956871033
1255,0.1809680536389351,0.009820409584790468,5.101242542266846,12.013522505760193
1256,0.1792417038232088,0.008292817394249141,5.095400810241699,11.999488234519958
1257,0.17848077043890953,0.007566274667624384,5.089644432067871,12.001805543899536
1258,0.17856143973767757,0.007681100338231772,5.083837985992432,12.004196524620056
1259,0.1789305992424488,0.008137572149280459,5.077977180480957,12.001325964927673
1260,0.17867747507989407,0.007917125476524234,5.072143077850342,12.003892421722412
1261,0.17839143611490726,0.007686454686336219,5.0662713050842285,12.004226922988892
1262,0.17915652506053448,0.00850049132714048,5.060457229614258,12.005146861076355
1263,0.17990625277161598,0.009344406193122268,5.054637432098389,12.001547574996948
1264,0.17928804084658623,0.008759335498325527,5.048888206481934,12.003982424736023
1265,0.1786846537142992,0.008181402750778943,5.043111801147461,12.007213592529297
1266,0.1791465673595667,0.0087240333086811,5.037386417388916,12.004867196083069
1267,0.17942377552390099,0.009066766710020602,5.031657695770264,12.004043817520142
1268,0.17955870926380157,0.009265076369047165,5.025947570800781,12.003415822982788
1269,0.17838886380195618,0.00817069411277771,5.020199775695801,12.001617550849915
1270,0.17967323027551174,0.009463586728088558,5.014446258544922,12.006518959999084
1271,0.1788956467062235,0.008792790002189577,5.008569717407227,12.001716136932373
1272,0.17871906608343124,0.008671013754792511,5.002809524536133,12.001996040344238
1273,0.17742769978940487,0.0074696067604236305,4.99710750579834,11.99870228767395
1274,0.17842871323227882,0.008522719843313098,4.99123477935791,11.999364852905273
1275,0.17821436189115047,0.008378246624488384,4.985210418701172,11.998401641845703
1276,0.17675099149346352,0.006973249022848904,4.979236602783203,11.998538136482239
1277,0.17967049591243267,0.009867052605841309,4.9731221199035645,12.007222533226013
1278,0.17866169661283493,0.008895858947653323,4.967192649841309,12.00939166545868
1279,0.1777193248271942,0.008058278472162783,4.961421966552734,12.004683494567871
1280,0.17760929092764854,0.008036664046812803,4.95549201965332,12.001771569252014
1281,0.17699149809777737,0.007483218505512923,4.949558258056641,12.001269936561584
1282,0.1776777319610119,0.008224980789236724,4.943482398986816,12.001793146133423
1283,0.17787231877446175,0.008474618662148714,4.93727970123291,12.002490997314453
1284,0.17718732729554176,0.007870435598306358,4.930963516235352,12.000726103782654
1285,0.17711236886680126,0.007853200426325202,4.924546241760254,12.001370906829834
1286,0.17619664780795574,0.00700357387540862,4.918038845062256,12.00126838684082
1287,0.1760090235620737,0.006882410845719278,4.911450386047363,12.001211166381836
1288,0.1767952609807253,0.007714318868238479,4.904791355133057,12.003303170204163
1289,0.17593591287732124,0.006951055838726461,4.898067951202393,12.000417709350586
1290,0.17662526480853558,0.007706625561695546,4.8912882804870605,12.00057578086853
1291,0.17563998512923717,0.006807048397604376,4.884459018707275,11.99883508682251
1292,0.17608514055609703,0.007289743807632476,4.877585411071777,12.001954555511475
1293,0.1758833136409521,0.0071701136766932905,4.870673656463623,12.000646471977234
1294,0.17553271912038326,0.0069023893447592854,4.86372709274292,11.999306321144104
1295,0.1765733901411295,0.007993807783350348,4.856750965118408,12.001207709312439
1296,0.17544516548514366,0.0069437072379514575,4.849748611450195,12.000397443771362
1297,0.1761894654482603,0.007756890787277371,4.842723846435547,12.000533938407898
1298,0.17523743771016598,0.006857585103716701,4.835678577423096,12.002306580543518
1299,0.17451534420251846,0.006194276036694646,4.828618049621582,12.003489136695862
1300,0.17582385428249836,0.007589271350298077,4.821542739868164,12.001915693283081
1301,0.1765715517103672,0.008396068296860904,4.814455986022949,12.003092288970947
1302,0.17555072717368603,0.0074617788777686656,4.807359218597412,12.001536011695862
1303,0.1752015706151724,0.007227886992041022,4.8002543449401855,11.997114419937134
1304,0.17587168887257576,0.007936375099234283,4.793143272399902,12.000388383865356
1305,0.17516329512000084,0.007302467827685177,4.786027431488037,12.0000559091568
1306,0.17500249855220318,0.0072374032461084425,4.7789082527160645,11.997601628303528
1307,0.175465801730752,0.0077388843055814505,4.771786689758301,12.000905632972717
1308,0.17530127055943012,0.007617980474606156,4.764662742614746,12.003666639328003
1309,0.17592872865498066,0.008316115650814027,4.757538795471191,12.003722667694092
1310,0.17618619091808796,0.0086628312128596,4.750415802001953,12.001920461654663
1311,0.17583835497498512,0.00840144685935229,4.743294715881348,12.000396490097046
1312,0.1758219636976719,0.008452968206256628,4.736175537109375,12.00072467327118
1313,0.175646698102355,0.008340293483342975,4.729058742523193,12.001582145690918
1314,0.17452777363359928,0.007306724146474153,4.721945762634277,12.000159859657288
1315,0.1753284800797701,0.008151242975145578,4.714836120605469,12.002887606620789
1316,0.17372037284076214,0.006621804321184754,4.707730770111084,12.002126455307007
1317,0.1757323518395424,0.008699274447280914,4.700630187988281,12.002677917480469
1318,0.1750180721282959,0.008077904640231282,4.693535327911377,12.000481843948364
1319,0.17431566305458546,0.007484930276405066,4.686445236206055,11.996628642082214
1320,0.17452520690858364,0.007742868037894368,4.679360389709473,11.998873949050903
1321,0.1759952437132597,0.009234006982296705,4.672281742095947,12.003842115402222
1322,0.17420190572738647,0.007519677223172039,4.6652092933654785,12.003013849258423
1323,0.17431765794754028,0.0077094086445868015,4.658143997192383,12.002681255340576
1324,0.17475191317498684,0.008216103015001863,4.6510844230651855,12.002496838569641
1325,0.1742074377834797,0.0077778922277502716,4.644032001495361,11.998923182487488
1326,0.17334038019180298,0.006992409529630095,4.63698673248291,11.99781084060669
1327,0.17327167838811874,0.006965863751247525,4.629948616027832,12.000633120536804
1328,0.1740123238414526,0.007757315004710108,4.622917175292969,12.002583742141724
1329,0.17320006527006626,0.007035814167466015,4.615893363952637,12.000532388687134
1330,0.17404086142778397,0.007894739974290133,4.608876705169678,12.005735635757446
1331,0.1735844798386097,0.00751438969746232,4.601868152618408,12.005141735076904
1332,0.17479288764297962,0.008831379818730056,4.594866752624512,12.00128424167633
1333,0.173789007589221,0.007939741073641926,4.587873458862305,11.997053146362305
1334,0.1729640942066908,0.007186291739344597,4.580887317657471,11.996893286705017
1335,0.1726385746151209,0.006916928279679269,4.573909759521484,11.998255610466003
1336,0.1736108660697937,0.00791703286813572,4.566939353942871,12.00244426727295
1337,0.17370421439409256,0.008064273337367922,4.559976577758789,12.00401771068573
1338,0.17381349578499794,0.008249155303929001,4.5530219078063965,12.00341260433197
1339,0.17264005914330482,0.007156028179451823,4.546075344085693,12.002327799797058
1340,0.17363547161221504,0.008207473088987172,4.53913688659668,12.003663301467896
1341,0.17185845784842968,0.006574345257831737,4.5322065353393555,11.996204853057861
1342,0.17158279940485954,0.00637008436024189,4.525284767150879,11.995987057685852
1343,0.17281749658286572,0.007620596850756556,4.518369674682617,12.001320719718933
1344,0.17217009887099266,0.007028136809822172,4.511463165283203,12.00273334980011
1345,0.17207597568631172,0.0069918298977427185,4.504565238952637,12.003849744796753
1346,0.1714725587517023,0.006474643363617361,4.497674942016602,12.002116680145264
1347,0.1728588379919529,0.007899421267211437,4.490793228149414,12.005148768424988
1348,0.17281579039990902,0.00794452615082264,4.483919143676758,12.003207564353943
1349,0.17225348949432373,0.007491278811357915,4.477053642272949,11.999167799949646
1350,0.17130863294005394,0.006634915014728904,4.470195770263672,11.99717628955841
1351,0.17290449142456055,0.008272016362752765,4.463346004486084,11.9999018907547
1352,0.17177265509963036,0.0072218575514853,4.4565043449401855,11.998576045036316
1353,0.17177842371165752,0.007287818240001798,4.449670791625977,11.999390125274658
1354,0.17205853387713432,0.007620887248776853,4.442846298217773,12.000918626785278
1355,0.1720645185559988,0.007664212083909661,4.436029434204102,12.00400161743164
1356,0.17204519174993038,0.007727778051048517,4.429220676422119,12.002521276473999
1357,0.17127671279013157,0.0070327118737623096,4.422420024871826,12.001980781555176
1358,0.17162850871682167,0.007462100125849247,4.415626525878906,12.001014709472656
1359,0.17092215456068516,0.006817008601501584,4.408842086791992,12.001672625541687
1360,0.17158866114914417,0.0075637539848685265,4.402065753936768,12.000425457954407
1361,0.1710690427571535,0.007114487350918353,4.395297050476074,12.000158905982971
1362,0.17110208049416542,0.007199732819572091,4.3885369300842285,12.001698613166809
1363,0.17124945670366287,0.007423484406899661,4.381784915924072,12.000812768936157
1364,0.17172721028327942,0.007963690033648163,4.375041484832764,12.00131106376648
1365,0.17159258387982845,0.007896892726421356,4.368305683135986,12.001263737678528
1366,0.17076477222144604,0.007156662817578763,4.361577987670898,11.99923324584961
1367,0.17124436236917973,0.0076917302794754505,4.3548583984375,12.000405192375183
1368,0.17038578912615776,0.006928522489033639,4.348146915435791,11.99757993221283
1369,0.17099683359265327,0.007572889910079539,4.341443061828613,12.000951647758484
1370,0.17100582085549831,0.007640837458893657,4.334747314453125,12.00175166130066
1371,0.17149497009813786,0.008191242523025721,4.328060150146484,12.002312779426575
1372,0.1702210884541273,0.007017151569016278,4.321380615234375,11.999013185501099
1373,0.17135225981473923,0.008185338927432895,4.314709186553955,12.001983284950256
1374,0.17056933604180813,0.007471431395970285,4.308046340942383,12.001744508743286
1375,0.16981560178101063,0.006778952898457646,4.301391124725342,12.002273917198181
1376,0.16964123211801052,0.006699950434267521,4.29474401473999,11.99938452243805
1377,0.1698683463037014,0.006973882729653269,4.288105010986328,12.001341819763184
1378,0.1699179708957672,0.007099107606336474,4.281473636627197,12.000413417816162
1379,0.1702773105353117,0.007507060712669045,4.274850845336914,12.002174615859985
1380,0.17022516950964928,0.007509566261433065,4.268235683441162,12.00332510471344
1381,0.1702546291053295,0.007613767927978188,4.2616286277771,12.002457857131958
1382,0.1699314136058092,0.007374967273790389,4.255029678344727,12.000615358352661
1383,0.16929104551672935,0.006843118637334555,4.248438835144043,11.996354222297668
1384,0.16999810934066772,0.007584741397295147,4.241855621337891,11.999481797218323
1385,0.16992743872106075,0.007560457044746727,4.235280513763428,12.001418232917786
1386,0.16897168196737766,0.006696726894006133,4.228713512420654,11.99878215789795
1387,0.1697363257408142,0.007500183302909136,4.222154140472412,12.001460552215576
1388,0.17028127796947956,0.008105791406705976,4.215602874755859,12.001946330070496
1389,0.17087443731725216,0.008761029341258109,4.209060192108154,12.002280831336975
1390,0.1687304452061653,0.006693005212582648,4.202524662017822,12.001219749450684
1391,0.1697995699942112,0.007828424859326333,4.19599723815918,12.001117944717407
1392,0.1704389564692974,0.008538266585674137,4.189477443695068,12.000591397285461
1393,0.16944619454443455,0.007602326513733715,4.182966232299805,12.001421093940735
1394,0.1695699617266655,0.007747040537651628,4.176462173461914,12.005830645561218
1395,0.16977916099131107,0.0080514574656263,4.169967174530029,12.002803802490234
1396,0.16932200081646442,0.007679580827243626,4.163478851318359,12.000763177871704
1397,0.16967029869556427,0.008080739295110106,4.156999111175537,12.001957178115845
1398,0.16804241947829723,0.006562625581864268,4.150527000427246,11.99745261669159
1399,0.16951479949057102,0.008046395145356655,4.144062519073486,12.00277853012085
1400,0.16796567663550377,0.006599627376999706,4.137606143951416,11.998998761177063
1401,0.1690526306629181,0.007735907274764031,4.131157875061035,12.00051486492157
1402,0.16849150694906712,0.007255320088006556,4.124717712402344,11.998900771141052
1403,0.16966413520276546,0.008443371450994164,4.118285179138184,12.00379192829132
1404,0.1687832958996296,0.007634932349901646,4.111860275268555,12.002976298332214
1405,0.16848978959023952,0.007424674520734698,4.105443000793457,12.001069188117981
1406,0.16923123225569725,0.008216252317652106,4.099033832550049,12.002464532852173
1407,0.16821547783911228,0.007282137812580913,4.092632293701172,12.000702023506165
1408,0.16835753992199898,0.007445464900229126,4.086238384246826,12.004969716072083
1409,0.16865385882556438,0.007843751867767423,4.07985258102417,12.001158356666565
1410,0.16832944750785828,0.007572456612251699,4.073474884033203,12.002224445343018
1411,0.16914300248026848,0.00844495091587305,4.067104816436768,12.002700328826904
1412,0.1675153188407421,0.00693837262224406,4.060742378234863,11.996952772140503
1413,0.1678864900022745,0.007360909425187856,4.054388046264648,11.998170256614685
1414,0.16789212450385094,0.007426855969242752,4.048041820526123,11.998485684394836
1415,0.16750031523406506,0.007050868414808065,4.0417022705078125,12.00324273109436
1416,0.16798461601138115,0.007601143792271614,4.035370826721191,12.002976775169373
1417,0.16714514419436455,0.006845404801424593,4.02904748916626,12.000926613807678
1418,0.16680297441780567,0.006558161694556475,4.022731781005859,12.001749753952026
1419,0.16885224916040897,0.0086390285869129,4.016423225402832,12.004899382591248
1420,0.1678503379225731,0.007738031388726085,4.010123252868652,12.001107692718506
1421,0.16689238511025906,0.006854343926534057,4.0038299560546875,11.999974250793457
1422,0.16776254028081894,0.007778072380460799,3.9975452423095703,12.00090205669403
1423,0.16763241030275822,0.007737283071037382,3.9912681579589844,11.998244643211365
1424,0.16661089472472668,0.006773563742171973,3.9849982261657715,11.998735070228577
1425,0.16711494885385036,0.00729474046966061,3.978736639022827,12.003284335136414
1426,0.1677552703768015,0.008013840299099684,3.972482681274414,12.001660704612732
1427,0.1669379062950611,0.007270641275681555,3.966235876083374,12.00049102306366
1428,0.16782739013433456,0.008218807401135564,3.9599969387054443,12.000861763954163
1429,0.16760908253490925,0.008030112250708044,3.953766345977783,12.004130959510803
1430,0.167215995490551,0.007719289627857506,3.947542667388916,12.00212836265564
1431,0.16716689988970757,0.00772361020790413,3.941326141357422,12.003002643585205
1432,0.1672814842313528,0.007942544121760875,3.9351181983947754,11.998775959014893
1433,0.16716430895030499,0.007889021071605384,3.928917407989502,11.99861204624176
1434,0.16612927615642548,0.0069330037222243845,3.922724723815918,11.99690294265747
1435,0.16694866679608822,0.007768087612930685,3.916539430618286,12.001518726348877
1436,0.16608054749667645,0.006965140026295558,3.9103610515594482,12.001179933547974
1437,0.16669678315520287,0.0076500505092553794,3.904191255569458,12.000482678413391
1438,0.16702407225966454,0.008002070302609354,3.8980283737182617,12.004172086715698
1439,0.16618016734719276,0.007252484792843461,3.891873598098755,12.000895142555237
1440,0.16600175760686398,0.007123837363906205,3.885725736618042,12.002066850662231
1441,0.16589149087667465,0.007074028835631907,3.8795862197875977,12.00216019153595
1442,0.16611276753246784,0.007355983310844749,3.8734540939331055,12.002224445343018
1443,0.16562586091458797,0.006951561605092138,3.8673295974731445,12.00010073184967
1444,0.16582970693707466,0.007225604087579995,3.8612122535705566,11.99919867515564
1445,0.16602816805243492,0.007452531426679343,3.8551025390625,12.002461433410645
1446,0.1657849457114935,0.007287817192263901,3.8490004539489746,12.000712752342224
1447,0.1655921395868063,0.0071576673071831465,3.8429057598114014,12.000541806221008
1448,0.16580143943428993,0.007433322200085968,3.8368191719055176,11.999992609024048
1449,0.16550527699291706,0.007201966422144324,3.8307394981384277,11.999592065811157
1450,0.16569310426712036,0.007427327043842524,3.8246676921844482,12.00191044807434
1451,0.16512257605791092,0.0069428872666321695,3.8186028003692627,11.99936592578888
1452,0.16637692414224148,0.008197579358238727,3.8125460147857666,12.005388736724854
1453,0.16455566324293613,0.0064892207738012075,3.8064966201782227,12.000148296356201
1454,0.16628262400627136,0.008259058638941497,3.80045485496521,12.001901984214783
1455,0.16532473266124725,0.007376945810392499,3.7944202423095703,12.000359058380127
1456,0.16636298224329948,0.00846764974994585,3.788393020629883,12.001140713691711
1457,0.1648518405854702,0.007032285211607814,3.7823734283447266,11.999582767486572
1458,0.16494773514568806,0.007176073791924864,3.7763609886169434,12.000805497169495
1459,0.16609051264822483,0.008349028008524328,3.7703566551208496,12.00379192829132
1460,0.1647106073796749,0.007054806395899504,3.764359474182129,12.001220941543579
1461,0.16523614525794983,0.007648583617992699,3.7583703994750977,12.000386238098145
1462,0.16479826346039772,0.007280440768226981,3.752387762069702,11.999394655227661
1463,0.1653123665601015,0.007841022335924208,3.746412992477417,12.00072157382965
1464,0.16449396312236786,0.007070655352436006,3.740445137023926,12.001885771751404
1465,0.16416084207594395,0.006816441076807678,3.734485149383545,11.999955296516418
1466,0.16367626190185547,0.006399202975444496,3.728532075881958,11.999174118041992
1467,0.16421441547572613,0.00700110150501132,3.7225866317749023,11.99874496459961
1468,0.16506533324718475,0.007901102711912245,3.716648817062378,11.99977421760559
1469,0.1641114465892315,0.006986100925132632,3.7107183933258057,12.001816272735596
1470,0.16412419080734253,0.007041834876872599,3.7047948837280273,12.003440976142883
1471,0.16448654420673847,0.007465911621693522,3.6988792419433594,12.003184199333191
1472,0.16556911543011665,0.008611896017100662,3.6929709911346436,12.002751469612122
1473,0.16459296829998493,0.0076978401048108935,3.687070369720459,12.002442717552185
1474,0.16411571763455868,0.007291345449630171,3.68117618560791,12.001261353492737
1475,0.16405686177313328,0.007310503453481942,3.6752898693084717,11.999346375465393
1476,0.1646819058805704,0.007987732882611454,3.669410228729248,12.000007033348083
1477,0.16467944346368313,0.008033022284507751,3.6635384559631348,12.00110387802124
1478,0.16313472762703896,0.006578998290933669,3.6576740741729736,11.997898817062378
1479,0.16373267769813538,0.007194919453468174,3.651817560195923,12.001958727836609
1480,0.16400439850986004,0.00750501110451296,3.645967483520508,12.003971695899963
1481,0.16368034668266773,0.007275036128703505,3.640125036239624,12.000406622886658
1482,0.16420892626047134,0.007864598417654634,3.6342897415161133,12.00014352798462
1483,0.16403494589030743,0.0077529154950752854,3.6284615993499756,11.999741911888123
1484,0.16430209018290043,0.008073281031101942,3.6226413249969482,12.000239849090576
1485,0.16444820165634155,0.008220058167353272,3.616828203201294,12.005986213684082
1486,0.162914227694273,0.006807203346397728,3.6110219955444336,11.999681115150452
1487,0.16325336322188377,0.007151144556701183,3.6052234172821045,12.004998803138733
1488,0.16443166695535183,0.008409572415985167,3.599431276321411,12.002778053283691
1489,0.16395797207951546,0.008008412609342486,3.5936472415924072,12.001309156417847
1490,0.16322098299860954,0.007340878655668348,3.5878705978393555,12.000139832496643
1491,0.16318807378411293,0.007391814899165183,3.5821006298065186,11.997525811195374
1492,0.16241352260112762,0.006678807490970939,3.576338291168213,11.997133493423462
1493,0.16352147981524467,0.00783370912540704,3.570582389831543,11.998194932937622
1494,0.16316526383161545,0.007517552643548697,3.5648345947265625,11.999936819076538
1495,0.1636460106819868,0.008002623042557389,3.559093713760376,12.005245208740234
1496,0.16338130459189415,0.007788397197145969,3.5533599853515625,12.00593113899231
1497,0.16296503134071827,0.007440121902618557,3.547633409500122,12.004857659339905
1498,0.1623180005699396,0.00688058917876333,3.5419139862060547,12.001827597618103
1499,0.1621901672333479,0.006838364526629448,3.5362019538879395,11.998978734016418
1500,0.1629036795347929,0.007607001403812319,3.5304970741271973,11.999171137809753
1501,0.1632620207965374,0.007993835664819926,3.524799108505249,12.002019882202148
1502,0.16223719343543053,0.007047790510114282,3.519108533859253,11.999832272529602
1503,0.16242115758359432,0.007281506317667663,3.5134246349334717,12.000540852546692
1504,0.16270365752279758,0.007614698784891516,3.50774884223938,12.001147747039795
1505,0.16281941160559654,0.007803139393217862,3.502079486846924,11.999547839164734
1506,0.16192041896283627,0.00694626709446311,3.496417284011841,12.000998258590698
1507,0.16283674910664558,0.007927360653411597,3.490762233734131,12.000176906585693
1508,0.16243812628090382,0.007561600883491337,3.485114574432373,12.002538442611694
1509,0.1622364427894354,0.007426098338328302,3.47947359085083,12.001561164855957
1510,0.16340471431612968,0.008635125705040991,3.4738402366638184,12.003119111061096
1511,0.16162067279219627,0.0069329721736721694,3.4682137966156006,12.000556588172913
1512,0.16339929960668087,0.008764517842791975,3.4625940322875977,12.000884175300598
1513,0.1624086033552885,0.00783111376222223,3.456981897354126,12.000767350196838
1514,0.16150630451738834,0.006996972078923136,3.451376438140869,11.999557375907898
1515,0.16311965696513653,0.00866815575864166,3.4457783699035645,11.999372243881226
1516,0.16268428042531013,0.00827244098763913,3.440187692642212,12.000996947288513
1517,0.1611972227692604,0.006846093398053199,3.434603691101074,12.00050950050354
1518,0.16196204908192158,0.007659022230654955,3.4290263652801514,12.001277089118958
1519,0.16197726503014565,0.007716741529293358,3.4234566688537598,12.002596139907837
1520,0.1617451962083578,0.007562713231891394,3.417893648147583,12.000354647636414
1521,0.1613390427082777,0.0072060804814100266,3.4123382568359375,12.000958561897278
1522,0.16111128218472004,0.007038146839477122,3.4067890644073486,12.000524878501892
1523,0.1611757017672062,0.007143131282646209,3.401247024536133,12.002010345458984
1524,0.161087142303586,0.0071250274777412415,3.39571213722229,12.000499606132507
1525,0.16065184213221073,0.006765557918697596,3.390184164047241,11.998444676399231
1526,0.16107451543211937,0.007240997394546866,3.3846638202667236,11.998688220977783
1527,0.16129502095282078,0.007476858503650874,3.379149913787842,12.00266695022583
1528,0.16156321577727795,0.007791379000991583,3.3736438751220703,12.003540277481079
1529,0.1611399743705988,0.00745006900979206,3.3681442737579346,12.00084674358368
1530,0.16180605068802834,0.008178395743016154,3.3626513481140137,12.000114440917969
1531,0.16148223169147968,0.007887133047915995,3.3571650981903076,12.002345085144043
1532,0.16021152026951313,0.006682755833026022,3.3516862392425537,12.001190781593323
1533,0.1610972210764885,0.0076275457395240664,3.3462138175964355,12.00075387954712
1534,0.1604619100689888,0.0070585604989901185,3.3407487869262695,11.999586701393127
1535,0.16069679707288742,0.007341426447965205,3.3352906703948975,12.00024664402008
1536,0.16091697104275227,0.0075823983061127365,3.3298397064208984,12.003617763519287
1537,0.16073776967823505,0.007480313652195036,3.3243958950042725,12.001350164413452
1538,0.1600462682545185,0.006856964610051364,3.3189585208892822,11.999972105026245
1539,0.16063227877020836,0.0075079575181007385,3.3135287761688232,11.99890398979187
1540,0.16055300273001194,0.0074885087087750435,3.308105230331421,11.99834430217743
1541,0.16072694398462772,0.007694670697674155,3.3026885986328125,12.000538945198059
1542,0.16000481881201267,0.007005620398558676,3.297278642654419,12.002641677856445
1543,0.1606073547154665,0.007653500186279416,3.2918758392333984,12.003509759902954
1544,0.16116661205887794,0.008273855142761022,3.28648042678833,12.002795219421387
1545,0.16016549803316593,0.0073329240549355745,3.2810914516448975,12.002166152000427
1546,0.16060708090662956,0.007846817607060075,3.275709629058838,12.000316977500916
1547,0.16143624298274517,0.008726677508093417,3.270334243774414,12.000622630119324
1548,0.15926575101912022,0.006630998395849019,3.2649662494659424,11.998509287834167
1549,0.1601315774023533,0.007540998863987625,3.2596046924591064,11.99945342540741
1550,0.16061347723007202,0.008072106807958335,3.2542502880096436,11.999887228012085
1551,0.16047134436666965,0.007948782062157989,3.2489025592803955,12.0033540725708
1552,0.16076981835067272,0.008311574347317219,3.2435615062713623,12.002263188362122
1553,0.15980307571589947,0.007415568979922682,3.2382278442382812,12.000523209571838
1554,0.15977618470788002,0.007455475395545363,3.232900381088257,11.999170899391174
1555,0.15942545421421528,0.00716905586887151,3.2275800704956055,11.998060464859009
1556,0.16025914065539837,0.008007927681319416,3.222266435623169,12.00285542011261
1557,0.1591331548988819,0.006950219452846795,3.2169597148895264,12.001334309577942
1558,0.16043204255402088,0.008292965590953827,3.2116599082946777,12.002248287200928
1559,0.1602973211556673,0.008236667490564287,3.2063660621643066,11.999699592590332
1560,0.16101432964205742,0.008985605207271874,3.201080083847046,12.001792788505554
1561,0.16008786298334599,0.008109972404781729,3.195800542831421,12.001988649368286
1562,0.15922442451119423,0.00731653900584206,3.1905276775360107,12.000260949134827
1563,0.15981298685073853,0.007979305693879724,3.1852612495422363,11.998107194900513
1564,0.15933148562908173,0.007544120482634753,3.180001735687256,11.998734831809998
1565,0.15966574847698212,0.007888224849011749,3.1747488975524902,12.00300395488739
1566,0.1589515395462513,0.007260009180754423,3.1695032119750977,11.999650359153748
1567,0.15823793597519398,0.0065880844485946,3.164264678955078,12.000720977783203
1568,0.1597175169736147,0.008104166481643915,3.1590323448181152,12.002302885055542
1569,0.15854120627045631,0.007004073529969901,3.1538069248199463,11.999906778335571
1570,0.1584565583616495,0.006945148517843336,3.148587703704834,12.002553939819336
1571,0.1594425980001688,0.007986074779182673,3.1433756351470947,12.002276539802551
1572,0.1593096349388361,0.007900583383161575,3.1381702423095703,12.002735495567322
1573,0.1595576163381338,0.00821872492088005,3.1329712867736816,12.00091803073883
1574,0.15872362814843655,0.007463015208486468,3.127779483795166,11.998282074928284
1575,0.15929262898862362,0.008075666439253837,3.122594118118286,11.999102234840393
1576,0.1588863879442215,0.007681425369810313,3.117415189743042,12.003081560134888
1577,0.15920264087617397,0.00808233383577317,3.112243413925171,11.999788045883179
1578,0.1587387453764677,0.00765150977531448,3.1070780754089355,12.001645803451538
1579,0.15821075811982155,0.007170899189077318,3.101919651031494,12.002066850662231
1580,0.15818064473569393,0.007214855577331036,3.0967676639556885,11.9998117685318
1581,0.1586619671434164,0.007744483940768987,3.0916223526000977,12.000126361846924
1582,0.15864956751465797,0.007748971052933484,3.0864837169647217,12.003576397895813
1583,0.15908150374889374,0.008227371436078101,3.0813515186309814,12.004061579704285
1584,0.158268541097641,0.007485521782655269,3.076226234436035,12.002076387405396
1585,0.15775302611291409,0.007056761474814266,3.0711073875427246,11.9985191822052
1586,0.1580402161926031,0.007383382471743971,3.065995454788208,11.999688267707825
1587,0.15877585113048553,0.008171441790182143,3.0608901977539062,11.999550700187683
1588,0.15750401839613914,0.006969936366658658,3.0557916164398193,11.99761712551117
1589,0.15792720206081867,0.007416435866616666,3.050699472427368,12.000377297401428
1590,0.1574223842471838,0.006959045538678765,3.0456137657165527,12.000720500946045
1591,0.15776482596993446,0.007337748887948692,3.0405349731445312,12.0021733045578
1592,0.1583835780620575,0.007984949741512537,3.0354623794555664,12.004401087760925
1593,0.1574503667652607,0.007108296325895935,3.0303966999053955,12.00381052494049
1594,0.1574144884943962,0.007146267220377922,3.0253372192382812,12.001485347747803
1595,0.15822716057300568,0.00801232730736956,3.020284652709961,12.00119936466217
1596,0.15861734002828598,0.008450997644104064,3.0152385234832764,12.00139605998993
1597,0.1568630374968052,0.006776748923584819,3.0101990699768066,11.998430132865906
1598,0.15708794817328453,0.007064393255859613,3.0051662921905518,11.997189402580261
1599,0.15759983658790588,0.0075875064940191805,3.0001397132873535,12.00109338760376
1600,0.15720014087855816,0.007260058249812573,2.995119571685791,11.998888969421387
1601,0.15730430372059345,0.007398794230539352,2.9901061058044434,12.000444889068604
1602,0.15838294476270676,0.008478843083139509,2.9850993156433105,12.005311012268066
1603,0.15734586119651794,0.0074963055667467415,2.9800992012023926,12.004857063293457
1604,0.15795733965933323,0.008156319847330451,2.9751052856445312,12.00499701499939
1605,0.15780671685934067,0.008100331644527614,2.9701180458068848,12.000521063804626
1606,0.15710627473890781,0.00747685186797753,2.965137481689453,11.997805118560791
1607,0.15620817244052887,0.006639738043304533,2.9601633548736572,11.9966801404953
1608,0.15760396793484688,0.008046329603530467,2.955195426940918,12.000568747520447
1609,0.1576751247048378,0.00814898539101705,2.9502341747283936,12.002379894256592
1610,0.1563528459519148,0.006895814032759517,2.945279359817505,12.000424146652222
1611,0.15739135071635246,0.00797733769286424,2.94033145904541,12.001070022583008
1612,0.15705003589391708,0.007674611231777817,2.935389280319214,12.002153396606445
1613,0.15657957084476948,0.007275448297150433,2.9304537773132324,11.999958634376526
1614,0.1570004429668188,0.00774142675800249,2.9255247116088867,12.000377178192139
1615,0.1570898126810789,0.007853369286749512,2.920602560043335,12.003042221069336
1616,0.1580769121646881,0.008897425141185522,2.91568660736084,12.002262234687805
1617,0.15712221153080463,0.008008149219676852,2.9107775688171387,12.00062870979309
1618,0.15589690767228603,0.006861336820293218,2.905874013900757,11.99768352508545
1619,0.15503602102398872,0.006042847002390772,2.90097713470459,11.998340368270874
1620,0.15619761496782303,0.0072498348308727145,2.8960869312286377,11.998690962791443
1621,0.15591704472899437,0.007003059436101466,2.891202926635742,12.000196099281311
1622,0.155973294749856,0.007082249561790377,2.8863255977630615,12.002779245376587
1623,0.15541616268455982,0.006569489138200879,2.8814547061920166,12.003213286399841
1624,0.15580062940716743,0.0069872449967078865,2.876589775085449,12.004749059677124
1625,0.15546682476997375,0.00672236637910828,2.871731758117676,12.002714395523071
1626,0.1577004510909319,0.009002166334539652,2.866879940032959,12.002949118614197
1627,0.1569791678339243,0.008328423195052892,2.862034559249878,12.003040313720703
1628,0.1557922661304474,0.00723973655840382,2.8571956157684326,11.99805760383606
1629,0.15696094930171967,0.008431827591266483,2.852362632751465,12.000550031661987
1630,0.15671305544674397,0.008216192363761365,2.847536087036133,12.002150535583496
1631,0.1568872109055519,0.00847455661278218,2.8427162170410156,11.998549461364746
1632,0.15601646155118942,0.007650285377167165,2.837902784347534,11.998715162277222
1633,0.15589811466634274,0.007597170129884034,2.8330955505371094,11.996999263763428
1634,0.15626919828355312,0.007987789227627218,2.828334093093872,11.999807000160217
1635,0.15506702475249767,0.006800057948566973,2.8235747814178467,12.003122210502625
1636,0.15596162527799606,0.007745895942207426,2.8188185691833496,12.00275456905365
1637,0.15528973005712032,0.007103026611730456,2.8140652179718018,12.004605531692505
1638,0.15509739145636559,0.006984943640418351,2.8093156814575195,12.00192940235138
1639,0.155262915417552,0.007185667520388961,2.8045692443847656,12.003155827522278
1640,0.15537875518202782,0.007388982980046421,2.7998268604278564,11.99915087223053
1641,0.1552802063524723,0.0073432014323771,2.795088768005371,11.99861192703247
1642,0.15572489984333515,0.007824202824849635,2.7903547286987305,11.999715328216553
1643,0.155009051784873,0.007151402242016047,2.785625457763672,12.000140190124512
1644,0.1546386368572712,0.006823735719081014,2.780900716781616,12.000589489936829
1645,0.1546796578913927,0.0069082731497474015,2.776181221008301,12.000957369804382
1646,0.15519503504037857,0.007450787117704749,2.7714662551879883,12.00295877456665
1647,0.1549398135393858,0.007267993642017245,2.7667572498321533,12.00042462348938
1648,0.15516955964267254,0.007524764689151198,2.7620527744293213,12.002426981925964
1649,0.1547150518745184,0.007123362098354846,2.7573537826538086,12.001815438270569
1650,0.15466776303946972,0.007121586648281664,2.7526602745056152,12.001957654953003
1651,0.1543386373668909,0.006854447885416448,2.747972011566162,12.000447273254395
1652,0.15517356805503368,0.007719813846051693,2.7432894706726074,12.002086162567139
1653,0.15425598435103893,0.006869471282698214,2.738612174987793,12.000039339065552
1654,0.15449024736881256,0.007148871431127191,2.733940839767456,12.000196814537048
1655,0.15530290454626083,0.007974685577210039,2.7292752265930176,12.003547191619873
1656,0.15461889654397964,0.00737138552358374,2.7246158123016357,12.00013542175293
1657,0.15544688142836094,0.008251110615674406,2.7199621200561523,11.99961531162262
1658,0.15435389801859856,0.007219525519758463,2.7153141498565674,11.998123288154602
1659,0.15351965092122555,0.006434051145333797,2.71067214012146,11.997888326644897
1660,0.1550653651356697,0.008002413727808744,2.706035614013672,12.00025999546051
1661,0.1554788164794445,0.008413392584770918,2.701404571533203,12.005138158798218
1662,0.15460955165326595,0.007590421126224101,2.6967804431915283,12.005132794380188
1663,0.1545020453631878,0.007523227366618812,2.6921615600585938,12.005720376968384
1664,0.15444276295602322,0.007539027312304825,2.687549352645874,12.002824187278748
1665,0.15466313064098358,0.007854461611714214,2.6829423904418945,11.997924447059631
1666,0.15389451198279858,0.0071331828949041665,2.678341865539551,11.997791409492493
1667,0.153508048504591,0.006801797891966999,2.6737470626831055,11.996877908706665
1668,0.15447594039142132,0.007749669020995498,2.669158935546875,12.003468632698059
1669,0.15424324944615364,0.007571890950202942,2.664576530456543,12.002559542655945
1670,0.15359071269631386,0.0069875453482382,2.6600005626678467,12.000316381454468
1671,0.15452931821346283,0.007941646443214267,2.6554300785064697,12.003337264060974
1672,0.15462525747716427,0.00809323723660782,2.6508657932281494,12.002336859703064
1673,0.15439517237246037,0.00792896468192339,2.6463074684143066,12.000313520431519
1674,0.15319613926112652,0.006785621517337859,2.6417551040649414,11.999297142028809
1675,0.15336179174482822,0.006994565483182669,2.6372084617614746,11.99951422214508
1676,0.15300121530890465,0.0066578424302861094,2.6326682567596436,12.00166928768158
1677,0.15456772595643997,0.008252520230598748,2.628133773803711,12.003387331962585
1678,0.15365672297775745,0.00742123817326501,2.6236062049865723,11.999942779541016
1679,0.15301834233105183,0.006823766278102994,2.619084119796753,12.00037395954132
1680,0.15361755155026913,0.007464093971066177,2.614567756652832,12.000778555870056
1681,0.1529175601899624,0.006809305283240974,2.610057830810547,12.000767827033997
1682,0.1536344662308693,0.007565933221485466,2.6055541038513184,12.001299381256104
1683,0.15365206822752953,0.007612267567310482,2.6010560989379883,12.00292420387268
1684,0.15382837876677513,0.007845391402952373,2.596564292907715,12.001734614372253
1685,0.1528009157627821,0.0068602022947743535,2.592078685760498,12.001993179321289
1686,0.15344616025686264,0.0075574591173790395,2.5875985622406006,12.001271724700928
1687,0.15312469750642776,0.007314596266951412,2.5831246376037598,11.997886061668396
1688,0.15423369593918324,0.008455452101770788,2.5786569118499756,11.999167799949646
1689,0.15306206420063972,0.0073008230538107455,2.57419490814209,12.001929640769958
1690,0.15388555079698563,0.008140582649502903,2.5697391033172607,12.00475788116455
1691,0.1535979751497507,0.00793049845378846,2.565289258956909,12.001458644866943
1692,0.1523452065885067,0.006715686351526529,2.5608456134796143,12.00210690498352
1693,0.15305106528103352,0.007491037482395768,2.556407928466797,11.999595165252686
1694,0.15276832692325115,0.007237920130137354,2.551975965499878,12.001065254211426
1695,0.1523197740316391,0.006820284645073116,2.5475502014160156,12.002399325370789
1696,0.15281400829553604,0.007380917435511947,2.5431301593780518,12.000179171562195
1697,0.1531656812876463,0.007760498498100787,2.5387165546417236,12.00180208683014
1698,0.1521278414875269,0.006774092558771372,2.534308671951294,12.00106656551361
1699,0.1528250388801098,0.007537168043199927,2.529906749725342,11.998881101608276
1700,0.15376085601747036,0.008498328970745206,2.525510549545288,12.000742673873901
1701,0.15235335566103458,0.0071346774930134416,2.521120548248291,12.000747919082642
1702,0.1523383893072605,0.00717390381032601,2.5167365074157715,11.999712586402893
1703,0.15368401631712914,0.008531225263141096,2.5123581886291504,12.002920985221863
1704,0.15331576764583588,0.008180621196515858,2.507986068725586,12.005529046058655
1705,0.15261450968682766,0.0075519042438827455,2.50361967086792,12.002641320228577
1706,0.15157996118068695,0.006601398985367268,2.4992597103118896,11.998596787452698
1707,0.15304935723543167,0.008122960745822638,2.4949049949645996,11.997735142707825
1708,0.1521530207246542,0.007249020040035248,2.490556240081787,11.999843716621399
1709,0.15255538932979107,0.007693173596635461,2.4862139225006104,12.0000079870224
1710,0.15250080078840256,0.007683869218453765,2.481877326965332,11.999816060066223
1711,0.15249093808233738,0.007697551045566797,2.4775466918945312,12.001792073249817
1712,0.1516655683517456,0.006898207881022245,2.473221778869629,12.003514766693115
1713,0.1513257622718811,0.006630368705373257,2.468902587890625,12.00063681602478
1714,0.15189246088266373,0.007236306031700224,2.4645893573760986,12.001026391983032
1715,0.1520547065883875,0.007443140493705869,2.46028208732605,12.000874876976013
1716,0.15159040316939354,0.007023779093287885,2.4559807777404785,12.00068199634552
1717,0.15308737754821777,0.008546160941477865,2.4516851902008057,12.002436399459839
1718,0.1519573274999857,0.00746299879392609,2.4473955631256104,12.002037525177002
1719,0.1520866397768259,0.00764635088853538,2.4431116580963135,12.000917196273804
1720,0.15132585167884827,0.006961305451113731,2.438833475112915,11.997621774673462
1721,0.15311899408698082,0.008739348035305738,2.434561252593994,12.003403544425964
1722,0.15213036350905895,0.007825444801710546,2.430294990539551,12.000197410583496
1723,0.1519942507147789,0.0077451865072362125,2.426034450531006,11.99887228012085
1724,0.15115150064229965,0.006934613862540573,2.4217798709869385,11.999909520149231
1725,0.15225299634039402,0.008051769284065813,2.4175314903259277,12.002591490745544
1726,0.1512971818447113,0.007145812793169171,2.4132883548736572,12.001848578453064
1727,0.15176173858344555,0.007655351480934769,2.409050941467285,12.001588106155396
1728,0.15181713923811913,0.007775423291604966,2.4048197269439697,11.999352216720581
1729,0.15132080018520355,0.0072873091557994485,2.4005939960479736,12.002755165100098
1730,0.15221534483134747,0.008241702103987336,2.396374225616455,12.000990271568298
1731,0.15133985318243504,0.00742751604411751,2.392160177230835,11.99907398223877
1732,0.15073895268142223,0.006835805252194405,2.3879518508911133,12.002363085746765
1733,0.15127939730882645,0.007424731447827071,2.3837497234344482,12.00171685218811
1734,0.15121542289853096,0.0073887453763745725,2.3795528411865234,12.003115177154541
1735,0.15086736343801022,0.0070808143937028944,2.375361919403076,12.00329327583313
1736,0.1516532450914383,0.007914354791864753,2.3711769580841064,12.002712607383728
1737,0.1504514031112194,0.006810753606259823,2.366997480392456,11.99706757068634
1738,0.15183482877910137,0.00823465286521241,2.3628242015838623,11.997193694114685
1739,0.15052215196192265,0.006934060947969556,2.358656644821167,12.000152945518494
1740,0.15069626830518246,0.007136683154385537,2.354494094848633,12.00146484375
1741,0.15097538195550442,0.007402657123748213,2.350337266921997,12.006935477256775
1742,0.1507961731404066,0.007248603331390768,2.346186399459839,12.008570790290833
1743,0.15044151432812214,0.006960698345210403,2.3420417308807373,12.006040334701538
1744,0.1496655661612749,0.006297192070633173,2.337902784347534,11.998934984207153
1745,0.15157032757997513,0.008221863419748843,2.3337693214416504,12.00107741355896
1746,0.15042297914624214,0.007152687117923051,2.329641819000244,11.997387528419495
1747,0.14982150308787823,0.006577417720109224,2.3255198001861572,11.998889327049255
1748,0.1503476407378912,0.007118876150343567,2.3214035034179688,12.001473188400269
1749,0.15015680342912674,0.00694622885202989,2.3172929286956787,12.003764629364014
1750,0.15046262927353382,0.007285581610631198,2.313188076019287,12.004516839981079
1751,0.15133842825889587,0.008229042985476553,2.309088706970215,12.001850008964539
1752,0.14968226104974747,0.0066425190307199955,2.30499529838562,11.998978972434998
1753,0.1500775460153818,0.007074682565871626,2.3009073734283447,11.999379634857178
1754,0.14941487088799477,0.006418494915124029,2.2968246936798096,12.002813458442688
1755,0.14993767254054546,0.006962871819268912,2.292747974395752,12.004732370376587
1756,0.14987600222229958,0.006932861520908773,2.288677215576172,12.005637288093567
1757,0.1503734067082405,0.0074971739668399096,2.284611940383911,12.003011584281921
1758,0.1499695312231779,0.007170604134444147,2.280552625656128,11.999340534210205
1759,0.1502170693129301,0.007479166612029076,2.276499032974243,11.997291326522827
1760,0.15075580403208733,0.008036013867240399,2.2724506855010986,11.999528884887695
1761,0.1509772166609764,0.00827796128578484,2.2684078216552734,12.001518368721008
1762,0.15042048320174217,0.007753459503874183,2.2643706798553467,12.002332210540771
1763,0.1506963148713112,0.008059414220042527,2.2603390216827393,12.003351211547852
1764,0.15046452172100544,0.00786741659976542,2.2563133239746094,12.003397464752197
1765,0.14943423494696617,0.0069110331241972744,2.252293109893799,12.000027537345886
1766,0.1501417849212885,0.00767565009300597,2.2482783794403076,11.998335242271423
1767,0.15018193796277046,0.007738588377833366,2.2442688941955566,12.0000661611557
1768,0.15016527101397514,0.007768458977807313,2.240265369415283,11.99941599369049
1769,0.14971571415662766,0.007334987225476652,2.236267328262329,12.001805305480957
1770,0.15035505779087543,0.007965620316099375,2.2322752475738525,12.00666856765747
1771,0.14919265918433666,0.006902445224113762,2.2282886505126953,12.000733137130737
1772,0.14902333170175552,0.006789595703594387,2.2243075370788574,11.999066233634949
1773,0.14963310211896896,0.007420690730214119,2.220332145690918,12.000909090042114
1774,0.14976141043007374,0.007582269317936152,2.216362237930298,12.00155246257782
1775,0.1509134154766798,0.008764229714870453,2.212397575378418,12.002521395683289
1776,0.15033681876957417,0.0082466229214333,2.2084383964538574,12.000581502914429
1777,0.14937666058540344,0.007308954140171409,2.204484462738037,12.002286553382874
1778,0.14931252785027027,0.007293358561582863,2.2005367279052734,12.001380443572998
1779,0.14935284666717052,0.007384528231341392,2.19659423828125,12.000238299369812
1780,0.14919691160321236,0.007286556996405125,2.192657470703125,11.998378157615662
1781,0.14853714779019356,0.006685946660581976,2.1887261867523193,11.996393918991089
1782,0.15040023811161518,0.008547057979740202,2.184800386428833,12.000517964363098
1783,0.14943566732108593,0.007601093442644924,2.180879831314087,12.002577900886536
1784,0.14981186389923096,0.008007312950212508,2.1769652366638184,12.003490090370178
1785,0.1487646847963333,0.007028612541034818,2.173056125640869,12.000551342964172
1786,0.14945102855563164,0.007734042534139007,2.16915225982666,12.002546787261963
1787,0.14905241876840591,0.007371234649326652,2.1652536392211914,12.002865195274353
1788,0.14851791970431805,0.006886329618282616,2.161360502243042,12.001798748970032
1789,0.14962687529623508,0.008035687729716301,2.157472848892212,12.001646041870117
1790,0.14938100427389145,0.007844308216590434,2.1535909175872803,12.000078797340393
1791,0.14860626496374607,0.0071405512280762196,2.149714469909668,11.996857404708862
1792,0.14838550053536892,0.006940111052244902,2.145843505859375,11.998695969581604
1793,0.14934838935732841,0.007915688678622246,2.1419780254364014,12.00129246711731
1794,0.1481792163103819,0.006781651347409934,2.138117551803589,12.001639485359192
1795,0.1487685889005661,0.007390555692836642,2.134262800216675,12.003540873527527
1796,0.148802001029253,0.007463350892066956,2.13041353225708,12.003451943397522
1797,0.14870000071823597,0.007414508145302534,2.1265695095062256,12.001980304718018
1798,0.1482829637825489,0.00704927823971957,2.1227312088012695,12.000637769699097
1799,0.14877141453325748,0.007575779047328979,2.118898391723633,12.000665545463562
1800,0.14760029688477516,0.0064519058796577156,2.1150708198547363,11.999768495559692
1801,0.14835147745907307,0.007245279324706644,2.11124849319458,11.999371647834778
1802,0.14933132380247116,0.008242063748184592,2.107431411743164,12.001494765281677
1803,0.14929809048771858,0.008255664666648954,2.1036202907562256,12.000622749328613
1804,0.14814414270222187,0.007140665140468627,2.0998141765594482,12.000533819198608
1805,0.1475483439862728,0.006610166106838733,2.0960135459899902,11.997804522514343
1806,0.1478110644966364,0.006896491046063602,2.0922181606292725,11.999239802360535
1807,0.14855453185737133,0.00764865567907691,2.088428020477295,12.00215995311737
1808,0.14884222485125065,0.007953884021844715,2.084643602371216,12.004190683364868
1809,0.14869140461087227,0.007856532232835889,2.080864667892456,12.002622961997986
1810,0.14964153431355953,0.00882885861210525,2.0770907402038574,12.004177570343018
1811,0.14891896210610867,0.008182809688150883,2.073322296142578,12.000293135643005
1812,0.15030056796967983,0.009620327269658446,2.0695595741271973,11.998464584350586
1813,0.1480517778545618,0.00743133423384279,2.0658016204833984,11.996242642402649
1814,0.1483994796872139,0.007817973848432302,2.06204891204834,11.99610185623169
1815,0.14789673313498497,0.007280593155883253,2.0583019256591797,12.003312349319458
1816,0.1486944742500782,0.00809071387629956,2.054560422897339,12.005816102027893
1817,0.14905032888054848,0.0084990831092,2.0508241653442383,12.004300951957703
1818,0.14882107079029083,0.008325557690113783,2.047093391418457,12.002458572387695
1819,0.14858265593647957,0.008135402225889266,2.043367385864258,12.001358389854431
1820,0.14888973534107208,0.008472415676806122,2.039646863937378,12.00208568572998
1821,0.14916978776454926,0.008782985038124025,2.035940170288086,12.002740383148193
1822,0.14791285805404186,0.007616624759975821,2.0322375297546387,11.99738621711731
1823,0.14764544367790222,0.007363873184658587,2.0285391807556152,11.999618411064148
1824,0.1485700998455286,0.00826383923413232,2.024846315383911,12.005780339241028
1825,0.1485909651964903,0.008337821869645268,2.0211949348449707,12.004119992256165
1826,0.1473417580127716,0.007180076674558222,2.0175442695617676,11.998624324798584
1827,0.14730302803218365,0.007193534285761416,2.013895034790039,11.997054815292358
1828,0.14866631850600243,0.00858498242450878,2.0102477073669434,11.997886300086975
1829,0.1473307404667139,0.00726409547496587,2.0066163539886475,12.000048875808716
1830,0.14727024920284748,0.007209711999166757,2.002986192703247,12.00306785106659
1831,0.1469486504793167,0.006933751341421157,1.9993574619293213,12.002132773399353
1832,0.1472444199025631,0.007246572116855532,1.9957304000854492,12.00405466556549
1833,0.14755608886480331,0.007593338435981423,1.99210524559021,12.004170060157776
1834,0.1471728440374136,0.007261049177031964,1.9884827136993408,12.002696990966797
1835,0.1470434945076704,0.007190665928646922,1.9848628044128418,12.000420093536377
1836,0.14677247405052185,0.006975409982260317,1.9812462329864502,11.99846065044403
1837,0.1469053141772747,0.007136878150049597,1.9776326417922974,11.999211192131042
1838,0.1486664693802595,0.008902137749828398,1.9740222692489624,12.002411246299744
1839,0.14691335894167423,0.007222796673886478,1.970415472984314,11.998641014099121
1840,0.14711474813520908,0.007450353179592639,1.9668121337890625,11.999627709388733
1841,0.14705365523695946,0.007394381274934858,1.9632129669189453,12.00271463394165
1842,0.14781896024942398,0.008200936252251267,1.9596176147460938,12.002185106277466
1843,0.14724548906087875,0.007683065487071872,1.956026315689087,12.000216603279114
1844,0.14749061316251755,0.007961860625073314,1.952439546585083,12.000435590744019
1845,0.14671332761645317,0.007226301066111773,1.9488569498062134,11.99984610080719
1846,0.14766543731093407,0.008191991248168051,1.945278525352478,12.002066254615784
1847,0.14659563079476357,0.007141305832192302,1.9417046308517456,12.003728032112122
1848,0.14692025445401669,0.007528420130256563,1.9381351470947266,12.001048564910889
1849,0.14636981673538685,0.0070151741383597255,1.9345701932907104,12.0008944272995
1850,0.14702622964978218,0.007708000601269305,1.9310100078582764,12.000812888145447
1851,0.14611912705004215,0.006834728585090488,1.9274545907974243,12.000985741615295
1852,0.1458530854433775,0.006622133951168507,1.9239040613174438,11.999191761016846
1853,0.14680388383567333,0.0075909028528258204,1.9203579425811768,12.000940561294556
1854,0.1467264648526907,0.00756048149196431,1.9168169498443604,11.999781727790833
1855,0.14638714864850044,0.007215440913569182,1.9132804870605469,12.003890752792358
1856,0.14661069214344025,0.00747441197745502,1.9097490310668945,12.00387954711914
1857,0.14737815968692303,0.008286586788017303,1.9062223434448242,12.002935290336609
1858,0.14631454646587372,0.007297522854059935,1.902700662612915,11.99900209903717
1859,0.1467321738600731,0.007731438439805061,1.8991835117340088,12.000890493392944
1860,0.14588687941432,0.006938432459719479,1.8956718444824219,11.999173283576965
1861,0.1467732023447752,0.007832503993995488,1.892164707183838,12.00190544128418
1862,0.1464417800307274,0.007553963339887559,1.8886626958847046,12.00011944770813
1863,0.14579585753381252,0.006943636399228126,1.8851655721664429,12.000057101249695
1864,0.14588413387537003,0.007082362659275532,1.8816733360290527,11.998503923416138
1865,0.14660615101456642,0.007779911567922682,1.8781862258911133,12.004437923431396
1866,0.1462544333189726,0.007493360433727503,1.8747038841247559,12.001403331756592
1867,0.14511358551681042,0.0064033009693957865,1.8712267875671387,11.999801993370056
1868,0.14597712084650993,0.007278285396751016,1.8677546977996826,12.002129077911377
1869,0.14632376842200756,0.0076515235705301166,1.8642874956130981,12.002937316894531
1870,0.1459415927529335,0.0072928196168504655,1.8608251810073853,12.004052639007568
1871,0.14587609842419624,0.0072935077478177845,1.857367753982544,12.00089156627655
1872,0.1469271443784237,0.008373698394279927,1.8539155721664429,12.001429677009583
1873,0.1461513340473175,0.007680094393435866,1.8504681587219238,11.9966561794281
1874,0.1469399482011795,0.008453533228021115,1.847025752067566,12.00161623954773
1875,0.14479546062648296,0.006386895372997969,1.8435882329940796,11.997268676757812
1876,0.14582346379756927,0.007409759040456265,1.840155839920044,12.001215100288391
1877,0.1464094165712595,0.008020859386306256,1.8367282152175903,12.002128005027771
1878,0.145941361784935,0.00758584780851379,1.833305835723877,12.002245426177979
1879,0.14596694707870483,0.007646495010703802,1.8298888206481934,12.002156734466553
1880,0.14597084186971188,0.007688135199714452,1.8264763355255127,12.001794695854187
1881,0.14549533650279045,0.007245166227221489,1.8230688571929932,12.001948475837708
1882,0.1453993171453476,0.007193888654001057,1.8196663856506348,12.000876784324646
1883,0.1460070814937353,0.007833337760530412,1.8162689208984375,12.001105904579163
1884,0.14499258063733578,0.00687468471005559,1.8128761053085327,11.998913764953613
1885,0.14600073546171188,0.007926631602458656,1.8094885349273682,11.99792194366455
1886,0.14582889899611473,0.00774281972553581,1.8061058521270752,12.002502202987671
1887,0.14563942700624466,0.007586584542877972,1.8027281761169434,12.002556443214417
1888,0.14461831003427505,0.006602650217246264,1.799355387687683,12.002211332321167
1889,0.14532199501991272,0.007357397524174303,1.795987606048584,12.00047218799591
1890,0.14537092484533787,0.007456546125467867,1.792624831199646,11.99881362915039
1891,0.14445002749562263,0.006563318136613816,1.7892670631408691,11.999404549598694
1892,0.14566763117909431,0.007790541392751038,1.785914421081543,12.001795053482056
1893,0.14535599388182163,0.007505947141908109,1.7825663089752197,12.00243866443634
1894,0.14533418230712414,0.007511518429964781,1.779222846031189,12.0030437707901
1895,0.14396219328045845,0.006195324880536646,1.775884747505188,12.000802516937256
1896,0.1455798540264368,0.0078002725495025516,1.7725512981414795,12.005407094955444
1897,0.14444636926054955,0.006755084381438792,1.7692229747772217,11.999905943870544
1898,0.14633010141551495,0.00865125289419666,1.765899419784546,12.001985907554626
1899,0.1448698192834854,0.007265806198120117,1.7625809907913208,11.997820496559143
1900,0.14627251587808132,0.008674434619024396,1.7592672109603882,12.00054121017456
1901,0.14460216462612152,0.0070339765516109765,1.7559585571289062,12.000860810279846
1902,0.14501285552978516,0.0074768910999409854,1.752654790878296,12.00094199180603
1903,0.14500334672629833,0.00751301267882809,1.749355673789978,11.999677896499634
1904,0.14494465105235577,0.007484950008802116,1.7460618019104004,11.999908447265625
1905,0.14483199454843998,0.0073918860871344805,1.7427725791931152,12.001238584518433
1906,0.14574431255459785,0.008308458258397877,1.739488124847412,12.00409734249115
1907,0.14477347396314144,0.007373497472144663,1.7362086772918701,12.00378942489624
1908,0.1449577435851097,0.00762244698125869,1.7329338788986206,12.000595808029175
1909,0.14449480548501015,0.00720515480497852,1.7296643257141113,11.999300956726074
1910,0.14443391002714634,0.0071656545042060316,1.7263994216918945,12.000426292419434
1911,0.14506042934954166,0.007786949863657355,1.7231394052505493,12.00420880317688
1912,0.1454838328063488,0.008253522682935,1.719883918762207,12.00314736366272
1913,0.1440362799912691,0.006851154554169625,1.7166333198547363,12.001879572868347
1914,0.14397960156202316,0.006829427322372794,1.7133877277374268,12.001630187034607
1915,0.1441234052181244,0.007043481804430485,1.7101472616195679,11.99784541130066
1916,0.1447573509067297,0.007689708843827248,1.7069114446640015,11.999853253364563
1917,0.14370745979249477,0.006663498061243445,1.7036802768707275,12.000716209411621
1918,0.1446487121284008,0.0076187310623936355,1.7004541158676147,12.002544283866882
1919,0.1449466347694397,0.007939962262753397,1.6972324848175049,12.003435492515564
1920,0.14390822686254978,0.006944260618183762,1.6940158605575562,12.002381205558777
1921,0.14458017237484455,0.007659257797058672,1.6908040046691895,12.001287698745728
1922,0.14435571245849133,0.007484969741199166,1.6875967979431152,11.999477982521057
1923,0.14455106668174267,0.007704133342485875,1.6843944787979126,12.000298857688904
1924,0.14419422671198845,0.007391031656879932,1.681197166442871,11.999122619628906
1925,0.14498587884008884,0.00817925890441984,1.678004503250122,12.002657651901245
1926,0.14419286511838436,0.007428404758684337,1.674816370010376,12.001630067825317
1927,0.1435859650373459,0.0068733213120140135,1.6716331243515015,11.999631404876709
1928,0.1445760875940323,0.007905767415650189,1.6684547662734985,11.99857759475708
1929,0.1444210670888424,0.007759266707580537,1.6652809381484985,12.00089943408966
1930,0.1440782342106104,0.0074279854306951165,1.6621119976043701,12.002912878990173
1931,0.14354089088737965,0.006924357381649315,1.6589479446411133,12.002706050872803
1932,0.14286261051893234,0.006305291608441621,1.655788540840149,11.999943375587463
1933,0.14315100014209747,0.006638949096668512,1.652633786201477,11.998571395874023
1934,0.1430665012449026,0.006579536944627762,1.6494837999343872,11.999212980270386
1935,0.14417877048254013,0.007654814107809216,1.6463383436203003,12.006057500839233
1936,0.14490054175257683,0.00841341563500464,1.6431974172592163,12.005515575408936
1937,0.1436346061527729,0.007212212949525565,1.640061616897583,12.002178072929382
1938,0.14363843016326427,0.0072760520270094275,1.6369308233261108,11.99930715560913
1939,0.1437180433422327,0.007402151532005519,1.6338047981262207,11.997784614562988
1940,0.14414486475288868,0.007838563527911901,1.6306829452514648,11.999947428703308
1941,0.14340841211378574,0.007129681995138526,1.627565860748291,12.000307440757751
1942,0.14382119290530682,0.00754359521670267,1.6244533061981201,12.00330674648285
1943,0.1433108150959015,0.0070282595115713775,1.6213454008102417,12.00691032409668
1944,0.14324286580085754,0.007022965117357671,1.6182427406311035,12.003747701644897
1945,0.14399922080338,0.007835171418264508,1.6151447296142578,12.00126039981842
1946,0.14336495473980904,0.007265289314091206,1.612051248550415,11.997915744781494
1947,0.14371627196669579,0.007613061985466629,1.6089625358581543,12.00135886669159
1948,0.14309674501419067,0.0070368568995036185,1.6058778762817383,12.000111103057861
1949,0.14307243563234806,0.007063816534355283,1.602798342704773,11.998064041137695
1950,0.14348318427801132,0.007475695863831788,1.5997231006622314,12.001026034355164
1951,0.14230754971504211,0.00631841184804216,1.5966529846191406,12.00226104259491
1952,0.14313455298542976,0.007177552615758032,1.5935873985290527,12.002112984657288
1953,0.14409775659441948,0.0081850856076926,1.5905264616012573,12.000740885734558
1954,0.14315995387732983,0.00725596776464954,1.587470293045044,12.002928376197815
1955,0.1432938165962696,0.00742931169224903,1.584418535232544,12.002031922340393
1956,0.1438064631074667,0.007957423513289541,1.5813713073730469,12.003532886505127
1957,0.1423723455518484,0.006593186582904309,1.5783286094665527,11.999587774276733
1958,0.14354697801172733,0.007783835812006146,1.5752909183502197,12.001023650169373
1959,0.14375300146639347,0.008009325538296252,1.5722577571868896,12.002110362052917
1960,0.14387907460331917,0.008177752664778382,1.5692293643951416,12.000903010368347
1961,0.14368983916938305,0.008026339404750615,1.5662049055099487,12.000145196914673
1962,0.1432503294199705,0.007631067943293601,1.5631855726242065,11.998741030693054
1963,0.1426891479641199,0.007086428289767355,1.5601705312728882,12.000101447105408
1964,0.14271336793899536,0.00713475322118029,1.5571601390838623,12.000701546669006
1965,0.14319934137165546,0.007640095194801688,1.554154396057129,12.001770377159119
1966,0.1431893240660429,0.007647718884982169,1.5511531829833984,12.003007650375366
1967,0.14303342066705227,0.007523739710450172,1.5481566190719604,12.002812027931213
1968,0.14354952424764633,0.008066972193773836,1.545164942741394,12.003090500831604
1969,0.14299029856920242,0.007568638131488115,1.5421775579452515,11.999988436698914
1970,0.1435939110815525,0.008197153510991484,1.5391945838928223,12.000481367111206
1971,0.14297723770141602,0.0076586048235185444,1.5362162590026855,11.995647430419922
1972,0.1427052803337574,0.007360898889601231,1.5332424640655518,12.001196026802063
1973,0.14282660000026226,0.007500027015339583,1.5302730798721313,12.002384662628174
1974,0.14423777163028717,0.008907451934646815,1.5273083448410034,12.00572383403778
1975,0.14297865517437458,0.007728896162007004,1.5243480205535889,12.000628232955933
1976,0.1438005268573761,0.008571464626584202,1.521392583847046,12.001514077186584
1977,0.14318478293716908,0.008006992924492806,1.5184413194656372,11.999338388442993
1978,0.14304004982113838,0.007904995698481798,1.5154945850372314,11.998010993003845
1979,0.1427476592361927,0.007633182918652892,1.5125524997711182,11.998895645141602
1980,0.14241510070860386,0.0072979170945473015,1.5096149444580078,12.002103924751282
1981,0.1409225184470415,0.005844472645549104,1.5066819190979004,12.0011225938797
1982,0.14238592609763145,0.007339456293266267,1.5037533044815063,12.000893712043762
1983,0.14302023500204086,0.007980931783095002,1.5008289813995361,12.003101587295532
1984,0.14285928942263126,0.0078698507277295,1.497909426689148,12.00103497505188
1985,0.14243443310260773,0.007474310405086726,1.4949941635131836,12.001018166542053
1986,0.14265818148851395,0.007733329141046852,1.4920835494995117,12.000402092933655
1987,0.14267277903854847,0.007783153094351292,1.4891772270202637,11.999785661697388
1988,0.1421108040958643,0.0072491965256631374,1.486275553703308,11.999885439872742
1989,0.14246396720409393,0.007617639377713203,1.4833780527114868,12.001254916191101
1990,0.1418258100748062,0.007027802290394902,1.480485200881958,11.999315977096558
1991,0.14316570945084095,0.008380529470741749,1.4775968790054321,12.000921726226807
1992,0.1421107966452837,0.00735472550150007,1.47471284866333,12.000894665718079
1993,0.1422542929649353,0.007508170325309038,1.4718334674835205,12.002778887748718
1994,0.1417023502290249,0.0069906062562949955,1.4689582586288452,12.002216100692749
1995,0.14173229597508907,0.007054915127810091,1.4660875797271729,12.001650929450989
1996,0.1424347721040249,0.007790788484271616,1.4632210731506348,12.001177549362183
1997,0.14305329509079456,0.008433375274762511,1.4603593349456787,12.001632928848267
1998,0.14148284122347832,0.006923682987689972,1.4575023651123047,11.998413801193237
1999,0.1410160344094038,0.006516115157864988,1.4546493291854858,11.99534273147583
2000,0.14228689670562744,0.007760238193441182,1.4518007040023804,12.00086522102356
2001,0.14178135618567467,0.007295759336557239,1.4489564895629883,11.999603390693665
2002,0.14168029837310314,0.007209689181763679,1.4461168050765991,12.000944375991821
2003,0.14113552495837212,0.006670721573755145,1.4432811737060547,12.003200054168701
2004,0.1422936636954546,0.00784560083411634,1.4404501914978027,12.004356503486633
2005,0.14199694618582726,0.007589216984342784,1.4376236200332642,12.003149509429932
2006,0.14249888621270657,0.008128691115416586,1.4348013401031494,12.002218246459961
2007,0.14190960302948952,0.0076017401297576725,1.4319837093353271,11.998802900314331
2008,0.14224320463836193,0.007947801786940545,1.4291703701019287,12.000370144844055
2009,0.141180582344532,0.006953475123737007,1.4263612031936646,11.996350049972534
2010,0.14295901358127594,0.008724972023628652,1.4235564470291138,11.999847888946533
2011,0.14155097492039204,0.007345609366893768,1.4207558631896973,11.999781012535095
2012,0.14193379878997803,0.007745280570816249,1.4179596900939941,12.000892519950867
2013,0.1414121873676777,0.007242441817652434,1.4151678085327148,12.001806855201721
2014,0.14085398241877556,0.00673241080949083,1.412380337715149,11.99977695941925
2015,0.14162671007215977,0.007514430093578994,1.4095975160598755,12.001630425453186
2016,0.14210529811680317,0.0080145830870606,1.4068188667297363,12.002252459526062
2017,0.14191611856222153,0.007841379032470286,1.404044508934021,12.003429651260376
2018,0.1426485814154148,0.008599992550443858,1.4012746810913086,12.003584146499634
2019,0.14174294658005238,0.007766531023662537,1.398508906364441,11.999132752418518
2020,0.14225050620734692,0.008301771886181086,1.395747423171997,11.999126315116882
2021,0.14050414972007275,0.006598732725251466,1.3929905891418457,11.997551441192627
2022,0.1410516519099474,0.0071393526159226894,1.3902376890182495,12.000992774963379
2023,0.14027203433215618,0.006402195431292057,1.3874891996383667,11.999495029449463
2024,0.14202864095568657,0.008174717833753675,1.3847448825836182,12.00064766407013
2025,0.1412472352385521,0.007406829565297812,1.382004976272583,12.002035856246948
2026,0.1406274326145649,0.0068142214440740645,1.3792692422866821,12.002052426338196
2027,0.14001836627721786,0.006241284834686667,1.376537799835205,12.001170635223389
2028,0.14056901820003986,0.006828366371337324,1.3738107681274414,12.00025486946106
2029,0.14065835066139698,0.006946257140953094,1.3710877895355225,12.00012195110321
2030,0.1411201823502779,0.007399824680760503,1.368369221687317,12.003666877746582
2031,0.14145303890109062,0.007762196066323668,1.3656550645828247,12.003429532051086
2032,0.13979732990264893,0.006170953332912177,1.3629451990127563,11.999692678451538
2033,0.14016173034906387,0.0065708792535588145,1.3602393865585327,11.998846173286438
2034,0.1415227074176073,0.007948197715450078,1.357537865638733,11.999913573265076
2035,0.14042069762945175,0.006864375725854188,1.354840636253357,12.000791907310486
2036,0.14072625525295734,0.007188649149611592,1.3521475791931152,12.00161349773407
2037,0.14032350294291973,0.006826994533184916,1.3494586944580078,12.000192046165466
2038,0.14037290774285793,0.006897116196341813,1.3467742204666138,12.000805020332336
2039,0.14105575159192085,0.007606497791130096,1.3440940380096436,12.000831484794617
2040,0.14117313735187054,0.007767622300889343,1.3414177894592285,11.999133944511414
2041,0.14066686108708382,0.0072476964560337365,1.3387460708618164,12.003170728683472
2042,0.13979782164096832,0.006422172154998407,1.33607816696167,12.001487135887146
2043,0.14078079536557198,0.0074439519084990025,1.3334147930145264,12.000269889831543
2044,0.1415258813649416,0.008223860000725836,1.3307554721832275,11.999447345733643
2045,0.14071393944323063,0.007434255909174681,1.3281006813049316,11.999867916107178
2046,0.13937204703688622,0.006127700966317207,1.3254497051239014,11.998985409736633
2047,0.14109934866428375,0.007852673064917326,1.322803020477295,12.001865029335022
2048,0.14147727377712727,0.008230384846683592,1.3201605081558228,12.004528760910034
2049,0.14105718582868576,0.00785800558514893,1.3175221681594849,12.00239634513855
2050,0.14011818915605545,0.006969160458538681,1.3148877620697021,12.000015020370483
2051,0.1407467145472765,0.00762503407895565,1.3122577667236328,11.999910593032837
2052,0.1408056765794754,0.007709284138400108,1.3096321821212769,12.000007510185242
2053,0.14081424474716187,0.007744198723230511,1.3070107698440552,11.99999463558197
2054,0.14084497280418873,0.007791634590830654,1.3043932914733887,12.000940799713135
2055,0.14130888879299164,0.00826503336429596,1.3017796277999878,12.002606391906738
2056,0.14013627730309963,0.007136432104744017,1.2991703748703003,12.000814437866211
2057,0.14038658142089844,0.007425172429066151,1.2965651750564575,11.999576210975647
2058,0.13976082392036915,0.006821954215411097,1.2939643859863281,11.99992299079895
2059,0.1413854081183672,0.008421534264925867,1.291367530822754,12.005020022392273
2060,0.1399256717413664,0.007026929582934827,1.2887749671936035,12.001099467277527
2061,0.14118381030857563,0.008312930120155215,1.2861864566802979,12.000901699066162
2062,0.13914862647652626,0.006345825153402984,1.283602237701416,11.996678113937378
2063,0.14044946804642677,0.007642860000487417,1.2810219526290894,11.999639391899109
2064,0.14189745113253593,0.009098113747313619,1.2784457206726074,12.001488089561462
2065,0.14045574888586998,0.007683167816139758,1.2758735418319702,12.001384973526001
2066,0.14062846824526787,0.007880995923187584,1.2733056545257568,12.001442313194275
2067,0.13953404687345028,0.006821773014962673,1.2707417011260986,12.000486016273499
2068,0.13949257135391235,0.006800740782637149,1.2681820392608643,12.001001477241516
2069,0.14061217196285725,0.007951379171572626,1.2656261920928955,12.000453114509583
2070,0.13973530195653439,0.007120664580725133,1.2630743980407715,11.998389720916748
2071,0.13892287388443947,0.006298086664173752,1.2605267763137817,12.001952409744263
2072,0.1389594841748476,0.006352879572659731,1.2579830884933472,12.00267744064331
2073,0.14000651612877846,0.007424394832924008,1.255443811416626,12.002768278121948
2074,0.14066113345324993,0.00811125768814236,1.252908706665039,12.002079486846924
2075,0.13982165604829788,0.0073029627674259245,1.250381588935852,12.001488089561462
2076,0.14185180887579918,0.00931359629612416,1.247857689857483,12.005963683128357
2077,0.14024297520518303,0.007793778902851045,1.2453376054763794,11.999582648277283
2078,0.1394518595188856,0.007039596501272172,1.2428213357925415,11.998405575752258
2079,0.1396985985338688,0.007320670818444341,1.2403091192245483,11.997483968734741
2080,0.13990861922502518,0.0075298817828297615,1.2378002405166626,12.000073909759521
2081,0.13922959566116333,0.006873353442642838,1.235295057296753,12.000329375267029
2082,0.1397919375449419,0.007428147364407778,1.2327938079833984,12.003585934638977
2083,0.13965512439608574,0.007340698677580804,1.2302967309951782,12.00114631652832
2084,0.13991045765578747,0.007614810892846435,1.2278032302856445,12.001761674880981
2085,0.14029870368540287,0.008020694542210549,1.2253135442733765,12.002487659454346
2086,0.1390208676457405,0.006807139259763062,1.2228280305862427,11.998545169830322
2087,0.13928365148603916,0.0070790415338706225,1.2203463315963745,12.000115156173706
2088,0.13984377309679985,0.0076502535957843065,1.217868447303772,12.001483917236328
2089,0.1388554833829403,0.006673236144706607,1.2153942584991455,12.002830743789673
2090,0.13909799605607986,0.006961951439734548,1.2129242420196533,12.000680446624756
2091,0.13973244838416576,0.007630881853401661,1.2104581594467163,11.999699115753174
2092,0.13974803686141968,0.007639247050974518,1.207995891571045,12.002883434295654
2093,0.1391412764787674,0.007084277749527246,1.20553719997406,12.000162839889526
2094,0.13935825787484646,0.007302730460651219,1.20308256149292,12.00247061252594
2095,0.1391229499131441,0.007094469154253602,1.200632095336914,12.00221598148346
2096,0.13956667855381966,0.007580670062452555,1.1981855630874634,12.000415682792664
2097,0.13958632946014404,0.007659182359930128,1.1957428455352783,11.99697196483612
2098,0.1390371434390545,0.007109240221325308,1.1933040618896484,11.999486684799194
2099,0.13962865807116032,0.007696393353398889,1.1908692121505737,12.002357125282288
2100,0.1403445526957512,0.00843408762011677,1.1884381771087646,12.00260853767395
2101,0.13930086977779865,0.007434847939293832,1.1860109567642212,12.000591278076172
2102,0.14049246907234192,0.008623092493508011,1.1835877895355225,12.003350138664246
2103,0.13915704004466534,0.007336636714171618,1.181168794631958,12.000871658325195
2104,0.13963801227509975,0.00783444888656959,1.17875337600708,12.00160300731659
2105,0.13939423114061356,0.007657125941477716,1.176342248916626,11.997368693351746
2106,0.13880270160734653,0.007088308280799538,1.1739346981048584,11.997504949569702
2107,0.1391180418431759,0.007400265836622566,1.1715309619903564,12.00024676322937
2108,0.13781165331602097,0.006108059373218566,1.1691311597824097,12.0012286901474
2109,0.13889413140714169,0.007212722091935575,1.1667354106903076,12.001405835151672
2110,0.13936752453446388,0.007701782509684563,1.1643434762954712,12.002230763435364
2111,0.13894457928836346,0.00730279425624758,1.1619552373886108,12.00222361087799
2112,0.13992871157824993,0.008283930306788534,1.1595711708068848,12.004907250404358
2113,0.13883950002491474,0.007258267840370536,1.1571906805038452,12.000932931900024
2114,0.1384350061416626,0.006892634730320424,1.1548142433166504,11.999423384666443
2115,0.13905661180615425,0.007533050666097552,1.1524417400360107,11.999914288520813
2116,0.1392555832862854,0.007741947483737022,1.1500730514526367,12.001290440559387
2117,0.13885454647243023,0.0073811233742162585,1.1477081775665283,11.999634265899658
2118,0.13982690311968327,0.008340848609805107,1.1453473567962646,12.003258466720581
2119,0.13894913345575333,0.007503657310735434,1.1429903507232666,12.00155782699585
2120,0.1381584219634533,0.006763398996554315,1.1406371593475342,11.998865485191345
2121,0.13942434825003147,0.008052915916778147,1.1382877826690674,11.998855710029602
2122,0.13755202665925026,0.006220864597707987,1.1359421014785767,11.997174382209778
2123,0.1393805518746376,0.008047131181228906,1.1336003541946411,11.999741911888123
2124,0.13816571608185768,0.006829007528722286,1.1312625408172607,12.002408981323242
2125,0.13919071853160858,0.007830762129742652,1.128928542137146,12.007067441940308
2126,0.13899056240916252,0.0076849484466947615,1.1265983581542969,12.003963589668274
2127,0.13870996236801147,0.007432016136590391,1.124272108078003,12.003522634506226
2128,0.139060465618968,0.007858025841414928,1.1219494342803955,11.998294830322266
2129,0.1390732228755951,0.007879915123339742,1.1196308135986328,11.99970006942749
2130,0.13783890008926392,0.006677966273855418,1.1173157691955566,11.998777985572815
2131,0.13912921771407127,0.007968702644575387,1.1150046586990356,12.001047134399414
2132,0.13919991999864578,0.008064905065111816,1.1126973628997803,12.000804424285889
2133,0.13910329155623913,0.00798446114640683,1.110393762588501,12.001489758491516
2134,0.1380288265645504,0.006964330386836082,1.1080942153930664,11.998355627059937
2135,0.13907196186482906,0.008013098267838359,1.1057984828948975,12.000088095664978
2136,0.13768042996525764,0.006634075252804905,1.103506326675415,12.001129388809204
2137,0.13818799518048763,0.0071684743743389845,1.1012178659439087,12.000734329223633
2138,0.13825864903628826,0.007260706915985793,1.0989331007003784,12.000861406326294
2139,0.13889328390359879,0.00790610711555928,1.0966521501541138,12.002065896987915
2140,0.13838806748390198,0.00742806401103735,1.0943752527236938,12.001625180244446
2141,0.1378595046699047,0.0069319920730777085,1.09210205078125,12.000649333000183
2142,0.1381581611931324,0.007260195503477007,1.0898326635360718,11.999964118003845
2143,0.13687440752983093,0.006021574721671641,1.08756685256958,11.997716546058655
2144,0.13889146596193314,0.008034615777432919,1.085304856300354,12.000380396842957
2145,0.13869250379502773,0.007847195432987064,1.0830466747283936,12.001484394073486
2146,0.1379447765648365,0.007139448949601501,1.08079195022583,11.999741196632385
2147,0.1382424421608448,0.007424022885970771,1.0785410404205322,12.00330102443695
2148,0.1391079369932413,0.00828906981041655,1.0762939453125,12.005593299865723
2149,0.13844401761889458,0.0076899107662029564,1.0740506649017334,12.001360297203064
2150,0.13803603686392307,0.007318559742998332,1.0718111991882324,11.999937176704407
2151,0.13772753067314625,0.007068520819302648,1.069575309753418,11.996325850486755
2152,0.13944964483380318,0.008759908203501254,1.0673431158065796,12.001630663871765
2153,0.13773448392748833,0.007081189192831516,1.0651146173477173,12.00021505355835
2154,0.13852390460669994,0.0078670623479411,1.0628900527954102,12.00279438495636
2155,0.1386102195829153,0.007977958070114255,1.0606689453125,12.002557635307312
2156,0.13860943168401718,0.00801633606897667,1.0584516525268555,12.000858187675476
2157,0.13921706192195415,0.00864694593474269,1.056238055229187,12.000773787498474
2158,0.13884308002889156,0.008305716270115227,1.0540281534194946,11.999708533287048
2159,0.13821054063737392,0.0076658426551148295,1.0518218278884888,12.002648115158081
2160,0.1375364400446415,0.007019369630143046,1.049619197845459,12.002088069915771
2161,0.13755820877850056,0.007078013033606112,1.0474203824996948,12.00059962272644
2162,0.13893113285303116,0.008477769559249282,1.0452251434326172,12.00011146068573
2163,0.13901645317673683,0.008574654173571616,1.0430335998535156,12.0011465549469
2164,0.13842228427529335,0.007993767329026014,1.0408458709716797,12.00200605392456
2165,0.1376599185168743,0.007266350439749658,1.0386615991592407,12.00069546699524
2166,0.1372569352388382,0.006862808717414737,1.0364811420440674,12.002931833267212
2167,0.13766196556389332,0.00729059026343748,1.034304141998291,12.002833604812622
2168,0.1400168240070343,0.009667983802501112,1.0321310758590698,12.002752542495728
2169,0.13879238069057465,0.008499042480252683,1.0299615859985352,11.999372601509094
2170,0.13799326494336128,0.007728940050583333,1.0277959108352661,11.998636722564697
2171,0.1382283940911293,0.00797200680244714,1.025633454322815,12.000005722045898
2172,0.13873504288494587,0.00847430358408019,1.0234746932983398,12.002599596977234
2173,0.13724417611956596,0.007026586739812046,1.0213195085525513,12.000439763069153
2174,0.13703645952045918,0.00683041731826961,1.0191680192947388,12.001436591148376
2175,0.13707086071372032,0.006894220190588385,1.0170201063156128,12.000644207000732
2176,0.13818815536797047,0.008024929615203291,1.0148757696151733,12.001446962356567
2177,0.13718661293387413,0.00704177055740729,1.0127354860305786,12.001749396324158
2178,0.13719777762889862,0.007074023189488798,1.0105985403060913,12.001777410507202
2179,0.13686307333409786,0.006766574690118432,1.0084651708602905,12.001184821128845
2180,0.1371396668255329,0.007060460047796369,1.0063353776931763,12.001585245132446
2181,0.13691684789955616,0.0068816126440651715,1.0042091608047485,11.999314427375793
2182,0.1378139778971672,0.007774700759910047,1.0020864009857178,12.00184154510498
2183,0.13773953542113304,0.00772628583945334,0.9999673366546631,12.001357913017273
2184,0.13783724047243595,0.007825129432603717,0.9978519678115845,12.00335943698883
2185,0.13792366720736027,0.007971553306560963,0.9957401752471924,11.999471545219421
2186,0.13802095875144005,0.008093017793726176,0.9936318397521973,11.999162435531616
2187,0.137249069288373,0.007342486118432134,0.9915269613265991,11.999131560325623
2188,0.13739551045000553,0.00750282418448478,0.9894258379936218,11.999842882156372
2189,0.1379470657557249,0.008058286388404667,0.9873281717300415,12.001550078392029
2190,0.13635880313813686,0.006494757777545601,0.9852341413497925,12.00117039680481
2191,0.13755123503506184,0.00769190932624042,0.9831461906433105,12.00278651714325
2192,0.13761763647198677,0.007774334226269275,0.981061577796936,12.003268957138062
2193,0.13795615546405315,0.00816138630034402,0.978980302810669,12.000496983528137
2194,0.13729351200163364,0.0075204093009233475,0.9769023060798645,12.000407934188843
2195,0.13759194873273373,0.007820926955901086,0.9748275876045227,12.002274990081787
2196,0.1364784762263298,0.0067725342232733965,0.972756028175354,11.997838497161865
2197,0.13692335411906242,0.007229477982036769,0.970687985420227,11.99869990348816
2198,0.13658241741359234,0.006873617065139115,0.9686233401298523,12.002256989479065
2199,0.13777564652264118,0.008082418993581086,0.9665621519088745,12.002760767936707
2200,0.1376199647784233,0.007958253612741828,0.9645043015480042,12.001667022705078
2201,0.13643991015851498,0.00683761719847098,0.9624501466751099,11.997779488563538
2202,0.13672295212745667,0.007139103370718658,0.9603992700576782,11.997986078262329
2203,0.1378349345177412,0.0082388284499757,0.9583517909049988,12.001259088516235
2204,0.1371460296213627,0.007582148420624435,0.9563077092170715,12.000080466270447
2205,0.13709170557558537,0.007516115205362439,0.9542669057846069,12.003292560577393
2206,0.13714858889579773,0.0075883715762756765,0.9522294402122498,12.003792643547058
2207,0.13751722685992718,0.007986315758898854,0.9501956701278687,12.002896070480347
2208,0.1367471870034933,0.0072551805642433465,0.9481651186943054,12.001035809516907
2209,0.1363413091748953,0.006886748946271837,0.9461379647254944,11.999318718910217
2210,0.13714993000030518,0.0077071095001883805,0.9441142082214355,12.000168085098267
2211,0.13700063526630402,0.007574739400297403,0.9420939683914185,12.000495910644531
2212,0.13719063438475132,0.007779647712595761,0.9400774240493774,12.00102150440216
2213,0.1378707718104124,0.008450156019534916,0.9380641579627991,12.003997802734375
2214,0.13631918467581272,0.006958538317121565,0.9360542893409729,12.00001049041748
2215,0.13742072135210037,0.00808733212761581,0.9340478777885437,11.99929141998291
2216,0.13798510283231735,0.008653275726828724,0.9320446848869324,12.00113832950592
2217,0.13616580329835415,0.006862001901026815,0.9300450682640076,12.000335454940796
2218,0.13591544143855572,0.0066615978721529245,0.9280489087104797,11.99733591079712
2219,0.1373530589044094,0.008085769775789231,0.9260561466217041,12.000673174858093
2220,0.13665887154638767,0.007397786248475313,0.9240667819976807,12.002041935920715
2221,0.13722306303679943,0.00795469363220036,0.922080934047699,12.004756689071655
2222,0.1361069530248642,0.006876722385641187,0.9200982451438904,12.002925276756287
2223,0.13654264248907566,0.0073469592607580125,0.9181190729141235,12.001449584960938
2224,0.13583908416330814,0.006679027457721531,0.9161433577537537,11.999862551689148
2225,0.13597976230084896,0.006853768951259553,0.914171040058136,11.998428344726562
2226,0.1368209458887577,0.00768432643963024,0.9122020602226257,12.001460313796997
2227,0.13650005497038364,0.007366645848378539,0.9102363586425781,12.00310480594635
2228,0.13669448159635067,0.007601637451443821,0.9082741141319275,12.001010656356812
2229,0.1357265394181013,0.006683936400804669,0.9063155055046082,11.997945189476013
2230,0.13583648391067982,0.0067927909549325705,0.9043601751327515,12.000009536743164
2231,0.13650957308709621,0.007467615359928459,0.9024080038070679,12.001788020133972
2232,0.13611633516848087,0.0070997357834130526,0.9004594087600708,12.001201033592224
2233,0.13642770610749722,0.007444415066856891,0.8985140323638916,11.999815583229065
2234,0.13548889197409153,0.006518539797980338,0.8965720534324646,12.000463485717773
2235,0.13643362931907177,0.007443967915605754,0.8946332931518555,12.004332900047302
2236,0.13615389727056026,0.007194946811068803,0.8926982283592224,12.003197073936462
2237,0.13541540317237377,0.006494635483250022,0.8907663226127625,12.00131106376648
2238,0.1363943424075842,0.007514450582675636,0.8888377547264099,11.999151825904846
2239,0.13674801774322987,0.00786452111788094,0.8869127035140991,12.001437067985535
2240,0.13672469928860664,0.007864123734179884,0.884990930557251,12.00106680393219
2241,0.13616548478603363,0.0073287636041641235,0.8830724954605103,12.000599980354309
2242,0.13626229390501976,0.0074559219647198915,0.8811572194099426,11.999480724334717
2243,0.13683661632239819,0.008040753717068583,0.8792454600334167,12.000341415405273
2244,0.13603967055678368,0.007284539169631898,0.8773369193077087,11.998176455497742
2245,0.1373835802078247,0.008624706359114498,0.8754317164421082,12.00045621395111
2246,0.13607938587665558,0.007347712758928537,0.8735297322273254,11.999637842178345
2247,0.13672647438943386,0.00798964744899422,0.8716311454772949,12.002051830291748
2248,0.13602129369974136,0.007280939258635044,0.869735836982727,12.004300117492676
2249,0.13676420785486698,0.008044922782573849,0.8678439259529114,12.004085063934326
2250,0.13633696734905243,0.007651054242160171,0.8659552335739136,12.002636551856995
2251,0.13743399269878864,0.008794058347120881,0.8640701174736023,11.999923586845398
2252,0.1363514680415392,0.007748005969915539,0.8621883392333984,11.998157978057861
2253,0.13572253286838531,0.00711886293720454,0.8603096604347229,12.000057578086853
2254,0.13619756698608398,0.007608178479131311,0.8584341406822205,12.000505089759827
2255,0.13596376217901707,0.0074018590385094285,0.8565617799758911,11.999629020690918
2256,0.135148573666811,0.006627856171689928,0.854692816734314,11.997378945350647
2257,0.13631965219974518,0.007762705092318356,0.8528271317481995,12.002868056297302
2258,0.13622761704027653,0.0076774260378442705,0.8509646654129028,12.004054307937622
2259,0.13512295484542847,0.0066170578938908875,0.8491055965423584,12.001484036445618
2260,0.1351548507809639,0.006663115695118904,0.8472496867179871,12.00192415714264
2261,0.13508819229900837,0.006624730944167823,0.8453971743583679,12.000949263572693
2262,0.13470743224024773,0.006279738852754235,0.8435479402542114,11.999221682548523
2263,0.1361123640090227,0.007666713499929756,0.8417019248008728,12.0028635263443
2264,0.13605566509068012,0.007643256336450577,0.8398590087890625,12.001382112503052
2265,0.13612245954573154,0.007725801377091557,0.8380193710327148,12.001646757125854
2266,0.13487210683524609,0.00650354492245242,0.8361828327178955,12.000673770904541
2267,0.13544617407023907,0.007091830717399716,0.8343497514724731,12.001084804534912
2268,0.13605344481766224,0.0077369254431687295,0.8325197696685791,11.99913215637207
2269,0.13594180718064308,0.007641907490324229,0.8306930661201477,11.999297261238098
2270,0.1363034676760435,0.008024381764698774,0.8288695812225342,11.999038815498352
2271,0.13549567013978958,0.007206785900052637,0.8270493745803833,12.001839518547058
2272,0.13574868068099022,0.007463634305167943,0.8252323269844055,12.003272891044617
2273,0.1353690531104803,0.007129677338525653,0.8234185576438904,12.000519514083862
2274,0.13595063239336014,0.007724698749370873,0.8216078877449036,12.000985860824585
2275,0.13513181544840336,0.006924896559212357,0.8198005557060242,12.00089156627655
2276,0.13515744730830193,0.0069440260995179415,0.8179962635040283,12.0033460855484
2277,0.13590491376817226,0.0077317621326074,0.8161951303482056,12.001120328903198
2278,0.1355671864002943,0.007407879922538996,0.8143972158432007,12.001533389091492
2279,0.13587464950978756,0.007753083540592343,0.8126025199890137,11.99955427646637
2280,0.13614535331726074,0.008041911583859473,0.8108110427856445,11.999533534049988
2281,0.13582175225019455,0.007746918709017336,0.809022843837738,11.99846065044403
2282,0.1361427716910839,0.00808735063765198,0.8072378039360046,11.99830448627472
2283,0.13712798431515694,0.009039406606461853,0.80545574426651,12.00340223312378
2284,0.1359306424856186,0.007864801969844848,0.8036770224571228,12.002907514572144
2285,0.13614101335406303,0.008086495683528483,0.8019012212753296,12.003550410270691
2286,0.13507736288011074,0.007067258236929774,0.8001286387443542,12.000882029533386
2287,0.1354828756302595,0.007481604639906436,0.7983593344688416,12.001767992973328
2288,0.13503223657608032,0.007075845031067729,0.796610414981842,11.99902892112732
2289,0.13492825627326965,0.006989753397647291,0.7948631048202515,11.998987555503845
2290,0.13555565290153027,0.007610253000166267,0.7931171655654907,12.001423239707947
2291,0.13553065434098244,0.007605335849802941,0.7913727760314941,12.001159310340881
2292,0.1356656439602375,0.007758347026538104,0.7896302938461304,12.001099586486816
2293,0.13528295792639256,0.0074010525131598115,0.787889838218689,12.000301241874695
2294,0.13472126238048077,0.006847304641269147,0.7861514091491699,12.001245021820068
2295,0.1357729807496071,0.007914213056210428,0.7844151258468628,12.00146198272705
2296,0.13590113446116447,0.008051913056988269,0.7826811671257019,12.002241134643555
2297,0.13516343757510185,0.0073619073373265564,0.7809495329856873,11.99920380115509
2298,0.1349877156317234,0.007214029144961387,0.779220461845398,11.998148202896118
2299,0.1344703696668148,0.006695126183331013,0.7774938344955444,12.000030875205994
2300,0.13600235432386398,0.008237089787144214,0.7757696509361267,12.000757217407227
2301,0.13471186719834805,0.006962569605093449,0.7740480899810791,12.000882029533386
2302,0.13442484103143215,0.006699858175124973,0.7723292112350464,12.000169396400452
2303,0.13593750819563866,0.008188962761778384,0.7706130146980286,12.004241704940796
2304,0.13552509061992168,0.007807449204847217,0.7688995003700256,12.002864480018616
2305,0.13520741648972034,0.007520870363805443,0.7671888470649719,12.001466274261475
2306,0.1356039084494114,0.007930375111754984,0.7654808759689331,12.001872777938843
2307,0.13487766310572624,0.00724427803652361,0.7637757658958435,11.999563097953796
2308,0.13457581773400307,0.006969063077121973,0.7620735168457031,11.998602271080017
2309,0.13505885750055313,0.007467350806109607,0.7603740692138672,11.998777031898499
2310,0.13527358137071133,0.007697947847191244,0.7586774230003357,11.998886227607727
2311,0.13610625080764294,0.00851863855496049,0.756983757019043,12.001777410507202
2312,0.1340997125953436,0.006535966997034848,0.7552930116653442,12.001081943511963
2313,0.13530788384377956,0.007755691884085536,0.7536049485206604,12.001614689826965
2314,0.13500332459807396,0.007468419789802283,0.7519197463989258,12.0015709400177
2315,0.13439461961388588,0.006889005599077791,0.7502374649047852,12.000324249267578
2316,0.13496764190495014,0.007465824950486422,0.7485582828521729,12.00162398815155
2317,0.1358523964881897,0.008352519536856562,0.7468819618225098,12.003105759620667
2318,0.13442223146557808,0.006958813930395991,0.7452086806297302,12.00113320350647
2319,0.1355832926928997,0.008129934722092003,0.7435383796691895,12.001797437667847
2320,0.13543070666491985,0.008011389581952244,0.7418709993362427,12.000060796737671
2321,0.13456882163882256,0.007183422218076885,0.7402066588401794,11.99833369255066
2322,0.13419006951153278,0.00684423471102491,0.7385451197624207,11.996038675308228
2323,0.13511398993432522,0.007746339309960604,0.7368865013122559,11.999879121780396
2324,0.13581121526658535,0.008431480498984456,0.7352308034896851,12.002742648124695
2325,0.13543710112571716,0.008070003241300583,0.7335781455039978,12.003131747245789
2326,0.13456830196082592,0.007235032215248793,0.7319285869598389,12.00139844417572
2327,0.1347297802567482,0.0073961003217846155,0.7302819490432739,12.00308632850647
2328,0.1347649209201336,0.007462016073986888,0.7286381721496582,12.001652717590332
2329,0.134322764351964,0.00705440912861377,0.7269973158836365,11.999838471412659
2330,0.1339597050100565,0.006702353537548333,0.7253595590591431,12.000375628471375
2331,0.13541791029274464,0.008172712288796902,0.7237247228622437,12.000795364379883
2332,0.13457334600389004,0.007349716615863144,0.722092866897583,12.000270366668701
2333,0.13547835871577263,0.008281359856482595,0.7204641103744507,11.999236226081848
2334,0.13396159559488297,0.006793769891373813,0.7188380360603333,11.997944831848145
2335,0.13494298979640007,0.007783895533066243,0.717214822769165,11.998694777488708
2336,0.13469918817281723,0.0075113246566616,0.7155945301055908,12.003191947937012
2337,0.13613945432007313,0.008952561125624925,0.7139773368835449,12.004712343215942
2338,0.134029570966959,0.006879376829601824,0.7123631238937378,12.002656698226929
2339,0.13418895937502384,0.007080556184519082,0.7107518911361694,12.000088691711426
2340,0.13387345150113106,0.0067843657452613115,0.7091435194015503,11.999765515327454
2341,0.13523081876337528,0.008141222409904003,0.7075380682945251,12.001421809196472
2342,0.13443100824952126,0.007343336474150419,0.7059357166290283,12.002831816673279
2343,0.13304659351706505,0.005995773593895137,0.7043361663818359,12.00074589252472
2344,0.13573679514229298,0.00871039490448311,0.702739417552948,11.999900937080383
2345,0.13340040855109692,0.00639535445952788,0.7011456489562988,11.999359846115112
2346,0.1353771947324276,0.00836069812066853,0.6995548009872437,12.002095341682434
2347,0.13368028961122036,0.006712200352922082,0.6979668736457825,11.998842000961304
2348,0.13365424796938896,0.0066822844091802835,0.6963819265365601,12.000815033912659
2349,0.13416546396911144,0.007212007010821253,0.6947997808456421,12.000546216964722
2350,0.13463415205478668,0.007676126842852682,0.6932206749916077,12.002582311630249
2351,0.13440963812172413,0.007467289746273309,0.6916443109512329,12.002590775489807
2352,0.13442173041403294,0.007494618592318147,0.6900710463523865,12.00264060497284
2353,0.13385643810033798,0.00695807917509228,0.6885006427764893,12.001335620880127
2354,0.13474166579544544,0.007865946914535016,0.6869328618049622,12.00063931941986
2355,0.13577264361083508,0.008893279649782926,0.6853681802749634,12.00256872177124
2356,0.13355479016900063,0.006691753282211721,0.683806300163269,12.002497911453247
2357,0.13436678610742092,0.007517951948102564,0.6822474002838135,12.002636432647705
2358,0.13422811590135098,0.007429588586091995,0.6806914210319519,11.999161720275879
2359,0.13435271009802818,0.007583196391351521,0.6791381239891052,11.99781334400177
2360,0.13504733704030514,0.008296149841044098,0.6775876879692078,11.997531294822693
2361,0.13426163606345654,0.007483464956749231,0.67603999376297,12.001777410507202
2362,0.13455167599022388,0.0077879890450276434,0.6744953393936157,12.001873254776001
2363,0.13438747450709343,0.007603501144330949,0.6729536056518555,12.005443930625916
2364,0.1353571768850088,0.008589676988776773,0.6714145541191101,12.005335450172424
2365,0.13456312380731106,0.007858066936023533,0.6698785424232483,12.000627636909485
2366,0.13515042141079903,0.008472737157717347,0.6683452725410461,11.999423265457153
2367,0.1337486281991005,0.007111601938959211,0.6668148040771484,11.996888160705566
2368,0.13463504426181316,0.00798873568419367,0.6652872562408447,11.999343752861023
2369,0.1333699245005846,0.006733053480274975,0.6637623310089111,11.999925136566162
2370,0.13307763449847698,0.006430520996218547,0.6622403860092163,12.002471446990967
2371,0.1348546016961336,0.00819102255627513,0.6607212424278259,12.00563669204712
2372,0.13333937153220177,0.006734960770700127,0.6592050790786743,12.00123643875122
2373,0.13377350196242332,0.007159437634982169,0.657691478729248,12.00371515750885
2374,0.13368120044469833,0.007104471558704972,0.6561806797981262,12.001492381095886
2375,0.1351951565593481,0.008627351489849389,0.6546728014945984,12.002107858657837
2376,0.13363978825509548,0.00708380778087303,0.6531679034233093,12.00243055820465
2377,0.1333293616771698,0.006827521836385131,0.6516658067703247,11.998518586158752
2378,0.13451069965958595,0.008001300040632486,0.6501664519309998,12.000773906707764
2379,0.13347718305885792,0.007007498235907406,0.6486698389053345,11.99829912185669
2380,0.13366354815661907,0.007202736451290548,0.6471759080886841,11.998905539512634
2381,0.13415229134261608,0.0076819261885248125,0.6456847190856934,12.001351714134216
2382,0.1340723391622305,0.00759236904559657,0.6441965103149414,12.003800749778748
2383,0.13395424000918865,0.007500139647163451,0.6427110433578491,12.002699375152588
2384,0.13406786136329174,0.007640658353921026,0.6412283778190613,12.001492261886597
2385,0.13358878903090954,0.007210303680039942,0.6397483944892883,11.998100519180298
2386,0.1325980257242918,0.006230556056834757,0.6382713317871094,11.998476028442383
2387,0.13475700095295906,0.008366234367713332,0.6367968320846558,12.002279996871948
2388,0.13374841585755348,0.007380953698884696,0.6353251934051514,12.001421570777893
2389,0.13444306142628193,0.008044176909606904,0.6338562965393066,12.006032586097717
2390,0.13411976024508476,0.007755639671813697,0.6323902606964111,12.004022359848022
2391,0.13466971181333065,0.008329294039867818,0.6309268474578857,12.00311541557312
2392,0.13419893570244312,0.007926803431473672,0.62946617603302,11.997747659683228
2393,0.13350733555853367,0.007270767237059772,0.628008246421814,11.995648741722107
2394,0.13248960301280022,0.006258659006562084,0.626552939414978,11.996541857719421
2395,0.1336151883006096,0.007369448139797896,0.6251005530357361,11.999473571777344
2396,0.13386099226772785,0.007593872374854982,0.6236509084701538,12.003061175346375
2397,0.13341660238802433,0.007158835884183645,0.6222038269042969,12.003572821617126
2398,0.13383005373179913,0.0075770189287140965,0.6207594275474548,12.004544496536255
2399,0.13386796228587627,0.007664656382985413,0.6193177700042725,12.001013159751892
2400,0.1341521181166172,0.007964671240188181,0.6178789734840393,12.000866413116455
2401,0.13397501967847347,0.007821488135959953,0.616442859172821,11.998910784721375
2402,0.13335086777806282,0.007175864360760897,0.6150095462799072,12.002490997314453
2403,0.13375276699662209,0.007607900653965771,0.613578736782074,12.000908017158508
2404,0.1332839224487543,0.007159157132264227,0.6121507287025452,12.0003262758255
2405,0.13306720554828644,0.006959597580134869,0.6107255220413208,12.000035643577576
2406,0.13334715366363525,0.007259825768414885,0.6093029975891113,11.999429941177368
2407,0.13264274410903454,0.006576294719707221,0.6078830361366272,11.998762011528015
2408,0.13349575363099575,0.007414083927869797,0.606465756893158,12.001701354980469
2409,0.13413971476256847,0.008070054405834526,0.6050511002540588,12.001915097236633
2410,0.13392280787229538,0.007884128484874964,0.6036391258239746,12.000228881835938
2411,0.1341821290552616,0.008143242041114718,0.6022297739982605,12.001659512519836
2412,0.13304647244513035,0.007028710679151118,0.6008272767066956,12.000949025154114
2413,0.13372988812625408,0.007706245174631476,0.5994270443916321,12.002937197685242
2414,0.13339151814579964,0.007402831339277327,0.5980291366577148,12.000840067863464
2415,0.1342374999076128,0.008273904502857476,0.5966336727142334,11.999726176261902
2416,0.13337201811373234,0.007417478540446609,0.595240592956543,12.000213503837585
2417,0.13342835009098053,0.007480397121980786,0.593849778175354,12.000945568084717
2418,0.1326339803636074,0.006730446184519678,0.5924614071846008,11.997892022132874
2419,0.13280605897307396,0.006896815088111907,0.5910752415657043,11.999849557876587
2420,0.132876917719841,0.0069907589931972325,0.5896915197372437,11.998924612998962
2421,0.13311187736690044,0.007213652890641242,0.5883102416992188,12.00151264667511
2422,0.13286179304122925,0.00697880593361333,0.5869315266609192,12.001367688179016
2423,0.1332660336047411,0.007380406779702753,0.5855553150177002,12.003008008003235
2424,0.13302298076450825,0.00714095588773489,0.5841816663742065,12.004021286964417
2425,0.13226884603500366,0.006427786371205002,0.5828105807304382,12.001295924186707
2426,0.13302811421453953,0.00721810688264668,0.5814419388771057,11.99955928325653
2427,0.13313188776373863,0.007349846069701016,0.580075740814209,11.998128652572632
2428,0.13450722582638264,0.008709437912330031,0.5787121653556824,12.00106680393219
2429,0.133006289601326,0.00723838695557788,0.5773510336875916,11.999439120292664
2430,0.1329254638403654,0.007172251120209694,0.5759922862052917,11.999329328536987
2431,0.13372228853404522,0.007985669886693358,0.5746360421180725,11.99902606010437
2432,0.1330490428954363,0.007299568853341043,0.5732823014259338,12.001665115356445
2433,0.133399847894907,0.007646252634003758,0.5719312429428101,12.003428339958191
2434,0.13329079188406467,0.007556263648439199,0.5705827474594116,12.002870440483093
2435,0.13242792896926403,0.006722813122905791,0.5692368745803833,12.001274585723877
2436,0.13322939723730087,0.007529972121119499,0.5678935647010803,12.002049088478088
2437,0.13224776647984982,0.006582803966011852,0.5665526986122131,11.999943852424622
2438,0.13178658485412598,0.006156013521831483,0.5652144551277161,11.997842907905579
2439,0.1329364962875843,0.007297610805835575,0.5638786554336548,12.000010251998901
2440,0.1330241821706295,0.007363149139564484,0.5625455379486084,12.003558158874512
2441,0.133105656132102,0.007472769066225737,0.5612148642539978,12.002074122428894
2442,0.1322516705840826,0.006679564598016441,0.5598866939544678,11.997324466705322
2443,0.13331357389688492,0.007755021739285439,0.5585611462593079,11.997294425964355
2444,0.13348286412656307,0.007902002020273358,0.5572381019592285,12.000848531723022
2445,0.13247757591307163,0.00689323217375204,0.555917501449585,12.002517223358154
2446,0.13248665817081928,0.006925137131474912,0.5545992851257324,12.001553416252136
2447,0.13242271170020103,0.006872513506095856,0.5532838702201843,12.001736164093018
2448,0.13263551145792007,0.0070750247105024755,0.5519709587097168,12.004077911376953
2449,0.13360723480582237,0.008089918293990195,0.5506606101989746,12.001071095466614
2450,0.13343712128698826,0.007939608301967382,0.549352765083313,12.000398635864258
2451,0.13176458328962326,0.006305903603788465,0.5480474829673767,11.99782109260559
2452,0.13281508907675743,0.007355220557656139,0.5467445850372314,11.999242424964905
2453,0.1323729995638132,0.006915289966855198,0.5454442501068115,12.000326871871948
2454,0.13250736333429813,0.007045766978990287,0.5441463589668274,12.002013683319092
2455,0.13377645425498486,0.008296583662740886,0.5428510308265686,12.005136489868164
2456,0.13410302624106407,0.008676242199726403,0.5415581464767456,12.001120567321777
2457,0.13347368128597736,0.008083611668553203,0.540267825126648,11.99873960018158
2458,0.13290828093886375,0.007523698033764958,0.5389800071716309,11.999478340148926
2459,0.13337849080562592,0.008010874909814447,0.5376946330070496,11.999067425727844
2460,0.13262474723160267,0.007267800916451961,0.5364118814468384,11.999282956123352
2461,0.13337407261133194,0.008007327502127737,0.5351314544677734,12.001543521881104
2462,0.13376662135124207,0.008356655773241073,0.5338536500930786,12.007143139839172
2463,0.13368609175086021,0.008308550051879138,0.5325784087181091,12.005176424980164
2464,0.13393151201307774,0.008607546100392938,0.5313056111335754,12.001091003417969
2465,0.13239321671426296,0.007123170653358102,0.5300353765487671,11.99696946144104
2466,0.13212809152901173,0.006868122494779527,0.5287674069404602,11.997229933738708
2467,0.13327540084719658,0.00799194845603779,0.5275018215179443,12.00084400177002
2468,0.13270555436611176,0.00741384265711531,0.5262388586997986,12.002932786941528
2469,0.13402028940618038,0.008757081930525601,0.5249804854393005,12.001340508460999
2470,0.13256814144551754,0.007317014969885349,0.5237245559692383,12.001388192176819
2471,0.13281611539423466,0.0075895433546975255,0.5224707722663879,12.000186681747437
2472,0.13349010609090328,0.008261674782261252,0.5212191343307495,12.001624464988708
2473,0.13205084018409252,0.0068336877739056945,0.5199698209762573,12.001745462417603
2474,0.1324093360453844,0.007167669653426856,0.5187228918075562,12.005443930625916
2475,0.13279786333441734,0.007600203505717218,0.5174782872200012,12.002287864685059
2476,0.1328954603523016,0.0077413106337189674,0.5162359476089478,11.999179124832153
2477,0.13278013095259666,0.007658282353077084,0.5149959325790405,11.997189044952393
2478,0.13231175020337105,0.0071863154880702496,0.5137583017349243,11.998785614967346
2479,0.13304871879518032,0.007930977444630116,0.5125230550765991,11.999251127243042
2480,0.13225066103041172,0.007103264972101897,0.5112901329994202,12.0034499168396
2481,0.13384105078876019,0.008690293587278575,0.5100595355033875,12.005016565322876
2482,0.1325718890875578,0.007456300081685185,0.5088311433792114,12.00272810459137
2483,0.13255898468196392,0.0074863291811198,0.507605254650116,11.99966037273407
2484,0.13258003629744053,0.007518797880038619,0.5063817501068115,11.99974250793457
2485,0.1325572319328785,0.0074961124919354916,0.5051605701446533,12.000951766967773
2486,0.13294818066060543,0.007876143732573837,0.5039416551589966,12.003262042999268
2487,0.13392450101673603,0.008863425580784678,0.5027251243591309,12.003382563591003
2488,0.1319243349134922,0.006923727924004197,0.5015110969543457,11.998549699783325
2489,0.13184154592454433,0.00687047780957073,0.5002993941307068,11.99680769443512
2490,0.1333282385021448,0.00834949198178947,0.4990899860858917,11.998785018920898
2491,0.13400473818182945,0.00900948204798624,0.4978829622268677,12.001642942428589
2492,0.1314989384263754,0.006530615675728768,0.4967087209224701,12.000123739242554
2493,0.13235295563936234,0.0073628295212984085,0.49553370475769043,12.003479361534119
2494,0.13308565132319927,0.008085435023531318,0.4943608343601227,12.005660772323608
2495,0.1325069312006235,0.007519222446717322,0.49323275685310364,12.00553846359253
2496,0.13489708676934242,0.009915829170495272,0.492099791765213,12.006026268005371
2497,0.1329781413078308,0.008031917794141918,0.49102625250816345,12.003596544265747
2498,0.13802335783839226,0.01305620453786105,0.4899522066116333,12.006763339042664
2499,0.14000936597585678,0.015036512399092317,0.4889466166496277,12.008339285850525
2500,0.13362721353769302,0.0087467628181912,0.4880082309246063,12.00003707408905
2501,0.14409461431205273,0.019146729493513703,0.48704665899276733,12.007742166519165
2502,0.1535790879279375,0.028539512306451797,0.48615384101867676,12.017804026603699
2503,0.1404951885342598,0.015518662752583623,0.48532986640930176,12.012322902679443
2504,0.1335451751947403,0.008652610646095127,0.48455560207366943,12.004701375961304
2505,0.1369935180991888,0.01207892526872456,0.4837475121021271,12.007712483406067
2506,0.13262155652046204,0.0077044813660904765,0.4829725921154022,12.008735060691833
2507,0.13839296996593475,0.013535112491808832,0.4821690618991852,12.00361680984497
2508,0.14110826328396797,0.01621519774198532,0.4814077615737915,12.007899403572083
2509,0.13479210995137691,0.009905030485242605,0.4806934595108032,12.008014559745789
2510,0.1364030670374632,0.01157875859644264,0.47999483346939087,12.00243628025055
2511,0.1393285971134901,0.014522337820380926,0.4793141484260559,12.001312017440796
2512,0.13372457958757877,0.008905479626264423,0.47866591811180115,12.003244042396545
2513,0.1351875588297844,0.010335720027796924,0.47801536321640015,12.007168650627136
2514,0.13713584654033184,0.012289484846405685,0.47737348079681396,12.00726306438446
2515,0.1341132801026106,0.009237610502168536,0.4767538905143738,12.010813593864441
2516,0.1379076074808836,0.013095676084049046,0.47610071301460266,12.00509262084961
2517,0.14338641427457333,0.01859810808673501,0.47546839714050293,12.00336229801178
2518,0.1354322712868452,0.01065388962160796,0.4748663306236267,12.00297200679779
2519,0.13552262261509895,0.010736418887972832,0.4742683172225952,12.00435209274292
2520,0.13636882230639458,0.011586014297790825,0.4736557900905609,12.00462532043457
2521,0.13286909461021423,0.00802270951680839,0.4730571508407593,12.011581778526306
2522,0.1355321854352951,0.01078426232561469,0.47242113947868347,12.002371549606323
2523,0.13875692151486874,0.014008615515194833,0.47180160880088806,12.003029346466064
2524,0.13344799727201462,0.008625773072708398,0.4712080657482147,12.011014580726624
2525,0.13651234284043312,0.011704774224199355,0.4705936908721924,12.01016354560852
2526,0.13990279287099838,0.015073686838150024,0.46999409794807434,12.012917041778564
2527,0.13486953638494015,0.009928697720170021,0.4694223999977112,12.024661540985107
2528,0.13485755398869514,0.00995602854527533,0.4688539206981659,12.021298885345459
2529,0.13518656976521015,0.010538556089159101,0.4682668447494507,11.996535062789917
2530,0.13357417285442352,0.008805915131233633,0.46768078207969666,12.009145259857178
2531,0.13713778369128704,0.012421638006344438,0.4670390486717224,12.004575967788696
2532,0.13546854443848133,0.010692234616726637,0.4664020538330078,12.011229157447815
2533,0.13476691022515297,0.009922703029587865,0.4657652974128723,12.018655776977539
2534,0.1348839234560728,0.010218611801974475,0.46507900953292847,12.001452207565308
2535,0.1344019491225481,0.009621992125175893,0.46439406275749207,12.013601899147034
2536,0.13742681592702866,0.012728002737276256,0.4636756181716919,12.006205916404724
2537,0.1370394453406334,0.012350569828413427,0.4629747271537781,12.005913138389587
2538,0.13218084536492825,0.007365182333160192,0.46229323744773865,12.019273400306702
2539,0.13511758670210838,0.010473387781530619,0.461567223072052,12.002853155136108
2540,0.1319735273718834,0.007303310208953917,0.46084755659103394,12.006174325942993
2541,0.13372167013585567,0.00909416051581502,0.46008673310279846,12.00266444683075
2542,0.13331803679466248,0.008619219937827438,0.4593125879764557,12.010569334030151
2543,0.1327445339411497,0.008036622311919928,0.4585035443305969,12.012287855148315
2544,0.13336609117686749,0.008779424533713609,0.45766347646713257,12.001003384590149
2545,0.13371493108570576,0.009131928673014045,0.4567955732345581,12.001505255699158
2546,0.1318838745355606,0.0073320745141245425,0.4559023380279541,11.99927806854248
2547,0.1327083595097065,0.008131640846841037,0.454986572265625,12.00268566608429
2548,0.13226915150880814,0.007733692298643291,0.4540511965751648,11.999494791030884
2549,0.13300257921218872,0.008463709382340312,0.4530984163284302,12.000788807868958
2550,0.13191435113549232,0.0073496532859280705,0.4521300196647644,12.004339814186096
2551,0.13216677121818066,0.007601956836879253,0.4511473774909973,12.005334258079529
2552,0.13319608382880688,0.008640444604679942,0.45015230774879456,12.005411744117737
2553,0.1328195333480835,0.008312859514262527,0.44914668798446655,12.001520991325378
2554,0.13332398422062397,0.008818584028631449,0.4481317400932312,12.002408504486084
2555,0.13107921555638313,0.006595501210540533,0.4471082091331482,12.00126326084137
2556,0.13298144564032555,0.00851219124160707,0.4460771381855011,12.000848531723022
2557,0.13223516009747982,0.007749251963105053,0.4450395703315735,12.003551363945007
2558,0.13257435522973537,0.008149027999024838,0.4439968466758728,11.998536348342896
2559,0.13342325203120708,0.00894781097304076,0.4429495334625244,12.004594922065735
2560,0.13128544762730598,0.006848368211649358,0.4418981075286865,12.001810073852539
2561,0.13270338252186775,0.008292337181046605,0.44084301590919495,12.000261902809143
2562,0.13184355571866035,0.00744035659590736,0.4397851228713989,12.000535130500793
2563,0.1323434580117464,0.007928909442853183,0.4387251138687134,12.002730011940002
2564,0.1313410121947527,0.006953036354389042,0.43766310811042786,12.001134872436523
2565,0.1313558593392372,0.00697150343330577,0.43659961223602295,12.001836061477661
2566,0.13219400867819786,0.007794818724505603,0.4355349838733673,12.004384636878967
2567,0.13102331571280956,0.006660617655143142,0.4344697892665863,12.001800179481506
2568,0.13185611367225647,0.007515671197324991,0.4334041476249695,12.000640392303467
2569,0.13094999268651009,0.006618067156523466,0.43233823776245117,12.000854253768921
2570,0.13192294724285603,0.007605846272781491,0.4312722086906433,12.0004380941391
2571,0.13262064568698406,0.008286081545520574,0.43020620942115784,12.003250479698181
2572,0.13131283223628998,0.007001119898632169,0.4291408061981201,12.002030849456787
2573,0.1319996416568756,0.007723929360508919,0.4280761480331421,11.999495387077332
2574,0.1314829383045435,0.007227726571727544,0.42701229453086853,11.998509168624878
2575,0.13156445138156414,0.007310702290851623,0.4259493350982666,11.999425649642944
2576,0.13180827721953392,0.007552621653303504,0.4248873293399811,12.000678420066833
2577,0.1310712695121765,0.006825792428571731,0.42382651567459106,12.000721335411072
2578,0.13305560871958733,0.00879768532468006,0.42276710271835327,12.00302529335022
2579,0.13271462358534336,0.008476892835460603,0.4217091202735901,12.002064108848572
2580,0.13136352598667145,0.00716171384556219,0.4206523895263672,11.999528884887695
2581,0.13155118562281132,0.007325879007112235,0.4195970892906189,12.002933859825134
2582,0.13093018345534801,0.0067263381206430495,0.4185434579849243,12.001841306686401
2583,0.1316042859107256,0.0074216166394762695,0.4174915552139282,12.000775456428528
2584,0.13167120330035686,0.0075147144962102175,0.41644129157066345,11.999207854270935
2585,0.13160531036555767,0.007445439754519612,0.4153926372528076,12.00059461593628
2586,0.13136284425854683,0.007211509277112782,0.41434571146965027,12.00078821182251
2587,0.13045329600572586,0.00632668542675674,0.41330069303512573,11.99936068058014
2588,0.13171104528009892,0.007585042738355696,0.4122576117515564,12.000343084335327
2589,0.1313890516757965,0.007268785731866956,0.41121646761894226,12.000810503959656
2590,0.1304655224084854,0.006347067188471556,0.41017717123031616,12.00166916847229
2591,0.13142476603388786,0.007301351230125874,0.4091396927833557,12.003201961517334
2592,0.1324113067239523,0.008269993879366666,0.40810421109199524,12.006027340888977
2593,0.13208804838359356,0.00801080820383504,0.4070708155632019,12.000653624534607
2594,0.13129842653870583,0.0072609123308211565,0.40603941679000854,11.99771237373352
2595,0.13126696087419987,0.007239830156322569,0.405009925365448,11.997703194618225
2596,0.13095379248261452,0.006925945112016052,0.40398237109184265,11.998802661895752
2597,0.13166366517543793,0.007632063759956509,0.40295687317848206,12.000203967094421
2598,0.13071047700941563,0.006687271234113723,0.4019334614276886,12.00038754940033
2599,0.13085284270346165,0.006829374935477972,0.4009120464324951,12.001435041427612
2600,0.13178152404725552,0.007744111702777445,0.3998926877975464,12.003848791122437
2601,0.13077876716852188,0.00674657104536891,0.3988754153251648,12.004344701766968
2602,0.1306848917156458,0.006701828446239233,0.39786016941070557,12.000446438789368
2603,0.13087829761207104,0.006920824176631868,0.3968470096588135,11.998900532722473
2604,0.1313431952148676,0.007384876313153654,0.39583587646484375,11.999996185302734
2605,0.1304983776062727,0.006534406449645758,0.39482685923576355,12.001570343971252
2606,0.1314125768840313,0.007449155149515718,0.39382001757621765,12.002522468566895
2607,0.13243223167955875,0.008475076465401798,0.39281511306762695,12.002900838851929
2608,0.13194943219423294,0.00805018877144903,0.3918123245239258,11.998112440109253
2609,0.13161432556807995,0.007719176646787673,0.39081159234046936,11.998703718185425
2610,0.1313501037657261,0.007444496382959187,0.3898128867149353,12.00074815750122
2611,0.13157963566482067,0.007671680534258485,0.38881629705429077,12.00197958946228
2612,0.13203340210020542,0.008151036163326353,0.38782185316085815,12.000415086746216
2613,0.1314721815288067,0.007617689378093928,0.3868294358253479,11.998619794845581
2614,0.13081797771155834,0.006975662661716342,0.3858391046524048,11.998392581939697
2615,0.13174546882510185,0.007892944500781596,0.38485080003738403,12.000402212142944
2616,0.13132013007998466,0.007457653060555458,0.3838645815849304,12.002383470535278
2617,0.131063686683774,0.007239245343953371,0.38288044929504395,11.999564290046692
2618,0.13118776865303516,0.007348373823333532,0.3818984031677246,12.002041220664978
2619,0.1314645130187273,0.007651490392163396,0.38091832399368286,12.000383853912354
2620,0.13087053410708904,0.00706900714430958,0.37994036078453064,12.000212669372559
2621,0.13034540601074696,0.0065681953565217555,0.37896445393562317,11.998756885528564
2622,0.1308937557041645,0.0070946390624158084,0.37799057364463806,12.00192105770111
2623,0.13135423325002193,0.007565427455119789,0.37701869010925293,12.001861810684204
2624,0.13135266676545143,0.007565354113467038,0.3760489523410797,12.00268268585205
2625,0.1315658800303936,0.007803293352480978,0.3750813603401184,12.001177668571472
2626,0.13125243037939072,0.007503693166654557,0.37411588430404663,12.000758290290833
2627,0.13140946254134178,0.007663548574782908,0.37315237522125244,12.001439571380615
2628,0.1308386344462633,0.007127594610210508,0.3721908628940582,11.998913407325745
2629,0.13058833591639996,0.006881067238282412,0.3712313175201416,11.99949562549591
2630,0.1311019640415907,0.007416908803861588,0.37027373909950256,11.998232126235962
2631,0.13117694109678268,0.007472234428860247,0.36931830644607544,12.001152753829956
2632,0.13123048283159733,0.00751006044447422,0.36836493015289307,12.003677725791931
2633,0.1307682152837515,0.0070659968187101185,0.36741364002227783,12.002808451652527
2634,0.1303758155554533,0.00670907279709354,0.36646437644958496,12.000210046768188
2635,0.13093163259327412,0.007277565076947212,0.3655170798301697,11.999890208244324
2636,0.13075206615030766,0.0071142546366900206,0.3645719587802887,11.9992094039917
2637,0.12996543943881989,0.00631541945040226,0.36362871527671814,12.001373767852783
2638,0.13108734041452408,0.0074551497818902135,0.3626874089241028,12.000531792640686
2639,0.13031702861189842,0.006692233611829579,0.3617481291294098,12.000731706619263
2640,0.13078866712749004,0.007169847667682916,0.36081093549728394,12.001071572303772
2641,0.1310497708618641,0.007435357139911503,0.35987576842308044,12.00156581401825
2642,0.13113389536738396,0.007528056739829481,0.35894259810447693,12.001641392707825
2643,0.13057330437004566,0.006999358301982284,0.3580113649368286,11.999383449554443
2644,0.13224555924534798,0.008658039500005543,0.35708215832710266,12.001669764518738
2645,0.131004486232996,0.007450283912476152,0.3561548590660095,11.999265789985657
2646,0.12994251772761345,0.006399254780262709,0.3552296459674835,11.999096870422363
2647,0.13077006489038467,0.00722881976980716,0.3543064296245575,11.999818205833435
2648,0.1300596259534359,0.006501963478513062,0.35338523983955383,12.002381563186646
2649,0.13061955198645592,0.007055004534777254,0.3524659276008606,12.003988981246948
2650,0.1317299623042345,0.00817772577283904,0.35154858231544495,12.003675103187561
2651,0.1315468605607748,0.008044200541917235,0.35063332319259644,11.999633193016052
2652,0.1318365391343832,0.008347549824975431,0.3497200310230255,11.999179124832153
2653,0.13011577352881432,0.0066230809898115695,0.3488087058067322,12.000460863113403
2654,0.1306396070867777,0.0071414519916288555,0.34789925813674927,12.001916646957397
2655,0.13035636208951473,0.006891545664984733,0.34699177742004395,11.99949026107788
2656,0.13133293576538563,0.007864030136261135,0.346086323261261,12.0008043050766
2657,0.13074646517634392,0.007290634035598487,0.34518271684646606,12.00040054321289
2658,0.13084537535905838,0.007378025678917766,0.3442811071872711,12.002453804016113
2659,0.13097839057445526,0.007531052455306053,0.343381404876709,12.001352667808533
2660,0.13126078061759472,0.007841986720450222,0.342483788728714,11.999395847320557
2661,0.13136137835681438,0.007941496325656772,0.34158816933631897,12.000400304794312
2662,0.13029439002275467,0.006892229139339179,0.34069448709487915,11.99952220916748
2663,0.13015770725905895,0.006761447119060904,0.3398025631904602,11.999824047088623
2664,0.1308793779462576,0.007470711134374142,0.3389125168323517,12.001954793930054
2665,0.13071750290691853,0.0073263130616396666,0.33802443742752075,12.001094818115234
2666,0.12984286062419415,0.006463398749474436,0.33713850378990173,12.000808238983154
2667,0.13078143075108528,0.00739857874577865,0.336254358291626,12.002031087875366
2668,0.13073618337512016,0.007338170311413705,0.33537203073501587,12.004429459571838
2669,0.13196617178618908,0.008582009060773998,0.33449167013168335,12.00392484664917
2670,0.13110747188329697,0.007763891306240112,0.3336133360862732,12.000745058059692
2671,0.13054653629660606,0.007215988356620073,0.3327369689941406,12.000318050384521
2672,0.13079922460019588,0.007481000968255103,0.3318623900413513,11.99996030330658
2673,0.13205885142087936,0.008735143463127315,0.33098968863487244,12.001381278038025
2674,0.13108772225677967,0.007796870428137481,0.33011889457702637,11.998966455459595
2675,0.12985575757920742,0.006580996734555811,0.3292500078678131,11.998226284980774
2676,0.1305991392582655,0.0073196570738218725,0.32838305830955505,11.999565362930298
2677,0.13069924339652061,0.00743004196556285,0.3275179862976074,11.999402523040771
2678,0.129987558349967,0.006686998123768717,0.3266548216342926,12.003401517868042
2679,0.12973580323159695,0.006437860894948244,0.3257935345172882,12.004000782966614
2680,0.13149837590754032,0.008210780273657292,0.32493409514427185,12.003825902938843
2681,0.13109373673796654,0.007840673089958727,0.3240765333175659,12.001230239868164
2682,0.12994428165256977,0.006717840093187988,0.3232208788394928,11.999423861503601
2683,0.1308649741113186,0.007623598270583898,0.3223670721054077,12.001771211624146
2684,0.13230798579752445,0.009069972555153072,0.3215152323246002,12.002286195755005
2685,0.13087743893265724,0.007675327768083662,0.3206652104854584,11.99954640865326
2686,0.12997241877019405,0.0067946804338134825,0.31981709599494934,11.997957348823547
2687,0.1309884414076805,0.007793363067321479,0.3189707100391388,12.000537276268005
2688,0.13073786348104477,0.007533816737122834,0.3181261718273163,12.002278804779053
2689,0.13017641194164753,0.006999724195338786,0.31728342175483704,12.000385522842407
2690,0.13150404766201973,0.008347399067133665,0.316442608833313,11.999222040176392
2691,0.13040329702198505,0.0072294563869945705,0.31560370326042175,12.001780390739441
2692,0.13095981255173683,0.007776147103868425,0.31476670503616333,12.003600001335144
2693,0.13158357702195644,0.00840249890461564,0.31393155455589294,12.004176497459412
2694,0.13034748658537865,0.007194083591457456,0.3130982220172882,12.00224232673645
2695,0.1309941541403532,0.007858242839574814,0.3122667372226715,12.001324892044067
2696,0.12927312962710857,0.006197679264005274,0.31143707036972046,11.996108174324036
2697,0.1311208251863718,0.008015564759261906,0.3106091618537903,11.999917030334473
2698,0.13044807873666286,0.007366109639406204,0.30978307127952576,11.998414039611816
2699,0.1316979005932808,0.008604809525422752,0.30895882844924927,12.00035047531128
2700,0.13015689887106419,0.007063246564939618,0.3081364035606384,12.001229405403137
2701,0.129411231726408,0.0063100430415943265,0.30731576681137085,12.002803325653076
2702,0.13081115670502186,0.007695505046285689,0.3064969480037689,12.00506854057312
2703,0.1298274490982294,0.006771572574507445,0.30567991733551025,11.999907970428467
2704,0.13130863569676876,0.008240412396844476,0.3048647344112396,12.001958012580872
2705,0.13062115386128426,0.007584283303003758,0.30405139923095703,11.999635815620422
2706,0.13065624982118607,0.00763613439630717,0.3032398819923401,11.998771786689758
2707,0.13034835644066334,0.007327977218665183,0.30243030190467834,11.999607801437378
2708,0.13043541461229324,0.007414150342810899,0.3016224503517151,12.00050437450409
2709,0.13084829412400723,0.007824339263606817,0.30081623792648315,12.001579523086548
2710,0.1298060454428196,0.006801402952987701,0.3000117540359497,12.000452756881714
2711,0.13043550960719585,0.007421749003697187,0.2992090880870819,12.002167224884033
2712,0.12973926588892937,0.006747980020008981,0.2984083294868469,12.000720739364624
2713,0.13047948479652405,0.007480783853679895,0.2976093590259552,12.00226080417633
2714,0.13046575337648392,0.007476724858861417,0.29681211709976196,12.00209105014801
2715,0.1306036151945591,0.0076368850423023105,0.2960166931152344,12.000656723976135
2716,0.12892533652484417,0.005994618404656649,0.2952229976654053,11.997848868370056
2717,0.1302524246275425,0.007297018251847476,0.29443103075027466,12.001109957695007
2718,0.12985210865736008,0.006906150723807514,0.2936408221721649,12.00095510482788
2719,0.13038067147135735,0.007445192837622017,0.2928524613380432,12.000695943832397
2720,0.12992515228688717,0.007002175960224122,0.2920658588409424,12.000231981277466
2721,0.12998022139072418,0.007080910727381706,0.2912810146808624,11.998650312423706
2722,0.130734421312809,0.00782707380130887,0.29049789905548096,12.000236988067627
2723,0.12956221401691437,0.006657050282228738,0.2897164523601532,12.000800251960754
2724,0.13092989474534988,0.008016737876459956,0.2889368534088135,12.002378702163696
2725,0.13051989115774632,0.007618722156621516,0.2881588935852051,12.00195837020874
2726,0.13076556846499443,0.007870218367315829,0.28738272190093994,12.002152562141418
2727,0.13002086617052555,0.007142265676520765,0.2866082787513733,12.001251816749573
2728,0.13035345077514648,0.007490425661671907,0.2858356535434723,12.00046718120575
2729,0.1305787693709135,0.007733908714726567,0.285064697265625,11.99942171573639
2730,0.12950578890740871,0.006685825006570667,0.2842954695224762,11.997701168060303
2731,0.13051897287368774,0.0076893013319931924,0.2835279405117035,11.999439597129822
2732,0.12978245690464973,0.0069529947359114885,0.28276216983795166,12.000184297561646
2733,0.1299334168434143,0.007081929827108979,0.2819981873035431,12.003150820732117
2734,0.12905390188097954,0.0062120380462147295,0.2812359035015106,12.002950668334961
2735,0.13042396865785122,0.007613551686517894,0.28047531843185425,12.000566840171814
2736,0.1300351694226265,0.007242657768074423,0.2797163426876068,11.999535083770752
2737,0.12920056842267513,0.006399699253961444,0.27895909547805786,12.00112795829773
2738,0.129754688590765,0.006967892753891647,0.27820345759391785,12.000476598739624
2739,0.1299808081239462,0.0071890485705807805,0.2774496078491211,12.001726627349854
2740,0.12976584024727345,0.006997110380325466,0.27669766545295715,12.000175595283508
2741,0.1299166027456522,0.007148806646000594,0.27594736218452454,12.000832438468933
2742,0.13013221882283688,0.007377616944722831,0.27519869804382324,12.000261902809143
2743,0.1299314983189106,0.00720139144686982,0.2744516432285309,11.99855923652649
2744,0.13010620884597301,0.007360653951764107,0.27370619773864746,12.00084936618805
2745,0.129936957731843,0.0072091223555617034,0.2729624807834625,11.999821424484253
2746,0.12957065179944038,0.006849418510682881,0.27222058176994324,11.999903082847595
2747,0.1303590890020132,0.007629222236573696,0.2714803218841553,12.001506567001343
2748,0.1292814202606678,0.006554077903274447,0.2707417905330658,12.001992464065552
2749,0.13007273897528648,0.007359796203672886,0.2700048089027405,12.00128960609436
2750,0.12956859357655048,0.006884002301376313,0.26926949620246887,11.999189734458923
2751,0.13079174607992172,0.008084364933893085,0.268535852432251,12.00220263004303
2752,0.13015935756266117,0.007465441536623985,0.26780393719673157,12.001587629318237
2753,0.1303947139531374,0.0077190278097987175,0.26707372069358826,12.000495195388794
2754,0.13002420216798782,0.007351558830123395,0.26634517312049866,12.000919342041016
2755,0.1300552673637867,0.007397242065053433,0.265618234872818,12.000184535980225
2756,0.13003940135240555,0.007396995788440108,0.2648928761482239,11.999347805976868
2757,0.13046526163816452,0.007805171480868012,0.2641691565513611,12.001840114593506
2758,0.13022492080926895,0.007601960329338908,0.2634471654891968,11.998848915100098
2759,0.13008232414722443,0.007452528167050332,0.26272690296173096,12.000252962112427
2760,0.12971273437142372,0.007090965693350881,0.26200827956199646,12.000168919563293
2761,0.1302503254264593,0.007625608996022493,0.2612912058830261,12.001180768013
2762,0.13031593523919582,0.007706987264100462,0.26057571172714233,12.000319242477417
2763,0.12909315712749958,0.006490189058240503,0.25986194610595703,12.00043523311615
2764,0.1298790741711855,0.0072620121063664556,0.25914978981018066,12.002556681632996
2765,0.12974519655108452,0.007143715978600085,0.25843918323516846,12.001708984375
2766,0.12889976426959038,0.006325122143607587,0.2577301859855652,11.999734163284302
2767,0.13023763708770275,0.0076628365204669535,0.257022887468338,12.000457763671875
2768,0.13054476119577885,0.007975248852744699,0.25631722807884216,12.00063419342041
2769,0.12918558716773987,0.006644922716077417,0.25561317801475525,11.998453736305237
2770,0.1298563051968813,0.007323013211134821,0.2549106776714325,11.998418807983398
2771,0.13006874732673168,0.007520957791712135,0.25420981645584106,12.000569581985474
2772,0.12998051568865776,0.007430310128256679,0.25351062417030334,12.001510500907898
2773,0.12922028452157974,0.006668989779427648,0.25281307101249695,12.002316951751709
2774,0.1300516054034233,0.007497443235479295,0.2521170377731323,12.003299474716187
2775,0.12930606119334698,0.0067888651974499226,0.25142255425453186,12.00029718875885
2776,0.1295400056988001,0.007042175915557891,0.25072968006134033,11.999053716659546
2777,0.13043029978871346,0.00792402372462675,0.2500384449958801,12.000589609146118
2778,0.130065331235528,0.007569127134047449,0.24934878945350647,12.000272154808044
2779,0.12968876771628857,0.007193535857368261,0.24866077303886414,12.0008624792099
2780,0.12994101457297802,0.007432751357555389,0.24797427654266357,12.002852082252502
2781,0.12941320799291134,0.00695404049474746,0.24728935956954956,11.998627662658691
2782,0.12909753806889057,0.00665280397515744,0.2466060072183609,11.997867703437805
2783,0.13113252632319927,0.00865346094360575,0.24592426419258118,12.001982569694519
2784,0.12994948588311672,0.007474628335330635,0.245244100689888,12.002241969108582
2785,0.1301516629755497,0.007695232750847936,0.24456554651260376,12.001077771186829
2786,0.12953514605760574,0.00707488734042272,0.24388855695724487,12.002137422561646
2787,0.13003230467438698,0.007576050178613514,0.24321310222148895,12.00241231918335
2788,0.12996703013777733,0.007512482115998864,0.2425391972064972,12.002915740013123
2789,0.13004338555037975,0.007609741063788533,0.2418668568134308,12.001497745513916
2790,0.1314882468432188,0.009072230430319905,0.24119606614112854,12.000405669212341
2791,0.13102388754487038,0.008607019786722958,0.24052688479423523,12.00115978717804
2792,0.13052387163043022,0.008149291388690472,0.2398591786623001,11.997599005699158
2793,0.1305437758564949,0.008186284510884434,0.23919302225112915,11.996556282043457
2794,0.13019477762281895,0.007806409150362015,0.23852838575839996,12.000308871269226
2795,0.13018058985471725,0.007783268520142883,0.2378653585910797,12.001866817474365
2796,0.12950297258794308,0.0071001878241077065,0.23720386624336243,12.003075003623962
2797,0.13077567517757416,0.008361816348042339,0.23654389381408691,12.004842042922974
2798,0.12982582300901413,0.007448755903169513,0.23588547110557556,12.001821517944336
2799,0.13091532699763775,0.008561876136809587,0.23522868752479553,12.00011670589447
2800,0.1293603889644146,0.007039703661575913,0.23457342386245728,11.997495293617249
2801,0.12910018861293793,0.006788706668885425,0.23391962051391602,11.997228980064392
2802,0.12953450717031956,0.007188390882220119,0.23326720297336578,12.001344442367554
2803,0.12956984341144562,0.0072076646611094475,0.23261632025241852,12.003601670265198
2804,0.12898091413080692,0.006639468891080469,0.2319670021533966,12.002178192138672
2805,0.12930208444595337,0.006958649028092623,0.23131923377513885,12.003024458885193
2806,0.1297168917953968,0.007365037337876856,0.23067303001880646,12.004512548446655
2807,0.1297820433974266,0.007463634363375604,0.23002834618091583,12.001813173294067
2808,0.12904071062803268,0.00676699512405321,0.2293851375579834,11.997986793518066
2809,0.12933148629963398,0.007051940017845482,0.22874343395233154,11.9992116689682
2810,0.1295119095593691,0.00720680202357471,0.22810329496860504,12.002408027648926
2811,0.13118508830666542,0.008902928966563195,0.2274647057056427,12.000751733779907
2812,0.12965686805546284,0.007395901950076222,0.22682759165763855,11.999269485473633
2813,0.12936442531645298,0.007124849304091185,0.22619184851646423,11.99776577949524
2814,0.13000082783401012,0.007744231610558927,0.22555752098560333,12.000102400779724
2815,0.1296148244291544,0.007374958775471896,0.2249247282743454,11.999062180519104
2816,0.12964382395148277,0.007383867050521076,0.22429342567920685,12.001702785491943
2817,0.12980571389198303,0.007518116035498679,0.22366364300251007,12.005096673965454
2818,0.13084626197814941,0.008550573256798089,0.2230353206396103,12.006533980369568
2819,0.13029772229492664,0.008050733245909214,0.22240856289863586,12.002290725708008
2820,0.12944019213318825,0.007228897593449801,0.2217833697795868,11.999346494674683
2821,0.12977871857583523,0.007597266579978168,0.22115960717201233,11.996986150741577
2822,0.12886453792452812,0.006691786169540137,0.22053727507591248,11.996738314628601
2823,0.12804825231432915,0.005874565336853266,0.21991628408432007,11.997452855110168
2824,0.13002333603799343,0.007811105053406209,0.21929676830768585,12.00192654132843
2825,0.13082347251474857,0.00859324587509036,0.2186788022518158,12.00434398651123
2826,0.1306988839060068,0.008472956600598991,0.21806228160858154,12.004530668258667
2827,0.12917715683579445,0.00696953380247578,0.2174471616744995,12.003315329551697
2828,0.12967673130333424,0.00750472949584946,0.21683351695537567,12.000366926193237
2829,0.129277678206563,0.0071427912916988134,0.2162214070558548,11.997267723083496
2830,0.12965793162584305,0.007487567141652107,0.21561071276664734,12.001425743103027
2831,0.1287180371582508,0.006561398273333907,0.2150014340877533,12.000662922859192
2832,0.12939602136611938,0.00722867128206417,0.21439360082149506,12.002341628074646
2833,0.1298678256571293,0.007724809227511287,0.2137872874736786,12.00051486492157
2834,0.1296102087944746,0.007471165561582893,0.21318243443965912,12.000722408294678
2835,0.13027282617986202,0.008140646037645638,0.21257895231246948,12.00063931941986
2836,0.12875045463442802,0.0066351930145174265,0.2119767963886261,11.999549865722656
2837,0.1297458652406931,0.007587881642393768,0.21137601137161255,12.004422664642334
2838,0.12806997261941433,0.005979125155135989,0.210776686668396,11.998308539390564
2839,0.12910227105021477,0.0070143272168934345,0.2101789265871048,11.998615622520447
2840,0.12983568385243416,0.007698014087509364,0.2095825970172882,12.00418484210968
2841,0.1297655813395977,0.007652054948266596,0.20898766815662384,12.002365469932556
2842,0.12934849970042706,0.007257737393956631,0.2083941102027893,12.000682353973389
2843,0.1298067681491375,0.007723568473011255,0.20780199766159058,12.000518202781677
2844,0.12881250493228436,0.006739981705322862,0.20721128582954407,12.000041484832764
2845,0.12946567311882973,0.007380919356364757,0.2066219449043274,12.001853585243225
2846,0.1294218897819519,0.007354926958214492,0.20603400468826294,12.000662684440613
2847,0.1291616465896368,0.007098948874045163,0.2054474949836731,12.000822305679321
2848,0.1293812282383442,0.0073120176093652844,0.20486246049404144,12.0020592212677
2849,0.12931067124009132,0.007239183352794498,0.2042788565158844,12.002870440483093
2850,0.12894373759627342,0.006895739410538226,0.203696608543396,12.001103639602661
2851,0.12846984714269638,0.006444872706197202,0.20311573147773743,11.99938189983368
2852,0.12942788749933243,0.00739922741195187,0.20253625512123108,12.000330090522766
2853,0.1300167180597782,0.008002045273315161,0.20195811986923218,11.999509453773499
2854,0.1281428299844265,0.006136713782325387,0.2013813853263855,11.99923062324524
2855,0.1297277007251978,0.007692501414567232,0.20080600678920746,12.002714395523071
2856,0.12905788607895374,0.0070454556262120605,0.20023199915885925,12.00101101398468
2857,0.12894325330853462,0.006945142115000635,0.19965937733650208,12.000151991844177
2858,0.1296491790562868,0.007649489911273122,0.19908806681632996,12.00088095664978
2859,0.1297981310635805,0.0078058234066702425,0.19851818680763245,12.000712633132935
2860,0.1298378873616457,0.007863489328883588,0.19794969260692596,11.99949026107788
2861,0.12833351269364357,0.006358470942359418,0.19738264381885529,12.000121593475342
2862,0.1294527817517519,0.0074848164222203195,0.19681699573993683,11.999979734420776
2863,0.12998932227492332,0.00800831918604672,0.19625267386436462,12.001847624778748
2864,0.12869887799024582,0.006741159886587411,0.19568964838981628,12.000082731246948
2865,0.12923057563602924,0.007277388882357627,0.19512790441513062,12.00019109249115
2866,0.12917225435376167,0.007224954839330167,0.19456756114959717,12.000162363052368
2867,0.12932593747973442,0.007366282632574439,0.19400852918624878,12.001957178115845
2868,0.12928898818790913,0.0073360546375624835,0.19345086812973022,12.001842975616455
2869,0.12855912931263447,0.0066248016664758325,0.19289453327655792,12.00053858757019
2870,0.12853334471583366,0.00660524406703189,0.19233953952789307,12.000470757484436
2871,0.12824470549821854,0.0063416018965654075,0.19178596138954163,11.998524785041809
2872,0.1288964357227087,0.006992037990130484,0.19123373925685883,11.99920642375946
2873,0.12874343059957027,0.006823199626524001,0.19068290293216705,12.00134003162384
2874,0.12911172956228256,0.0071832253015600145,0.19013336300849915,12.00271737575531
2875,0.12859190814197063,0.0066790038836188614,0.18958507478237152,12.001705527305603
2876,0.12886901758611202,0.006961421051528305,0.18903814256191254,12.001721620559692
2877,0.12899899296462536,0.007106647943146527,0.1884925365447998,12.000742316246033
2878,0.1297760885208845,0.007893662841524929,0.18794825673103333,12.00029468536377
2879,0.1286916323006153,0.006827313685789704,0.1874053031206131,11.999026894569397
2880,0.12930208817124367,0.007452959194779396,0.18686363101005554,11.998049855232239
2881,0.12845253013074398,0.006612967350520194,0.18632324039936066,11.997633337974548
2882,0.12970447912812233,0.007837307173758745,0.185784250497818,12.000933408737183
2883,0.1299170795828104,0.008019081898964942,0.1852465271949768,12.00455367565155
2884,0.12957323528826237,0.007685520744416863,0.18471020460128784,12.004061579704285
2885,0.1294181700795889,0.007586561550851911,0.18417513370513916,11.998986005783081
2886,0.13107898086309433,0.009216068894602358,0.18364137411117554,12.002650141716003
2887,0.12834987044334412,0.006528172758407891,0.18310892581939697,11.999061346054077
2888,0.12956973910331726,0.007756231119856238,0.1825777292251587,11.998773336410522
2889,0.12872879207134247,0.006903077126480639,0.18204782903194427,12.000523686408997
2890,0.12831038422882557,0.00651303626364097,0.18151918053627014,11.998215913772583
2891,0.12848935090005398,0.006669296824838966,0.18099190294742584,12.00101363658905
2892,0.1289182435721159,0.0070761037059128284,0.1804659515619278,12.003748178482056
2893,0.1284097209572792,0.006587945914361626,0.17994120717048645,12.002236604690552
2894,0.12888240441679955,0.007089417602401227,0.1794177144765854,11.999881267547607
2895,0.12987897358834743,0.008063347660936415,0.1788954734802246,12.002667546272278
2896,0.12945843487977982,0.007656068541109562,0.17837455868721008,12.001862168312073
2897,0.12783882021903992,0.0060759729240089655,0.1778549998998642,11.998430013656616
2898,0.12936887331306934,0.007600677781738341,0.17733675241470337,11.999482989311218
2899,0.12898599542677402,0.007211414631456137,0.17681972682476044,12.000638484954834
2900,0.1290043741464615,0.007243883272167295,0.1763039380311966,11.999745488166809
2901,0.12896514497697353,0.007215682766400278,0.17578938603401184,11.999156832695007
2902,0.12951362878084183,0.007743908790871501,0.17527611553668976,12.001695990562439
2903,0.130140520632267,0.008367149974219501,0.17476412653923035,12.002573370933533
2904,0.1292733158916235,0.007532837393227965,0.17425335943698883,11.999794721603394
2905,0.12944659776985645,0.007705538009759039,0.17374387383460999,12.000362157821655
2906,0.12997203692793846,0.008201151620596647,0.173235684633255,12.003853440284729
2907,0.12877999432384968,0.0070577943697571754,0.1727287471294403,11.999491691589355
2908,0.12947052530944347,0.00774195691337809,0.17222298681735992,12.0006343126297
2909,0.12998845987021923,0.008265964919701219,0.17171847820281982,12.000531196594238
2910,0.12826237082481384,0.00657110835891217,0.1712152659893036,11.99791133403778
2911,0.12823764607310295,0.00656628335127607,0.17071330547332764,11.996423602104187
2912,0.1290081273764372,0.007268377987202257,0.17021256685256958,12.00376284122467
2913,0.12828919291496277,0.006573215301614255,0.16971299052238464,12.001884937286377
2914,0.12868363223969936,0.0069658534484915435,0.16921466588974,12.00256335735321
2915,0.12901056744158268,0.007307689462322742,0.16871759295463562,12.001570582389832
2916,0.13013426400721073,0.008421943348366767,0.1682218313217163,12.003010392189026
2917,0.12921009957790375,0.007525499735493213,0.16772732138633728,12.000732898712158
2918,0.128077557310462,0.006408204149920493,0.16723400354385376,11.999701380729675
2919,0.12912621349096298,0.007475211634300649,0.16674183309078217,11.998358607292175
2920,0.12878173775970936,0.007135914638638496,0.16625091433525085,11.998331546783447
2921,0.1290491707623005,0.007360314368270338,0.16576117277145386,12.003124713897705
2922,0.12867144495248795,0.007007203181274235,0.16527269780635834,12.00115180015564
2923,0.1281187254935503,0.006488920946139842,0.16478551924228668,11.99819529056549
2924,0.12783577851951122,0.006209251354448497,0.16429953277111053,11.998353481292725
2925,0.12830271944403648,0.006642285210546106,0.16381464898586273,12.00222909450531
2926,0.12868749350309372,0.007025336846709251,0.16333097219467163,12.002885222434998
2927,0.1292880531400442,0.007619425537995994,0.1628485471010208,12.004014611244202
2928,0.12991848774254322,0.008242822252213955,0.16236738860607147,12.005199551582336
2929,0.13010073825716972,0.008461680612526834,0.16188740730285645,12.002018451690674
2930,0.1293320283293724,0.007726754469331354,0.16140860319137573,11.99911904335022
2931,0.12865904159843922,0.007071745058055967,0.16093102097511292,11.997798800468445
2932,0.12838281132280827,0.006815532746259123,0.16045460104942322,11.996273398399353
2933,0.1286686174571514,0.007106573320925236,0.15997928380966187,11.996225714683533
2934,0.12945564649999142,0.007832985429558903,0.1595051884651184,12.002761125564575
2935,0.12927426770329475,0.007646918937098235,0.15903225541114807,12.003703117370605
2936,0.12888969294726849,0.007271863636560738,0.1585606038570404,12.003222465515137
2937,0.12869896180927753,0.0070872921496629715,0.15809011459350586,12.003077268600464
2938,0.12889972142875195,0.007312892354093492,0.1576208621263504,12.001062393188477
2939,0.12803713604807854,0.006471458880696446,0.15715275704860687,11.999415278434753
2940,0.12892701290547848,0.007368935679551214,0.1566857099533081,11.999122262001038
2941,0.1293786969035864,0.007812978641595691,0.15621985495090485,12.000352263450623
2942,0.12882917374372482,0.007285391620825976,0.15575523674488068,11.998623490333557
2943,0.12792149372398853,0.006375148775987327,0.15529176592826843,11.999342918395996
2944,0.12848604936152697,0.0069204955361783504,0.1548294872045517,12.001726388931274
2945,0.1294067930430174,0.007835320080630481,0.1543683111667633,12.002779603004456
2946,0.12903600558638573,0.007461991335731,0.15390829741954803,12.003493309020996
2947,0.1284174732863903,0.006883451656904072,0.1534494012594223,11.999953150749207
2948,0.12884855642914772,0.0073093591490760446,0.15299180150032043,12.000928163528442
2949,0.1287206057459116,0.007209001632872969,0.15253542363643646,11.9986252784729
2950,0.12929220870137215,0.007766486087348312,0.15208011865615845,12.000492334365845
2951,0.128738384693861,0.007221723906695843,0.15162590146064758,12.000040292739868
2952,0.12960916385054588,0.008089774113614112,0.15117280185222626,12.000766396522522
2953,0.12927598133683205,0.007755785423796624,0.15072084963321686,12.001299023628235
2954,0.12825816310942173,0.006768855557311326,0.1502700001001358,11.998661041259766
2955,0.1300951335579157,0.008580945723224431,0.1498202383518219,12.001598954200745
2956,0.12913843989372253,0.00763135717716068,0.1493716984987259,12.001337051391602
2957,0.1287255920469761,0.0072258166037499905,0.14892429113388062,12.00105357170105
2958,0.12950772419571877,0.0079883718281053,0.14847804605960846,12.003457427024841
2959,0.12972290441393852,0.008216813730541617,0.14803296327590942,12.002576351165771
2960,0.1288742609322071,0.007408282137475908,0.14758901298046112,11.999009370803833
2961,0.1290126033127308,0.007555278541985899,0.14714622497558594,11.998586416244507
2962,0.12932158261537552,0.007859290635678917,0.1467045694589615,11.99952483177185
2963,0.12980330921709538,0.008332941506523639,0.1462640017271042,12.000773191452026
2964,0.1295289658010006,0.008063178276643157,0.14582449197769165,12.000754356384277
2965,0.12919646129012108,0.00773268099874258,0.14538604021072388,12.000991940498352
2966,0.129513094201684,0.008063485380262136,0.14494872093200684,12.000012278556824
2967,0.12904035672545433,0.007592541573103517,0.14451253414154053,12.000269174575806
2968,0.1280145701020956,0.0065796811250038445,0.14407750964164734,11.999411344528198
2969,0.12760351784527302,0.006152610323624685,0.14364361763000488,12.001447558403015
2970,0.12900901399552822,0.00756648211972788,0.1432107836008072,12.0010427236557
2971,0.12872935086488724,0.0072791490238159895,0.14277906715869904,12.002241492271423
2972,0.12925507687032223,0.0077911425032652915,0.14234846830368042,12.004045248031616
2973,0.12911241129040718,0.007677623420022428,0.14191897213459015,12.001560091972351
2974,0.1288315001875162,0.007413971936330199,0.1414906084537506,12.000262260437012
2975,0.12819018959999084,0.006784854573197663,0.14106334745883942,11.999470710754395
2976,0.1288298610597849,0.007420434383675456,0.1406371146440506,12.000305771827698
2977,0.12960897013545036,0.00819155026692897,0.14021191000938416,12.001530408859253
2978,0.1287873350083828,0.007399357680696994,0.13978779315948486,11.999009847640991
2979,0.12905008345842361,0.00764578691450879,0.1393647938966751,12.001065015792847
2980,0.1285389568656683,0.0071480911574326456,0.1389428973197937,12.000144124031067
2981,0.12903567776083946,0.007663909287657589,0.13852208852767944,11.998655319213867
2982,0.12852447666227818,0.007144323491957039,0.1381024271249771,11.999913096427917
2983,0.1285683885216713,0.007184514252003282,0.13768382370471954,12.000703930854797
2984,0.12861840426921844,0.007239633530844003,0.13726627826690674,12.000611066818237
2985,0.12900374084711075,0.00761890469584614,0.13684982061386108,12.001634120941162
2986,0.12770866602659225,0.006337319209706038,0.1364344358444214,12.00070071220398
2987,0.12927241437137127,0.007887936022598296,0.13602006435394287,12.002427697181702
2988,0.12883553840219975,0.00745870202081278,0.13560673594474792,12.002076864242554
2989,0.1282455027103424,0.006884505681227893,0.13519451022148132,12.000905394554138
2990,0.12883241847157478,0.00747814541682601,0.13478338718414307,12.000644445419312
2991,0.12883374653756618,0.007507705595344305,0.134373277425766,11.998231410980225
2992,0.13061406649649143,0.00927595334360376,0.13396421074867249,11.999847531318665
2993,0.1280959751456976,0.006772443186491728,0.13355620205402374,11.99879765510559
2994,0.12836221791803837,0.007024944992735982,0.13314922153949738,12.000578165054321
2995,0.12916170246899128,0.00780661660246551,0.13274326920509338,12.002765417098999
2996,0.12798403203487396,0.006677584315184504,0.13233841955661774,11.998306632041931
2997,0.1290088500827551,0.007656709523871541,0.13193464279174805,12.00327980518341
2998,0.12874664552509785,0.0073971362435258925,0.13153189420700073,12.003419518470764
2999,0.12899327464401722,0.0076652829884551466,0.13113021850585938,12.001668930053711
3000,0.1278719399124384,0.006579586421139538,0.13072964549064636,11.99850594997406
3001,0.12876047752797604,0.007459325133822858,0.1303301453590393,11.999785542488098
3002,0.1277211531996727,0.006434464012272656,0.12993153929710388,11.998737454414368
3003,0.12799363397061825,0.0066974288783967495,0.12953388690948486,12.000087141990662
3004,0.1281380746513605,0.006813396816141903,0.12913726270198822,12.003330707550049
3005,0.12985451892018318,0.008530182589311153,0.12874169647693634,12.003692269325256
3006,0.12808517552912235,0.0067852038773708045,0.128347247838974,12.00165045261383
3007,0.12775582447648048,0.006497763271909207,0.12795382738113403,11.997852444648743
3008,0.12791814655065536,0.006648573908023536,0.12756143510341644,11.999395966529846
3009,0.12957529537379742,0.00827437883708626,0.12717002630233765,12.00292181968689
3010,0.1288422979414463,0.007576400937978178,0.12677966058254242,11.999810218811035
3011,0.12899013236165047,0.007722278940491378,0.12639029324054718,12.00039541721344
3012,0.12886564247310162,0.0075991827179677784,0.1260019838809967,12.000644087791443
3013,0.12928432784974575,0.008019009896088392,0.12561467289924622,12.000917434692383
3014,0.12944267876446247,0.008171971188858151,0.12522834539413452,12.001842856407166
3015,0.12902024947106838,0.007761356246192008,0.12484296411275864,12.001046657562256
3016,0.12872811779379845,0.007502061955165118,0.12445861101150513,11.998147249221802
3017,0.12954994477331638,0.008302587666548789,0.12407534569501877,12.00066077709198
3018,0.12811744585633278,0.00689060048898682,0.12369311600923538,11.99899172782898
3019,0.12956846877932549,0.008310700883157551,0.12331182509660721,12.00246512889862
3020,0.12866510264575481,0.007412628794554621,0.12293152511119843,12.002316236495972
3021,0.12807645462453365,0.006837173423264176,0.12255220860242844,12.001375913619995
3022,0.12789118476212025,0.006667079287581146,0.12217392772436142,12.000236868858337
3023,0.12798650190234184,0.006775379122700542,0.12179666012525558,11.999315738677979
3024,0.12822258472442627,0.007022692356258631,0.12142037600278854,11.998569011688232
3025,0.12927507981657982,0.008055120008066297,0.12104503810405731,12.000951528549194
3026,0.129362927749753,0.008152792695909739,0.1206706091761589,12.000343084335327
3027,0.12848172709345818,0.007262171246111393,0.12029717862606049,12.00165867805481
3028,0.128288883715868,0.00708087143721059,0.11992476880550385,12.000876903533936
3029,0.12823467701673508,0.007017972238827497,0.11955337971448898,12.00211751461029
3030,0.12924323603510857,0.008046695671509951,0.11918294429779053,12.000471353530884
3031,0.1279594451189041,0.006780292256735265,0.11881349235773087,11.999102234840393
3032,0.1285029947757721,0.007303859747480601,0.1184450089931488,12.001468658447266
3033,0.12882692366838455,0.0076429812470451,0.11807751655578613,12.000316977500916
3034,0.1291491501033306,0.00797353353118524,0.11771099269390106,11.999851107597351
3035,0.12928536348044872,0.008098429592791945,0.11734539270401001,12.001348376274109
3036,0.12888151220977306,0.0076990442466922104,0.11698072403669357,12.001266479492188
3037,0.12894206307828426,0.007762681983876973,0.11661706864833832,12.00132155418396
3038,0.12736384104937315,0.00621387580758892,0.11625445634126663,11.99874210357666
3039,0.12974825501441956,0.008581665810197592,0.11589276790618896,12.000766515731812
3040,0.12966777756810188,0.008518365153577179,0.11553194373846054,11.999409317970276
3041,0.12783576548099518,0.0066644654725678265,0.11517210304737091,12.001958131790161
3042,0.12804533541202545,0.006877486826851964,0.1148131787776947,12.001972079277039
3043,0.12830313481390476,0.007145490089897066,0.11445530503988266,12.001309275627136
3044,0.12960352562367916,0.008437779441010207,0.11409839242696762,12.002476811408997
3045,0.12807624600827694,0.006939320475794375,0.11374242603778839,11.999950408935547
3046,0.12885361909866333,0.007716314343269914,0.11338736861944199,12.000343441963196
3047,0.12792322225868702,0.006818228401243687,0.1130332425236702,11.997466444969177
3048,0.12900925427675247,0.00788740103598684,0.11268001049757004,11.999505758285522
3049,0.1284615322947502,0.007327781757339835,0.11232778429985046,12.001047134399414
3050,0.1283311266452074,0.00720546516822651,0.11197646707296371,12.000589847564697
3051,0.12761437706649303,0.006473420944530517,0.11162609606981277,12.002469778060913
3052,0.12905112467706203,0.007908111088909209,0.11127667129039764,12.00302505493164
3053,0.12793025001883507,0.006825546326581389,0.11092820763587952,11.999542355537415
3054,0.12868949212133884,0.0075662307208403945,0.11058072000741959,12.001745581626892
3055,0.12814410403370857,0.007059251656755805,0.11023403704166412,11.99825143814087
3056,0.1278902031481266,0.006813189364038408,0.10988826304674149,11.997813105583191
3057,0.1283257994800806,0.007239758444484323,0.10954339802265167,11.999060869216919
3058,0.12830285541713238,0.007212113356217742,0.10919948667287827,11.999874830245972
3059,0.12840726226568222,0.00727010378614068,0.10885653644800186,12.004859685897827
3060,0.12974764965474606,0.008619757078122348,0.10851451754570007,12.004274845123291
3061,0.12835875153541565,0.0072790649137459695,0.10817338526248932,11.999795198440552
3062,0.12834834307432175,0.00727794790873304,0.10783318430185318,11.99920666217804
3063,0.12844127044081688,0.0073768942966125906,0.10749386250972748,11.998944163322449
3064,0.12841113470494747,0.007327495550271124,0.1071554496884346,12.001208782196045
3065,0.12807940877974033,0.006995060946792364,0.10681796818971634,12.001616954803467
3066,0.1290021538734436,0.007928893435746431,0.10648138076066971,12.000844836235046
3067,0.12884181179106236,0.007792623597197235,0.10614573210477829,11.998773455619812
3068,0.12791502103209496,0.0068616949138231575,0.1058109700679779,11.99952220916748
3069,0.1284333635121584,0.007351632753852755,0.10547710955142975,12.00269627571106
3070,0.12821361795067787,0.007155683299060911,0.10514409840106964,12.000649452209473
3071,0.12816626206040382,0.007123278279323131,0.10481198877096176,11.999486684799194
3072,0.1282997503876686,0.007262000232003629,0.1044808030128479,11.999294519424438
3073,0.12853866443037987,0.007478165498469025,0.10415051877498627,12.001899242401123
3074,0.12874132301658392,0.007692076382227242,0.10382106900215149,12.00110399723053
3075,0.1292522270232439,0.008195617760065943,0.10349252820014954,12.00216829776764
3076,0.12732922844588757,0.006295894738286734,0.10316487401723862,12.000168442726135
3077,0.12919858656823635,0.008151661895681173,0.10283811390399933,12.001854658126831
3078,0.12878632545471191,0.007761084823869169,0.10251224040985107,12.000012159347534
3079,0.12869381718337536,0.007671761908568442,0.10218727588653564,12.00001859664917
3080,0.1284153200685978,0.007387731573544443,0.10186319798231125,12.000895857810974
3081,0.12789508886635303,0.006890744960401207,0.1015399768948555,11.998894810676575
3082,0.12812836281955242,0.007123065122868866,0.10121763497591019,11.999312162399292
3083,0.1278799455612898,0.006852281105238944,0.10089615732431412,12.001870512962341
3084,0.1287561133503914,0.0077143568196333945,0.1005755364894867,12.003600478172302
3085,0.12769991904497147,0.0066930525354109704,0.1002558022737503,12.000431299209595
3086,0.1287504807114601,0.007761716260574758,0.09993693977594376,11.998939752578735
3087,0.1288604997098446,0.0078378458856605,0.09961893409490585,12.002646565437317
3088,0.12869295291602612,0.007700474583543837,0.09930172562599182,11.999946475028992
3089,0.12896170280873775,0.007970086007844657,0.09898535907268524,12.000176906585693
3090,0.12820595875382423,0.007226104557048529,0.09866993129253387,11.9993155002594
3091,0.12872334010899067,0.007738125452306122,0.09835539013147354,12.000166177749634
3092,0.1290363147854805,0.008028284937608987,0.09804171323776245,12.002761483192444
3093,0.12909527868032455,0.008087160007562488,0.09772884845733643,12.00308346748352
3094,0.12809847481548786,0.007119579357095063,0.09741683304309845,12.000473141670227
3095,0.1281681451946497,0.0072153229848481715,0.09710565954446793,11.99817681312561
3096,0.12822877243161201,0.0072752482374198735,0.09679538011550903,11.998557448387146
3097,0.12941189482808113,0.008430497138760984,0.09648594260215759,12.001653790473938
3098,0.12906889617443085,0.008079419960267842,0.09617733210325241,12.00277042388916
3099,0.12849390134215355,0.007519874372519553,0.09586948156356812,12.00153362751007
3100,0.129081379622221,0.008109642774797976,0.09556249529123306,12.001611351966858
3101,0.12967870384454727,0.008719556033611298,0.09525641798973083,12.000658750534058
3102,0.12819300964474678,0.0072528100572526455,0.09495121240615845,11.999068856239319
3103,0.1275188196450472,0.006576548970770091,0.09464680403470993,11.99958062171936
3104,0.12851721979677677,0.007576854608487338,0.09434319287538528,11.999693512916565
3105,0.12882614135742188,0.007886409177444875,0.09404046833515167,11.999932885169983
3106,0.1286485381424427,0.007705670315772295,0.0937386155128479,12.000548839569092
3107,0.12731452845036983,0.006364071392454207,0.0934375450015068,12.00160813331604
3108,0.12808439135551453,0.007134394778404385,0.0931372418999672,12.0018630027771
3109,0.12836556881666183,0.007396914705168456,0.09283777326345444,12.004027843475342
3110,0.12872352730482817,0.007802100328262895,0.09253914654254913,11.999603748321533
3111,0.12833724915981293,0.00741918251151219,0.09224136173725128,11.999565243721008
3112,0.12808562070131302,0.007161371875554323,0.09194441884756088,12.000480651855469
3113,0.1276082582771778,0.006695376301649958,0.09164826571941376,11.999640107154846
3114,0.12850637175142765,0.007600656943395734,0.09135289490222931,11.999218821525574
3115,0.12899324670433998,0.008044430054724216,0.09105835855007172,12.003823637962341
3116,0.12820768915116787,0.0072920548263937235,0.09076464176177979,12.000799059867859
3117,0.12865213677287102,0.007741080946289003,0.09047175198793411,12.0006343126297
3118,0.12873017974197865,0.007827269611880183,0.09017966687679291,12.00011157989502
3119,0.12800906226038933,0.007114541134797037,0.08988835662603378,11.999564051628113
3120,0.1283216793090105,0.00740070641040802,0.08959786593914032,12.00249981880188
3121,0.1279145311564207,0.007009921071585268,0.08930817991495132,12.001153111457825
3122,0.12734062038362026,0.006432683556340635,0.08901933580636978,12.001774430274963
3123,0.12849906459450722,0.0076097623677924275,0.08873128890991211,12.000199437141418
3124,0.1285785511136055,0.007710286416113377,0.08844399452209473,11.998382329940796
3125,0.12816517241299152,0.00728403840912506,0.08815749734640121,11.999956130981445
3126,0.12885600700974464,0.007947779551614076,0.08787180483341217,12.002951502799988
3127,0.1279249619692564,0.007013468188233674,0.087586909532547,12.003562569618225
3128,0.127861887216568,0.006984431995078921,0.0873027816414833,12.000442862510681
3129,0.1269853487610817,0.006115498661529273,0.0870194360613823,11.999965786933899
3130,0.12766129709780216,0.006796457164455205,0.08673688769340515,11.999747395515442
3131,0.12920849956572056,0.008323552319779992,0.08645518869161606,12.002039909362793
3132,0.128134498372674,0.0072687253705225885,0.08617424219846725,12.000403046607971
3133,0.12784373201429844,0.006986658205278218,0.08589404821395874,11.999813556671143
3134,0.12923714146018028,0.008378117519896477,0.0856146365404129,12.000288128852844
3135,0.1278595682233572,0.006980213802307844,0.08533605933189392,12.002599477767944
3136,0.12781533040106297,0.00693456205772236,0.08505824208259583,12.003018856048584
3137,0.12795401737093925,0.007090487168170512,0.08478112518787384,12.001572370529175
3138,0.1289282012730837,0.00807942682877183,0.08450479805469513,12.000373005867004
3139,0.12807818315923214,0.007245861983392388,0.08422932028770447,11.999003052711487
3140,0.12949134223163128,0.008637955063022673,0.08395461738109589,12.001384258270264
3141,0.12819467298686504,0.0073486752226017416,0.083680659532547,12.000919461250305
3142,0.12778233364224434,0.006920930580236018,0.08340742439031601,12.00273311138153
3143,0.12800028920173645,0.007166413008235395,0.08313494175672531,12.000252962112427
3144,0.12860530987381935,0.007747973315417767,0.08286327868700027,12.002870559692383
3145,0.12895405106246471,0.008120240876451135,0.08259239792823792,12.000788807868958
3146,0.12724492885172367,0.006431803660234436,0.08232223242521286,11.998990535736084
3147,0.12801839038729668,0.007216052676085383,0.0820527970790863,11.998181343078613
3148,0.12827622331678867,0.007459564774762839,0.08178415894508362,11.999881744384766
3149,0.12814030051231384,0.007281433790922165,0.08151627331972122,12.0043705701828
3150,0.12875143811106682,0.00789316138252616,0.08124909549951553,12.004578709602356
3151,0.12834027782082558,0.007497294980566949,0.08098267763853073,12.003316044807434
3152,0.12859121151268482,0.0077923963544890285,0.08071699738502502,11.999164462089539
3153,0.1281177680939436,0.007321206794586033,0.080452099442482,11.999204158782959
3154,0.128764184191823,0.007964487886056304,0.08018794655799866,11.999781847000122
3155,0.12825792655348778,0.007458966225385666,0.07992453128099442,11.999971747398376
3156,0.12854704447090626,0.007736700703389943,0.07966186106204987,12.001372933387756
3157,0.12889378145337105,0.008083860448095948,0.0793999433517456,12.00159227848053
3158,0.12766320817172527,0.00686878222040832,0.07913878560066223,12.000303983688354
3159,0.12856669537723064,0.007747180236037821,0.07887838035821915,12.003073811531067
3160,0.12743608467280865,0.006649350107181817,0.07861866056919098,12.000055193901062
3161,0.12752462178468704,0.006755558541044593,0.07835967093706131,11.998546957969666
3162,0.12782963924109936,0.007072012405842543,0.07810144126415253,11.997661471366882
3163,0.12824964337050915,0.007470352982636541,0.07784395664930344,12.000085234642029
3164,0.12798390164971352,0.007168624666519463,0.07758720964193344,12.00394070148468
3165,0.12837525084614754,0.007573964772745967,0.07733112573623657,12.002797603607178
3166,0.12977158091962337,0.008991526905447245,0.0770757645368576,12.000929951667786
3167,0.12811636179685593,0.007347202685195953,0.07682115584611893,12.000095129013062
3168,0.1281927078962326,0.007434957136865705,0.07656726241111755,11.999208092689514
3169,0.12839193269610405,0.007637207163497806,0.07631410658359528,11.99915862083435
3170,0.12790406309068203,0.00714180018985644,0.0760616660118103,12.000165104866028
3171,0.12861778773367405,0.007825803884770721,0.07580997049808502,12.00338876247406
3172,0.12820447236299515,0.007442858885042369,0.07555894553661346,12.000602722167969
3173,0.12828283570706844,0.007537844765465707,0.07530861347913742,11.99919080734253
3174,0.1279145311564207,0.007183576934039593,0.07505904138088226,11.998036742210388
3175,0.12844270840287209,0.007687860867008567,0.07481014728546143,12.000674962997437
3176,0.12776019424200058,0.006999310397077352,0.0745619386434555,12.001526832580566
3177,0.12849578633904457,0.007733590435236692,0.07431446015834808,12.0019052028656
3178,0.12839283049106598,0.007629832543898374,0.07406772673130035,12.002232313156128
3179,0.1280232910066843,0.007265926571562886,0.07382174581289291,12.001915574073792
3180,0.12801151722669601,0.007278784527443349,0.07357637584209442,11.999696969985962
3181,0.12826032005250454,0.0075290577369742095,0.07333167642354965,11.999794840812683
3182,0.1271507702767849,0.006418755161575973,0.07308768481016159,12.00011396408081
3183,0.12804191000759602,0.007309890817850828,0.07284441590309143,12.000357985496521
3184,0.12869354896247387,0.007951957522891462,0.07260188460350037,12.001557469367981
3185,0.12778008170425892,0.0070571075775660574,0.07236005365848541,11.999937534332275
3186,0.12715580500662327,0.006444242550060153,0.07211888581514359,11.999037504196167
3187,0.12890671007335186,0.008173370093572885,0.07187839597463608,12.001456022262573
3188,0.12785185687243938,0.0071008961531333625,0.07163859903812408,12.003457427024841
3189,0.1292406227439642,0.008509070961736143,0.07139948010444641,12.001755833625793
3190,0.1284864991903305,0.007767243136186153,0.07116104662418365,12.000764608383179
3191,0.12787617556750774,0.007196840888354927,0.07092327624559402,11.997010350227356
3192,0.12851709313690662,0.007802346663083881,0.07068619877099991,12.000788807868958
3193,0.12847944907844067,0.007755763130262494,0.0704498216509819,12.001919031143188
3194,0.12902031652629375,0.008289275516290218,0.07021410763263702,12.002890586853027
3195,0.12780511938035488,0.007093384803738445,0.06997910887002945,12.001194715499878
3196,0.12835902720689774,0.007667585683520883,0.06974480301141739,11.999399423599243
3197,0.12791295908391476,0.007231141848023981,0.06951116025447845,11.998670816421509
3198,0.12812156975269318,0.007429109886288643,0.06927814334630966,11.9999680519104
3199,0.12784734927117825,0.007155343424528837,0.06904581189155579,12.000155091285706
3200,0.12803661450743675,0.007325770042371005,0.06881414353847504,12.002270698547363
3201,0.12817054986953735,0.007450333680026233,0.06858319789171219,12.003438830375671
3202,0.1281618606299162,0.007463532383553684,0.06835288554430008,12.001480340957642
3203,0.12791784666478634,0.007242411200422794,0.06812325119972229,11.999420762062073
3204,0.12855841405689716,0.007876442919950932,0.06789429485797882,12.000303149223328
3205,0.12759584560990334,0.006918495870195329,0.06766597181558609,12.00006914138794
3206,0.12746940925717354,0.006805870856624097,0.06743830442428589,11.998915672302246
3207,0.12730642594397068,0.00663437886396423,0.0672113448381424,11.999993681907654
3208,0.12760759517550468,0.006919513922184706,0.06698504090309143,12.001823425292969
3209,0.12701124232262373,0.00633683695923537,0.06675936281681061,12.000681519508362
3210,0.12846505641937256,0.007778502884320915,0.06653432548046112,12.002120971679688
3211,0.12843365035951138,0.007752232544589788,0.06630994379520416,12.001832246780396
3212,0.1282425094395876,0.007577183307148516,0.06608621031045914,12.000446557998657
3213,0.12790570966899395,0.007243788393680006,0.06586311757564545,12.00032913684845
3214,0.12776839174330235,0.007105346710886806,0.06564068794250488,12.000663876533508
3215,0.12855183891952038,0.007887280255090445,0.06541891396045685,12.001037240028381
3216,0.12694235891103745,0.006288691540248692,0.06519778817892075,12.000168919563293
3217,0.12780180014669895,0.007153856684453785,0.064977265894413,11.999817252159119
3218,0.12758931051939726,0.006939016631804407,0.06475739926099777,12.000272393226624
3219,0.12866385653614998,0.008018207678105682,0.06453817337751389,12.00002670288086
3220,0.1282762624323368,0.007640653930138797,0.06431960314512253,11.999241590499878
3221,0.12756538204848766,0.006890945311170071,0.0641016736626625,12.003342390060425
3222,0.1282765045762062,0.007584951003082097,0.0638844296336174,12.005271315574646
3223,0.12912904284894466,0.008453288348391652,0.06366780400276184,12.003907680511475
3224,0.1279289722442627,0.007282968668732792,0.06345179677009583,12.001148700714111
3225,0.1284788753837347,0.00783540407428518,0.06323642283678055,12.001110911369324
3226,0.12792873568832874,0.007285634288564324,0.06302165985107422,12.001288771629333
3227,0.12728332355618477,0.006673390802461654,0.06280753761529922,11.998185515403748
3228,0.12736481428146362,0.006745078018866479,0.06259401142597198,11.999379992485046
3229,0.12730558216571808,0.006677077792119235,0.06238110736012459,12.00046968460083
3230,0.12762589938938618,0.006972470262553543,0.06216881796717644,12.003174424171448
3231,0.12747215665876865,0.006791434658225626,0.061957184225320816,12.006115436553955
3232,0.1277390606701374,0.007106945151463151,0.06174623221158981,12.001465678215027
3233,0.12847263924777508,0.007857736432924867,0.06153590604662895,11.99995481967926
3234,0.1279474589973688,0.007329152489546686,0.061326149851083755,12.000504732131958
3235,0.1273385677486658,0.006740864191669971,0.06111699342727661,11.998653531074524
3236,0.1282168161123991,0.007603352656587958,0.06090850383043289,12.000438332557678
3237,0.12793594785034657,0.007282218080945313,0.060700673609972,12.004672527313232
3238,0.1281668357551098,0.007521464780438691,0.06049337983131409,12.00404405593872
3239,0.12866326048970222,0.008035999722778797,0.060286667197942734,12.002439618110657
3240,0.12815132178366184,0.007551053888164461,0.06008055433630943,11.999946355819702
3241,0.12739244475960732,0.006807499332353473,0.059875041246414185,11.998619794845581
3242,0.127129428088665,0.006551163969561458,0.05967018008232117,11.998156785964966
3243,0.1281510479748249,0.007548810448497534,0.0594659224152565,12.000757932662964
3244,0.12758657336235046,0.006962073151953518,0.059262245893478394,12.003188133239746
3245,0.12752365600317717,0.006895542639540508,0.05905913934111595,12.003752589225769
3246,0.12839624844491482,0.007784170680679381,0.058856718242168427,12.00235116481781
3247,0.1276636067777872,0.007071999250911176,0.05865492671728134,12.000505685806274
3248,0.12884676456451416,0.008266276912763715,0.05845373123884201,11.999595403671265
3249,0.12927541509270668,0.00870138662867248,0.05825307220220566,11.999150037765503
3250,0.12948957458138466,0.008912435383535922,0.05805300176143646,11.999661445617676
3251,0.1274828240275383,0.006892280944157392,0.05785354599356651,12.001201272010803
3252,0.12746326811611652,0.006878028507344425,0.05765467509627342,12.000869393348694
3253,0.12792075239121914,0.0073256693431176245,0.057456377893686295,12.002051949501038
3254,0.1272704191505909,0.006701167847495526,0.05725863575935364,11.999666810035706
3255,0.12779858335852623,0.00722044927533716,0.05706149339675903,12.000752568244934
3256,0.12801893800497055,0.007457224070094526,0.056864961981773376,11.999306797981262
3257,0.1277402900159359,0.007163791742641479,0.05666904151439667,12.000981211662292
3258,0.12825392372906208,0.007651636668015271,0.05647369846701622,12.003755450248718
3259,0.12794779054820538,0.00737411092268303,0.05627889931201935,12.001089572906494
3260,0.12791814096271992,0.0073625469813123345,0.056084685027599335,11.999475121498108
3261,0.128122266381979,0.007560725265648216,0.055891070514917374,12.000263333320618
3262,0.12788262031972408,0.007329902844503522,0.05569806322455406,11.999574065208435
3263,0.1284390166401863,0.007882322941441089,0.05550558865070343,12.000163912773132
3264,0.12782774679362774,0.0072774458094500005,0.055313706398010254,11.999716639518738
3265,0.12809468992054462,0.007538240635767579,0.055122409015893936,12.00052273273468
3266,0.12792140245437622,0.0073578080628067255,0.054931674152612686,12.001428008079529
3267,0.1286501418799162,0.008081538893748075,0.05474148690700531,12.002118945121765
3268,0.12798896618187428,0.0074233770137652755,0.054551880806684494,12.002007484436035
3269,0.12785331159830093,0.007301045814529061,0.054362863302230835,12.000863432884216
3270,0.12740303948521614,0.006863728049211204,0.05417443811893463,11.999756932258606
3271,0.1278195148333907,0.007274021045304835,0.053986549377441406,12.000563383102417
3272,0.1276838257908821,0.00714707828592509,0.05379921570420265,11.999875545501709
3273,0.1288207247853279,0.008283461502287537,0.05361242964863777,12.00011396408081
3274,0.12779594957828522,0.007268717396073043,0.05342617630958557,11.999297380447388
3275,0.12896432913839817,0.008413165342062712,0.053240492939949036,12.00187635421753
3276,0.12901120446622372,0.008483627520035952,0.05305537208914757,11.999702334403992
3277,0.128242963925004,0.007707313750870526,0.052870821207761765,12.000694513320923
3278,0.12885353714227676,0.00829062785487622,0.052686844021081924,12.003604173660278
3279,0.12871617823839188,0.008155365416314453,0.05250339210033417,12.003578186035156
3280,0.1278460994362831,0.007305615057703108,0.05232054367661476,12.00172770023346
3281,0.12831196188926697,0.00780166988261044,0.05213824659585953,11.998891353607178
3282,0.12949265353381634,0.008986795612145215,0.05195651203393936,11.998629570007324
3283,0.12849456071853638,0.007970030710566789,0.05177532881498337,12.000677943229675
3284,0.1287273522466421,0.008236962428782135,0.05159461870789528,11.99744462966919
3285,0.12765573151409626,0.007146564079448581,0.051414452493190765,11.999502658843994
3286,0.12714161723852158,0.006609407253563404,0.05123486369848251,12.001986265182495
3287,0.12837891094386578,0.00784113974077627,0.05105580389499664,12.002721667289734
3288,0.1278106477111578,0.007289127970580012,0.05087730288505554,12.001275062561035
3289,0.12725907005369663,0.006741561344824731,0.05069936439394951,12.001051902770996
3290,0.12929940968751907,0.008753355010412633,0.050521936267614365,12.00408387184143
3291,0.12923673540353775,0.008714922121725976,0.05034501478075981,12.00183629989624
3292,0.12922385148704052,0.008714846451766789,0.050168659538030624,12.000732183456421
3293,0.1276554223150015,0.0071725400048308074,0.04999289661645889,11.998295426368713
3294,0.12737352401018143,0.006883646594360471,0.04981764778494835,11.999170422554016
3295,0.12719552963972092,0.006709787354338914,0.049642883241176605,11.998931765556335
3296,0.1289085214957595,0.008403056126553565,0.04946868121623993,12.001078128814697
3297,0.12713434547185898,0.0066282195039093494,0.04929496347904205,12.001317858695984
3298,0.1283182017505169,0.007816593337338418,0.04912176728248596,12.001039266586304
3299,0.1278149839490652,0.007328260340727866,0.04894910752773285,11.999723553657532
3300,0.1278743501752615,0.007383857853710651,0.0487770140171051,12.000272512435913
3301,0.1282550897449255,0.007732845144346356,0.048605453222990036,12.003619313240051
3302,0.12756861560046673,0.007056227186694741,0.04843439906835556,12.00280475616455
3303,0.1279706247150898,0.007465615519322455,0.04826388508081436,12.002237200737
3304,0.12823233753442764,0.007762170571368188,0.04809390753507614,11.998923301696777
3305,0.12814630940556526,0.007681352668441832,0.04792441800236702,11.998571753501892
3306,0.12853903882205486,0.008063194632995874,0.0477554053068161,11.999829411506653
3307,0.12749831937253475,0.007011164037976414,0.047586940228939056,12.001128792762756
3308,0.12879489921033382,0.008312735182698816,0.04741895943880081,12.000797867774963
3309,0.12762088142335415,0.007148397038690746,0.04725150763988495,11.99999713897705
3310,0.12847153283655643,0.00797391147352755,0.04708455502986908,12.00267767906189
3311,0.12889124639332294,0.008417628239840269,0.0469181165099144,12.000444173812866
3312,0.12793616764247417,0.007489867799449712,0.04675222560763359,11.997877955436707
3313,0.1289695855230093,0.008476428978610784,0.04658684507012367,12.002729296684265
3314,0.12816039472818375,0.007680450798943639,0.04642196744680405,12.001572608947754
3315,0.1284892074763775,0.008009218843653798,0.04625757783651352,12.001741290092468
3316,0.12793559208512306,0.007475672930013388,0.04609367251396179,11.999898433685303
3317,0.12808946892619133,0.00763900822494179,0.04593031480908394,11.999116063117981
3318,0.1277320794761181,0.007277339405845851,0.045767415314912796,11.999706745147705
3319,0.12926282919943333,0.008777970273513347,0.04560498148202896,12.002881646156311
3320,0.1277329307049513,0.007276199234183878,0.04544307664036751,12.000230073928833
3321,0.1290694959461689,0.008608224394265562,0.04528170824050903,12.000845551490784
3322,0.12879922427237034,0.00833462324226275,0.045120880007743835,12.001339435577393
3323,0.12802754156291485,0.007587720523588359,0.044960517436265945,11.999022006988525
3324,0.1279514580965042,0.007508668815717101,0.044800616800785065,11.999478578567505
3325,0.128200339153409,0.007754882564768195,0.044641196727752686,11.99990463256836
3326,0.12777449749410152,0.0073224026709795,0.044482287019491196,12.000727415084839
3327,0.12770760990679264,0.007243341824505478,0.04432391747832298,12.002103328704834
3328,0.12749294377863407,0.007029349741060287,0.04416601359844208,12.002193570137024
3329,0.12814333848655224,0.007671109167858958,0.044008515775203705,12.003214836120605
3330,0.12865065596997738,0.008193292538635433,0.04385153949260712,12.001885056495667
3331,0.12803222239017487,0.007595457311253995,0.043695077300071716,11.99998164176941
3332,0.12751074321568012,0.007093019783496857,0.043539125472307205,11.998233556747437
3333,0.12688045762479305,0.006463951664045453,0.043383654206991196,11.9982670545578
3334,0.1275641806423664,0.007163042086176574,0.043228644877672195,11.996885776519775
3335,0.12797927483916283,0.0075571268680505455,0.04307408630847931,11.999140858650208
3336,0.12821749225258827,0.007737469277344644,0.04292001947760582,12.005082607269287
3337,0.1285516619682312,0.008083682099822909,0.04276648536324501,12.004031777381897
3338,0.12800594605505466,0.0075307031511329114,0.042613450437784195,12.004911184310913
3339,0.12853049486875534,0.00810436240863055,0.0424608513712883,12.000152707099915
3340,0.12813513353466988,0.007722243433818221,0.04230869561433792,11.998980402946472
3341,0.12730175256729126,0.006897027837112546,0.04215700924396515,11.998315930366516
3342,0.12790224514901638,0.007505875779315829,0.04200579598546028,11.997631192207336
3343,0.1284125056117773,0.007996527128852904,0.041855089366436005,11.999742984771729
3344,0.12784126959741116,0.007422306516673416,0.041704826056957245,12.000191450119019
3345,0.1275822687894106,0.0071477658348158,0.04155504330992699,12.001895427703857
3346,0.12760593928396702,0.007159817614592612,0.041405703872442245,12.003206729888916
3347,0.12760779075324535,0.007161191140767187,0.041256826370954514,12.003403186798096
3348,0.12795574218034744,0.007533923082519323,0.04110844060778618,12.001073718070984
3349,0.12741836719214916,0.00701872119680047,0.04096052050590515,11.999004483222961
3350,0.1280831191688776,0.007671782630495727,0.04081307351589203,12.00032103061676
3351,0.12797996029257774,0.007567883701995015,0.0406661219894886,12.000541925430298
3352,0.1273749303072691,0.006964445114135742,0.040519628673791885,12.000529289245605
3353,0.12780866026878357,0.007405494630802423,0.040373545140028,11.999943494796753
3354,0.1274120807647705,0.007020255201496184,0.040227875113487244,11.998954892158508
3355,0.12724847719073296,0.006844202987849712,0.0400826632976532,12.00034511089325
3356,0.12694218382239342,0.006534200510941446,0.039937928318977356,12.000861048698425
3357,0.12826009280979633,0.007846737455110997,0.03979369252920151,12.00154185295105
3358,0.12832040525972843,0.00790276110637933,0.039649903774261475,12.00211489200592
3359,0.1279009571298957,0.007497622340451926,0.03950656205415726,12.000827193260193
3360,0.128077769652009,0.007666193589102477,0.03936365991830826,12.00179409980774
3361,0.12753757648169994,0.0071356044500134885,0.03922121226787567,12.000976324081421
3362,0.12811446748673916,0.007739478431176394,0.0390792191028595,11.998419880867004
3363,0.12769179977476597,0.007307786378078163,0.038937684148550034,11.999464273452759
3364,0.12801400758326054,0.007628231891430914,0.03879654407501221,11.999781250953674
3365,0.1271769441664219,0.006806454504840076,0.038655832409858704,11.998393177986145
3366,0.12851587496697903,0.008113620046060532,0.0385156087577343,12.001710057258606
3367,0.12753081694245338,0.007152186706662178,0.038375843316316605,11.99948763847351
3368,0.12727165035903454,0.00688793120207265,0.03823649883270264,12.000135779380798
3369,0.1279093585908413,0.0075269581284374,0.03809758648276329,12.000142574310303
3370,0.12866144441068172,0.008263687894213945,0.03795911371707916,12.001816630363464
3371,0.1268170978873968,0.006418030185159296,0.037821099162101746,12.00208580493927
3372,0.12741295620799065,0.00704312464222312,0.037683501839637756,11.99929964542389
3373,0.12765614688396454,0.00727173441555351,0.037546347826719284,12.000895500183105
3374,0.1268945662304759,0.006505821482278407,0.03740962967276573,12.00146484375
3375,0.12817587330937386,0.007793729775585234,0.0372733473777771,12.000941157341003
3376,0.12778523191809654,0.007396799803245813,0.037137508392333984,12.00170612335205
3377,0.12821200117468834,0.007838503341190517,0.03700210526585579,12.00034785270691
3378,0.1282125785946846,0.007844902225770056,0.03686714172363281,11.999900937080383
3379,0.1281391866505146,0.00777611683588475,0.03673258051276207,11.999574542045593
3380,0.12730959616601467,0.006963559950236231,0.03659839183092117,11.998005867004395
3381,0.1279599703848362,0.007595101313199848,0.03646467626094818,12.000022530555725
3382,0.12757011130452156,0.007197754050139338,0.03633137419819832,12.0009046792984
3383,0.12743448093533516,0.007049150066450238,0.03619851544499397,12.002334833145142
3384,0.12721551954746246,0.006818234454840422,0.03606608137488365,12.003662705421448
3385,0.12826304882764816,0.007889646163675934,0.03593403100967407,12.0014066696167
3386,0.12796525843441486,0.007605977065395564,0.0358024425804615,12.000125885009766
3387,0.12757487408816814,0.007223152497317642,0.03567128628492355,11.99950087070465
3388,0.12773770652711391,0.00736885512014851,0.03554055839776993,12.001344680786133
3389,0.12767521850764751,0.0073078597779385746,0.03541022166609764,12.001325845718384
3390,0.12804356962442398,0.0076917908154428005,0.0352802611887455,11.999897956848145
3391,0.12769012711942196,0.007340977201238275,0.03515074402093887,11.999764561653137
3392,0.12771116010844707,0.007386468758340925,0.03502167761325836,11.997447609901428
3393,0.1275939866900444,0.007234037446323782,0.03489303216338158,12.001102209091187
3394,0.12700453028082848,0.006640092469751835,0.03476475179195404,12.001679301261902
3395,0.1282475534826517,0.007892370980698615,0.03463687747716904,12.000881791114807
3396,0.1272086426615715,0.006861933856271207,0.034509461373090744,12.00016188621521
3397,0.1281809601932764,0.007814735756255686,0.034382469952106476,12.002240419387817
3398,0.12991949543356895,0.0095442202873528,0.03425585478544235,12.00327205657959
3399,0.12811765260994434,0.0077680147951468825,0.03412960097193718,12.000834465026855
3400,0.12866699136793613,0.008319356478750706,0.03400370851159096,12.000760078430176
3401,0.12747657764703035,0.00716029794421047,0.033878277987241745,11.99774980545044
3402,0.12719998508691788,0.006862801325041801,0.03375330567359924,11.99996554851532
3403,0.1280965879559517,0.0077490987023338675,0.033628709614276886,12.001120328903198
3404,0.12819752655923367,0.007864139624871314,0.03350446745753288,11.999834299087524
3405,0.1281723566353321,0.00784223311347887,0.033380672335624695,11.999632358551025
3406,0.12760443426668644,0.007264854328241199,0.03325730189681053,12.000700950622559
3407,0.1281173788011074,0.007763047935441136,0.033134348690509796,12.002298831939697
3408,0.12714398559182882,0.006790461950004101,0.0330117903649807,12.002340912818909
3409,0.12777364440262318,0.007442330534104258,0.032889582216739655,12.000242114067078
3410,0.12873512133955956,0.008390347647946328,0.03276776894927025,12.001709938049316
3411,0.12768219970166683,0.007346566533669829,0.032646358013153076,12.000917315483093
3412,0.12886846996843815,0.008516791451256722,0.03252533823251724,12.00264298915863
3413,0.12830903939902782,0.007977064524311572,0.032404664903879166,12.000793218612671
3414,0.1272506956011057,0.006955603312235326,0.03228435665369034,11.997225046157837
3415,0.12691846583038568,0.006607019866351038,0.03216446936130524,11.998980522155762
3416,0.12814162485301495,0.007810329203493893,0.03204498812556267,12.001084685325623
3417,0.12787137553095818,0.007529019669163972,0.03192591667175293,12.002310037612915
3418,0.12816978618502617,0.00783185544423759,0.031807225197553635,12.001986145973206
3419,0.12814908660948277,0.007821994076948613,0.03168891742825508,12.001020669937134
3420,0.12745880149304867,0.0071478261961601675,0.03157100826501846,11.999526619911194
3421,0.12747124582529068,0.007160703535191715,0.03145348280668259,11.999601125717163
3422,0.12725912779569626,0.006937713536899537,0.03133634105324745,12.000805258750916
3423,0.12763424217700958,0.007302172773052007,0.03121955320239067,12.001987338066101
3424,0.12678745575249195,0.006491424574051052,0.031103141605854034,11.998500227928162
3425,0.12724680453538895,0.006923065171577036,0.030987104400992393,12.001387119293213
3426,0.12728406861424446,0.0069470954476855695,0.030871456488966942,12.00282597541809
3427,0.127964710816741,0.007643803022801876,0.03075624443590641,12.00133466720581
3428,0.127648894675076,0.007354210189078003,0.030641408637166023,11.9988272190094
3429,0.12770025990903378,0.0074094810406677425,0.030526887625455856,11.998551607131958
3430,0.12814808636903763,0.007819085440132767,0.03041272982954979,12.002487897872925
3431,0.12771938368678093,0.00741972861578688,0.030298955738544464,11.999666929244995
3432,0.12731435894966125,0.007010201923549175,0.030185570940375328,12.000230312347412
3433,0.12793388590216637,0.007637635513674468,0.03007255494594574,11.999552607536316
3434,0.1287657618522644,0.008440663164947182,0.02995988354086876,12.00255024433136
3435,0.12790429778397083,0.007574917457532138,0.029847566038370132,12.003090620040894
3436,0.12849734909832478,0.008197089948225766,0.029735613614320755,12.000290751457214
3437,0.1266999188810587,0.0064198680920526385,0.029624061658978462,11.99838137626648
3438,0.1281535793095827,0.007855875592213124,0.02951286919414997,12.000257849693298
3439,0.1276863031089306,0.0073762378306128085,0.02940204367041588,12.001605033874512
3440,0.12802276387810707,0.007718095788732171,0.029291540384292603,12.00117552280426
3441,0.1284680012613535,0.00817209022352472,0.029181426391005516,12.000409722328186
3442,0.12794090807437897,0.007646450598258525,0.029071714729070663,12.00037395954132
3443,0.12840535677969456,0.00810843869112432,0.028962377458810806,12.00072991847992
3444,0.12755663134157658,0.007258456782437861,0.02885338105261326,12.000964045524597
3445,0.12752279825508595,0.00724528229329735,0.028744718059897423,11.999007225036621
3446,0.12820541486144066,0.007924902834929526,0.028636420145630836,11.999414563179016
3447,0.12725701462477446,0.006970939401071519,0.028528520837426186,12.000079154968262
3448,0.1279536047950387,0.007653763168491423,0.028420932590961456,12.001563429832458
3449,0.12730463407933712,0.006984658830333501,0.028313687071204185,12.003684282302856
3450,0.12812168523669243,0.0078106666333042085,0.028206780552864075,12.00289523601532
3451,0.12760941684246063,0.007362640055362135,0.028100252151489258,11.996577739715576
3452,0.12681502662599087,0.006547476863488555,0.02799413911998272,11.998761057853699
3453,0.1273834276944399,0.007099921815097332,0.02788836881518364,12.000462651252747
3454,0.12779457494616508,0.0074900753679685295,0.02778290957212448,12.00266718864441
3455,0.12804000452160835,0.00775043445173651,0.027677740901708603,12.001279711723328
3456,0.1271847439929843,0.006906743918079883,0.027572939172387123,12.000227332115173
3457,0.1270204335451126,0.006752704153768718,0.027468517422676086,11.99930477142334
3458,0.1278160661458969,0.007540553342550993,0.027364445850253105,12.000187158584595
3459,0.12793141417205334,0.007637321075890213,0.027260709553956985,12.002148747444153
3460,0.12736055441200733,0.00709425617242232,0.027157297357916832,11.999472975730896
3461,0.1287000272423029,0.008404831925872713,0.02705424465239048,12.00246548652649
3462,0.12802224047482014,0.007722816779278219,0.026951586827635765,12.002990961074829
3463,0.12787424959242344,0.007585381215903908,0.02684926800429821,12.002037644386292
3464,0.12735895067453384,0.00710827816510573,0.026747265830636024,11.99832022190094
3465,0.127851203083992,0.007622632256243378,0.026645567268133163,11.996212005615234
3466,0.12696510553359985,0.006708140310365707,0.026544198393821716,11.999152421951294
3467,0.12747115641832352,0.007186696457210928,0.02644316665828228,12.002003073692322
3468,0.12614866718649864,0.005859632045030594,0.0263424851000309,12.002561330795288
3469,0.12760265171527863,0.007312300847843289,0.026242142543196678,12.002793312072754
3470,0.12775967177003622,0.007458760926965624,0.026142116636037827,12.003949403762817
3471,0.12636413518339396,0.006105850858148187,0.026042431592941284,11.999786257743835
3472,0.12797386944293976,0.007685792923439294,0.025943119078874588,12.002864956855774
3473,0.12678705155849457,0.006535008375067264,0.0258441511541605,11.99936044216156
3474,0.12676612846553326,0.006541125359944999,0.025745509192347527,11.996755242347717
3475,0.12673675548285246,0.00649900350254029,0.025647185742855072,11.998128294944763
3476,0.12750377412885427,0.007231106224935502,0.02554919570684433,12.001717805862427
3477,0.12749379966408014,0.007217098318506032,0.02545154094696045,12.002219080924988
3478,0.12785054743289948,0.007567231776192784,0.025354184210300446,12.002977967262268
3479,0.12775721959769726,0.007506688998546451,0.025257118046283722,11.999796032905579
3480,0.12761068250983953,0.0073525767656974494,0.025160394608974457,12.00065016746521
3481,0.12675986532121897,0.0065147767891176045,0.02506401017308235,11.999445080757141
3482,0.12744104862213135,0.007174846425186843,0.024967975914478302,12.001652479171753
3483,0.12804014980793,0.007770983676891774,0.024872273206710815,12.002044677734375
3484,0.12835156172513962,0.008091558353044093,0.024776862934231758,12.00122356414795
3485,0.12735871970653534,0.007097694382537156,0.024681756272912025,12.001421332359314
3486,0.12781963497400284,0.007559582300018519,0.024586988613009453,12.001418709754944
3487,0.1284887846559286,0.008233427535742521,0.024492576718330383,12.001043558120728
3488,0.12767720595002174,0.007458871463313699,0.02439846098423004,11.997435212135315
3489,0.12760146334767342,0.0073814960778690875,0.024304643273353577,11.997692704200745
3490,0.12693094089627266,0.006697314383927733,0.02421111799776554,11.999151706695557
3491,0.12747161462903023,0.007216764730401337,0.02411794103682041,12.001367092132568
3492,0.12793087773025036,0.007687052770052105,0.024025095626711845,12.000357747077942
3493,0.12817566469311714,0.007896852039266378,0.02393254265189171,12.00394892692566
3494,0.1264591971412301,0.006196592235937715,0.023840269073843956,12.002420663833618
3495,0.12770436331629753,0.007429989636875689,0.023748327046632767,12.003689646720886
3496,0.12825555633753538,0.007992642931640148,0.023656731471419334,12.002634882926941
3497,0.12862400151789188,0.008399625774472952,0.023565448820590973,11.99887216091156
3498,0.12760645896196365,0.007387626450508833,0.023474469780921936,11.998409271240234
3499,0.12818255461752415,0.00797309196786955,0.02338377758860588,11.997562766075134
3500,0.1283796951174736,0.008131847716867924,0.023293407633900642,12.001491904258728
3501,0.12826929800212383,0.008028937329072505,0.023203324526548386,12.00083327293396
3502,0.12857497297227383,0.008343795838300139,0.023113559931516647,12.000004291534424
3503,0.1271761916577816,0.006949628877919167,0.02302410826086998,11.999632477760315
3504,0.12746113911271095,0.007215421588625759,0.022934939712285995,12.00163722038269
3505,0.12743845209479332,0.0071816963609308004,0.02284606546163559,12.002829432487488
3506,0.12697734590619802,0.006734683527611196,0.02275749482214451,12.001509189605713
3507,0.12688202783465385,0.006645931047387421,0.022669261321425438,12.000940799713135
3508,0.1286663580685854,0.008421404520049691,0.022581348195672035,12.001914381980896
3509,0.12720851972699165,0.0069903170224279165,0.022493699565529823,11.999327063560486
3510,0.12781513296067715,0.007600773416925222,0.022406332194805145,11.999029994010925
3511,0.1273193545639515,0.007099233218468726,0.022319279611110687,11.999693512916565
3512,0.12724911980330944,0.00702813029056415,0.02223251387476921,11.999866843223572
3513,0.12679399829357862,0.006571221572812647,0.022146040573716164,12.000131845474243
3514,0.12772268429398537,0.007491639466024935,0.022059842944145203,12.001044750213623
3515,0.12792903371155262,0.0077037643059156835,0.02197396568953991,12.000553011894226
3516,0.12848474457859993,0.008251569583080709,0.021888406947255135,12.001429438591003
3517,0.1272268034517765,0.006995804433245212,0.021803144365549088,12.001296997070312
3518,0.12811393290758133,0.00787325284909457,0.021718159317970276,12.002349972724915
3519,0.1277702897787094,0.007549974019639194,0.021633459255099297,12.000398397445679
3520,0.12705265264958143,0.00684759474825114,0.02154906839132309,11.99895691871643
3521,0.12729911785572767,0.007088242971803993,0.021464964374899864,11.999622821807861
3522,0.12791102193295956,0.007688875426538289,0.021381156519055367,12.000834107398987
3523,0.1272835023701191,0.007049706997349858,0.021297618746757507,12.002082228660583
3524,0.127401034347713,0.007193912344519049,0.021214332431554794,11.99949824810028
3525,0.12741593457758427,0.007208990107756108,0.021131353452801704,11.999563455581665
3526,0.12752535566687584,0.007310219807550311,0.021048670634627342,12.000465154647827
3527,0.1273478101938963,0.007137893815524876,0.02096625603735447,12.000025749206543
3528,0.12670423742383718,0.006488209706731141,0.020884135738015175,12.000718832015991
3529,0.12806236930191517,0.007820235507097095,0.020802300423383713,12.003411293029785
3530,0.1281500868499279,0.007919684750959277,0.02072075381875038,12.002319693565369
3531,0.1276951227337122,0.007482345623429865,0.020639488473534584,12.000638604164124
3532,0.12664369121193886,0.006455727794673294,0.02055850625038147,11.99823784828186
3533,0.1282301601022482,0.008006808813661337,0.020477822050452232,12.00185739994049
3534,0.1272988747805357,0.007106482808012515,0.020397387444972992,11.998842120170593
3535,0.12718512117862701,0.006992831651587039,0.02031722664833069,11.998911738395691
3536,0.12760272808372974,0.007382544397842139,0.020237315446138382,12.001781225204468
3537,0.12708021700382233,0.0068637963267974555,0.02015768364071846,12.001484394073486
3538,0.1281056459993124,0.007886336301453412,0.02007836103439331,12.001852631568909
3539,0.12725587375462055,0.007062755990773439,0.019999584183096886,11.99931275844574
3540,0.12749693915247917,0.007280411722604185,0.01992105133831501,12.001731872558594
3541,0.12763262540102005,0.00742138730129227,0.019842732697725296,12.001281499862671
3542,0.127035578712821,0.006845218944363296,0.019764665514230728,11.999271631240845
3543,0.12787243723869324,0.007663260446861386,0.019686896353960037,12.001230835914612
3544,0.12801998481154442,0.007814715791027993,0.01960938423871994,12.000917673110962
3545,0.12762499321252108,0.007424273411743343,0.019532116129994392,12.000540018081665
3546,0.12760344333946705,0.007401038077659905,0.019455064088106155,12.000785827636719
3547,0.12848756834864616,0.008307094976771623,0.019378257915377617,11.998669266700745
3548,0.12883098423480988,0.008621122397016734,0.019301768392324448,12.001684784889221
3549,0.12832577526569366,0.008118924219161272,0.019225528463721275,12.001459836959839
3550,0.12813499383628368,0.007920195057522506,0.019149523228406906,12.002330780029297
3551,0.1281348653137684,0.007918047776911408,0.019073743373155594,12.002608299255371
3552,0.12875592149794102,0.008571337850298733,0.01899821124970913,11.999460816383362
3553,0.12791213020682335,0.007750224613118917,0.01892298273742199,11.997267723083496
3554,0.12643293291330338,0.006259129848331213,0.01884804107248783,11.99853229522705
3555,0.12713027000427246,0.006929551484063268,0.018773341551423073,12.001298666000366
3556,0.12749572470784187,0.007268842018675059,0.018698880448937416,12.003989577293396
3557,0.12771893292665482,0.0075021389639005065,0.018624650314450264,12.003055214881897
3558,0.12751522846519947,0.007333078305236995,0.018550695851445198,11.999664306640625
3559,0.12790293991565704,0.007706612756010145,0.018477028235793114,12.001155614852905
3560,0.1269219946116209,0.006740855693351477,0.01840359717607498,11.99971079826355
3561,0.1276397155597806,0.007452701043803245,0.01833038404583931,12.000370979309082
3562,0.12864158675074577,0.008439595403615385,0.018257422372698784,12.001941680908203
3563,0.12868309020996094,0.008497452305164188,0.01818474568426609,12.00037932395935
3564,0.1272908914834261,0.007091150037012994,0.01811233162879944,12.001862168312073
3565,0.1280118227005005,0.007838843739591539,0.018040122464299202,11.999258279800415
3566,0.1271966202184558,0.007036730763502419,0.01796816475689411,11.998021125793457
3567,0.12872557528316975,0.008523636090103537,0.017896495759487152,12.00229787826538
3568,0.1273458544164896,0.007144309754949063,0.017825109884142876,12.002329587936401
3569,0.1276051066815853,0.007369359314907342,0.0177539624273777,12.005821108818054
3570,0.1270114630460739,0.0068293994991108775,0.017683016136288643,12.000523567199707
3571,0.12808062322437763,0.007910136017017066,0.017612334340810776,11.999436736106873
3572,0.12822634726762772,0.00806759315310046,0.01754193753004074,11.99833357334137
3573,0.1277922037988901,0.007621383294463158,0.017471792176365852,11.999610543251038
3574,0.1278327163308859,0.007633639732375741,0.01740187034010887,12.002506256103516
3575,0.12753929570317268,0.007367342594079673,0.0173321645706892,11.999863624572754
3576,0.12723702006042004,0.007088515267241746,0.017262715846300125,11.997588157653809
3577,0.12756072264164686,0.007391039631329477,0.017193540930747986,11.999775052070618
3578,0.12774406373500824,0.007538585341535509,0.017124595120549202,12.00342333316803
3579,0.12704275362193584,0.006854891951661557,0.017055876553058624,12.001730680465698
3580,0.12745786271989346,0.007256434531882405,0.016987401992082596,12.00315546989441
3581,0.12688824627548456,0.006715575931593776,0.01691916398704052,12.000348329544067
3582,0.12786024995148182,0.007657082809600979,0.01685119792819023,12.00346577167511
3583,0.12716075778007507,0.006968957255594432,0.016783487051725388,12.002396941184998
3584,0.12700588442385197,0.006848859193269163,0.016715995967388153,11.998986721038818
3585,0.1273797880858183,0.007241063052788377,0.01664872094988823,11.99722409248352
3586,0.12767227180302143,0.00752803438808769,0.016581695526838303,11.99784231185913
3587,0.12793344259262085,0.007774148660246283,0.016514919698238373,11.999414801597595
3588,0.1280034426599741,0.007802871172316372,0.016448387876152992,12.00360882282257
3589,0.12725738622248173,0.0070696366601623595,0.01638207398355007,12.002393245697021
3590,0.12772726453840733,0.0075423166854307055,0.016316017135977745,12.002179265022278
3591,0.12750616110861301,0.007322075485717505,0.01625019498169422,12.002158641815186
3592,0.1281040906906128,0.007933965534903109,0.016184592619538307,12.00082814693451
3593,0.12803298979997635,0.007856563199311495,0.0161192175000906,12.001523852348328
3594,0.12776829302310944,0.00760557985631749,0.016054071485996246,12.00021767616272
3595,0.12726011499762535,0.0071187319699674845,0.015989156439900398,11.998149275779724
3596,0.12670594453811646,0.006562843336723745,0.01592448726296425,11.998386144638062
3597,0.127725375816226,0.0075518753146752715,0.01586005464196205,12.001490354537964
3598,0.12774812802672386,0.007567599473986775,0.01579585298895836,12.002257227897644
3599,0.12751073390245438,0.007333168061450124,0.01573188044130802,12.0020250082016
3600,0.12757090665400028,0.007419596891850233,0.01566813327372074,11.999463081359863
3601,0.1275519710034132,0.007391594670480117,0.01560463197529316,12.000433325767517
3602,0.12747487612068653,0.007311916153412312,0.015541375614702702,12.000754952430725
3603,0.12807929143309593,0.007912542554549873,0.015478330664336681,12.00119686126709
3604,0.1269003190100193,0.006749736494384706,0.015415465459227562,11.999643206596375
3605,0.12804165668785572,0.007875387149397284,0.01535281166434288,12.001274228096008
3606,0.1278100972995162,0.007631544372998178,0.015290405601263046,12.002565145492554
3607,0.1270697545260191,0.0069024733966216445,0.015228241682052612,12.001500368118286
3608,0.12688693031668663,0.006733865302521735,0.015166321769356728,12.00014042854309
3609,0.12694871425628662,0.006817358662374318,0.015104632824659348,11.998031258583069
3610,0.12704716250300407,0.006906186928972602,0.01504315622150898,11.999055027961731
3611,0.1278950572013855,0.007730986981187016,0.014981887303292751,12.00142526626587
3612,0.1279075052589178,0.007735969324130565,0.014920828863978386,12.002233147621155
3613,0.12865816988050938,0.008477498311549425,0.014859992079436779,12.003207206726074
3614,0.12784992717206478,0.0076965022017247975,0.014799362979829311,12.000543236732483
3615,0.1279033813625574,0.007757444342132658,0.014738921076059341,11.999855041503906
3616,0.12818722147494555,0.00803088629618287,0.0146787129342556,12.00095522403717
3617,0.12775685265660286,0.007614950241986662,0.014618740417063236,11.999571442604065
3618,0.1281270869076252,0.007987218501511961,0.014559024013578892,11.999428033828735
3619,0.1276260893791914,0.0074608828872442245,0.014499541372060776,12.002021193504333
3620,0.1278309691697359,0.007670708349905908,0.014440270140767097,12.001586079597473
3621,0.1281825192272663,0.008014569524675608,0.014381302520632744,12.002413749694824
3622,0.12807927280664444,0.007928605889901519,0.01432252861559391,12.000744223594666
3623,0.12757669761776924,0.0074428493971936405,0.014263948425650597,11.999121189117432
3624,0.12830994464457035,0.008160744328051805,0.014205562882125378,12.000714540481567
3625,0.126972203142941,0.006847660202765837,0.014147384092211723,11.99830710887909
3626,0.12765292078256607,0.007506965717766434,0.014089417643845081,12.00050663948059
3627,0.12730107456445694,0.0071371085359714925,0.014031646773219109,12.002365231513977
3628,0.12757662683725357,0.007423020899295807,0.013974079862236977,12.001386642456055
3629,0.12734569236636162,0.007189255265984684,0.013916715048253536,12.001726984977722
3630,0.128620570525527,0.008450171793811023,0.013859571889042854,12.003180384635925
3631,0.12803473696112633,0.007890554436016828,0.013802623376250267,12.00061559677124
3632,0.1278354525566101,0.007704320305492729,0.013745885342359543,11.999367594718933
3633,0.1279786005616188,0.007832572387997061,0.013689344748854637,12.000913977622986
3634,0.1286385916173458,0.008527537225745618,0.013633007183670998,11.997472882270813
3635,0.12802546098828316,0.00790467270417139,0.01357689406722784,11.998502135276794
3636,0.12726418673992157,0.007133471954148263,0.01352097187191248,11.999550938606262
3637,0.127231209538877,0.0070858324761502445,0.013465218245983124,12.001072645187378
3638,0.12639303226023912,0.006253139639738947,0.013409649953246117,12.000579714775085
3639,0.12607413344085217,0.005933777429163456,0.01335430983453989,12.000681519508362
3640,0.12723452784121037,0.007053901674225926,0.013299204409122467,12.004763722419739
3641,0.12773101776838303,0.007580319826956838,0.013244274072349072,12.00182569026947
3642,0.12701570987701416,0.006887808034662157,0.013189530000090599,11.999600887298584
3643,0.12764804437756538,0.007501414860598743,0.013134993612766266,12.001528263092041
3644,0.1279240883886814,0.007783591980114579,0.013080663979053497,12.000969290733337
3645,0.12846775725483894,0.008336464292369783,0.013026542961597443,12.000102996826172
3646,0.12715537659823895,0.007023569603916258,0.01297261193394661,12.000208258628845
3647,0.127360163256526,0.007248649548273534,0.012918837368488312,11.9982328414917
3648,0.12756791897118092,0.007454718463122845,0.012865263968706131,11.998454689979553
3649,0.12807674147188663,0.007941591436974704,0.012811930850148201,12.00070333480835
3650,0.12737363763153553,0.0072441642405465245,0.012758797965943813,12.000188827514648
3651,0.12687073834240437,0.006714832445140928,0.012705840170383453,12.002884984016418
3652,0.12709964253008366,0.0069565410376526415,0.01265303697437048,12.001657128334045
3653,0.12859024852514267,0.008439448720309883,0.012600459158420563,12.002479434013367
3654,0.12710866518318653,0.006980069738347083,0.012548099271953106,12.000311851501465
3655,0.12762033194303513,0.007507553731556982,0.012495907954871655,11.99878191947937
3656,0.12878401763737202,0.00861586193786934,0.012443902902305126,12.004371881484985
3657,0.12756970524787903,0.007446715026162565,0.012392081320285797,11.99990725517273
3658,0.1281473971903324,0.00804823514772579,0.012340451590716839,11.997575998306274
3659,0.12707386445254087,0.006951895542442799,0.01228903979063034,11.999907851219177
3660,0.1277015581727028,0.007576420728582889,0.012237807735800743,12.000276327133179
3661,0.12724607810378075,0.00713006523437798,0.01218676008284092,11.999414563179016
3662,0.12866708636283875,0.008539199247024953,0.01213590707629919,12.000653147697449
3663,0.12701432779431343,0.00688719836762175,0.01208524126559496,12.000628352165222
3664,0.12793229334056377,0.007788021757733077,0.012034769169986248,12.002392649650574
3665,0.12755378894507885,0.007417226501274854,0.011984500102698803,12.001672148704529
3666,0.1267502922564745,0.0066298628225922585,0.011934398673474789,12.00010895729065
3667,0.12787975929677486,0.007770598633214831,0.011884464882314205,11.999031662940979
3668,0.12763104867190123,0.0075133806094527245,0.011834755539894104,11.999932527542114
3669,0.12825372070074081,0.008129330293741077,0.011785218492150307,12.000653862953186
3670,0.1282694237306714,0.00814062508288771,0.011735845357179642,12.001144528388977
3671,0.12742952071130276,0.007311445195227861,0.011686630547046661,12.000121116638184
3672,0.12713124975562096,0.007024070480838418,0.011637581512331963,11.999080777168274
3673,0.12831120751798153,0.008170538174454123,0.011588755995035172,12.00247859954834
3674,0.12697523459792137,0.006855896732304245,0.011540223844349384,12.000393748283386
3675,0.1285280454903841,0.008382223721127957,0.011491871438920498,12.003090620040894
3676,0.12821729481220245,0.008091868890915066,0.011443664319813251,12.001099228858948
3677,0.1281251236796379,0.0079939499264583,0.01139561552554369,12.00172209739685
3678,0.12704357132315636,0.006923762906808406,0.011347763240337372,12.000633478164673
3679,0.12714344169944525,0.007021644909400493,0.011300105601549149,12.000879526138306
3680,0.12759987823665142,0.00749085599090904,0.01125261839479208,11.999650001525879
3681,0.12739728204905987,0.007288394554052502,0.011205270886421204,11.999683737754822
3682,0.12723737303167582,0.007134296931326389,0.011158078908920288,11.999149680137634
3683,0.12766199931502342,0.007552939234301448,0.011111084371805191,11.999795198440552
3684,0.12625835556536913,0.006125425512436777,0.011064283549785614,12.00222909450531
3685,0.12814662791788578,0.008002987073268741,0.01101762242615223,12.003346562385559
3686,0.12871597707271576,0.00858692399924621,0.01097115408629179,12.001934170722961
3687,0.12791012972593307,0.007798404898494482,0.010924856178462505,12.000247836112976
3688,0.12764328718185425,0.007547126908320934,0.010878711938858032,11.998737692832947
3689,0.12766574881970882,0.007574356161057949,0.010832751169800758,11.99830687046051
3690,0.1269202046096325,0.006819500005804002,0.010786973871290684,11.99928367137909
3691,0.12804285995662212,0.007929595944005996,0.01074135396629572,12.000585317611694
3692,0.12671440932899714,0.006583286332897842,0.010695901699364185,12.002416729927063
3693,0.12736319657415152,0.007244468841236085,0.010650629177689552,12.001222491264343
3694,0.12774709146469831,0.007633528846781701,0.010605541989207268,12.00075113773346
3695,0.12750234548002481,0.0073885583551600575,0.010560592636466026,12.000818490982056
3696,0.12767563201487064,0.007563238847069442,0.010515790432691574,12.000723838806152
3697,0.12783274613320827,0.007705789117608219,0.010471154004335403,12.002225279808044
3698,0.12776148319244385,0.007655344088561833,0.010426699183881283,12.000187635421753
3699,0.1282181777060032,0.008126869972329587,0.010382428765296936,11.998748898506165
3700,0.1271725296974182,0.007082832977175713,0.01033832784742117,11.998631358146667
3701,0.1263672150671482,0.006259767746087164,0.010294388048350811,12.000450491905212
3702,0.12654996290802956,0.006441321165766567,0.010250596329569817,12.000613808631897
3703,0.12679792754352093,0.006680582242552191,0.010206988081336021,12.001527905464172
3704,0.1278048511594534,0.00767922552768141,0.010163565166294575,12.002399682998657
3705,0.12665178161114454,0.0065378902945667505,0.010120296850800514,12.001268982887268
3706,0.12714603915810585,0.00703519704984501,0.010077145881950855,12.001007676124573
3707,0.12673822417855263,0.006626824615523219,0.010034153237938881,12.001106262207031
3708,0.12762849684804678,0.007532552059274167,0.009991339407861233,11.999603509902954
3709,0.12713551707565784,0.007057578593958169,0.009948714636266232,11.99784517288208
3710,0.1279162671416998,0.007799554616212845,0.009906252846121788,12.001765727996826
3711,0.12802908942103386,0.007908770290669054,0.009863940998911858,12.00216829776764
3712,0.12658920139074326,0.006504134857095778,0.00982179120182991,11.998685240745544
3713,0.12695687636733055,0.0068394477711990476,0.009779809042811394,12.001963257789612
3714,0.12728339061141014,0.007168222567997873,0.00973797682672739,12.001778960227966
3715,0.1272607259452343,0.0071456553414464,0.009696302935481071,12.001811265945435
3716,0.12770958617329597,0.007619207084644586,0.009654785506427288,11.999383330345154
3717,0.12761868350207806,0.007513388933148235,0.009613416157662868,12.000916242599487
3718,0.1274849083274603,0.007364354387391359,0.009572215378284454,12.002483487129211
3719,0.12689918465912342,0.006815191474743187,0.009531175717711449,11.998868584632874
3720,0.12752486392855644,0.007434939325321466,0.00949028693139553,11.999502539634705
3721,0.12728114053606987,0.007195532089099288,0.009449541568756104,11.999111652374268
3722,0.12697199173271656,0.006884298170916736,0.009408957324922085,11.99936068058014
3723,0.12785337027162313,0.0077453613630495965,0.009368566796183586,12.00143277645111
3724,0.12727881781756878,0.0071702279965393245,0.009328342042863369,12.001530885696411
3725,0.12753520160913467,0.007439795706886798,0.009288232773542404,12.000252842903137
3726,0.12733611837029457,0.007216836616862565,0.009248260408639908,12.00268030166626
3727,0.12770530208945274,0.007577357930131257,0.009208451956510544,12.003586173057556
3728,0.12665228359401226,0.006555103114806116,0.009168809279799461,12.00054943561554
3729,0.12636790983378887,0.006297131942119449,0.009129318408668041,11.99794864654541
3730,0.12722095474600792,0.007150442397687584,0.009089961647987366,11.997961521148682
3731,0.12676293682307005,0.0066864604013971984,0.009050752967596054,11.998597145080566
3732,0.1273893304169178,0.007293219154234976,0.009011691436171532,12.00059986114502
3733,0.1276200022548437,0.007508541631978005,0.008972802199423313,12.00217342376709
3734,0.12660014629364014,0.006496326415799558,0.008934075012803078,12.001448035240173
3735,0.12726085633039474,0.007158803520724177,0.008895493112504482,12.001310110092163
3736,0.12758004292845726,0.007488826988264918,0.00885704718530178,12.000265121459961
3737,0.12692581582814455,0.006852446065749973,0.008818739093840122,11.998518466949463
3738,0.12668652832508087,0.0066047433647327125,0.00878057535737753,11.999398112297058
3739,0.12717794068157673,0.007071558618918061,0.008742560632526875,12.001895785331726
3740,0.12736712116748095,0.007252423034515232,0.00870470143854618,12.00276529788971
3741,0.12787759210914373,0.00777829613070935,0.008666971698403358,12.00126302242279
3742,0.12711903639137745,0.00703094300115481,0.008629387244582176,12.0001802444458
3743,0.12809387035667896,0.007992566097527742,0.008591979742050171,12.001538634300232
3744,0.12769888527691364,0.007622447970788926,0.008554715663194656,11.999089241027832
3745,0.12748911045491695,0.007415305241011083,0.00851757638156414,11.998862981796265
3746,0.12751326523721218,0.007439110137056559,0.008480575866997242,11.998935222625732
3747,0.12752475030720234,0.007441004680003971,0.008443724364042282,11.99993121623993
3748,0.12720020301640034,0.007119191985111684,0.008407029323279858,11.999694466590881
3749,0.12738386821001768,0.007283855928108096,0.00837046466767788,12.001630902290344
3750,0.12715760804712772,0.007046058599371463,0.008334033191204071,12.002821326255798
3751,0.127536503598094,0.007446194242220372,0.008297746069729328,12.000733613967896
3752,0.1269138716161251,0.006798981630709022,0.008261592127382755,12.003227949142456
3753,0.12799360416829586,0.007903799996711314,0.008225573226809502,12.000755190849304
3754,0.12759222276508808,0.0075113248894922435,0.008189726620912552,11.999900341033936
3755,0.12729845382273197,0.007240323175210506,0.008154026232659817,11.99765920639038
3756,0.12731448002159595,0.007237458659801632,0.008118459023535252,11.999583840370178
3757,0.1276673525571823,0.007562523824162781,0.008083019405603409,12.002399802207947
3758,0.1276072058826685,0.007534189207945019,0.008047708310186863,11.99925434589386
3759,0.12668992951512337,0.00661263323854655,0.008012534119188786,11.999717116355896
3760,0.12839024886488914,0.008299676002934575,0.007977502420544624,12.00107991695404
3761,0.1274097878485918,0.00731063331477344,0.007942603901028633,12.001973152160645
3762,0.1275359308347106,0.007423652394209057,0.007907824590802193,12.003320336341858
3763,0.12743491493165493,0.007366550387814641,0.007873188704252243,11.998963475227356
3764,0.1293727420270443,0.009285466570872813,0.007838715799152851,12.00088894367218
3765,0.1286854762583971,0.00860582763561979,0.007804377935826778,12.000160932540894
3766,0.12788863480091095,0.007825444918125868,0.007770154625177383,11.998549103736877
3767,0.12783284857869148,0.007745163107756525,0.007736057508736849,12.001032948493958
3768,0.12667726632207632,0.006605986942304298,0.007702103350311518,11.999426126480103
3769,0.12818396463990211,0.008096211880911142,0.007668290287256241,12.001107096672058
3770,0.1280333511531353,0.007912637665867805,0.007634622510522604,12.00443696975708
3771,0.12769728899002075,0.007616135291755199,0.007601087912917137,12.00051474571228
3772,0.12801465578377247,0.007944714394398034,0.0075676655396819115,11.99942684173584
3773,0.12727903202176094,0.007227060967124999,0.007534371688961983,11.997663259506226
3774,0.1276523470878601,0.00757789466297254,0.007501202169805765,11.99994421005249
3775,0.1270618811249733,0.006986160471569747,0.007468163035809994,12.000104069709778
3776,0.12811565399169922,0.008023993112146854,0.007435254752635956,12.001731514930725
3777,0.12777058221399784,0.007673456100746989,0.007402482908219099,12.002310395240784
3778,0.12818246521055698,0.00809414079412818,0.007369846571236849,12.001462936401367
3779,0.12832174077630043,0.00822945445543155,0.007337335031479597,12.001891493797302
3780,0.1287230458110571,0.00863488856703043,0.007304941304028034,12.001511335372925
3781,0.1285628229379654,0.008490200969390571,0.007272673305124044,11.999989748001099
3782,0.12784485518932343,0.007798238075338304,0.007240550126880407,11.997421503067017
3783,0.12759872898459435,0.007536036602687091,0.007208576891571283,11.999060988426208
3784,0.12707673572003841,0.006975910742767155,0.00717671075835824,12.002906084060669
3785,0.12777823582291603,0.00766502768965438,0.007144934963434935,12.004176020622253
3786,0.127461900934577,0.007375736604444683,0.007113280240446329,12.001503467559814
3787,0.12585734389722347,0.005801201914437115,0.007081770338118076,11.99853265285492
3788,0.12759707309305668,0.007486192509531975,0.007050419691950083,12.004038214683533
3789,0.12812904454767704,0.008042227826081216,0.007019186392426491,12.001662611961365
3790,0.1277385363355279,0.007678011723328382,0.006988056004047394,11.999064445495605
3791,0.12807402946054935,0.007998624874744564,0.006957028526812792,12.00058364868164
3792,0.12784387357532978,0.0077700408874079585,0.006926141679286957,12.000457644462585
3793,0.1274826992303133,0.0074135311297141016,0.006895397324115038,12.000021576881409
3794,0.12740512378513813,0.007335600384976715,0.006864766590297222,12.000087976455688
3795,0.12726116180419922,0.007195375976152718,0.006834250409156084,11.999744653701782
3796,0.12685130443423986,0.006776729307603091,0.006803857162594795,12.000653862953186
3797,0.12699104566127062,0.0069249775260686874,0.006773585453629494,11.999833464622498
3798,0.12728076986968517,0.007192023273091763,0.006743439007550478,12.002131462097168
3799,0.12682814616709948,0.006717463955283165,0.00671341409906745,12.004355192184448
3800,0.1276005357503891,0.007503263710532337,0.0066835032775998116,12.00304365158081
3801,0.1272230502218008,0.007152206671889871,0.006653714459389448,12.000430703163147
3802,0.12820207700133324,0.008132386545185,0.00662404065951705,12.000345587730408
3803,0.12790204770863056,0.007849006971810013,0.006594488397240639,11.998709917068481
3804,0.12654122710227966,0.00648251106031239,0.006565040443092585,11.999307036399841
3805,0.12703257612884045,0.006962007202673703,0.006535698659718037,12.000521421432495
3806,0.12886788323521614,0.008776143891736865,0.0065064942464232445,12.002667903900146
3807,0.12691735848784447,0.006843095237854868,0.006477434653788805,12.000949144363403
3808,0.1277356781065464,0.007652570609934628,0.006448481231927872,12.001862287521362
3809,0.12814180739223957,0.008055450569372624,0.0064196172170341015,12.002216458320618
3810,0.12661078572273254,0.006573020829819143,0.006390859372913837,11.99738597869873
3811,0.12780294381082058,0.00776392559055239,0.006362223066389561,11.997539758682251
3812,0.12726377695798874,0.007190766278654337,0.006333716679364443,12.000967741012573
3813,0.12747790291905403,0.007381650037132204,0.006305326241999865,12.003320097923279
3814,0.1273119356483221,0.007205264351796359,0.006277048960328102,12.004390478134155
3815,0.12726266123354435,0.007175288279540837,0.006248875055462122,12.00248897075653
3816,0.12703743297606707,0.0069609880447387695,0.0062208157032728195,12.001423835754395
3817,0.12729529663920403,0.0072209767531603575,0.006192884873598814,12.00123941898346
3818,0.12741495668888092,0.007338225957937539,0.006165079306811094,12.001508235931396
3819,0.12718262523412704,0.007139126013498753,0.0061373645439744,11.998212695121765
3820,0.12650430668145418,0.006461543147452176,0.006109739188104868,11.998166799545288
3821,0.12755068950355053,0.007468706404324621,0.006082221865653992,12.002116322517395
3822,0.12780478410422802,0.007727334799710661,0.006054821889847517,12.00169026851654
3823,0.12725602462887764,0.007185343652963638,0.006027549505233765,12.001040816307068
3824,0.12845778465270996,0.00838040397502482,0.006000375375151634,12.00173830986023
3825,0.12728477269411087,0.007209418748971075,0.005973308812826872,12.001562476158142
3826,0.12651273421943188,0.0064512682147324085,0.005946378223598003,12.000200629234314
3827,0.12609447352588177,0.0060508955211844295,0.005919551942497492,11.998438596725464
3828,0.12661639880388975,0.006555719650350511,0.005892845802009106,12.00017535686493
3829,0.1276123709976673,0.007526400149799883,0.005866243038326502,12.002731084823608
3830,0.12720531597733498,0.007126698619686067,0.00583971431478858,12.002022385597229
3831,0.12703131884336472,0.0069591859937645495,0.005813286639750004,12.001400351524353
3832,0.12713896296918392,0.007078929804265499,0.005786988418549299,12.000216603279114
3833,0.12722497433423996,0.007161081593949348,0.005760818254202604,12.000628352165222
3834,0.12708443775773048,0.007043252058792859,0.005734747275710106,11.998384237289429
3835,0.12798622995615005,0.007911508379038423,0.0057087610475718975,12.001763701438904
3836,0.1271466612815857,0.007075903413351625,0.005682892631739378,12.00139319896698
3837,0.12813460640609264,0.008063578512519598,0.0056571392342448235,12.001446008682251
3838,0.12848826684057713,0.008418877492658794,0.005631470121443272,12.001307606697083
3839,0.12873605266213417,0.00865608308231458,0.005605894140899181,12.002391576766968
3840,0.12789524532854557,0.007830648333765566,0.005580435506999493,12.000879287719727
3841,0.12699391320347786,0.006951686344109476,0.005555102601647377,11.99866783618927
3842,0.12581000663340092,0.0057841354864649475,0.005529874004423618,11.997057557106018
3843,0.12815704755485058,0.008093698765151203,0.005504738073796034,12.0008305311203
3844,0.1283551100641489,0.008269597543403506,0.005479692481458187,12.003072023391724
3845,0.12705604545772076,0.006969648064114153,0.005454736761748791,12.003185391426086
3846,0.12688266765326262,0.0068249366886448115,0.005429892800748348,12.000343680381775
3847,0.12746894918382168,0.007394197571557015,0.005405156873166561,12.002070188522339
3848,0.1285498607903719,0.00846125918906182,0.005380511283874512,12.003480076789856
3849,0.1275809435173869,0.0075173264485783875,0.005355959292501211,12.001006007194519
3850,0.12766118347644806,0.007614317815750837,0.0053315251134335995,11.99935519695282
3851,0.12679274007678032,0.006773824919946492,0.005307213868945837,11.996584415435791
3852,0.12723379489034414,0.007201538188382983,0.005283008329570293,11.99794316291809
3853,0.12771291472017765,0.007648547529242933,0.005258874036371708,12.00117826461792
3854,0.12765631824731827,0.007572628615889698,0.005234810523688793,12.00313425064087
3855,0.12750796228647232,0.0074126446270383894,0.0052108559757471085,12.004320740699768
3856,0.12777736224234104,0.00768674531718716,0.005187015514820814,12.003874897956848
3857,0.126796318218112,0.00675159360980615,0.005163266789168119,11.999309301376343
3858,0.12800785526633263,0.007956476300023496,0.005139615386724472,11.999998450279236
3859,0.12857122160494328,0.008519204915501177,0.005116083659231663,12.000086069107056
3860,0.12695758137851954,0.0069251544191502035,0.005092653911560774,11.99815058708191
3861,0.1271897740662098,0.007144738221541047,0.005069313105195761,11.999434113502502
3862,0.1278842482715845,0.007833885261788964,0.005046053323894739,11.999990582466125
3863,0.12674765102565289,0.006695713324006647,0.005022879224270582,12.000171184539795
3864,0.12748380284756422,0.0074148132698610425,0.004999794065952301,12.001899480819702
3865,0.1279082652181387,0.007839138677809387,0.004976809956133366,12.001935839653015
3866,0.12747091241180897,0.007407015247736126,0.004953936208039522,12.001436114311218
3867,0.1279241219162941,0.007876422139815986,0.004931160248816013,11.999839067459106
3868,0.12765928357839584,0.007625180296599865,0.004908493719995022,11.998502016067505
3869,0.12729589454829693,0.007239474158268422,0.00488591892644763,12.00075626373291
3870,0.12674658000469208,0.0066919788951054215,0.004863427951931953,12.00059688091278
3871,0.12758269719779491,0.007522731844801456,0.0048410105518996716,12.001155853271484
3872,0.12792839482426643,0.007856541487853974,0.0048186988569796085,12.002366781234741
3873,0.12728435173630714,0.007232945703435689,0.004796464927494526,12.000344276428223
3874,0.12798401154577732,0.007928934879601002,0.004774309694766998,12.000733613967896
3875,0.12673131562769413,0.006674398900941014,0.004752245265990496,12.000939846038818
3876,0.12710060738027096,0.007064518460538238,0.004730288404971361,11.998878955841064
3877,0.12706781178712845,0.00703885278198868,0.00470844516530633,11.998187899589539
3878,0.12639575451612473,0.006339554907754064,0.004686691332608461,12.000933527946472
3879,0.12818846479058266,0.008122060680761933,0.004665012937039137,12.001975774765015
3880,0.12700476311147213,0.006953176052775234,0.004643415566533804,12.000515580177307
3881,0.12756308168172836,0.00750343594700098,0.004621921107172966,12.001343131065369
3882,0.12720049358904362,0.0071322646690532565,0.004600529558956623,12.002222537994385
3883,0.12846259586513042,0.008400807913858443,0.00457920553162694,12.001599788665771
3884,0.12718586158007383,0.00716369180008769,0.004557949490845203,11.997659087181091
3885,0.12678069435060024,0.006743478123098612,0.004536792170256376,11.99918508529663
3886,0.12789194285869598,0.007853931456338614,0.004515753127634525,11.999285340309143
3887,0.1266628010198474,0.0066019443911500275,0.004494809079915285,12.001591205596924
3888,0.12745567318052053,0.007397279259748757,0.004473933484405279,12.001365900039673
3889,0.12707153894007206,0.007009935914538801,0.004453137516975403,12.001707434654236
3890,0.1270283842459321,0.006973643554374576,0.004432431422173977,12.001041889190674
3891,0.1267493050545454,0.00670271652052179,0.004411814268678427,12.000247120857239
3892,0.12619340792298317,0.006145942024886608,0.0043912916444242,12.000355243682861
3893,0.1270125675946474,0.006983383267652243,0.004370842128992081,11.998548030853271
3894,0.12880916334688663,0.00875003804685548,0.004350477363914251,12.001562356948853
3895,0.12734763883054256,0.007283552782610059,0.004330209456384182,12.002078890800476
3896,0.12764739990234375,0.007581435609608889,0.004310024436563253,12.002286672592163
3897,0.12751864548772573,0.0074884003843180835,0.004289916716516018,11.998734831809998
3898,0.1274651736021042,0.007429835328366607,0.004269891884177923,11.999264359474182
3899,0.12772928550839424,0.007697260414715856,0.004249949939548969,11.998952746391296
3900,0.12773588299751282,0.007668077480047941,0.004230109509080648,12.002550482749939
3901,0.1270161271095276,0.006979324156418443,0.004210349638015032,11.999469995498657
3902,0.12740465812385082,0.007369540981017053,0.004190653096884489,11.999321222305298
3903,0.1269793827086687,0.006930953066330403,0.004171039909124374,12.000672101974487
3904,0.127190375700593,0.00712933304021135,0.004151515197008848,12.001953125
3905,0.1272021997720003,0.00714167591650039,0.004132092464715242,12.001920461654663
3906,0.12690965179353952,0.006863841088488698,0.004112744238227606,12.000468492507935
3907,0.12733892910182476,0.007305256382096559,0.0040934523567557335,11.999274253845215
3908,0.1279416475445032,0.007901414181105793,0.004074241500347853,11.99994945526123
3909,0.1277271844446659,0.007680269656702876,0.004055122844874859,12.00063681602478
3910,0.12703225016593933,0.007000615063589066,0.0040360926650464535,11.999127507209778
3911,0.12709458731114864,0.007044373895041645,0.004017143044620752,12.001004457473755
3912,0.12720936723053455,0.007150250661652535,0.0039982576854527,12.001913666725159
3913,0.12729425355792046,0.007229654234834015,0.003979458007961512,12.002480626106262
3914,0.12748753279447556,0.007434548751916736,0.003960741683840752,12.001338005065918
3915,0.1275618076324463,0.007518959289882332,0.003942119888961315,12.000343084335327
3916,0.12726067937910557,0.007230478106066585,0.00392357911914587,11.999096751213074
3917,0.12683722376823425,0.006817467394284904,0.0039050958584994078,11.9980708360672
3918,0.1283493246883154,0.00829274661373347,0.003886688267812133,12.001771211624146
3919,0.1269205342978239,0.0068944928352721035,0.003868360770866275,11.998736143112183
3920,0.128362650051713,0.008310033706948161,0.0038501168601214886,12.00141167640686
3921,0.12762146443128586,0.007559895748272538,0.0038319453597068787,12.002325296401978
3922,0.12696364428848028,0.006923330656718463,0.003813853021711111,12.00021767616272
3923,0.12744654342532158,0.007399184571113437,0.003795844502747059,12.000940203666687
3924,0.12671266868710518,0.006675159966107458,0.0037779067642986774,11.99997353553772
3925,0.1280568540096283,0.008004810253623873,0.0037600272335112095,12.001444458961487
3926,0.12795578315854073,0.007900392112787813,0.0037422345485538244,12.001797318458557
3927,0.1278249230235815,0.007813132950104773,0.003724531503394246,11.99745488166809
3928,0.12782986275851727,0.007792030228301883,0.003706917865201831,12.000076651573181
3929,0.12719945423305035,0.00714953598799184,0.0036893761716783047,12.00130295753479
3930,0.1273400578647852,0.007307193533051759,0.003671883838251233,11.999614953994751
3931,0.12694909237325191,0.006914149329531938,0.0036544634494930506,11.999840021133423
3932,0.1276138685643673,0.007558250392321497,0.003637128509581089,12.001924872398376
3933,0.127212543040514,0.007168765354435891,0.003619876690208912,12.000758171081543
3934,0.12925582751631737,0.009184081805869937,0.0036026998423039913,12.00357210636139
3935,0.12662523239850998,0.006601202941965312,0.0035855858586728573,11.998817801475525
3936,0.1273079477250576,0.007304606318939477,0.0035685452166944742,11.996765971183777
3937,0.1271405117586255,0.0070835292572155595,0.003551583969965577,12.00214695930481
3938,0.12747405469417572,0.007417106709908694,0.0035346962977200747,12.00216031074524
3939,0.1264852825552225,0.006438820477342233,0.0035178782418370247,12.001128435134888
3940,0.1271570846438408,0.0071026625810191035,0.0035011221189051867,12.001941561698914
3941,0.12828822433948517,0.008249174861703068,0.003484435612335801,12.000420808792114
3942,0.1292211152613163,0.009181497269310057,0.0034678189549595118,12.000494360923767
3943,0.1275201477110386,0.007511718547903001,0.003451266326010227,11.997391819953918
3944,0.12700319569557905,0.006973173847654834,0.0034347865730524063,11.99956738948822
3945,0.12795057147741318,0.007891924120485783,0.0034183976240456104,12.00244677066803
3946,0.1273075845092535,0.007256374694406986,0.0034020834136754274,12.001718997955322
3947,0.1267432328313589,0.006707745691528544,0.0033858369570225477,12.000163078308105
3948,0.12600183580070734,0.005970742786303163,0.0033696626778692007,11.99973976612091
3949,0.12815532460808754,0.008115389209706336,0.003353563603013754,12.000640034675598
3950,0.12768376898020506,0.007643069722689688,0.0033375383354723454,12.000732421875
3951,0.12720129266381264,0.007173948863055557,0.003321567550301552,11.999412775039673
3952,0.12740266043692827,0.007372026331722736,0.0033056584652513266,11.999757885932922
3953,0.1277638841420412,0.00772386253811419,0.0032898152712732553,12.000712752342224
3954,0.1277358429506421,0.007682763098273426,0.003274042159318924,12.002034068107605
3955,0.12640774995088577,0.006367320194840431,0.0032583430875092745,12.000785112380981
3956,0.12646402791142464,0.006424118881113827,0.0032427033875137568,12.00074851512909
3957,0.12636112421751022,0.0063349640113301575,0.0032271307427436113,11.999389171600342
3958,0.1270123114809394,0.006966761662624776,0.0032116230577230453,12.001343727111816
3959,0.12793599627912045,0.007891617948189378,0.003196196397766471,12.00124180316925
3960,0.12839793786406517,0.00835016486234963,0.0031808451749384403,12.001596689224243
3961,0.12674677651375532,0.006738620460964739,0.003165548900142312,11.997650384902954
3962,0.12729304935783148,0.00725698412861675,0.003150324570015073,12.00045657157898
3963,0.12705891393125057,0.007015715236775577,0.0031351628713309765,12.001185059547424
3964,0.12791375257074833,0.007875121664255857,0.0031200572848320007,12.000743627548218
3965,0.12824862636625767,0.008203646109905094,0.003105014329776168,12.001393437385559
3966,0.1264106146991253,0.006400592974387109,0.003090047976002097,11.997912526130676
3967,0.1276524644345045,0.007632265507709235,0.0030751570593565702,11.998945236206055
3968,0.12676041014492512,0.006705432839225978,0.003060330171138048,12.002437472343445
3969,0.12654227018356323,0.006502542353700846,0.003045541699975729,12.000927448272705
3970,0.12762301787734032,0.00757652911124751,0.0030308165587484837,12.001618266105652
3971,0.12809638679027557,0.008052541466895491,0.0030161645263433456,12.001368641853333
3972,0.12668016273528337,0.006652225798461586,0.0030015853699296713,11.999792456626892
3973,0.12714611552655697,0.007116768916603178,0.0029870772268623114,11.999947905540466
3974,0.12697712145745754,0.006930295145139098,0.0029726363718509674,12.001710057258606
3975,0.12742252461612225,0.007383349526207894,0.0029582411516457796,12.000959277153015
3976,0.12728647328913212,0.007258066209033132,0.002943897619843483,11.999897241592407
3977,0.12767288461327553,0.007649601262528449,0.0029296257998794317,11.999399185180664
3978,0.12821605056524277,0.008179776603356004,0.002915431745350361,12.000712275505066
3979,0.12793790362775326,0.007878220174461603,0.002901294734328985,12.003067135810852
3980,0.1272676158696413,0.007246659253723919,0.0028872068505734205,11.999208688735962
3981,0.12726446613669395,0.007236463483422995,0.0028731729835271835,11.999927520751953
3982,0.1275571333244443,0.007524901535362005,0.0028592166490852833,12.000364184379578
3983,0.12762022949755192,0.007584411941934377,0.0028453320264816284,12.000736474990845
3984,0.12841977179050446,0.008374800905585289,0.0028315200470387936,12.001666188240051
3985,0.12806310132145882,0.00803298456594348,0.0028177478816360235,12.000194191932678
3986,0.12901119515299797,0.008953651646152139,0.002804023213684559,12.002950549125671
3987,0.12803185731172562,0.007993585604708642,0.002790347672998905,12.001036763191223
3988,0.1282412577420473,0.00822644669096917,0.0027767482679337263,11.998704552650452
3989,0.12695156130939722,0.0069509444874711335,0.0027632275596261024,11.9972984790802
3990,0.12650233879685402,0.006484286161139607,0.0027497713454067707,11.999055743217468
3991,0.12808716669678688,0.008024071343243122,0.0027363693807274103,12.003573060035706
3992,0.12847466580569744,0.008398995734751225,0.0027230186387896538,12.004844307899475
3993,0.12696769833564758,0.006932058720849454,0.002709712367504835,12.000854253768921
3994,0.12731171026825905,0.007293175382073969,0.0026964726857841015,11.999157428741455
3995,0.12842842191457748,0.00838605803437531,0.0026833047159016132,12.001553416252136
3996,0.12697006575763226,0.006945076573174447,0.0026701868046075106,11.999828934669495
3997,0.1268012337386608,0.0067789191380143166,0.0026571203488856554,11.999574542045593
3998,0.12793156132102013,0.007904419908300042,0.0026441060472279787,12.000070333480835
3999,0.12719490565359592,0.007194665493443608,0.0026311581023037434,11.997392773628235
