step,loss_total,simple,proto,aux
0,1.4445841610431671,1.000999204814434,23.130626678466797,21.22787094116211
1,1.4348494112491608,0.998383142054081,23.115764617919922,20.530861616134644
2,1.4239425510168076,0.9944556429982185,23.100730895996094,19.847960710525513
3,1.4105998128652573,0.9881310313940048,23.085521697998047,19.16135549545288
4,1.3979129195213318,0.982314944267273,23.070127487182617,18.489673376083374
5,1.3859910368919373,0.9770521149039268,23.05453109741211,17.839360237121582
6,1.3730950057506561,0.9707489386200905,23.03870964050293,17.195897817611694
7,1.362486943602562,0.9666376858949661,23.022682189941406,16.562238931655884
8,1.3468195796012878,0.9571099877357483,23.006433486938477,15.964524269104004
9,1.3366519957780838,0.9528229460120201,22.989978790283203,15.392924547195435
10,1.3281501680612564,0.9497194960713387,22.973308563232422,14.869760155677795
11,1.3140607476234436,0.9402290657162666,22.956445693969727,14.426722884178162
12,1.3062734007835388,0.9361697360873222,22.939401626586914,14.07096779346466
13,1.3000329434871674,0.9330036789178848,22.92220687866211,13.78072214126587
14,1.2913677841424942,0.9269333705306053,22.904884338378906,13.538556218147278
15,1.274094119668007,0.9117947220802307,22.88747215270996,13.342469453811646
16,1.2679211646318436,0.9073377847671509,22.869997024536133,13.18834376335144
17,1.2631999403238297,0.9041037335991859,22.852500915527344,13.057119369506836
18,1.249704822897911,0.8919344767928123,22.834999084472656,12.942035794258118
19,1.2326280921697617,0.8759578093886375,22.81755256652832,12.849478602409363
20,1.2204160243272781,0.8641453087329865,22.8001766204834,12.826900243759155
21,1.2069132775068283,0.8507543578743935,22.782936096191406,12.832955002784729
22,1.1863091886043549,0.8298043087124825,22.765884399414062,12.884601712226868
23,1.1640511006116867,0.807016134262085,22.749067306518555,12.954431056976318
24,1.1454075872898102,0.7878706008195877,22.732528686523438,13.021170854568481
25,1.10922871530056,0.7511650621891022,22.716310501098633,13.09005618095398
26,1.0770416408777237,0.7187229990959167,22.70047950744629,13.131385087966919
27,1.039876013994217,0.681334987282753,22.685054779052734,13.16904878616333
28,0.9900434985756874,0.6312190666794777,22.670068740844727,13.212377548217773
29,0.9398259297013283,0.5807042494416237,22.655559539794922,13.25661051273346
30,0.8884760588407516,0.5290337353944778,22.641508102416992,13.302722096443176
31,0.8357250019907951,0.4759623743593693,22.627901077270508,13.348361253738403
32,0.7930777668952942,0.433181494474411,22.61467742919922,13.37494969367981
33,0.7642253935337067,0.40453118085861206,22.60174560546875,13.367674827575684
34,0.7339304313063622,0.37497929856181145,22.588970184326172,13.306144833564758
35,0.7005014270544052,0.3426951877772808,22.576173782348633,13.204452276229858
36,0.6774748861789703,0.320615217089653,22.563188552856445,13.122777700424194
37,0.6465129256248474,0.2901450991630554,22.54991912841797,13.086865544319153
38,0.6240270882844925,0.2679554112255573,22.536388397216797,13.070779800415039
39,0.5979969874024391,0.24337652511894703,22.522653579711914,12.939393520355225
40,0.5761727690696716,0.22375120595097542,22.508607864379883,12.733548760414124
41,0.560180053114891,0.20956256799399853,22.49396324157715,12.567785501480103
42,0.5405701622366905,0.1907750889658928,22.478435516357422,12.501073479652405
43,0.5260807499289513,0.17639347538352013,22.462186813354492,12.506541848182678
44,0.5091611295938492,0.1595483496785164,22.445499420166016,12.515780568122864
45,0.4928164407610893,0.14397131279110909,22.42828369140625,12.456229567527771
46,0.48660555109381676,0.13852725364267826,22.410396575927734,12.397434830665588
47,0.47190943360328674,0.12447099573910236,22.391511917114258,12.35233211517334
48,0.46715908125042915,0.1206018403172493,22.371572494506836,12.284151434898376
49,0.4459432326257229,0.10053134430199862,22.350969314575195,12.190221190452576
50,0.434811495244503,0.09037194587290287,22.32915687561035,12.114799857139587
51,0.42889443784952164,0.08458568155765533,22.306842803955078,12.12403404712677
52,0.42245252430438995,0.07874345872551203,22.284406661987305,12.086500883102417
53,0.4313453994691372,0.08820623997598886,22.260547637939453,12.053370356559753
54,0.4086203798651695,0.06557331094518304,22.23727035522461,12.067437171936035
55,0.4123537465929985,0.06944023165851831,22.213035583496094,12.078315734863281
56,0.4005100689828396,0.05797573132440448,22.189149856567383,12.064285039901733
57,0.39781995117664337,0.05550898751243949,22.163990020751953,12.06710684299469
58,0.390577957034111,0.0486235530115664,22.138465881347656,12.056974530220032
59,0.39129412174224854,0.04965693224221468,22.11135482788086,12.052364826202393
60,0.3875642232596874,0.0463585932739079,22.084749221801758,12.0358145236969
61,0.3826949670910835,0.041844960767775774,22.056800842285156,12.028199911117554
62,0.3848516158759594,0.04433835344389081,22.027782440185547,12.023544907569885
63,0.3738001361489296,0.03346126899123192,21.999866485595703,12.034020781517029
64,0.38966673612594604,0.04943058453500271,21.97100257873535,12.052613377571106
65,0.38973836228251457,0.04963599191978574,21.943832397460938,12.066405892372131
66,0.3801701217889786,0.040426733903586864,21.91806983947754,12.056269645690918
67,0.38018662109971046,0.04056475032120943,21.8927001953125,12.069487810134888
68,0.37455110624432564,0.03520654374733567,21.8678035736084,12.06665313243866
69,0.372116144746542,0.03319602366536856,21.84292221069336,12.049090027809143
70,0.3691767044365406,0.030764079419896007,21.81818389892578,12.023079633712769
71,0.37053536996245384,0.03227557591162622,21.793312072753906,12.032667875289917
72,0.36993737146258354,0.032008558278903365,21.768909454345703,12.02397096157074
73,0.37112273648381233,0.03337170067243278,21.7442626953125,12.030841946601868
74,0.37372324988245964,0.036126960068941116,21.720539093017578,12.039090394973755
75,0.36366213113069534,0.026302126003429294,21.69768524169922,12.038315057754517
76,0.3706141375005245,0.03350895666517317,21.673776626586914,12.036742925643921
77,0.36383432522416115,0.027082922868430614,21.65010643005371,12.02503526210785
78,0.36343109607696533,0.026956999208778143,21.626272201538086,12.021138429641724
79,0.36156024038791656,0.025346551556140184,21.60188102722168,12.019489288330078
80,0.3630029000341892,0.02709116810001433,21.57661247253418,12.014561772346497
81,0.35708342120051384,0.021446692990139127,21.550914764404297,12.012758612632751
82,0.36086655780673027,0.025483256904408336,21.52403450012207,12.01429545879364
83,0.36128809303045273,0.026211438002064824,21.49753189086914,12.010134935379028
84,0.3619004860520363,0.027127713430672884,21.471010208129883,12.006266713142395
85,0.3616610951721668,0.02715028030797839,21.444355010986328,12.006726264953613
86,0.3559347949922085,0.021738279261626303,21.41786766052246,12.001785039901733
87,0.3556061275303364,0.021687333937734365,21.39040756225586,12.00147259235382
88,0.3554777465760708,0.021780958864837885,21.36353874206543,12.00614047050476
89,0.35910360887646675,0.02554684691131115,21.336063385009766,12.019614100456238
90,0.36397501081228256,0.030650206841528416,21.30948829650879,12.022993445396423
91,0.35430147871375084,0.021400282625108957,21.28388214111328,12.006238341331482
92,0.3540300615131855,0.02144638984464109,21.25815200805664,12.000215888023376
93,0.36141425743699074,0.028771116165444255,21.233051300048828,12.03126323223114
94,0.3529074862599373,0.02058752451557666,21.208637237548828,12.023360013961792
95,0.3532215543091297,0.021305197151377797,21.184593200683594,12.007042288780212
96,0.35446811094880104,0.022940953262150288,21.15986442565918,11.992852687835693
97,0.3502107821404934,0.018929581390693784,21.13554573059082,11.992575287818909
98,0.35335956886410713,0.022117056418210268,21.110580444335938,12.013672471046448
99,0.35465993359684944,0.023543844232335687,21.086074829101562,12.025534510612488
100,0.35038015618920326,0.019727386999875307,21.061767578125,12.003509521484375
101,0.3506001755595207,0.02023593580815941,21.036405563354492,12.000019431114197
102,0.34799329936504364,0.0178750999039039,21.010149002075195,12.001671195030212
103,0.3472275398671627,0.01730623794719577,20.983135223388672,12.008996486663818
104,0.3450780063867569,0.015377386938780546,20.955486297607422,12.014577150344849
105,0.34564395248889923,0.016302945208735764,20.92731285095215,12.006787657737732
106,0.3469402641057968,0.018028377322480083,20.898757934570312,11.992430448532104
107,0.34526559710502625,0.016602260409854352,20.869836807250977,11.99649727344513
108,0.3437162898480892,0.01527315063867718,20.840625762939453,12.00368845462799
109,0.3464246205985546,0.01829326816368848,20.81118392944336,12.001952052116394
110,0.34294211119413376,0.015091147972270846,20.78156852722168,12.003528594970703
111,0.34247342497110367,0.014919397421181202,20.751819610595703,12.003583669662476
112,0.3423081897199154,0.015101891593076289,20.721981048583984,11.998648762702942
113,0.3425682298839092,0.015574547462165356,20.692155838012695,12.007213592529297
114,0.34381358325481415,0.017103130696341395,20.66229820251465,12.008747696876526
115,0.33933747187256813,0.013028261484578252,20.63243293762207,11.998489260673523
116,0.3438437804579735,0.017782918526791036,20.602581024169922,12.003505229949951
117,0.3396177105605602,0.013891989132389426,20.572765350341797,11.999807000160217
118,0.34015630185604095,0.014732372714206576,20.543006896972656,11.99938690662384
119,0.33870191127061844,0.013540070154704154,20.513309478759766,12.002875089645386
120,0.33870384842157364,0.013922042795456946,20.483821868896484,11.994359612464905
121,0.3377811200916767,0.01322240475565195,20.454408645629883,12.001463532447815
122,0.33890559151768684,0.014568758313544095,20.425079345703125,12.008604884147644
123,0.3396950289607048,0.01574519695714116,20.395843505859375,11.999139904975891
124,0.33650844916701317,0.012862859177403152,20.366710662841797,11.997848749160767
125,0.33787259086966515,0.014507104875519872,20.337684631347656,11.998863816261292
126,0.33820705115795135,0.015160216251388192,20.308773040771484,11.995910048484802
127,0.33465302363038063,0.011772653611842543,20.280637741088867,12.007400155067444
128,0.3374980501830578,0.014884765958413482,20.25253677368164,12.008792400360107
129,0.3335356265306473,0.011321050464175642,20.224491119384766,11.996967077255249
130,0.3341108337044716,0.01209076528903097,20.19694709777832,12.005061626434326
131,0.33383216336369514,0.012123306980356574,20.169418334960938,12.001469016075134
132,0.3334675692021847,0.01200479082763195,20.14192008972168,12.004359245300293
133,0.33473316952586174,0.013473996776156127,20.11446189880371,12.01145613193512
134,0.3337317518889904,0.012897736043669283,20.087055206298828,11.996347308158875
135,0.33328335359692574,0.012668927549384534,20.05978012084961,12.001663565635681
136,0.3339407816529274,0.013612134265713394,20.032569885253906,12.000295877456665
137,0.3322107680141926,0.012104026973247528,20.005416870117188,12.005257844924927
138,0.33236439153552055,0.012526977923698723,19.97833824157715,12.0054030418396
139,0.3312605023384094,0.011749615776352584,19.95132827758789,11.999761462211609
140,0.331622701138258,0.012376194237731397,19.92440414428711,12.000247597694397
141,0.32960935309529305,0.010657665319740772,19.89756202697754,11.9976065158844
142,0.3309418000280857,0.012187408632598817,19.870807647705078,12.004632115364075
143,0.3310105688869953,0.012545311357825994,19.844139099121094,12.002387762069702
144,0.3298978619277477,0.011701186187565327,19.817562103271484,12.002104878425598
145,0.32972995564341545,0.011831453535705805,19.791078567504883,11.998771905899048
146,0.3301682323217392,0.012491747620515525,19.764686584472656,12.002962708473206
147,0.3283231668174267,0.010917314561083913,19.738391876220703,12.002194166183472
148,0.32889846712350845,0.011748385266400874,19.712194442749023,12.00281536579132
149,0.3289431296288967,0.01210801163688302,19.68608856201172,11.997424364089966
150,0.3294052518904209,0.012756498530507088,19.660079956054688,12.004796147346497
151,0.32825208082795143,0.011945995036512613,19.634315490722656,11.99629294872284
152,0.3274099752306938,0.01125382725149393,19.60915756225586,12.006456971168518
153,0.32547299191355705,0.00961168808862567,19.584022521972656,12.002107739448547
154,0.3268844783306122,0.011305840918794274,19.55890655517578,11.9989572763443
155,0.3273894675076008,0.011929900792893022,19.533828735351562,12.012129068374634
156,0.32655779272317886,0.011471882229670882,19.509410858154297,11.99918007850647
157,0.3258938901126385,0.010955586098134518,19.484966278076172,12.00886583328247
158,0.32651151344180107,0.011917642084881663,19.460506439208984,11.998880982398987
159,0.3264709822833538,0.012049159035086632,19.4361572265625,12.006025791168213
160,0.3248106986284256,0.010735706542618573,19.412263870239258,11.995237231254578
161,0.32412001863121986,0.010237104550469667,19.388317108154297,11.999975323677063
162,0.3234984688460827,0.00986375130014494,19.36432647705078,11.999146223068237
163,0.3238453082740307,0.010410909540951252,19.340309143066406,12.00313150882721
164,0.3220008499920368,0.00882892997469753,19.31627655029297,12.000916600227356
165,0.32252005860209465,0.009619429358281195,19.292236328125,11.997828006744385
166,0.32478083297610283,0.01203373575117439,19.268199920654297,12.006510853767395
167,0.32304153963923454,0.010636756545864046,19.244400024414062,11.996078729629517
168,0.32217446342110634,0.009913366637192667,19.220998764038086,12.00511085987091
169,0.32153403013944626,0.009559117199387401,19.197547912597656,11.999943614006042
170,0.3217614032328129,0.010002897586673498,19.17406463623047,12.00178575515747
171,0.3213428184390068,0.0098140292102471,19.150554656982422,12.002324938774109
172,0.3207988999783993,0.009532923460938036,19.12703514099121,11.999562859535217
173,0.32161539420485497,0.010532359592616558,19.103506088256836,12.00479793548584
174,0.32144518941640854,0.010677347308956087,19.079980850219727,11.996803402900696
175,0.3215821646153927,0.010956144775263965,19.057052612304688,12.005550742149353
176,0.32138315215706825,0.011050615110434592,19.034076690673828,11.99917757511139
177,0.3195652812719345,0.00938108575064689,19.011621475219727,12.006798267364502
178,0.3197096325457096,0.009800816944334656,18.98907470703125,12.001807570457458
179,0.3193708769977093,0.009699340909719467,18.966453552246094,12.000701427459717
180,0.3185010477900505,0.009086968086194247,18.943771362304688,11.99763798713684
181,0.3188287429511547,0.009635896887630224,18.921043395996094,11.998241662979126
182,0.32101329788565636,0.011907003354281187,18.898279190063477,12.012351751327515
183,0.31889671087265015,0.0101338418899104,18.87599754333496,12.000290632247925
184,0.3183119520545006,0.009706573735456914,18.85375213623047,12.0067857503891
185,0.3185250535607338,0.010242214659228921,18.83185386657715,11.996431112289429
186,0.3192824199795723,0.01115129463141784,18.80984878540039,12.003263711929321
187,0.31989293172955513,0.011999220354482532,18.787761688232422,12.001610398292542
188,0.3183433264493942,0.0106114522786811,18.76559829711914,12.007588863372803
189,0.3183610364794731,0.010913626989349723,18.7440242767334,12.000718116760254
190,0.3179718814790249,0.010708129848353565,18.722333908081055,12.004042387008667
191,0.31864770501852036,0.01159824529895559,18.700960159301758,12.003986477851868
192,0.317128524184227,0.010310879675671458,18.67971420288086,12.002050399780273
193,0.3163055293262005,0.009756868705153465,18.658329010009766,11.996538996696472
194,0.3165603168308735,0.010124368243850768,18.636821746826172,12.006773591041565
195,0.31622541323304176,0.010071158583741635,18.615966796875,11.99945878982544
196,0.3166992962360382,0.010796534304972738,18.59494400024414,11.995333552360535
197,0.31516673788428307,0.009352691238746047,18.574460983276367,12.006945013999939
198,0.3153548575937748,0.009840073995292187,18.553924560546875,11.997553944587708
199,0.316676240414381,0.011283569154329598,18.5331974029541,12.006070256233215
200,0.3143044039607048,0.009188482770696282,18.51293182373047,11.998660922050476
201,0.31574051082134247,0.010695408913306892,18.492473602294922,12.012036681175232
202,0.31644102931022644,0.01172889198642224,18.472341537475586,11.998873591423035
203,0.3140503354370594,0.009458999382331967,18.451990127563477,12.007143378257751
204,0.3124200105667114,0.008141594706103206,18.431446075439453,11.996395468711853
205,0.3153511546552181,0.01120170479407534,18.410736083984375,12.004209756851196
206,0.3143262043595314,0.01046169945038855,18.38987922668457,11.996571660041809
207,0.3119013048708439,0.008174152695573866,18.369705200195312,12.003010749816895
208,0.31274501979351044,0.00918931927299127,18.349334716796875,12.006235718727112
209,0.31412599235773087,0.010887123877182603,18.32879638671875,11.995091199874878
210,0.31299396976828575,0.00992155313724652,18.309181213378906,11.998062014579773
211,0.31574492529034615,0.012716883327811956,18.289323806762695,12.013481616973877
212,0.31158724427223206,0.008877876796759665,18.27044105529785,12.000496506690979
213,0.31670981273055077,0.014281348325312138,18.251243591308594,11.991604208946228
214,0.31175126135349274,0.009471019729971886,18.23316192626953,11.99486219882965
215,0.3154257573187351,0.013071034452877939,18.215749740600586,12.019723892211914
216,0.3163677342236042,0.01414051663596183,18.199277877807617,12.023444890975952
217,0.3117659389972687,0.009916673705447465,18.183712005615234,12.001215696334839
218,0.31413231417536736,0.012498477008193731,18.16748809814453,11.995895743370056
219,0.31182505562901497,0.010282333591021597,18.151885986328125,12.002387523651123
220,0.31954846158623695,0.01805274561047554,18.13563346862793,12.013939499855042
221,0.31694724038243294,0.015631863148882985,18.12014389038086,12.011395335197449
222,0.31092218309640884,0.009854454081505537,18.105249404907227,12.001523494720459
223,0.31202933192253113,0.011105299345217645,18.089635848999023,12.002767443656921
224,0.3110946863889694,0.010314294951967895,18.074138641357422,12.00390076637268
225,0.3100183308124542,0.009405594028066844,18.058368682861328,12.0029057264328
226,0.312731996178627,0.01227427611593157,18.041975021362305,12.003798127174377
227,0.3103582188487053,0.010045182541944087,18.02594757080078,12.00535786151886
228,0.3137798458337784,0.013578674057498574,18.00932502746582,12.010793209075928
229,0.3112622797489166,0.011296835378743708,17.99317741394043,12.00336742401123
230,0.31724535673856735,0.017534059123136103,17.976652145385742,11.99447762966156
231,0.31889093294739723,0.019312181742861867,17.960994720458984,11.996880888938904
232,0.3091641999781132,0.009695731394458562,17.94618034362793,12.000667691230774
233,0.31404973939061165,0.014584973687306046,17.930648803710938,12.01582956314087
234,0.31103843823075294,0.011732862214557827,17.915790557861328,12.01476800441742
235,0.3096109926700592,0.010602455702610314,17.901351928710938,11.999502420425415
236,0.30956798419356346,0.010724923457019031,17.886585235595703,11.997720718383789
237,0.3096483685076237,0.010856317996513098,17.87143898010254,12.007767081260681
238,0.31082695722579956,0.012193394592031837,17.856403350830078,12.006953597068787
239,0.31105024740099907,0.012653957353904843,17.841144561767578,11.9984849691391
240,0.31025323644280434,0.011981254792772233,17.826066970825195,12.001131534576416
241,0.3089614547789097,0.010773927555419505,17.811105728149414,12.007648825645447
242,0.3114076144993305,0.01339920237660408,17.796003341674805,12.004838466644287
243,0.30818262696266174,0.010395039804279804,17.78055191040039,11.998207688331604
244,0.3074625991284847,0.009852017858065665,17.765071868896484,11.995987176895142
245,0.3102020286023617,0.01262606424279511,17.74921417236328,12.008382558822632
246,0.3086153231561184,0.011156919994391501,17.73352813720703,12.012312173843384
247,0.30708222463727,0.009889085602480918,17.717960357666016,12.001353740692139
248,0.30710195377469063,0.010099244478624314,17.70176124572754,11.998509883880615
249,0.308426883071661,0.011491998680867255,17.685001373291016,12.008488655090332
250,0.30752722173929214,0.010760841658338904,17.668582916259766,12.008055806159973
251,0.306388046592474,0.009921658434905112,17.65209197998047,11.994547486305237
252,0.3088190406560898,0.012463404447771609,17.635906219482422,11.9996577501297
253,0.30511902272701263,0.008837565837893635,17.6199893951416,12.00815761089325
254,0.30808260291814804,0.01203024317510426,17.603485107421875,12.00175166130066
255,0.3044234365224838,0.008526208228431642,17.587087631225586,12.002636790275574
256,0.3064696379005909,0.010773302987217903,17.570159912109375,11.99947452545166
257,0.3042459636926651,0.008723579056095332,17.552812576293945,11.999426126480103
258,0.30648282542824745,0.010937957209534943,17.5350399017334,12.019446849822998
259,0.30425604432821274,0.008988919318653643,17.518001556396484,12.008711099624634
260,0.31100717559456825,0.016058739856816828,17.500564575195312,11.99427878856659
261,0.3123317062854767,0.01753534108866006,17.484262466430664,11.995373964309692
262,0.30357620120048523,0.008885820105206221,17.46904754638672,11.999991416931152
263,0.31915082037448883,0.024184032343328,17.453346252441406,12.043333172798157
264,0.3308309279382229,0.035709950141608715,17.438785552978516,12.073312878608704
265,0.31880343705415726,0.024025868391618133,17.42534828186035,12.052409172058105
266,0.30689671263098717,0.01259187888354063,17.412818908691406,12.017665266990662
267,0.3105233982205391,0.016591253341175616,17.400197982788086,11.993016600608826
268,0.31908442825078964,0.025297250831499696,17.38827133178711,11.990447163581848
269,0.31682682037353516,0.023084289859980345,17.377077102661133,11.997176170349121
270,0.3069442994892597,0.013219839194789529,17.366378784179688,12.006068229675293
271,0.3069603405892849,0.013300525257363915,17.35565948486328,12.010322332382202
272,0.31418365985155106,0.020624466706067324,17.344947814941406,12.010972499847412
273,0.30648886412382126,0.013073912705294788,17.334434509277344,12.00706136226654
274,0.30759721994400024,0.014225234976038337,17.32356071472168,12.013637661933899
275,0.31216635927557945,0.018978262087330222,17.312726974487305,12.006083607673645
276,0.3047966957092285,0.011812127428129315,17.302200317382812,11.996256232261658
277,0.30676010996103287,0.013819277053698897,17.29136848449707,12.00271475315094
278,0.3081705719232559,0.015255085658282042,17.280275344848633,12.011274576187134
279,0.3069859631359577,0.014181337202899158,17.269376754760742,12.01108705997467
280,0.302795946598053,0.010240078088827431,17.258527755737305,11.997058868408203
281,0.3063608929514885,0.013940953300334513,17.246564865112305,11.995429277420044
282,0.3026306517422199,0.010299272136762738,17.23485565185547,11.998281717300415
283,0.3036198280751705,0.011223488254472613,17.222932815551758,12.01670253276825
284,0.3038119450211525,0.011522510321810842,17.210933685302734,12.018009781837463
285,0.301643218845129,0.009614637354388833,17.198970794677734,12.003887414932251
286,0.30213620513677597,0.010290089179761708,17.18600845336914,11.99860405921936
287,0.3020427003502846,0.010304615832865238,17.17239761352539,12.001410603523254
288,0.3030175641179085,0.011416612542234361,17.157962799072266,12.002132177352905
289,0.30215463787317276,0.010658793151378632,17.143142700195312,12.006442904472351
290,0.3018960542976856,0.010591978440061212,17.127626419067383,12.002781987190247
291,0.3001733608543873,0.009103743708692491,17.111644744873047,11.995318055152893
292,0.3001180738210678,0.009125429147388786,17.09560775756836,12.003657341003418
293,0.3021870404481888,0.011293787625618279,17.079008102416992,12.010317921638489
294,0.30154431238770485,0.010896378429606557,17.062664031982422,12.002129673957825
295,0.30046527087688446,0.010043872229289263,17.045793533325195,11.996347188949585
296,0.29867328330874443,0.008375331526622176,17.02899169921875,12.000803470611572
297,0.30013106763362885,0.00997786270454526,17.0117130279541,12.003608345985413
298,0.29868558421730995,0.008766748709604144,16.9940128326416,11.997871160507202
299,0.30120323970913887,0.01143034192500636,16.975934982299805,12.001354694366455
300,0.2988450601696968,0.009275547694414854,16.9575252532959,11.999427080154419
301,0.29873378947377205,0.009303890401497483,16.938817977905273,12.004172205924988
302,0.29808392748236656,0.008867066993843764,16.91985321044922,12.00183391571045
303,0.2979055419564247,0.008901033783331513,16.900657653808594,11.999794363975525
304,0.29765545576810837,0.008817137393634766,16.881258010864258,12.00257420539856
305,0.2977764643728733,0.009109594044275582,16.861682891845703,12.005004048347473
306,0.298142958432436,0.009734914230648428,16.841949462890625,11.998854756355286
307,0.29675107076764107,0.008507877530064434,16.822084426879883,12.00223457813263
308,0.2970716804265976,0.009018953540362418,16.802101135253906,12.003172874450684
309,0.29565897583961487,0.007796108315233141,16.782014846801758,12.0042724609375
310,0.2971550077199936,0.009517778060398996,16.761844635009766,12.00187885761261
311,0.2964944504201412,0.009072784567251801,16.741600036621094,12.00056791305542
312,0.296827994287014,0.009589898225385696,16.721294403076172,12.002516984939575
313,0.2959762215614319,0.008990126545540988,16.70093536376953,11.997673749923706
314,0.29591477289795876,0.009072802437003702,16.6805362701416,12.003662347793579
315,0.2954415939748287,0.008822831965517253,16.66010284423828,12.001773476600647
316,0.2966134175658226,0.010079155617859215,16.6396427154541,12.013783931732178
317,0.29538920521736145,0.009212753619067371,16.619163513183594,11.998481154441833
318,0.2949339225888252,0.008960907405707985,16.59867286682129,11.998628735542297
319,0.294852651655674,0.00906617206055671,16.578170776367188,12.00047743320465
320,0.2949557229876518,0.009369429084472358,16.557668685913086,12.000961780548096
321,0.2943723388016224,0.008935473510064185,16.537166595458984,12.006521463394165
322,0.2944069020450115,0.009235452103894204,16.516672134399414,12.000473499298096
323,0.2938707694411278,0.008823968353681266,16.49619483947754,12.008485436439514
324,0.29379361495375633,0.009065107034984976,16.475727081298828,11.997125148773193
325,0.29268209636211395,0.008141148835420609,16.45527458190918,11.998819708824158
326,0.2924179174005985,0.008091859228443354,16.434837341308594,11.997769474983215
327,0.2927519157528877,0.00858673662878573,16.414419174194336,12.002100110054016
328,0.292245514690876,0.008226391044445336,16.394020080566406,12.007893919944763
329,0.2930239140987396,0.009268725581932813,16.373641967773438,12.001876473426819
330,0.29294129461050034,0.009343594720121473,16.353557586669922,12.006212711334229
331,0.29218920692801476,0.008890740456990898,16.33370590209961,11.99614155292511
332,0.29304511472582817,0.009900214849039912,16.313827514648438,12.000662803649902
333,0.2924048565328121,0.009444495430216193,16.293933868408203,12.002102375030518
334,0.29129499569535255,0.008562375616747886,16.274024963378906,11.999237656593323
335,0.29130661115050316,0.00871866091620177,16.254108428955078,12.004687428474426
336,0.2918529361486435,0.009495753271039575,16.234188079833984,12.001530647277832
337,0.29225214198231697,0.010008432378526777,16.21426773071289,12.010103583335876
338,0.2907230518758297,0.008779985888395458,16.194944381713867,11.999362826347351
339,0.2908608466386795,0.009117992711253464,16.175565719604492,11.99872076511383
340,0.29109231755137444,0.009475527971517295,16.15614128112793,12.005537509918213
341,0.2908381186425686,0.009483241941779852,16.137332916259766,11.998155117034912
342,0.29033616185188293,0.009139768837485462,16.118425369262695,12.001213908195496
343,0.2911597043275833,0.010017126449383795,16.09943199157715,12.014825344085693
344,0.2888272888958454,0.007964911521412432,16.081289291381836,12.004949569702148
345,0.2938602492213249,0.013296064687892795,16.062984466552734,11.993434429168701
346,0.29143552109599113,0.01103866146877408,16.045730590820312,11.993956327438354
347,0.2931361757218838,0.012733748881146312,16.029067993164062,12.011175870895386
348,0.2943051606416702,0.014010221464559436,16.01334571838379,12.016149044036865
349,0.28871728852391243,0.008729226829018444,15.99853229522705,12.000275373458862
350,0.29061099141836166,0.010808170773088932,15.983220100402832,11.997062802314758
351,0.2876923121511936,0.00795210903743282,15.968463897705078,12.005557656288147
352,0.28992896154522896,0.010220337426289916,15.953206062316895,12.01765787601471
353,0.2888609692454338,0.00939322984777391,15.938520431518555,12.00825321674347
354,0.2906389683485031,0.011490661185234785,15.923347473144531,11.99148416519165
355,0.2912633717060089,0.012266223318874836,15.90888500213623,11.990829944610596
356,0.288235854357481,0.009305991814471781,15.895082473754883,11.997904539108276
357,0.29083041474223137,0.011949070612899959,15.880687713623047,12.007446885108948
358,0.28886227309703827,0.01013554458040744,15.866571426391602,12.006101369857788
359,0.29188304767012596,0.013328135944902897,15.852127075195312,12.003364205360413
360,0.2944069281220436,0.015997380833141506,15.838249206542969,12.002706408500671
361,0.2869222089648247,0.008676872472278774,15.824966430664062,11.999567747116089
362,0.29053086042404175,0.012293818639591336,15.811038970947266,12.012665867805481
363,0.2894625589251518,0.011361125856637955,15.797612190246582,12.012531518936157
364,0.28641223534941673,0.008578540873713791,15.784599304199219,11.998770952224731
365,0.2878306917846203,0.010143445804715157,15.770916938781738,11.99780809879303
366,0.2850611060857773,0.007401988375931978,15.757118225097656,12.00879418849945
367,0.2859397493302822,0.008434153685811907,15.742734909057617,12.00782561302185
368,0.2859242558479309,0.008672751428093761,15.727825164794922,11.99732530117035
369,0.28655557334423065,0.009423961804714054,15.712451934814453,12.000709295272827
370,0.2863331064581871,0.009359931747894734,15.696659088134766,12.000659584999084
371,0.28439825028181076,0.0075699962908402085,15.680496215820312,12.002329111099243
372,0.2861010208725929,0.009443979011848569,15.66400146484375,12.001703381538391
373,0.28447267040610313,0.00793415680527687,15.647210121154785,12.006641507148743
374,0.2855919636785984,0.009238471742719412,15.630159378051758,12.005191087722778
375,0.2851809822022915,0.009083280630875379,15.612876892089844,11.996894121170044
376,0.2835976779460907,0.007636581140104681,15.595388412475586,12.000721454620361
377,0.283577635884285,0.007807367073837668,15.577718734741211,11.999308586120605
378,0.2846359722316265,0.008994719362817705,15.559890747070312,12.004234671592712
379,0.2846662476658821,0.009202543122228235,15.541919708251953,12.004450798034668
380,0.2833544723689556,0.008074795652646571,15.523825645446777,12.0041424036026
381,0.28387415409088135,0.008791502506937832,15.505623817443848,12.002641558647156
382,0.2838817872107029,0.009047552070114762,15.487329483032227,11.996094942092896
383,0.282827902585268,0.008133701980113983,15.468955993652344,12.000465512275696
384,0.2818850055336952,0.007390057435259223,15.450510025024414,11.998984336853027
385,0.28225599229335785,0.007886587583925575,15.432008743286133,12.004931807518005
386,0.28303462639451027,0.008876664564013481,15.4134521484375,12.002345204353333
387,0.2818029932677746,0.007836889824829996,15.394853591918945,12.001757979393005
388,0.28141162544488907,0.007635834917891771,15.376222610473633,12.001356959342957
389,0.2817731201648712,0.0081967837177217,15.357564926147461,12.000069618225098
390,0.28244317322969437,0.00905705982586369,15.338884353637695,11.999727487564087
391,0.282601248472929,0.009355649934150279,15.320184707641602,12.004374861717224
392,0.28108813613653183,0.008045873953960836,15.301474571228027,12.002750873565674
393,0.28039154410362244,0.007530272123403847,15.282755851745605,12.003370523452759
394,0.2811504974961281,0.008511479303706437,15.264032363891602,11.999871015548706
395,0.2808433398604393,0.008382724481634796,15.245311737060547,12.00075078010559
396,0.28055020794272423,0.00831178214866668,15.226590156555176,11.99725341796875
397,0.28135839104652405,0.009251957235392183,15.207874298095703,12.00277030467987
398,0.28102659806609154,0.009116732806432992,15.189167976379395,12.001819133758545
399,0.28023435175418854,0.008465543040074408,15.17047119140625,12.006410121917725
400,0.2790372967720032,0.007501344371121377,15.151785850524902,12.001810193061829
401,0.27914272621273994,0.007806667999830097,15.133113861083984,12.000491738319397
402,0.2785012759268284,0.007391192310024053,15.114458084106445,11.996551036834717
403,0.27896689251065254,0.00796743860701099,15.095815658569336,12.004130721092224
404,0.28054073452949524,0.009787475690245628,15.077194213867188,11.998131513595581
405,0.27914606407284737,0.008472863992210478,15.058701515197754,12.008619904518127
406,0.2804231606423855,0.010011482168920338,15.040444374084473,12.000723838806152
407,0.2784975655376911,0.008210470608901232,15.022173881530762,12.006535649299622
408,0.2788766287267208,0.008865765412338078,15.003894805908203,11.997192621231079
409,0.2777487263083458,0.007856118667405099,14.98560905456543,12.003651857376099
410,0.27765582129359245,0.00800764316227287,14.967321395874023,11.997497797012329
411,0.27875251695513725,0.00919536896981299,14.94903564453125,12.00667929649353
412,0.2766115255653858,0.007324139238335192,14.930904388427734,11.997834920883179
413,0.27699483931064606,0.007823208346962929,14.912952423095703,12.00421154499054
414,0.27790308743715286,0.008957235259003937,14.894973754882812,11.999612808227539
415,0.276843648403883,0.00807697226991877,14.876973152160645,11.999696135520935
416,0.2759471833705902,0.007338888302911073,14.85895824432373,12.001871466636658
417,0.2765088528394699,0.008098256483208388,14.840930938720703,12.000129222869873
418,0.27586760371923447,0.007594654220156372,14.822898864746094,12.004396200180054
419,0.27662418410182,0.008590758952777833,14.804859161376953,11.998483300209045
420,0.2763967216014862,0.008452336944174021,14.786822319030762,12.007617712020874
421,0.27678702026605606,0.009119450929574668,14.768786430358887,11.997970581054688
422,0.27653272077441216,0.00898957613389939,14.750791549682617,12.00352430343628
423,0.2767367698252201,0.009421615046449006,14.732924461364746,11.998591542243958
424,0.2753724940121174,0.008168511849362403,14.71505069732666,12.005348205566406
425,0.2764606587588787,0.0094804972759448,14.69717025756836,12.000845670700073
426,0.27411577105522156,0.00727375817950815,14.679290771484375,12.004911065101624
427,0.2749377265572548,0.00831932167056948,14.66141414642334,12.000426888465881
428,0.2734946087002754,0.007064411649480462,14.643539428710938,11.999480605125427
429,0.27337977662682533,0.007125312054995447,14.6256685256958,11.999778747558594
430,0.27443937584757805,0.008361042302567512,14.607808113098145,12.000025987625122
431,0.27353842183947563,0.007606223167385906,14.589958190917969,12.003262281417847
432,0.27342287078499794,0.007691075734328479,14.572120666503906,12.001060009002686
433,0.2747095562517643,0.009118255518842489,14.554295539855957,12.00483524799347
434,0.27305398136377335,0.007689194462727755,14.536483764648438,11.999995708465576
435,0.27387910708785057,0.008650246192701161,14.518688201904297,12.004197835922241
436,0.27482568845152855,0.009847212233580649,14.500908851623535,11.996939063072205
437,0.27147268131375313,0.006617807142902166,14.483612060546875,12.001876592636108
438,0.27218176051974297,0.007472570927347988,14.466283798217773,12.004635095596313
439,0.2757088653743267,0.011231115786358714,14.448931694030762,11.998843312263489
440,0.27281714975833893,0.008456672076135874,14.432254791259766,12.003793478012085
441,0.2728593982756138,0.008617143263109028,14.41549301147461,12.008734345436096
442,0.2731167748570442,0.00915359368082136,14.399062156677246,11.9972562789917
443,0.27215325459837914,0.008331972756423056,14.383072853088379,11.9990553855896
444,0.2736061252653599,0.009854716947302222,14.366930961608887,12.008210301399231
445,0.2721278816461563,0.008629055810160935,14.351197242736816,11.998686671257019
446,0.271150927990675,0.007780632644426078,14.335286140441895,12.001745104789734
447,0.2710898891091347,0.007883275829954073,14.319221496582031,12.001440048217773
448,0.27219440042972565,0.009170517092570662,14.303019523620605,11.99936830997467
449,0.2719880901277065,0.009080422576516867,14.28669548034668,12.004071116447449
450,0.2717136852443218,0.009023416962008923,14.270265579223633,11.998761534690857
451,0.27043677121400833,0.0078301444882527,14.253742218017578,12.006922006607056
452,0.2705352231860161,0.008171170367859304,14.237361907958984,11.999043345451355
453,0.27039559185504913,0.00812153535662219,14.22088623046875,12.006519317626953
454,0.27113544940948486,0.00908520317170769,14.204328536987305,12.00069797039032
455,0.2700109966099262,0.008135639014653862,14.187698364257812,11.999837279319763
456,0.27076322212815285,0.00896855175960809,14.17100715637207,12.00846016407013
457,0.2699729688465595,0.008438200748059899,14.154691696166992,11.99878478050232
458,0.26909269392490387,0.0077426310162991285,14.138286590576172,11.996720552444458
459,0.27068624645471573,0.009383753582369536,14.121803283691406,12.008445858955383
460,0.26815788447856903,0.007080684357788414,14.105780601501465,12.00193989276886
461,0.26993047073483467,0.009046209219377488,14.089644432067871,11.998782634735107
462,0.2699187360703945,0.009090342558920383,14.073409080505371,12.009430766105652
463,0.26822109892964363,0.007643274846486747,14.05738639831543,12.000396847724915
464,0.26790951192379,0.007498555525671691,14.04125690460205,11.999839425086975
465,0.2689261697232723,0.008632043492980301,14.025032043457031,12.004381656646729
466,0.2677324078977108,0.007667727244552225,14.008832931518555,11.997636079788208
467,0.2683917284011841,0.008418509270995855,13.992547988891602,12.004774451255798
468,0.26983900740742683,0.010073487588670105,13.976192474365234,12.000359773635864
469,0.26661622151732445,0.0069824421661905944,13.960062026977539,12.003315925598145
470,0.26944708824157715,0.00997978134546429,13.943845748901367,12.002886056900024
471,0.2692338638007641,0.009896219009533525,13.92767333984375,12.006091117858887
472,0.2684786096215248,0.009319343429524451,13.911699295043945,12.004227876663208
473,0.26941727846860886,0.01050276291789487,13.8956298828125,11.995822787284851
474,0.2673480287194252,0.008534153632353991,13.880008697509766,12.001379251480103
475,0.2669058069586754,0.00817505776649341,13.864258766174316,12.008817195892334
476,0.26623930782079697,0.007759881322272122,13.848970413208008,11.998971700668335
477,0.2680252008140087,0.009696656721644104,13.83352279663086,11.999331951141357
478,0.26698872074484825,0.008709310204721987,13.8179349899292,12.01000726222992
479,0.2657311297953129,0.0076794857159256935,13.802730560302734,12.002435684204102
480,0.26614662632346153,0.008325908274855465,13.787362098693848,11.994710326194763
481,0.2662625201046467,0.008509415143635124,13.772520065307617,12.002789974212646
482,0.26703595370054245,0.009352195425890386,13.75748062133789,12.01089596748352
483,0.2649804688990116,0.007526782574132085,13.742877006530762,12.002492785453796
484,0.2684779055416584,0.011188731994479895,13.728057861328125,12.000860810279846
485,0.26537932455539703,0.008252460160292685,13.713781356811523,11.998905897140503
486,0.2700059041380882,0.01292181620374322,13.69925594329834,12.00915265083313
487,0.26806124672293663,0.011114287772215903,13.685349464416504,12.009348154067993
488,0.26673073321580887,0.010030387144070119,13.671905517578125,11.998129844665527
489,0.26637687906622887,0.009801726206205785,13.65852165222168,11.998993039131165
490,0.2668142430484295,0.010274605709128082,13.645112991333008,12.008852005004883
491,0.2652650773525238,0.008865156036335975,13.63199234008789,12.0080007314682
492,0.26671935990452766,0.010571783524937928,13.618997573852539,11.995760679244995
493,0.26600174605846405,0.00998214160790667,13.606247901916504,11.995713353157043
494,0.2664658725261688,0.010450986679643393,13.593633651733398,12.007855772972107
495,0.2655952274799347,0.009712433908134699,13.58115005493164,12.00713050365448
496,0.2650767117738724,0.00942564313299954,13.568689346313477,11.996417999267578
497,0.2649870663881302,0.009420990129001439,13.556390762329102,12.000216364860535
498,0.2662527859210968,0.010705904918722808,13.5440034866333,12.010684728622437
499,0.2660122364759445,0.010639623214956373,13.531681060791016,12.005581140518188
500,0.26477742195129395,0.009601472411304712,13.519266128540039,11.998329281806946
501,0.2649571932852268,0.009887375519610941,13.50690746307373,12.000075221061707
502,0.26499515026807785,0.009958866401575506,13.49431037902832,12.009318947792053
503,0.2664695046842098,0.011593847069889307,13.481844902038574,12.005721926689148
504,0.26350099220871925,0.008849889563862234,13.469480514526367,11.995630502700806
505,0.2638689652085304,0.009355212096124887,13.456748962402344,11.994627118110657
506,0.26363812759518623,0.00908066553529352,13.443862915039062,12.011884927749634
507,0.2624684311449528,0.008037936931941658,13.43098258972168,12.01206624507904
508,0.2644633501768112,0.010305245523341,13.417729377746582,11.99808144569397
509,0.26445138826966286,0.010416709003038704,13.404796600341797,11.99867069721222
510,0.2628024183213711,0.008835516753606498,13.39189338684082,12.004797458648682
511,0.2623434364795685,0.008507609541993588,13.37899112701416,12.004591584205627
512,0.2626495622098446,0.008985809283331037,13.36587905883789,12.000496983528137
513,0.26180487871170044,0.00826014851918444,13.352420806884766,12.002052664756775
514,0.26286376640200615,0.009421723312698305,13.338655471801758,12.005549311637878
515,0.2608532980084419,0.00757837702985853,13.324756622314453,12.002734780311584
516,0.2621171250939369,0.009057991090230644,13.310598373413086,11.99531602859497
517,0.26120394840836525,0.008253592881374061,13.29671859741211,11.998316526412964
518,0.2630296014249325,0.01010207796934992,13.28257942199707,12.010173797607422
519,0.26205917820334435,0.00929812144022435,13.268709182739258,12.007396936416626
520,0.2635643668472767,0.011007105931639671,13.254583358764648,12.00114357471466
521,0.26257723942399025,0.010200686985626817,13.240747451782227,11.996907711029053
522,0.26056256517767906,0.008257455308921635,13.22723388671875,12.003278851509094
523,0.26224661245942116,0.010021504946053028,13.213430404663086,12.009080648422241
524,0.2595541290938854,0.007543164771050215,13.199918746948242,12.001178622245789
525,0.2601820193231106,0.008332999947015196,13.186119079589844,11.998783469200134
526,0.2597314193844795,0.007963326293975115,13.17207145690918,12.004738807678223
527,0.25993919745087624,0.008362378110177815,13.157794952392578,11.999886989593506
528,0.25971831381320953,0.008274336927570403,13.143314361572266,12.001083612442017
529,0.2598043754696846,0.008514402084983885,13.128652572631836,12.000346064567566
530,0.25877317413687706,0.007547343382611871,13.113829612731934,12.008754014968872
531,0.2583804540336132,0.007391044404357672,13.098865509033203,12.000075459480286
532,0.25931036472320557,0.00850087241269648,13.083772659301758,11.997177004814148
533,0.2582912817597389,0.00759118830319494,13.068567276000977,12.001442432403564
534,0.2595177888870239,0.00898218562360853,13.053264617919922,12.00029706954956
535,0.25977347791194916,0.009345303988084197,13.037874221801758,12.004944205284119
536,0.2590189203619957,0.008827341720461845,13.022455215454102,11.996702790260315
537,0.2571597434580326,0.007058028713800013,13.00739860534668,12.002774000167847
538,0.25909482687711716,0.009072920831386,12.992234230041504,12.009956240653992
539,0.2581203654408455,0.008377850579563528,12.977364540100098,11.996886730194092
540,0.258523914963007,0.008871609286870807,12.96269702911377,12.002533793449402
541,0.2572004720568657,0.007669168466236442,12.94788932800293,12.005242466926575
542,0.2585659883916378,0.009239754697773606,12.93295669555664,11.999667644500732
543,0.25743506476283073,0.00823697360465303,12.918415069580078,12.001394629478455
544,0.2570606507360935,0.00795845442917198,12.903724670410156,12.006495475769043
545,0.2594311684370041,0.010594053310342133,12.88890266418457,11.994809627532959
546,0.25720372796058655,0.00848292192677036,12.874677658081055,11.997403264045715
547,0.26292694360017776,0.014114603050984442,12.860278129577637,12.020957350730896
548,0.26102305948734283,0.012360932887531817,12.846773147583008,12.019440412521362
549,0.25823642313480377,0.009898526826873422,12.833965301513672,11.999825835227966
550,0.25803321599960327,0.00983486499171704,12.82144546508789,11.998390674591064
551,0.2573588863015175,0.009179176297038794,12.809268951416016,12.008702754974365
552,0.25700660049915314,0.009000812831800431,12.797290802001953,12.003288507461548
553,0.2598196044564247,0.012024358031339943,12.785148620605469,11.994375467300415
554,0.25911102443933487,0.011413128580898046,12.773589134216309,11.996201276779175
555,0.2556459978222847,0.00795928348088637,12.762521743774414,12.00615108013153
556,0.25546958297491074,0.007918221817817539,12.75096321105957,12.0041743516922
557,0.2585555948317051,0.011212775600142777,12.73905086517334,11.995231866836548
558,0.2582182064652443,0.010977896861732006,12.72753620147705,11.996494889259338
559,0.25617407262325287,0.008895869075786322,12.716177940368652,12.011643290519714
560,0.2568800561130047,0.009671963984146714,12.705116271972656,12.015693306922913
561,0.25500697270035744,0.008080335333943367,12.694345474243164,11.998318672180176
562,0.25522954016923904,0.008427557302638888,12.683209419250488,11.996988773345947
563,0.2557198703289032,0.008936545113101602,12.671594619750977,12.006738543510437
564,0.25531260669231415,0.008671350893564522,12.660231590270996,12.003894567489624
565,0.2590677998960018,0.012620698427781463,12.648414611816406,11.996296286582947
566,0.2594112455844879,0.013073198148049414,12.63716983795166,11.99663531780243
567,0.2539212703704834,0.007609621447045356,12.62647819519043,12.004687070846558
568,0.25792935490608215,0.011614897171966732,12.615266799926758,12.01617980003357
569,0.2554296478629112,0.00929673807695508,12.60453987121582,12.008752226829529
570,0.25585706159472466,0.009966189507395029,12.59401798248291,11.995070934295654
571,0.2563837207853794,0.010598660912364721,12.583550453186035,11.994955897331238
572,0.2534700930118561,0.007637779111973941,12.573195457458496,12.010037422180176
573,0.2541622780263424,0.008449467248283327,12.562498092651367,12.008782744407654
574,0.2559444196522236,0.01047584053594619,12.55128002166748,11.995578289031982
575,0.2547000125050545,0.00934624474029988,12.540247917175293,11.995129704475403
576,0.256324116140604,0.010920683562289923,12.528932571411133,12.01141095161438
577,0.25633132457733154,0.010980750666931272,12.518027305603027,12.017030596733093
578,0.2529345192015171,0.00783984613372013,12.507529258728027,12.00193738937378
579,0.2542650178074837,0.009332781832199544,12.49649429321289,11.996729969978333
580,0.2517940402030945,0.006933430675417185,12.485635757446289,12.000425815582275
581,0.25521858409047127,0.010379634913988411,12.474279403686523,12.009616374969482
582,0.2530544474720955,0.008374452823773026,12.463228225708008,12.004771947860718
583,0.2527737431228161,0.008312141988426447,12.45218276977539,11.993978381156921
584,0.2540550269186497,0.009698607842437923,12.441238403320312,11.994403600692749
585,0.25244187004864216,0.008059003856033087,12.430374145507812,12.00791323184967
586,0.2531815879046917,0.008917337516322732,12.419264793395996,12.007160544395447
587,0.25327613577246666,0.009230988274794072,12.407698631286621,11.996817111968994
588,0.2527783717960119,0.008837688714265823,12.396283149719238,11.9977867603302
589,0.25338735803961754,0.00942873553140089,12.384638786315918,12.011224150657654
590,0.25389909744262695,0.010080814128741622,12.373122215270996,12.008706450462341
591,0.2518299072980881,0.008256370667368174,12.361660957336426,11.995693445205688
592,0.25174950063228607,0.008264752163086087,12.349966049194336,11.998509883880615
593,0.2524428628385067,0.008960550301708281,12.337932586669922,12.010299682617188
594,0.2522604279220104,0.008948036411311477,12.325833320617676,12.005406618118286
595,0.2523200549185276,0.009225581306964159,12.313373565673828,11.996074199676514
596,0.2515459507703781,0.008577394241001457,12.300963401794434,11.995892763137817
597,0.25384707003831863,0.01089884212706238,12.288226127624512,12.00659704208374
598,0.25114916637539864,0.008306540665216744,12.275684356689453,12.008579134941101
599,0.25322603061795235,0.010623883572407067,12.262977600097656,11.99723756313324
600,0.25291207432746887,0.010437165678013116,12.250557899475098,11.996933579444885
601,0.2509947083890438,0.008579491695854813,12.238402366638184,12.003119826316833
602,0.2515094503760338,0.009161211200989783,12.225900650024414,12.008923411369324
603,0.25008699111640453,0.007950526021886617,12.213592529296875,12.000054955482483
604,0.2503184899687767,0.00834672898054123,12.200955390930176,11.996220827102661
605,0.250883374363184,0.008954804565291852,12.188422203063965,12.004435300827026
606,0.24965879134833813,0.00783036754000932,12.17558765411377,12.00725519657135
607,0.24988221190869808,0.00829330610577017,12.162492752075195,11.996398568153381
608,0.2493186891078949,0.007819999009370804,12.149152755737305,12.000716805458069
609,0.24929847195744514,0.007874531031120569,12.135597229003906,12.006797313690186
610,0.24906394630670547,0.00786053080810234,12.121849060058594,11.99849283695221
611,0.24887432530522346,0.007807195885106921,12.107928276062012,11.99878466129303
612,0.2487050723284483,0.0077505873050540686,12.093854904174805,12.001594424247742
613,0.24929154478013515,0.008478234172798693,12.079645156860352,12.001686215400696
614,0.24889659322798252,0.008226996287703514,12.065314292907715,12.001646280288696
615,0.24855259992182255,0.008052082499489188,12.05087947845459,11.999172925949097
616,0.24912709183990955,0.008751055342145264,12.036352157592773,12.001251697540283
617,0.2477799616754055,0.007521767693106085,12.021740913391113,12.004079103469849
618,0.2484017014503479,0.008316761697642505,12.007059097290039,12.001435160636902
619,0.24833105318248272,0.008389594207983464,11.992315292358398,12.001831293106079
620,0.2480718456208706,0.008269245969131589,11.977516174316406,12.00274384021759
621,0.2489217184484005,0.009269971342291683,11.96267032623291,12.0025053024292
622,0.24717403389513493,0.007675247965380549,11.947785377502441,12.00209355354309
623,0.24679856933653355,0.0074739770498126745,11.932866096496582,11.99959409236908
624,0.2464520651847124,0.007265110616572201,11.917917251586914,12.000778913497925
625,0.24659447744488716,0.007535846729297191,11.902945518493652,12.002917528152466
626,0.24742975272238255,0.008556015556678176,11.887954711914062,11.999420046806335
627,0.24677045829594135,0.008048180374316871,11.87294864654541,11.999279379844666
628,0.2467105109244585,0.008097448153421283,11.857929229736328,12.003377318382263
629,0.24562943354249,0.007167786825448275,11.842902183532715,12.003262758255005
630,0.2453685775399208,0.007098022615537047,11.82787036895752,11.9991854429245
631,0.24566892348229885,0.007543012732639909,11.812833786010742,11.999757647514343
632,0.2461089212447405,0.008113436517305672,11.797797203063965,12.001752257347107
633,0.24548595398664474,0.007619089330546558,11.782760620117188,12.003926396369934
634,0.2462692577391863,0.008582101378124207,11.767727851867676,12.000988841056824
635,0.2454636488109827,0.007907571911346167,11.75269889831543,12.002909421920776
636,0.24551188200712204,0.008125864493194968,11.737676620483398,12.000925421714783
637,0.2441211398690939,0.006899280706420541,11.722660064697266,11.999525904655457
638,0.24518382735550404,0.008061378612183034,11.707653045654297,12.004592180252075
639,0.24581478908658028,0.008855973137542605,11.692657470703125,12.003224849700928
640,0.24380136281251907,0.006994056049734354,11.6776704788208,12.003060817718506
641,0.24448544345796108,0.007832923962268978,11.662696838378906,12.00255572795868
642,0.24471677467226982,0.00825986242853105,11.647733688354492,11.997958302497864
643,0.24343145824968815,0.007086634112056345,11.632783889770508,12.001698613166809
644,0.24316010437905788,0.007009898603428155,11.61784839630127,11.997172474861145
645,0.24361628852784634,0.00754405208863318,11.602926254272461,12.004297375679016
646,0.24360440857708454,0.007664880249649286,11.588018417358398,12.005934476852417
647,0.24350085854530334,0.007775987091008574,11.573126792907715,11.999361157417297
648,0.24391940794885159,0.00829659344162792,11.558249473571777,12.004032611846924
649,0.2432169523090124,0.007796218094881624,11.543389320373535,11.998684287071228
650,0.24343324452638626,0.008090012532193214,11.528545379638672,12.005778551101685
651,0.24289126321673393,0.00772154500009492,11.513717651367188,12.003254294395447
652,0.2432010993361473,0.00821598625043407,11.498905181884766,11.999606490135193
653,0.24278342351317406,0.007915324007626623,11.484109878540039,12.002700209617615
654,0.24388241954147816,0.009219058265443891,11.469331741333008,11.997005105018616
655,0.242062633857131,0.007422883994877338,11.454666137695312,12.0093092918396
656,0.24194389209151268,0.007473306672181934,11.440007209777832,12.007052421569824
657,0.24291511811316013,0.00867696845671162,11.4253568649292,11.998458743095398
658,0.24411050789058208,0.00995832763146609,11.410717010498047,12.004501104354858
659,0.2417217269539833,0.007791412528604269,11.396332740783691,11.996699094772339
660,0.24226753413677216,0.00844435446197167,11.381935119628906,12.000383853912354
661,0.24282019399106503,0.009034737478941679,11.36752700805664,12.011019349098206
662,0.24136092700064182,0.007833087467588484,11.353208541870117,11.999576449394226
663,0.24046400003135204,0.007051372842397541,11.338971138000488,12.00229263305664
664,0.24115879647433758,0.007898589072283357,11.324710845947266,12.00131070613861
665,0.24197489395737648,0.008896465122234076,11.310432434082031,11.997410893440247
666,0.2412134613841772,0.008176995674148202,11.296333312988281,12.007313251495361
667,0.24034318514168262,0.0074615151970647275,11.282203674316406,12.005964040756226
668,0.24144000560045242,0.008776925096753985,11.268045425415039,11.998263359069824
669,0.2416242603212595,0.009047917788848281,11.254058837890625,12.003576159477234
670,0.23908856511116028,0.0066632062662392855,11.240033149719238,12.002502918243408
671,0.24044552445411682,0.00818147708196193,11.225975036621094,12.000430583953857
672,0.24010267481207848,0.007945378660224378,11.211893081665039,12.003836870193481
673,0.24102595634758472,0.009067660896107554,11.197785377502441,11.998044610023499
674,0.2395293489098549,0.007697015069425106,11.183662414550781,11.999571800231934
675,0.23911038041114807,0.007377126778010279,11.169523239135742,12.003802418708801
676,0.2396874837577343,0.008115034899674356,11.155373573303223,12.001871347427368
677,0.23925218358635902,0.007789496623445302,11.141215324401855,12.005054116249084
678,0.23908181115984917,0.007812098250724375,11.127050399780273,11.999921321868896
679,0.23914147354662418,0.008006706833839417,11.112883567810059,12.000593423843384
680,0.23872059024870396,0.007691222708672285,11.098712921142578,12.00422465801239
681,0.23835042864084244,0.007513155578635633,11.08454418182373,11.999183654785156
682,0.23932314850389957,0.008585548668634146,11.070377349853516,12.003382921218872
683,0.23768320307135582,0.007143335067667067,11.056215286254883,11.997771620750427
684,0.23775199614465237,0.007336770999245346,11.042057037353516,11.999465823173523
685,0.23821531049907207,0.007856946438550949,11.027905464172363,12.007931351661682
686,0.23748471774160862,0.007351195439696312,11.013762474060059,11.999590754508972
687,0.23805115558207035,0.008036548795644194,10.999625205993652,12.001835823059082
688,0.23662023060023785,0.006752833432983607,10.985499382019043,12.001241207122803
689,0.2365524359047413,0.00682352518197149,10.971384048461914,12.00150752067566
690,0.23793704621493816,0.008309363387525082,10.95727825164795,12.00549042224884
691,0.23812465742230415,0.00869912258349359,10.943183898925781,11.999370455741882
692,0.2367019634693861,0.0074219146627001464,10.929101943969727,11.998903751373291
693,0.2359753604978323,0.006816209119278938,10.915033340454102,12.000882744789124
694,0.23688559979200363,0.007873545691836625,10.90097713470459,12.00022828578949
695,0.23691542074084282,0.008009241835679859,10.886935234069824,12.003683090209961
696,0.2370464038103819,0.00832617754349485,10.872906684875488,11.99911642074585
697,0.23632302321493626,0.007681981776840985,10.858890533447266,12.00521433353424
698,0.23677538335323334,0.008294307626783848,10.844890594482422,12.003218054771423
699,0.23663987964391708,0.00832715310389176,10.83090591430664,12.000367045402527
700,0.2358596734702587,0.007641090429387987,10.816934585571289,12.004924058914185
701,0.23654365167021751,0.008506900747306645,10.802979469299316,12.000696301460266
702,0.23602226562798023,0.008128934190608561,10.78903865814209,12.000295281410217
703,0.23495476506650448,0.007226735993754119,10.775114059448242,11.997689247131348
704,0.2350233979523182,0.007411724480334669,10.761204719543457,11.999963283538818
705,0.23506706580519676,0.007564385770820081,10.74731159210205,12.002956867218018
706,0.2358412891626358,0.00847399525810033,10.73343276977539,12.003297448158264
707,0.23521637916564941,0.007976851833518595,10.719572067260742,12.00438117980957
708,0.23427130281925201,0.007235219411086291,10.705726623535156,11.99788212776184
709,0.23534400947391987,0.008398276928346604,10.69189739227295,12.002676725387573
710,0.2351110503077507,0.008263703726697713,10.678082466125488,12.006653070449829
711,0.23375466838479042,0.007103623589500785,10.664285659790039,12.000818848609924
712,0.2353379987180233,0.008807883772533387,10.650504112243652,12.002508044242859
713,0.23395961336791515,0.007601530698593706,10.636739730834961,11.999069452285767
714,0.2345697619020939,0.008336514816619456,10.622991561889648,12.000332832336426
715,0.23344176448881626,0.0073235267191194,10.609257698059082,12.002566814422607
716,0.23361576907336712,0.0076597005245275795,10.595541954040527,12.000066041946411
717,0.23509258963167667,0.009229093848261982,10.581840515136719,12.004509449005127
718,0.23471888527274132,0.009045924816746265,10.568157196044922,11.999139428138733
719,0.23431036435067654,0.008738326490856707,10.554490089416504,12.00271451473236
720,0.23382140509784222,0.008413000439759344,10.540838241577148,12.00000274181366
721,0.2334434688091278,0.008130135538522154,10.527205467224121,12.004127979278564
722,0.23331445455551147,0.00818964111385867,10.513586044311523,11.99889600276947
723,0.23276646621525288,0.007768571027554572,10.499984741210938,11.999804973602295
724,0.23200875706970692,0.007123461924493313,10.486395835876465,12.002133846282959
725,0.23353697173297405,0.008805946679785848,10.472826957702637,12.000276327133179
726,0.23328897170722485,0.008616319973953068,10.459273338317871,12.007992148399353
727,0.2313215509057045,0.006870882702060044,10.4457368850708,11.999330759048462
728,0.23201189003884792,0.007692479848628864,10.43221664428711,11.999724745750427
729,0.23178684525191784,0.007549535424914211,10.418710708618164,12.0050208568573
730,0.2328165527433157,0.008768805651925504,10.40522289276123,11.999552726745605
731,0.23062776029109955,0.006737947929650545,10.391749382019043,11.99723207950592
732,0.23141518607735634,0.007598740223329514,10.378293991088867,12.003351092338562
733,0.2308630682528019,0.0072029600269161165,10.364852905273438,12.001158356666565
734,0.23035829328000546,0.006823429779615253,10.351428985595703,12.002058029174805
735,0.23115905188024044,0.007727148768026382,10.338020324707031,12.005170226097107
736,0.23047921806573868,0.007196897349786013,10.324627876281738,12.003604531288147
737,0.23087632469832897,0.007755671686027199,10.311250686645508,12.000815153121948
738,0.23116431944072247,0.008176889969035983,10.297890663146973,12.000852465629578
739,0.23070923052728176,0.0078056707861833274,10.284546852111816,12.0058091878891
740,0.2295636311173439,0.00681607163278386,10.271217346191406,12.003539085388184
741,0.23040924780070782,0.007803854008670896,10.257905006408691,12.002634644508362
742,0.2304243352264166,0.00802654738072306,10.244607925415039,11.995171189308167
743,0.23070431128144264,0.008365341054741293,10.231327056884766,12.002571105957031
744,0.23065594024956226,0.008445028972346336,10.218062400817871,12.003029465675354
745,0.2303315233439207,0.008232303545810282,10.204814910888672,12.005108118057251
746,0.2292222362011671,0.0073015455272980034,10.191580772399902,12.00048840045929
747,0.22981587424874306,0.008048134739510715,10.178363800048828,11.998410820960999
748,0.22875872254371643,0.007088491693139076,10.165162086486816,12.001861810684204
749,0.2304824311286211,0.008933179778978229,10.151975631713867,12.002949953079224
750,0.228923462331295,0.007451592886354774,10.138805389404297,12.008382558822632
751,0.23063892871141434,0.009366185520775616,10.125650405883789,12.00162398815155
752,0.22850164584815502,0.007375231012701988,10.112510681152344,12.000131011009216
753,0.2291317004710436,0.008127986337058246,10.099386215209961,12.000985860824585
754,0.22885862551629543,0.007994597835931927,10.086278915405273,12.000124454498291
755,0.22884789295494556,0.008069610979873687,10.073186874389648,12.004641890525818
756,0.22811752185225487,0.007517597870901227,10.060110092163086,11.999882936477661
757,0.22937911935150623,0.008856699801981449,10.047048568725586,12.005193948745728
758,0.22843428701162338,0.00808623229386285,10.034003257751465,12.000802397727966
759,0.2278700042515993,0.007633593224454671,10.020973205566406,12.002668619155884
760,0.2270145695656538,0.006915848818607628,10.007957458496094,12.001915097236633
761,0.22744235955178738,0.007484388537704945,9.99495792388916,12.000840067863464
762,0.22794601693749428,0.008090356190223247,9.981973648071289,12.00359320640564
763,0.22737486474215984,0.007674826076254249,9.969003677368164,12.001000761985779
764,0.22734553553164005,0.007749262265861034,9.956048965454102,12.003579139709473
765,0.22657142579555511,0.007121856207959354,9.943109512329102,12.001848816871643
766,0.22654297947883606,0.00719986017793417,9.930187225341797,12.004125475883484
767,0.22646632604300976,0.007252696843352169,9.917280197143555,12.004083275794983
768,0.22614809311926365,0.007111883664038032,9.904386520385742,11.999235153198242
769,0.22748275473713875,0.008567646786104888,9.891508102416992,12.000003218650818
770,0.22560441121459007,0.006824445736128837,9.878644943237305,11.999351739883423
771,0.22567635960876942,0.0070440463605336845,9.86579704284668,11.997434616088867
772,0.22603665851056576,0.0074881979380734265,9.8529634475708,12.001883625984192
773,0.22518706135451794,0.006782177952118218,9.8401460647583,12.000342607498169
774,0.22644421085715294,0.008111942326650023,9.827342987060547,12.005883932113647
775,0.22551636211574078,0.007378438313025981,9.814555168151855,11.999237537384033
776,0.22685086727142334,0.008791008207481354,9.801782608032227,12.00420331954956
777,0.22639934159815311,0.008498551324009895,9.789024353027344,12.001054883003235
778,0.22644495591521263,0.008629833057057112,9.776281356811523,12.005231976509094
779,0.22489778883755207,0.007237608602736145,9.76355266571045,12.002465963363647
780,0.22500708140432835,0.0074851480894722044,9.750839233398438,12.001353740692139
781,0.22575405053794384,0.00835087097948417,9.738142013549805,12.002176403999329
782,0.2247748114168644,0.007541025290265679,9.725457191467285,11.99792206287384
783,0.22559391893446445,0.008440473291557282,9.712788581848145,12.002556562423706
784,0.22431248798966408,0.0073151158867403865,9.700151443481445,11.99958598613739
785,0.22577437199652195,0.008791410073172301,9.687528610229492,12.010768055915833
786,0.2245900947600603,0.007846599793992937,9.674917221069336,11.999432563781738
787,0.22536983154714108,0.008729731547646224,9.662320137023926,12.00169038772583
788,0.22409400343894958,0.007589643239043653,9.649736404418945,12.000699639320374
789,0.22386031411588192,0.007427126925904304,9.637165069580078,12.00615394115448
790,0.2243098933249712,0.008023179252631962,9.62460708618164,12.004064559936523
791,0.2228733915835619,0.006742291268892586,9.612064361572266,12.001046419143677
792,0.22442871145904064,0.008438563556410372,9.599535942077637,11.999479413032532
793,0.22393747605383396,0.00803020445164293,9.587019920349121,12.003707766532898
794,0.22257226146757603,0.006757552677299827,9.574518203735352,12.00695288181305
795,0.2224653959274292,0.006855042593088001,9.562030792236328,11.999005317687988
796,0.2227209284901619,0.007230719493236393,9.549556732177734,11.999464511871338
797,0.2219901941716671,0.006626992952078581,9.537095069885254,11.999225616455078
798,0.22408216632902622,0.008822215313557535,9.524648666381836,12.001346945762634
799,0.2223873995244503,0.007203720335382968,9.512216567993164,12.00615131855011
800,0.22168846428394318,0.0066649975487962365,9.499797821044922,12.002548933029175
801,0.22218793258070946,0.0072791557176969945,9.487394332885742,12.003484010696411
802,0.22237491607666016,0.007604423852171749,9.475004196166992,12.002045750617981
803,0.2230344470590353,0.008375853765755892,9.462628364562988,12.003230571746826
804,0.2204936407506466,0.005981680878903717,9.450265884399414,12.000930547714233
805,0.22139349579811096,0.007022061967290938,9.437918663024902,11.99922502040863
806,0.2216522265225649,0.007392726838588715,9.42558479309082,12.000365734100342
807,0.22247138246893883,0.008320242224726826,9.413264274597168,12.001850247383118
808,0.2212221920490265,0.007155041093938053,9.400958061218262,12.005757689476013
809,0.22193716280162334,0.008034583879634738,9.388666152954102,12.001592636108398
810,0.22195328027009964,0.008159515971783549,9.376388549804688,12.002988457679749
811,0.22234616801142693,0.008731076144613326,9.364124298095703,11.997385025024414
812,0.22164417058229446,0.008071985153947026,9.351875305175781,12.005344033241272
813,0.22146502882242203,0.008063756104093045,9.339637756347656,12.000490188598633
814,0.2214896585792303,0.008127561130095273,9.327539443969727,12.008670926094055
815,0.22015591338276863,0.006997562886681408,9.31544017791748,12.000394701957703
816,0.22028033435344696,0.007258088269736618,9.3033447265625,11.998879671096802
817,0.22099288552999496,0.008074080396909267,9.291252136230469,12.000629186630249
818,0.22040325589478016,0.0075849106651730835,9.279167175292969,12.002667903900146
819,0.22025972418487072,0.007543826708570123,9.267086029052734,12.004504084587097
820,0.21952909603714943,0.006973540759645402,9.255010604858398,12.000544548034668
821,0.21974861808121204,0.007313565292861313,9.242942810058594,12.00056254863739
822,0.21868258714675903,0.006351223273668438,9.23088264465332,12.002254128456116
823,0.2199383769184351,0.007681283517740667,9.218830108642578,12.006879329681396
824,0.22136013582348824,0.009276598517317325,9.206788063049316,12.001566052436829
825,0.21971243992447853,0.00777350744465366,9.194755554199219,11.999138236045837
826,0.22000569105148315,0.008187246159650385,9.182731628417969,11.9991135597229
827,0.22028611786663532,0.00859899417264387,9.1707181930542,11.997995257377625
828,0.22108807787299156,0.00945488439174369,9.158714294433594,12.004605293273926
829,0.2197879310697317,0.008338567160535604,9.146721839904785,11.998214840888977
830,0.219210809096694,0.007788528397213668,9.134756088256836,12.007472276687622
831,0.21890020556747913,0.007677160145249218,9.122800827026367,11.99950397014618
832,0.21902145817875862,0.007865313556976616,9.110856056213379,12.004758954048157
833,0.2182612195611,0.007225117122288793,9.098921775817871,12.004688501358032
834,0.21767588704824448,0.006826212687883526,9.086997985839844,11.99796986579895
835,0.21842482313513756,0.0076650778646580875,9.075084686279297,12.000890254974365
836,0.2189795132726431,0.008342333661857992,9.06318187713623,12.0005362033844
837,0.21806217543780804,0.007559181016404182,9.051290512084961,11.999009490013123
838,0.21722342632710934,0.006799484486691654,9.039412498474121,12.002982020378113
839,0.21687191352248192,0.006561197689734399,9.027544975280762,12.003527283668518
840,0.21806053072214127,0.007901690027210861,9.015690803527832,12.00019371509552
841,0.21791721880435944,0.007867550652008504,9.003847122192383,12.00111985206604
842,0.21690568886697292,0.006940710009075701,8.992015838623047,12.004483103752136
843,0.21734544821083546,0.007540225458797067,8.98019790649414,12.000324845314026
844,0.21765819191932678,0.007940612034872174,8.968393325805664,12.003365397453308
845,0.2182931825518608,0.008753010886721313,8.956598281860352,11.997419834136963
846,0.21771774254739285,0.008217483176849782,8.944818496704102,12.005207777023315
847,0.2160996049642563,0.006778109876904637,8.933049201965332,11.999100923538208
848,0.21653176471590996,0.007317255774978548,8.921294212341309,12.000157117843628
849,0.21670466661453247,0.007568251108750701,8.909551620483398,12.004090309143066
850,0.21740248054265976,0.00843726540915668,8.897821426391602,11.998701095581055
851,0.21566525287926197,0.006730476103257388,8.886104583740234,12.007374167442322
852,0.2160260323435068,0.007290744571946561,8.874401092529297,11.999128580093384
853,0.21710450761020184,0.00843603746034205,8.862709045410156,12.004138827323914
854,0.21614579483866692,0.007617105671670288,8.851030349731445,12.00183880329132
855,0.21628668159246445,0.007913516892585903,8.839365005493164,11.997951745986938
856,0.21535089425742626,0.007062330085318536,8.827712059020996,12.001145482063293
857,0.21517765522003174,0.007021165278274566,8.816072463989258,11.999576807022095
858,0.21649583615362644,0.008423174091149122,8.804444313049316,12.002822279930115
859,0.21609208546578884,0.00813446962274611,8.792830467224121,12.002931594848633
860,0.21635504439473152,0.008518512535374612,8.781229019165039,12.002424120903015
861,0.2161672953516245,0.008432494942098856,8.769641876220703,12.003838658332825
862,0.21457713842391968,0.007009260822087526,8.758066177368164,11.998722314834595
863,0.21549436263740063,0.007993160979822278,8.746503829956055,12.00361692905426
864,0.2151949591934681,0.0078097773948684335,8.734954833984375,12.003563523292542
865,0.21544378995895386,0.008225943136494607,8.723417282104492,11.99836802482605
866,0.214171901345253,0.007061864132992923,8.711894989013672,11.999109506607056
867,0.21463320776820183,0.007612003537360579,8.700384140014648,12.001736640930176
868,0.21510611101984978,0.008208182058297098,8.688885688781738,12.00090754032135
869,0.21572476997971535,0.008908677729777992,8.677400588989258,12.004209280014038
870,0.2152022123336792,0.008524156466592103,8.665928840637207,12.001877069473267
871,0.213915778324008,0.007366824545897543,8.65446949005127,12.000426411628723
872,0.2146821990609169,0.008167998574208468,8.643023490905762,12.008396983146667
873,0.2153963316231966,0.009110683691687882,8.631589889526367,11.996975541114807
874,0.21332496032118797,0.007092026993632317,8.620476722717285,12.002817153930664
875,0.21507837623357773,0.008875316532794386,8.609344482421875,12.010962009429932
876,0.21545535139739513,0.009516156394965947,8.598306655883789,11.99561321735382
877,0.213597372174263,0.007756220875307918,8.587662696838379,11.996452331542969
878,0.21577546373009682,0.00988703581970185,8.57695484161377,12.011888265609741
879,0.21429393626749516,0.008533240179531276,8.566805839538574,12.009264469146729
880,0.2196344044059515,0.014072165358811617,8.556686401367188,11.99953806400299
881,0.22073549032211304,0.015242426190525293,8.547232627868652,12.002074241638184
882,0.21391758136451244,0.008481913071591407,8.538420677185059,12.005146503448486
883,0.22400245070457458,0.018302158219739795,8.529363632202148,12.040665864944458
884,0.23463017120957375,0.028853843454271555,8.520963668823242,12.056668996810913
885,0.22438247501850128,0.018852037843316793,8.513215065002441,12.039829015731812
886,0.2139460500329733,0.008818776637781411,8.505979537963867,12.00674843788147
887,0.22333765029907227,0.01838104147464037,8.49834156036377,11.99731969833374
888,0.22656321339309216,0.02143209706991911,8.49118709564209,12.021925568580627
889,0.21541541256010532,0.010133376927115023,8.484495162963867,12.0437091588974
890,0.22270985133945942,0.017586019588634372,8.477784156799316,12.03459894657135
891,0.2325457613915205,0.027501766569912434,8.471416473388672,12.032984018325806
892,0.22658266127109528,0.0214992705732584,8.465459823608398,12.042879581451416
893,0.21435629203915596,0.00944213813636452,8.45982837677002,12.031587719917297
894,0.22851134277880192,0.02398523408919573,8.45363712310791,11.998974442481995
895,0.25007673166692257,0.04516649106517434,8.447832107543945,12.043192028999329
896,0.2429679799824953,0.03762957872822881,8.442450523376465,12.091389894485474
897,0.22253671661019325,0.016938409418798983,8.437433242797852,12.122397899627686
898,0.21937348321080208,0.013894423143938184,8.432563781738281,12.11534309387207
899,0.22332060150802135,0.01835557713638991,8.42759895324707,12.068903803825378
900,0.22071328572928905,0.01595910987816751,8.422831535339355,12.052586317062378
901,0.21545002236962318,0.010753407725133002,8.418214797973633,12.051447033882141
902,0.21868595108389854,0.014340337715111673,8.413030624389648,12.021531581878662
903,0.2248967457562685,0.02043815515935421,8.408015251159668,12.037843942642212
904,0.21924570575356483,0.014587507233954966,8.403254508972168,12.062565922737122
905,0.21292478032410145,0.00827523018233478,8.398635864257812,12.066319704055786
906,0.21675308421254158,0.012622068054042757,8.393352508544922,12.019749164581299
907,0.21620209328830242,0.01176024740561843,8.388078689575195,12.056106567382812
908,0.21379495598375797,0.009130136633757502,8.382672309875488,12.083810210227966
909,0.21449792571365833,0.010507184313610196,8.376681327819824,12.022393345832825
910,0.2126712054014206,0.008819632406812161,8.370321273803711,12.014836430549622
911,0.2123585995286703,0.008220753574278206,8.363475799560547,12.050309300422668
912,0.21160116977989674,0.007913374691270292,8.356193542480469,12.012585997581482
913,0.2118158284574747,0.008058946405071765,8.348520278930664,12.02716851234436
914,0.21220071241259575,0.008182943216525018,8.340697288513184,12.061079859733582
915,0.2138255350291729,0.010259637492708862,8.332536697387695,12.024053931236267
916,0.2109003234654665,0.00760066881775856,8.324478149414062,12.00548803806305
917,0.21231720596551895,0.009021373756695539,8.316108703613281,12.013474822044373
918,0.21235832199454308,0.009058168507181108,8.307699203491211,12.022316455841064
919,0.21067379787564278,0.007425278192386031,8.299015045166016,12.025837540626526
920,0.21121065318584442,0.00809868285432458,8.290085792541504,12.021111488342285
921,0.21134557202458382,0.008393757743760943,8.280935287475586,12.014246463775635
922,0.21061834320425987,0.007837835990358144,8.271585464477539,12.006465673446655
923,0.2108169123530388,0.008146876120008528,8.26205825805664,12.004945755004883
924,0.21176624484360218,0.009018018376082182,8.252374649047852,12.022448301315308
925,0.21167096868157387,0.009046737046446651,8.242552757263184,12.01987075805664
926,0.21052459068596363,0.008116358076222241,8.2326078414917,12.008215546607971
927,0.21047534607350826,0.008226842270232737,8.222552299499512,12.002298593521118
928,0.20975659415125847,0.007612903020344675,8.212396621704102,12.001972436904907
929,0.20973631367087364,0.0076881261193193495,8.20215129852295,12.002667546272278
930,0.20975765772163868,0.007772966113407165,8.191827774047852,12.006641864776611
931,0.209360484033823,0.007398527814075351,8.181435585021973,12.01475977897644
932,0.20865769125521183,0.006859778019133955,8.170985221862793,12.008806943893433
933,0.2089939694851637,0.007307512569241226,8.160483360290527,12.008162379264832
934,0.2095036692917347,0.00794616190250963,8.149933815002441,12.005817294120789
935,0.20966333150863647,0.008296602754853666,8.139342308044434,11.997331142425537
936,0.20911438576877117,0.007821731211151928,8.128714561462402,12.000551104545593
937,0.20951684936881065,0.008270290330983698,8.118056297302246,12.006600260734558
938,0.2105177529156208,0.00935941532952711,8.107372283935547,12.008461594581604
939,0.208501935005188,0.007458291889633983,8.096667289733887,12.007697463035583
940,0.20882993377745152,0.00790269550634548,8.085943222045898,12.006780982017517
941,0.20785698294639587,0.007094769098330289,8.075202941894531,12.001018404960632
942,0.2074786964803934,0.006830987404100597,8.064448356628418,12.000323176383972
943,0.2090169433504343,0.008461308374535292,8.053685188293457,12.00187873840332
944,0.20830994471907616,0.007842255872674286,8.042914390563965,12.003854751586914
945,0.20758654549717903,0.007247974863275886,8.032137870788574,12.00171959400177
946,0.2082621492445469,0.008021839137654752,8.021355628967285,12.002675771713257
947,0.2066739723086357,0.006550365418661386,8.010570526123047,12.001789927482605
948,0.20872016064822674,0.008706080145202577,7.999785423278809,12.001622915267944
949,0.2064661830663681,0.00658512330846861,7.98900032043457,11.999106764793396
950,0.20708483085036278,0.007290444278623909,7.978217124938965,12.001221537590027
951,0.2063367273658514,0.006621287553571165,7.967436790466309,12.004108428955078
952,0.2071104422211647,0.0074979456840083,7.956659317016602,12.00459086894989
953,0.20774496160447598,0.008256126078777015,7.945886611938477,12.002997040748596
954,0.2070661224424839,0.007709824421908706,7.935120105743408,12.000509858131409
955,0.2065267488360405,0.007275593059603125,7.924359321594238,12.00075650215149
956,0.20691820792853832,0.0078025044640526175,7.913605213165283,11.997965455055237
957,0.2057650275528431,0.006704148778226227,7.902857780456543,12.003230571746826
958,0.20518841035664082,0.006243415409699082,7.892117500305176,12.002382040023804
959,0.20756923593580723,0.00871342420578003,7.88138484954834,12.004196882247925
960,0.20606985315680504,0.007343375589698553,7.870662689208984,12.001985907554626
961,0.20636812783777714,0.0077484879293479025,7.859949111938477,12.002015352249146
962,0.20558987371623516,0.007076493697240949,7.849245071411133,12.00209355354309
963,0.2066507451236248,0.008247088815551251,7.838549613952637,12.001816391944885
964,0.20484354346990585,0.006561612884979695,7.827864646911621,12.00032889842987
965,0.20550860650837421,0.007295796414837241,7.8171892166137695,12.00409185886383
966,0.20589872263371944,0.007795430545229465,7.806524753570557,12.003804683685303
967,0.20548872090876102,0.007497120357584208,7.795870780944824,12.003289580345154
968,0.2047238778322935,0.00690791622037068,7.785225868225098,11.996370673179626
969,0.20654067769646645,0.00879488023929298,7.774592876434326,11.999987125396729
970,0.20493727177381516,0.007290414767339826,7.763970375061035,12.000716090202332
971,0.20474876649677753,0.007194086501840502,7.753359317779541,12.00210964679718
972,0.20577025972306728,0.008262397546786815,7.742761135101318,12.008025527000427
973,0.20520490407943726,0.007872269896324724,7.732173442840576,12.00109052658081
974,0.20565063133835793,0.00842571776593104,7.721596717834473,12.000895738601685
975,0.20418674685060978,0.007072784879710525,7.711031436920166,12.000365257263184
976,0.20444730669260025,0.007386656245216727,7.70047664642334,12.00558853149414
977,0.20482055097818375,0.00790964177576825,7.689934253692627,12.00115692615509
978,0.2044780757278204,0.007668313279282302,7.6794023513793945,12.001574039459229
979,0.2039430122822523,0.007241194020025432,7.668883323669434,12.001298427581787
980,0.20376286283135414,0.007185876835137606,7.6583757400512695,11.999322772026062
981,0.2042429931461811,0.007701728260144591,7.647879600524902,12.006247282028198
982,0.20415478013455868,0.007790750765707344,7.637394905090332,11.999008417129517
983,0.20422158390283585,0.007941574265714735,7.626922607421875,12.001078724861145
984,0.20298636704683304,0.006809935497585684,7.616462230682373,12.001181721687317
985,0.2036682479083538,0.0075570999179035425,7.60601282119751,12.005102276802063
986,0.2035441230982542,0.007585922256112099,7.595575332641602,12.000245332717896
987,0.20239580422639847,0.006563213421031833,7.585149765014648,11.998110055923462
988,0.20383783802390099,0.008079366642050445,7.574736595153809,12.001111030578613
989,0.20301036909222603,0.0073841960984282196,7.564335823059082,11.998282074928284
990,0.2032562606036663,0.007664573262445629,7.553945541381836,12.005223393440247
991,0.2020993772894144,0.006627857219427824,7.543567180633545,12.003585457801819
992,0.2024533599615097,0.007069246203172952,7.533199787139893,12.005212306976318
993,0.20289077796041965,0.007652804430108517,7.522845268249512,12.000952124595642
994,0.20222638919949532,0.007109003490768373,7.512503147125244,11.999236226081848
995,0.2025124989449978,0.007485985232051462,7.502172470092773,12.000479340553284
996,0.20282429084181786,0.0078971823095344,7.491853713989258,12.00085735321045
997,0.20245121233165264,0.007573124603368342,7.481545448303223,12.006263732910156
998,0.2016228660941124,0.006893089739605784,7.471249103546143,12.001728653907776
999,0.20300918631255627,0.008368864888325334,7.460964202880859,12.003068804740906
1000,0.20183452032506466,0.007342476164922118,7.4506916999816895,11.998512864112854
1001,0.20176250487565994,0.007342709053773433,7.440431594848633,12.001548647880554
1002,0.20118778385221958,0.0068649742170237005,7.4301838874816895,12.002097249031067
1003,0.20308242924511433,0.0088969700736925,7.419946670532227,11.998599410057068
1004,0.20270834676921368,0.00859819637844339,7.409721851348877,12.001293540000916
1005,0.2013007253408432,0.007302511658053845,7.399507999420166,12.000314354896545
1006,0.2010183483362198,0.007088840939104557,7.38930606842041,12.003645658493042
1007,0.20197195746004581,0.008160322846379131,7.379115581512451,12.00204849243164
1008,0.2010995466262102,0.007390988175757229,7.3689374923706055,12.001918911933899
1009,0.20183642022311687,0.008257244946435094,7.358770370483398,11.999147891998291
1010,0.20138232968747616,0.007881925033871084,7.348615646362305,12.00142514705658
1011,0.20128511264920235,0.0078512083273381,7.338470935821533,12.00492000579834
1012,0.20090365409851074,0.007588874257635325,7.328339099884033,12.00313937664032
1013,0.20171724632382393,0.008528259641025215,7.318218231201172,12.000680685043335
1014,0.19958901591598988,0.006503994227387011,7.308109760284424,12.00039255619049
1015,0.20013600029051304,0.007157837215345353,7.298013687133789,11.999802947044373
1016,0.20068425871431828,0.007774814090225846,7.287928104400635,12.003016948699951
1017,0.20034833811223507,0.007548532914370298,7.277853488922119,12.002127408981323
1018,0.2004341408610344,0.00777376361656934,7.267790794372559,11.998247742652893
1019,0.2002844177186489,0.007713853847235441,7.257740020751953,11.999316573143005
1020,0.20012648776173592,0.007637948845513165,7.247700214385986,12.00115442276001
1021,0.2000001259148121,0.0075822678045369685,7.2376708984375,12.00411570072174
1022,0.2003319337964058,0.008032935846131295,7.227654457092285,12.002246022224426
1023,0.19889757595956326,0.0067177609307691455,7.217649459838867,12.000332593917847
1024,0.19894005171954632,0.006875404214952141,7.207655906677246,11.998808979988098
1025,0.1997702270746231,0.007794621225912124,7.197673797607422,11.999887108802795
1026,0.19911281764507294,0.00718911160947755,7.1877031326293945,12.004667520523071
1027,0.19883519038558006,0.007037344097625464,7.177743911743164,12.00204062461853
1028,0.19932266138494015,0.007655936933588237,7.1677961349487305,11.998876333236694
1029,0.20019461959600449,0.00859237025724724,7.1578593254089355,12.002365708351135
1030,0.1989732552319765,0.007500680512748659,7.147933006286621,11.999325037002563
1031,0.1988991443067789,0.007490164891351014,7.138019561767578,12.00287926197052
1032,0.1983704622834921,0.007067215163260698,7.128116607666016,12.00220799446106
1033,0.1979350969195366,0.006723114580381662,7.11822509765625,12.002973556518555
1034,0.1992238201200962,0.008130090544000268,7.108345031738281,12.001028180122375
1035,0.19869311340153217,0.0076818413799628615,7.098476886749268,12.00265109539032
1036,0.19847882725298405,0.0075978508102707565,7.088619232177734,11.999479293823242
1037,0.197894886136055,0.0071030204417183995,7.078773021697998,12.00041401386261
1038,0.19894962571561337,0.00825605692807585,7.068938255310059,12.000419020652771
1039,0.19817766919732094,0.007583357219118625,7.059115409851074,12.000316381454468
1040,0.19768778048455715,0.007152306381613016,7.04930305480957,12.004244804382324
1041,0.1980474442243576,0.007685304910410196,7.039501667022705,11.996712803840637
1042,0.19772223755717278,0.0073860398842953146,7.029712200164795,12.003907918930054
1043,0.1998837050050497,0.009697781293652952,7.019932746887207,11.99865996837616
1044,0.19816956669092178,0.008016155974473804,7.010272026062012,12.005068898200989
1045,0.19828050024807453,0.008250427374150604,7.000612258911133,12.002395391464233
1046,0.19738714396953583,0.007450321572832763,6.99095344543457,12.002728939056396
1047,0.19838077761232853,0.008554892207030207,6.981297492980957,12.001290798187256
1048,0.1982241701334715,0.008512754749972373,6.971644401550293,11.999497056007385
1049,0.19676582515239716,0.007139606634154916,6.9619951248168945,12.000627517700195
1050,0.19684939458966255,0.007323297846596688,6.95235013961792,12.00025999546051
1051,0.1974332220852375,0.007975071028340608,6.942709922790527,12.003105878829956
1052,0.19701861217617989,0.007663830474484712,6.933075428009033,12.002403020858765
1053,0.1967637836933136,0.007501722662709653,6.92344856262207,12.002758502960205
1054,0.1964675635099411,0.0073504941537976265,6.913827896118164,11.997879266738892
1055,0.19615783542394638,0.00710885098669678,6.904214859008789,12.000683903694153
1056,0.19633977487683296,0.007362828066106886,6.894608974456787,12.00308644771576
1057,0.19641959108412266,0.0075336924055591226,6.885011196136475,12.00357985496521
1058,0.19617798179388046,0.007414739578962326,6.87542200088501,12.000902652740479
1059,0.19735639542341232,0.008710915339179337,6.865840911865234,11.998708009719849
1060,0.19665437191724777,0.008050088013987988,6.856269359588623,12.004159450531006
1061,0.19581404514610767,0.007369442726485431,6.846768856048584,11.997691988945007
1062,0.19635623320937157,0.00794333271915093,6.837286949157715,12.004003524780273
1063,0.196236414834857,0.007945977617055178,6.82780647277832,12.001237154006958
1064,0.19640478305518627,0.008191219007130712,6.818329811096191,12.003027319908142
1065,0.19592794962227345,0.007796189573127776,6.808856010437012,12.00432026386261
1066,0.1959478296339512,0.007959265960380435,6.799386978149414,11.999469757080078
1067,0.19507154636085033,0.007120636000763625,6.789923191070557,12.005168437957764
1068,0.1958700232207775,0.00803839648142457,6.780465126037598,12.002697825431824
1069,0.1948790978640318,0.007119701651390642,6.771012306213379,12.004927277565002
1070,0.19547727890312672,0.007844263513106853,6.761566162109375,12.001736044883728
1071,0.1960348580032587,0.008536015171557665,6.7521257400512695,11.997758865356445
1072,0.1961464285850525,0.00867836968973279,6.742693901062012,12.004112720489502
1073,0.19537314400076866,0.00804962101392448,6.7333574295043945,11.998995304107666
1074,0.1940205730497837,0.0067603979259729385,6.724020004272461,12.001997709274292
1075,0.19502495415508747,0.007840055390261114,6.714683532714844,12.003806948661804
1076,0.19419689290225506,0.007164564449340105,6.70534610748291,11.997887372970581
1077,0.1945849433541298,0.007599852280691266,6.696012496948242,12.002496600151062
1078,0.19422651268541813,0.007344239100348204,6.686679840087891,12.001547694206238
1079,0.19369801320135593,0.006903734465595335,6.6773529052734375,12.002075552940369
1080,0.19425977766513824,0.0075723344925791025,6.668031215667725,12.000713229179382
1081,0.1939982883632183,0.007407105935271829,6.658713340759277,12.000405073165894
1082,0.19538367167115211,0.008833714644424617,6.64940071105957,12.005595445632935
1083,0.19408702664077282,0.007652845000848174,6.640093803405762,12.003324389457703
1084,0.19480866380035877,0.008472752408124506,6.630794048309326,12.002797365188599
1085,0.19387482665479183,0.0076551344827748835,6.621501445770264,12.000467777252197
1086,0.1931334938853979,0.007013097172603011,6.612216949462891,11.999823570251465
1087,0.19203756749629974,0.005995051586069167,6.602940082550049,12.001311659812927
1088,0.19378209300339222,0.007802513835486025,6.593670845031738,12.004287362098694
1089,0.19347108155488968,0.007586739142425358,6.584409713745117,12.004025220870972
1090,0.1933325231075287,0.007556458993349224,6.575155735015869,12.002451658248901
1091,0.1932242251932621,0.007570401823613793,6.565911293029785,11.999471545219421
1092,0.1926307175308466,0.007058594434056431,6.556674957275391,12.000537872314453
1093,0.19169594906270504,0.006209075392689556,6.54744815826416,12.001239657402039
1094,0.19281879998743534,0.007389549107756466,6.53823184967041,12.004693746566772
1095,0.19198626652359962,0.006689798959996551,6.529023170471191,12.000624060630798
1096,0.19213176891207695,0.006940628867596388,6.519824981689453,11.999289155006409
1097,0.1927628330886364,0.007645415375009179,6.510635852813721,12.001106142997742
1098,0.19293638691306114,0.00792619853746146,6.501455783843994,11.999563336372375
1099,0.19255723245441914,0.007589842076413333,6.492286205291748,12.004453182220459
1100,0.19306531362235546,0.008192793116904795,6.483125686645508,12.00412654876709
1101,0.19112742878496647,0.006379031634423882,6.473976135253906,12.000864505767822
1102,0.1916086245328188,0.00694169761845842,6.464834213256836,12.001859307289124
1103,0.1911573801189661,0.006605220783967525,6.455703258514404,11.999512910842896
1104,0.19254163466393948,0.00806233542971313,6.446582794189453,12.001347661018372
1105,0.1921138297766447,0.007736716535873711,6.437472343444824,12.000239491462708
1106,0.19204295240342617,0.007735784514807165,6.428372859954834,12.002344250679016
1107,0.19223002903163433,0.008024005393963307,6.419281959533691,12.001320838928223
1108,0.19061104767024517,0.006457540031988174,6.410201072692871,12.005149960517883
1109,0.19111499190330505,0.007104571035597473,6.401130676269531,11.999911546707153
1110,0.19160481356084347,0.007685731223318726,6.3920698165893555,11.999838590621948
1111,0.19249886646866798,0.008631725562736392,6.383019924163818,12.003694653511047
1112,0.19235139340162277,0.00861261144746095,6.373979568481445,11.99989914894104
1113,0.19172860868275166,0.008050367760006338,6.3649492263793945,12.002875447273254
1114,0.19178805872797966,0.008214210974983871,6.355928897857666,12.001456379890442
1115,0.19116544164717197,0.007689300458878279,6.346920013427734,12.000694036483765
1116,0.1920531839132309,0.008683243941050023,6.337921142578125,11.999072551727295
1117,0.191704910248518,0.008375216624699533,6.3289313316345215,12.004038095474243
1118,0.19089088402688503,0.007703403302002698,6.319952487945557,11.998796582221985
1119,0.19103457033634186,0.007905109319835901,6.310983657836914,12.001963019371033
1120,0.19035105407238007,0.007310881104785949,6.30202579498291,12.001991152763367
1121,0.18955356627702713,0.006623128894716501,6.29307746887207,11.999966859817505
1122,0.19086865708231926,0.007962197298184037,6.284139156341553,12.00650703907013
1123,0.18976637162268162,0.0070298315258696675,6.275210380554199,11.998443365097046
1124,0.18999862484633923,0.007355236622970551,6.266293048858643,11.998046159744263
1125,0.19094799272716045,0.008319807995576411,6.25738525390625,12.005433797836304
1126,0.19025343656539917,0.0077628648723475635,6.24848747253418,12.000570178031921
1127,0.19017145037651062,0.007765328278765082,6.23960018157959,12.001011967658997
1128,0.19056196697056293,0.00825480610365048,6.230721473693848,11.999995112419128
1129,0.18954559043049812,0.0073256135219708085,6.221854209899902,12.000143766403198
1130,0.18976309150457382,0.00760791270295158,6.2129974365234375,12.002520442008972
1131,0.1897265948355198,0.007648898055776954,6.204150199890137,12.00361967086792
1132,0.18912667781114578,0.007194650359451771,6.195313453674316,11.997889280319214
1133,0.19021398574113846,0.008281406597234309,6.186487197875977,12.006770968437195
1134,0.18862437084317207,0.006857955770101398,6.177675247192383,11.998966932296753
1135,0.18982001207768917,0.008110459719318897,6.168874263763428,12.002081394195557
1136,0.19007927365601063,0.008461623569019139,6.16008186340332,12.001683354377747
1137,0.18927297182381153,0.007778863189741969,6.151299476623535,11.998111844062805
1138,0.18863121047616005,0.007207907037809491,6.142526149749756,11.999804496765137
1139,0.18940704315900803,0.008049699710682034,6.133762359619141,12.001972317695618
1140,0.18943983130156994,0.008193462155759335,6.125009059906006,11.999627947807312
1141,0.1891497727483511,0.007943587901536375,6.116265296936035,12.004353880882263
1142,0.1875014491379261,0.0064096496207639575,6.107531547546387,12.001649022102356
1143,0.18786519579589367,0.00688471004832536,6.0988078117370605,11.999241352081299
1144,0.18773347325623035,0.006806581630371511,6.090092658996582,12.002596616744995
1145,0.18850435130298138,0.00768006406724453,6.081388473510742,12.0010404586792
1146,0.1881887335330248,0.007452837249729782,6.072693347930908,12.000896096229553
1147,0.18733825162053108,0.006695430492982268,6.064007759094238,12.000274419784546
1148,0.18778111971914768,0.007203930232208222,6.055332183837891,12.002387642860413
1149,0.18853886425495148,0.008036293205805123,6.046667098999023,12.00359058380127
1150,0.18816356174647808,0.007785556837916374,6.038011074066162,11.999789953231812
1151,0.1882000658661127,0.007914319285191596,6.0293660163879395,11.99920916557312
1152,0.18879461288452148,0.008567685377784073,6.020730495452881,12.001962423324585
1153,0.18753518350422382,0.007413111161440611,6.01210355758667,12.000104188919067
1154,0.18733548372983932,0.0072820206405594945,6.003487586975098,12.001859188079834
1155,0.187162347137928,0.0072203410672955215,5.994881629943848,11.999319434165955
1156,0.1868817862123251,0.00702979345805943,5.986284255981445,11.998915433883667
1157,0.1871240120381117,0.00731600058497861,5.977697849273682,12.003103494644165
1158,0.18664283119142056,0.006923065928276628,5.969120025634766,12.002856850624084
1159,0.186751127243042,0.007152061036322266,5.960552215576172,11.999354839324951
1160,0.18581123650074005,0.006292845995631069,5.951995849609375,11.99984347820282
1161,0.18673543445765972,0.007289135130122304,5.943447113037109,12.00118362903595
1162,0.18633048608899117,0.006933537486474961,5.934910297393799,12.004785418510437
1163,0.18624544702470303,0.0069450264563784,5.926382541656494,12.003659963607788
1164,0.18547582998871803,0.006303950503934175,5.917863845825195,11.999324440956116
1165,0.1874738484621048,0.008388997754082084,5.9093546867370605,11.999130964279175
1166,0.1860672365874052,0.007064762408845127,5.900855541229248,11.99939250946045
1167,0.18515410833060741,0.0062192067271098495,5.892366409301758,12.001124024391174
1168,0.1864254716783762,0.0075051605817861855,5.883887767791748,12.008143544197083
1169,0.1864226534962654,0.00763704496785067,5.875417709350586,12.003143429756165
1170,0.18583954498171806,0.0071623228141106665,5.866957664489746,12.000764846801758
1171,0.1858219299465418,0.0072423150995746255,5.8585076332092285,11.999454379081726
1172,0.1853951681405306,0.00689058075658977,5.850067138671875,12.000392198562622
1173,0.18544028885662556,0.0070119284791871905,5.84163761138916,12.001198649406433
1174,0.1854856312274933,0.0071504347724840045,5.833216667175293,12.000303030014038
1175,0.18471495434641838,0.006468910723924637,5.82480525970459,11.999799132347107
1176,0.18532030284404755,0.007150307530537248,5.816402435302734,12.000597357749939
1177,0.18548595905303955,0.007388099911622703,5.808010578155518,12.001775622367859
1178,0.18519962951540947,0.007177048770245165,5.799628734588623,12.00262975692749
1179,0.18616585992276669,0.008234836044721305,5.791256427764893,12.001846432685852
1180,0.18657386489212513,0.008718512835912406,5.782893657684326,12.002641677856445
1181,0.18572057224810123,0.007935781264677644,5.774539947509766,12.003940105438232
1182,0.18553290888667107,0.007852623471990228,5.766196250915527,12.001832485198975
1183,0.18576697632670403,0.008141352271195501,5.757862091064453,12.004700541496277
1184,0.1843570712953806,0.006871202203910798,5.749536991119385,11.999050259590149
1185,0.18590530008077621,0.008480913646053523,5.741222858428955,12.001216769218445
1186,0.18508512154221535,0.007739926630165428,5.732916355133057,12.001603603363037
1187,0.18501477874815464,0.007749366399366409,5.724620819091797,12.001920342445374
1188,0.1852941494435072,0.00816597486846149,5.716334342956543,11.996483445167542
1189,0.18597956746816635,0.008879010274540633,5.708057403564453,12.001998662948608
1190,0.18565873987972736,0.00865524890832603,5.699880599975586,12.000468611717224
1191,0.1847666334360838,0.0077384221367537975,5.691789150238037,12.011032342910767
1192,0.18622472137212753,0.009381118696182966,5.683689594268799,12.000670671463013
1193,0.18341436050832272,0.006645334651693702,5.6755852699279785,12.001317262649536
1194,0.1848771646618843,0.008215228153858334,5.667476177215576,11.99871814250946
1195,0.1840243898332119,0.007397659297566861,5.659363746643066,12.003309607505798
1196,0.18528922833502293,0.008696889039129019,5.65125036239624,12.007984399795532
1197,0.18459160439670086,0.008180547039955854,5.643136024475098,11.99796974658966
1198,0.18550700321793556,0.009116808127146214,5.635119438171387,12.003900527954102
1199,0.18324449844658375,0.006969694921281189,5.62709379196167,12.000386595726013
1200,0.1836440358310938,0.007402751944027841,5.619062423706055,12.005066275596619
1201,0.18320951610803604,0.00706739496672526,5.611024856567383,12.00318729877472
1202,0.18398060090839863,0.007961334777064621,5.602984428405762,11.998942613601685
1203,0.18312447890639305,0.0071987821138463914,5.594941139221191,11.997629284858704
1204,0.1828557699918747,0.006990491587202996,5.5868964195251465,11.999631762504578
1205,0.18335656635463238,0.007539236161392182,5.578851699829102,12.002881526947021
1206,0.18369846232235432,0.00794045114889741,5.570807933807373,12.004993557929993
1207,0.18340265564620495,0.007773523568175733,5.562766075134277,12.000147819519043
1208,0.18308467604219913,0.007543496496509761,5.554725170135498,11.999393105506897
1209,0.18281628377735615,0.007304498692974448,5.546688556671143,12.004490375518799
1210,0.18342174217104912,0.008024406270124018,5.538655757904053,12.001078009605408
1211,0.18262846767902374,0.007302855665329844,5.530627250671387,12.001934170722961
1212,0.18221374414861202,0.006986391788814217,5.5226030349731445,12.00013256072998
1213,0.18320831656455994,0.008034205995500088,5.514584064483643,12.002827286720276
1214,0.18285669945180416,0.007717561209574342,5.506570339202881,12.007343530654907
1215,0.18297503888607025,0.007992967613972723,5.498562812805176,11.99964451789856
1216,0.18214105255901814,0.007237811340019107,5.490561485290527,11.999763250350952
1217,0.1817354504019022,0.006944005843251944,5.482567310333252,11.996577739715576
1218,0.1822595652192831,0.007495974074117839,5.474579811096191,12.001779913902283
1219,0.18145348690450191,0.006787384278140962,5.466599464416504,12.000011324882507
1220,0.18201888911426067,0.0073690866702236235,5.458625793457031,12.006354928016663
1221,0.1817665658891201,0.007236139383167028,5.450659275054932,12.002383828163147
1222,0.18094813078641891,0.006502548989374191,5.44270133972168,12.00185751914978
1223,0.18120236694812775,0.0068384670303203166,5.434751510620117,12.001638531684875
1224,0.1818604525178671,0.00759236078010872,5.426809787750244,11.999999761581421
1225,0.183097705245018,0.008816099667456001,5.418874740600586,12.009286165237427
1226,0.18164617381989956,0.007547360903117806,5.410949230194092,11.998932600021362
1227,0.18234772607684135,0.00828524079406634,5.403030872344971,12.003218293190002
1228,0.1829157192260027,0.008953292097430676,5.395122528076172,12.001120805740356
1229,0.1813595611602068,0.00743942940607667,5.387220859527588,12.00479245185852
1230,0.18180018849670887,0.007982531387824565,5.379354953765869,12.002410769462585
1231,0.18036668002605438,0.006616656144615263,5.371495246887207,12.003507614135742
1232,0.18135791644454002,0.0077301967539824545,5.363641738891602,11.999130725860596
1233,0.18114577047526836,0.0076015881495550275,5.355794906616211,11.998623847961426
1234,0.1815665066242218,0.008043215842917562,5.347954750061035,12.004375219345093
1235,0.1810664962977171,0.0076738057541660964,5.340120792388916,11.999148845672607
1236,0.18090473860502243,0.0075178847764618695,5.332294940948486,12.006390571594238
1237,0.18061241880059242,0.00737816357286647,5.3244757652282715,11.998950481414795
1238,0.18081483244895935,0.007645079400390387,5.316664218902588,12.000311493873596
1239,0.18041225336492062,0.007299745047930628,5.308860778808594,12.002390742301941
1240,0.18122832290828228,0.008226594247389585,5.301064491271973,11.99910855293274
1241,0.18156802654266357,0.008568365592509508,5.293308734893799,12.006657719612122
1242,0.18095934391021729,0.00809195067267865,5.285567760467529,12.001171827316284
1243,0.18078811839222908,0.007953146181534976,5.277830600738525,12.005667328834534
1244,0.18025079555809498,0.007527048874180764,5.270098686218262,12.002276301383972
1245,0.18019843474030495,0.007587503467220813,5.262372016906738,11.998721480369568
1246,0.1797970850020647,0.00721871672431007,5.254650592803955,12.003186464309692
1247,0.1806057058274746,0.00816123787080869,5.24693489074707,11.997512340545654
1248,0.1802770048379898,0.007861407939344645,5.239224433898926,12.002335548400879
1249,0.1793794147670269,0.007054844172671437,5.231521129608154,12.000936627388
1250,0.17938814498484135,0.00712525041308254,5.2238240242004395,12.002465605735779
1251,0.17921912670135498,0.007014651200734079,5.216134071350098,12.004314064979553
1252,0.17950163036584854,0.007430640107486397,5.208451747894287,11.998647689819336
1253,0.17977707087993622,0.007751097669824958,5.20077657699585,12.001820921897888
1254,0.18001316115260124,0.008063961693551391,5.193107604980469,12.001813054084778
1255,0.17989729158580303,0.00803570228163153,5.185446739196777,12.000713109970093
1256,0.17900624498724937,0.007193297205958515,5.177792549133301,12.003502249717712
1257,0.18006319180130959,0.008350532909389585,5.170146942138672,12.001119613647461
1258,0.17910386249423027,0.00744136783760041,5.162509441375732,12.003740787506104
1259,0.17930587008595467,0.007746594026684761,5.154880046844482,12.00104808807373
1260,0.18027282878756523,0.008789331826847047,5.147258758544922,12.001091480255127
1261,0.17960180155932903,0.008226294012274593,5.139645576477051,11.997905731201172
1262,0.1788886822760105,0.00756713270675391,5.132040977478027,12.00011432170868
1263,0.17886278964579105,0.007602758763823658,5.124444007873535,12.001559495925903
1264,0.17848164401948452,0.007250972092151642,5.116855621337891,12.00621223449707
1265,0.1789566297084093,0.00784585002111271,5.1092753410339355,12.001802921295166
1266,0.17870892211794853,0.007709555677138269,5.101703643798828,11.998233556747437
1267,0.1788595523685217,0.007887574611231685,5.094140529632568,12.003057718276978
1268,0.17908421717584133,0.008232120366301388,5.086585998535156,11.998623728752136
1269,0.1790274828672409,0.008198075636755675,5.079039573669434,12.003901600837708
1270,0.17806600965559483,0.00733336218399927,5.0715012550354,12.001763820648193
1271,0.17861187644302845,0.007975331973284483,5.063972473144531,11.999682545661926
1272,0.1774507276713848,0.006842161645181477,5.056451797485352,12.004405617713928
1273,0.1774071790277958,0.006944693857803941,5.048940181732178,11.99730896949768
1274,0.1778426207602024,0.007405617565382272,5.04143762588501,12.002262949943542
1275,0.17795033752918243,0.007596529088914394,5.033942222595215,12.001438975334167
1276,0.1779747363179922,0.0076962232706137,5.026456356048584,12.001395463943481
1277,0.17847043089568615,0.008221999043598771,5.018978595733643,12.005865097045898
1278,0.17879018001258373,0.008644142129924148,5.011509895324707,12.00309431552887
1279,0.1780783999711275,0.008050683478359133,5.004049777984619,11.998721957206726
1280,0.17702792957425117,0.007055128924548626,4.996598243713379,12.00068199634552
1281,0.17669555731117725,0.006826240802183747,4.989155292510986,11.997777104377747
1282,0.17650691606104374,0.006647287460509688,4.981720924377441,12.004242420196533
1283,0.17689762078225613,0.007105815166141838,4.974295139312744,12.004885911941528
1284,0.1770282406359911,0.007368453836534172,4.966878414154053,11.999100923538208
1285,0.17718789912760258,0.007557344972155988,4.959469795227051,12.003585934638977
1286,0.17707433365285397,0.007532903866376728,4.952070713043213,12.00207269191742
1287,0.1765820626169443,0.007120962080080062,4.944679260253906,12.001430988311768
1288,0.17704565450549126,0.007653328299056739,4.9372968673706055,12.001935958862305
1289,0.17685236781835556,0.007537836325354874,4.9299235343933105,12.001530289649963
1290,0.17689182423055172,0.007597742893267423,4.9225592613220215,12.00684916973114
1291,0.1777595579624176,0.008577444241382182,4.9152021408081055,12.003009676933289
1292,0.17627768777310848,0.007176031649578363,4.907854080200195,12.002311944961548
1293,0.17687690630555153,0.007886072038672864,4.900514602661133,11.99856960773468
1294,0.17623640969395638,0.0073006077436730266,4.893184185028076,12.000396370887756
1295,0.17643671669065952,0.007577625394333154,4.885862350463867,12.000046849250793
1296,0.17635716311633587,0.007545748259872198,4.878549098968506,12.00259280204773
1297,0.17617597617208958,0.007445473689585924,4.871244430541992,12.001806020736694
1298,0.1764667723327875,0.00778324663406238,4.863947868347168,12.004405498504639
1299,0.1755515057593584,0.006955088581889868,4.85666036605835,12.002981543540955
1300,0.17704247869551182,0.008522314310539514,4.849381446838379,12.002635478973389
1301,0.175070658326149,0.0066272710100747645,4.842111110687256,12.002228021621704
1302,0.17535095289349556,0.0069713814300484955,4.834849834442139,12.003107786178589
1303,0.17511044815182686,0.006801627983804792,4.827596664428711,12.003285527229309
1304,0.1753219347447157,0.007107668381650001,4.820351600646973,12.001075148582458
1305,0.1751413457095623,0.006979406287427992,4.813115119934082,12.003079175949097
1306,0.1757388785481453,0.0076667669345624745,4.805887222290039,12.00132441520691
1307,0.17495852895081043,0.006992977811023593,4.798668384552002,11.997886896133423
1308,0.17522120289504528,0.007308930915314704,4.791457653045654,11.999770045280457
1309,0.17584016546607018,0.007988749828655273,4.784255504608154,12.0008864402771
1310,0.1748836264014244,0.007068652252200991,4.7770609855651855,12.00443696975708
1311,0.17513358779251575,0.007408443198073655,4.769876003265381,12.002639055252075
1312,0.17448263056576252,0.006806462944950908,4.762700080871582,12.00491726398468
1313,0.17487801425158978,0.0073087483760900795,4.755532264709473,12.001395106315613
1314,0.17577238380908966,0.008246500394307077,4.748372554779053,12.004216074943542
1315,0.17551575228571892,0.008085257955826819,4.7412214279174805,12.001828670501709
1316,0.1747160218656063,0.007387733145151287,4.734078407287598,11.998750686645508
1317,0.1751813404262066,0.007880434044636786,4.726943492889404,12.003147602081299
1318,0.17448032461106777,0.007233068230561912,4.719817161560059,12.00490915775299
1319,0.1756967417895794,0.008565955038648099,4.712699890136719,12.00037956237793
1320,0.17574824579060078,0.008608886389993131,4.705591201782227,12.008345007896423
1321,0.17375728860497475,0.006791137740947306,4.698557376861572,11.998057961463928
1322,0.17459141090512276,0.007679212372750044,4.691525459289551,11.99969494342804
1323,0.1754248309880495,0.008567531884182245,4.68449592590332,12.001234412193298
1324,0.17527923919260502,0.008521423384081572,4.677468776702881,11.998313307762146
1325,0.17520072683691978,0.008432023518253118,4.670444965362549,12.006425619125366
1326,0.17548438347876072,0.00883673143107444,4.663427829742432,12.001337885856628
1327,0.17522465251386166,0.008623291505500674,4.656414985656738,12.003721237182617
1328,0.17609631456434727,0.009557617653626949,4.649406433105469,12.00446355342865
1329,0.17457991652190685,0.008161938516423106,4.642455101013184,11.999343156814575
1330,0.17445609346032143,0.00810133054619655,4.63550329208374,11.99997329711914
1331,0.17335006594657898,0.007064742618240416,4.628552436828613,11.999980449676514
1332,0.17390501499176025,0.0076313557219691575,4.621603488922119,12.005762577056885
1333,0.1741036344319582,0.007947903883177787,4.614656448364258,12.000917196273804
1334,0.1738059427589178,0.007675784174352884,4.607711315155029,12.00530481338501
1335,0.17371710389852524,0.00772017752751708,4.600770473480225,11.99892258644104
1336,0.17397378757596016,0.008028647629544139,4.593832969665527,12.000681400299072
1337,0.17367196828126907,0.007782846048939973,4.586899757385254,12.002012968063354
1338,0.17360788770020008,0.007793903525453061,4.579970359802246,12.001428723335266
1339,0.17286607809364796,0.007109663973096758,4.573046684265137,12.002594828605652
1340,0.1731666922569275,0.007488461502362043,4.566128253936768,12.001695036888123
1341,0.17355017364025116,0.007898844196461141,4.559215545654297,12.005917310714722
1342,0.173787921667099,0.008257369219791144,4.552309513092041,12.000746130943298
1343,0.17346669733524323,0.007987104705534875,4.545408725738525,12.002551317214966
1344,0.17331211268901825,0.007912134868092835,4.538513660430908,12.001484274864197
1345,0.17299544624984264,0.007720417052041739,4.531624794006348,11.99587893486023
1346,0.17286322824656963,0.007573770766612142,4.52474308013916,12.004203081130981
1347,0.1723643783479929,0.007163082831539214,4.517868518829346,12.002261519432068
1348,0.17241588048636913,0.007290346024092287,4.511002063751221,12.001551508903503
1349,0.17317568324506283,0.008120702696032822,4.504141807556152,12.001356720924377
1350,0.1717115081846714,0.006774403853341937,4.497288227081299,11.99642264842987
1351,0.1722236704081297,0.007296930649317801,4.490441799163818,12.002232313156128
1352,0.17188497632741928,0.007018567412160337,4.483602523803711,12.00303864479065
1353,0.17143413238227367,0.006641768792178482,4.476771354675293,12.002465724945068
1354,0.1723277922719717,0.007579481054563075,4.46994686126709,12.004884362220764
1355,0.17118280939757824,0.006535941385664046,4.463129997253418,12.001557111740112
1356,0.1710811946541071,0.006503070588223636,4.4563212394714355,12.001491665840149
1357,0.1727581974118948,0.008228076680097729,4.449520111083984,12.00349235534668
1358,0.1718606874346733,0.00743572402279824,4.442727088928223,11.999769926071167
1359,0.17253024503588676,0.008174258633516729,4.435940742492676,11.999658703804016
1360,0.1723783202469349,0.008074417302850634,4.429162502288818,12.001228213310242
1361,0.1722322404384613,0.007999657595064491,4.422391414642334,12.000867247581482
1362,0.1722143329679966,0.008036538434680551,4.415628910064697,12.002151012420654
1363,0.1716608814895153,0.0075738487066701055,4.40887451171875,11.999829292297363
1364,0.17082525789737701,0.00679897703230381,4.402127265930176,12.000501036643982
1365,0.17074477672576904,0.0068113215384073555,4.395388603210449,11.997957468032837
1366,0.17179238237440586,0.007883411715738475,4.388657569885254,12.00223970413208
1367,0.17036164551973343,0.006524288444779813,4.38193416595459,12.00180184841156
1368,0.17088027857244015,0.007122862210962921,4.375218391418457,12.000524163246155
1369,0.17081085965037346,0.007078365480992943,4.368511199951172,12.004738569259644
1370,0.1701288614422083,0.00650181999662891,4.361811637878418,12.000892519950867
1371,0.17071874998509884,0.007126151234842837,4.355119705200195,12.004140734672546
1372,0.16972589679062366,0.006262616196181625,4.34843635559082,11.997891902923584
1373,0.17122402787208557,0.007815815741196275,4.341760635375977,11.999060988426208
1374,0.1711734700948,0.0077970673446543515,4.335092544555664,12.002548336982727
1375,0.17064191959798336,0.007339074101764709,4.328432559967041,12.001852631568909
1376,0.17109707184135914,0.007812765194103122,4.321779727935791,12.006651163101196
1377,0.17084906250238419,0.007726080773863941,4.315135478973389,11.99716341495514
1378,0.17197334952652454,0.008876413863617927,4.308499336242676,12.00119435787201
1379,0.1702505610883236,0.007234416145365685,4.301870822906494,11.999744057655334
1380,0.16984913684427738,0.006859442743007094,4.295250415802002,12.003719329833984
1381,0.16998044960200787,0.007075051369611174,4.288638114929199,12.001902222633362
1382,0.1700608916580677,0.007245440676342696,4.282033443450928,11.99951171875
1383,0.1711725126951933,0.008396378834731877,4.275437355041504,12.00217604637146
1384,0.1704705636948347,0.007782071887049824,4.268848419189453,12.000001668930054
1385,0.1705759596079588,0.00791640009265393,4.262267589569092,12.00368845462799
1386,0.1702350340783596,0.007679639325942844,4.2556939125061035,11.99984586238861
1387,0.1699623130261898,0.007463273243047297,4.249128341674805,12.000775933265686
1388,0.16984925232827663,0.007407207682263106,4.242570877075195,12.001633882522583
1389,0.17006945796310902,0.007668604259379208,4.236021995544434,12.004063725471497
1390,0.1699652075767517,0.007633035420440137,4.229480743408203,12.003736853599548
1391,0.1700333170592785,0.007820125436410308,4.222947597503662,11.998372197151184
1392,0.1690921802073717,0.006911674630828202,4.216422080993652,12.001628637313843
1393,0.1688551027327776,0.006772494700271636,4.209903240203857,11.998357653617859
1394,0.1698652133345604,0.0077667575678788126,4.20339298248291,12.006453275680542
1395,0.16964882239699364,0.007690288650337607,4.196890830993652,11.998962759971619
1396,0.1688382513821125,0.006892937235534191,4.190396785736084,12.004135251045227
1397,0.16940240189433098,0.007537346857134253,4.183910846710205,12.002595067024231
1398,0.1697300262749195,0.007922942866571248,4.177432537078857,12.003276228904724
1399,0.16914940439164639,0.007429556455463171,4.170961380004883,12.001023769378662
1400,0.16954940930008888,0.00794519082410261,4.164498329162598,11.99592399597168
1401,0.1699656844139099,0.008309361932333559,4.1580424308776855,12.007589936256409
1402,0.1691437102854252,0.007626424718182534,4.151594638824463,12.000134110450745
1403,0.1688730102032423,0.0073999257874675095,4.145155429840088,12.002153158187866
1404,0.1688210815191269,0.007419723318889737,4.138723373413086,12.001412630081177
1405,0.1691756173968315,0.007817375822924078,4.132299423217773,12.003525137901306
1406,0.16878466494381428,0.007481090724468231,4.12588357925415,12.00447428226471
1407,0.168001689016819,0.006818684632889926,4.1194748878479,11.998825788497925
1408,0.16821761801838875,0.00707835634239018,4.11307430267334,12.00085186958313
1409,0.16812653839588165,0.0070565203204751015,4.106681823730469,12.000320076942444
1410,0.16891367174685,0.007821313105523586,4.100296974182129,12.008939146995544
1411,0.16857596300542355,0.007585933723021299,4.09391975402832,12.005083441734314
1412,0.16864771954715252,0.007734519895166159,4.087550163269043,12.003770112991333
1413,0.1687915250658989,0.00796288950368762,4.081187725067139,12.001675844192505
1414,0.168457493185997,0.007713312574196607,4.074833869934082,11.999584674835205
1415,0.16879327222704887,0.008102040854282677,4.06848669052124,12.000636577606201
1416,0.16818687692284584,0.007568722998257726,4.062147617340088,11.99966812133789
1417,0.1685822568833828,0.008002517046406865,4.055817127227783,12.002157092094421
1418,0.16775532625615597,0.007251525879837573,4.049493789672852,12.00088620185852
1419,0.16722309589385986,0.006782958342228085,4.043178081512451,12.00083601474762
1420,0.16770912893116474,0.007322523044422269,4.036870956420898,12.001789689064026
1421,0.16814876906573772,0.007845376094337553,4.0305705070495605,11.99976921081543
1422,0.1674081403762102,0.007122199342120439,4.024277687072754,12.004316926002502
1423,0.16761526092886925,0.007423813280183822,4.01799201965332,12.001153111457825
1424,0.16772414185106754,0.0075584728620015085,4.011714935302734,12.004852056503296
1425,0.16724190302193165,0.00714478426380083,4.0054450035095215,12.004267573356628
1426,0.16828608512878418,0.008278127119410783,3.99918270111084,12.00161361694336
1427,0.16747086495161057,0.007478098385035992,3.9929285049438477,12.006348609924316
1428,0.16713352128863335,0.0072735638241283596,3.9866819381713867,11.999313831329346
1429,0.16698697209358215,0.007212720753159374,3.980442523956299,11.99698293209076
1430,0.16753175482153893,0.0077913845889270306,3.974210262298584,11.999827265739441
1431,0.16878802701830864,0.009110655228141695,3.9679863452911377,11.999751210212708
1432,0.16798344068229198,0.008299587818328291,3.9617693424224854,12.006616473197937
1433,0.16731076128780842,0.007773706631269306,3.9555606842041016,11.99814522266388
1434,0.16669722832739353,0.007164243666920811,3.94935941696167,12.003939390182495
1435,0.16741393133997917,0.007973298081196845,3.9431657791137695,12.000897884368896
1436,0.16614574380218983,0.006734092254191637,3.9369802474975586,12.004185318946838
1437,0.166168125346303,0.006841573398560286,3.9308013916015625,12.001854062080383
1438,0.1664616409689188,0.007227451598737389,3.924630641937256,11.998788237571716
1439,0.16640900075435638,0.007183446723502129,3.9184672832489014,12.004088759422302
1440,0.16647354140877724,0.007353780616540462,3.91231107711792,11.999665260314941
1441,0.1666335165500641,0.0075873094028793275,3.9061625003814697,11.998458504676819
1442,0.16644400544464588,0.007446802512276918,3.9000210762023926,11.999699592590332
1443,0.16683082841336727,0.007872920134104788,3.8938872814178467,12.001903891563416
1444,0.16600488498806953,0.007077986898366362,3.887761116027832,12.004929065704346
1445,0.16692317463457584,0.008074239070992917,3.8816428184509277,12.003251194953918
1446,0.16492104716598988,0.006140191399026662,3.8755321502685547,12.002553939819336
1447,0.1660720705986023,0.007320931646972895,3.869428873062134,12.005685091018677
1448,0.16598284058272839,0.007322889170609415,3.863333225250244,12.002662539482117
1449,0.1659196186810732,0.007331995177082717,3.8572449684143066,12.00151789188385
1450,0.16525134816765785,0.00675691751530394,3.851163625717163,11.998279929161072
1451,0.1661673430353403,0.007753209618385881,3.84509015083313,11.996323585510254
1452,0.16685140132904053,0.00837718229740858,3.8390238285064697,12.008398294448853
1453,0.1661661323159933,0.007825261680409312,3.832973003387451,12.00111436843872
1454,0.16623804531991482,0.007941057730931789,3.8270254135131836,12.002673625946045
1455,0.16631949692964554,0.00807778915623203,3.8210744857788086,12.00309669971466
1456,0.16556277312338352,0.007447757525369525,3.815122127532959,11.996380090713501
1457,0.1662002094089985,0.008029645774513483,3.8091681003570557,12.007888555526733
1458,0.16620840318500996,0.008151733840350062,3.8032732009887695,12.002393960952759
1459,0.16612877324223518,0.008109902730211616,3.797373056411743,12.004514813423157
1460,0.16601102985441685,0.008048063551541418,3.791468620300293,12.004828572273254
1461,0.1655346229672432,0.007687625184189528,3.7855608463287354,11.999139189720154
1462,0.1650088205933571,0.0071631401078775525,3.779651403427124,12.00491714477539
1463,0.1660133395344019,0.008282339316792786,3.773740768432617,11.999359369277954
1464,0.16528763808310032,0.007596733281388879,3.7678298950195312,12.001260995864868
1465,0.16474380157887936,0.007100243528839201,3.761918783187866,12.002437233924866
1466,0.16495572961866856,0.007422584982123226,3.7560088634490967,11.997305631637573
1467,0.16549976728856564,0.007961816561874002,3.750100612640381,12.003694891929626
1468,0.16489137336611748,0.007453304133377969,3.7441954612731934,11.999611973762512
1469,0.16483900137245655,0.007423229515552521,3.738292694091797,12.003284692764282
1470,0.16508581675589085,0.00767779175657779,3.732393741607666,12.008408904075623
1471,0.16486522369086742,0.007642951677553356,3.7264974117279053,11.99573040008545
1472,0.16549250483512878,0.008273469924461097,3.7206053733825684,12.001298308372498
1473,0.16475386172533035,0.007592413981910795,3.7147181034088135,12.001427292823792
1474,0.1635442767292261,0.0063984308508224785,3.7088351249694824,12.005750060081482
1475,0.1640514712780714,0.0069908578298054636,3.7029576301574707,12.003104209899902
1476,0.16377299278974533,0.006823098752647638,3.697084903717041,11.997904777526855
1477,0.16501479595899582,0.00812728441087529,3.6912171840667725,11.997534394264221
1478,0.1650483962148428,0.00812569772824645,3.6853551864624023,12.006914973258972
1479,0.16440665163099766,0.007630136387888342,3.6794986724853516,11.998153328895569
1480,0.16448434442281723,0.007686928031034768,3.673691987991333,12.006049633026123
1481,0.16313264332711697,0.006442498415708542,3.6678860187530518,12.001129031181335
1482,0.16425791755318642,0.007630497682839632,3.6620826721191406,12.000659942626953
1483,0.1644721757620573,0.007812528929207474,3.6562814712524414,12.00968337059021
1484,0.16433515772223473,0.007857884105760604,3.650484561920166,11.99724280834198
1485,0.16479223780333996,0.008347668219357729,3.644754409790039,11.99970269203186
1486,0.16391941905021667,0.007516864687204361,3.639021396636963,12.001234292984009
1487,0.1652932707220316,0.008940938801970333,3.633286952972412,12.001946568489075
1488,0.163005031645298,0.006691329588647932,3.6275558471679688,12.003814935684204
1489,0.1636874508112669,0.007482798886485398,3.621824264526367,11.9986412525177
1490,0.16293232515454292,0.006797678186558187,3.6160929203033447,11.9973726272583
1491,0.1648947037756443,0.00873599323676899,3.6103625297546387,12.0055091381073
1492,0.16394531540572643,0.00789419939974323,3.6046342849731445,12.00047755241394
1493,0.1636810041964054,0.007692139828577638,3.598907232284546,11.999979496002197
1494,0.16404511220753193,0.008102906052954495,3.5931832790374756,12.00103759765625
1495,0.16388286091387272,0.008008642471395433,3.5874621868133545,11.999959945678711
1496,0.16298066452145576,0.007097284193150699,3.581744909286499,12.006593465805054
1497,0.16329546459019184,0.007511219242587686,3.57603120803833,12.00239384174347
1498,0.16301675513386726,0.007321947603486478,3.570322036743164,11.999159216880798
1499,0.16318340972065926,0.00752048467984423,3.56461763381958,12.001675128936768
1500,0.16363250091671944,0.00805570196826011,3.5589170455932617,11.9987633228302
1501,0.16273325495421886,0.007150441291742027,3.553222179412842,12.005059480667114
1502,0.1631405707448721,0.0076522332965396345,3.5475316047668457,12.001302719116211
1503,0.16299436800181866,0.00760446023195982,3.5418472290039062,11.997143864631653
1504,0.16309619694948196,0.0077293801587074995,3.536168098449707,12.000513911247253
1505,0.16227628476917744,0.006976474775001407,3.5304951667785645,11.999485611915588
1506,0.1638183332979679,0.008575028739869595,3.524827480316162,11.999503016471863
1507,0.16337578557431698,0.008155049930792302,3.5191659927368164,12.002907991409302
1508,0.1614728383719921,0.006331479991786182,3.51350998878479,12.00062644481659
1509,0.16421637497842312,0.00910354737425223,3.5078604221343994,12.003422498703003
1510,0.16294428892433643,0.007836019853129983,3.5022172927856445,12.008609890937805
1511,0.1616537943482399,0.006686279608402401,3.496580123901367,12.000171422958374
1512,0.16259136982262135,0.007675716246012598,3.490950107574463,12.00061571598053
1513,0.16233290918171406,0.0074844310292974114,3.485325813293457,11.99952220916748
1514,0.16242550499737263,0.0076134923729114234,3.479708194732666,12.001493453979492
1515,0.16165863536298275,0.006915519887115806,3.4740967750549316,12.00021517276764
1516,0.16219526901841164,0.007544256106484681,3.4684925079345703,11.996609210968018
1517,0.1621260903775692,0.007484583416953683,3.462894916534424,12.001256108283997
1518,0.16211953572928905,0.00748658727388829,3.457304000854492,12.005991339683533
1519,0.16147691570222378,0.006938031408935785,3.451719284057617,12.002169489860535
1520,0.16206330992281437,0.007601261720992625,3.446141481399536,12.00006377696991
1521,0.1614574771374464,0.007063772645778954,3.44057035446167,11.99880051612854
1522,0.1616974901407957,0.0073060045833699405,3.4350056648254395,12.004142999649048
1523,0.1617465279996395,0.007445934403222054,3.429448366165161,12.000611424446106
1524,0.16102111339569092,0.0067538138828240335,3.4238977432250977,12.002832412719727
1525,0.16134207881987095,0.00714606064138934,3.418354034423828,12.001248598098755
1526,0.16170938313007355,0.007578745600767434,3.4128170013427734,12.00024688243866
1527,0.16145390272140503,0.007336897193454206,3.4072868824005127,12.004414081573486
1528,0.16172073408961296,0.00771634402917698,3.4017629623413086,11.998676061630249
1529,0.1614312306046486,0.00746152683859691,3.3962464332580566,12.00072431564331
1530,0.16152562946081161,0.007593982212711126,3.3907365798950195,12.002428770065308
1531,0.16131053119897842,0.007443803478963673,3.3852334022521973,12.001439452171326
1532,0.16141744516789913,0.007605729915667325,3.379737377166748,12.001434326171875
1533,0.16137883439660072,0.007629153144080192,3.374248504638672,12.000720143318176
1534,0.16146890819072723,0.0077674672356806695,3.3687665462493896,12.001377701759338
1535,0.1611712146550417,0.007503965171054006,3.363290786743164,12.003434181213379
1536,0.15995673276484013,0.006395639618858695,3.3578219413757324,11.99828827381134
1537,0.16191558726131916,0.00836999184684828,3.3523600101470947,12.00219976902008
1538,0.16090199537575245,0.0074458047747612,3.346905469894409,11.998714089393616
1539,0.16052167862653732,0.007087380159646273,3.3414576053619385,12.001972675323486
1540,0.16215626895427704,0.008736627700272948,3.3360161781311035,12.005948305130005
1541,0.1614562775939703,0.008177411335054785,3.3305819034576416,11.997304677963257
1542,0.16040973737835884,0.007138871413189918,3.3251543045043945,12.001932263374329
1543,0.1607436817139387,0.007511266856454313,3.3197340965270996,12.003507852554321
1544,0.15990416705608368,0.006727814965415746,3.3143198490142822,12.003315567970276
1545,0.15978698432445526,0.006650026421993971,3.308912754058838,12.004783272743225
1546,0.159950265660882,0.006931402545887977,3.3035123348236084,11.998374462127686
1547,0.1607598178088665,0.007769247982650995,3.298119068145752,12.000938296318054
1548,0.15988035313785076,0.006950260431040078,3.2927329540252686,12.000277161598206
1549,0.16061714105308056,0.007729324221145362,3.287353515625,12.001428723335266
1550,0.16085855662822723,0.008015102590434253,3.2819809913635254,12.002365112304688
1551,0.15839370153844357,0.0056534126633778214,3.276614189147949,11.997414827346802
1552,0.16017493978142738,0.007436429033987224,3.271254777908325,12.002596735954285
1553,0.1601011399179697,0.007405221229419112,3.265902280807495,12.003690004348755
1554,0.15937518700957298,0.006776425754651427,3.260556697845459,11.999320149421692
1555,0.16061037220060825,0.008026361698284745,3.2552177906036377,12.003183484077454
1556,0.1600728016346693,0.0075438907369971275,3.2498855590820312,12.003005743026733
1557,0.15938745252788067,0.006901740038301796,3.2445602416992188,12.004011750221252
1558,0.15993686020374298,0.007552397903054953,3.239241600036621,11.999204516410828
1559,0.15929322876036167,0.0069763053907081485,3.2339296340942383,11.99776291847229
1560,0.160168569535017,0.007852511829696596,3.2286248207092285,12.002981185913086
1561,0.16039670817553997,0.008144634251948446,3.2233264446258545,12.00188148021698
1562,0.1584752444177866,0.0062650907202623785,3.2180352210998535,12.002980828285217
1563,0.1601629126816988,0.008008927572518587,3.21274995803833,12.002648949623108
1564,0.161436315625906,0.009394236549269408,3.2074718475341797,11.996736645698547
1565,0.15971873328089714,0.007660646922886372,3.202291965484619,12.003516793251038
1566,0.15888561867177486,0.006893250276334584,3.197110176086426,12.002127170562744
1567,0.15982216224074364,0.007898621028289199,3.1919267177581787,12.000428080558777
1568,0.16054754331707954,0.008637581719085574,3.1867423057556152,12.00425410270691
1569,0.16030741669237614,0.008463814097922295,3.1815574169158936,12.002803206443787
1570,0.16028907522559166,0.008549495600163937,3.176372766494751,11.997585415840149
1571,0.15951963514089584,0.007734348357189447,3.1711997985839844,12.00732958316803
1572,0.15876148454844952,0.007107672106940299,3.166139841079712,11.999241948127747
1573,0.1594760436564684,0.007862273370847106,3.161069393157959,12.00030779838562
1574,0.16031939908862114,0.00867811735952273,3.1559903621673584,12.008137822151184
1575,0.15942926704883575,0.00793943164171651,3.1509451866149902,11.99803876876831
1576,0.15915150195360184,0.007670166378375143,3.146002769470215,12.0021311044693
1577,0.1586169209331274,0.0071763055748306215,3.141040802001953,12.003021001815796
1578,0.16062775813043118,0.009246175992302597,3.136061906814575,12.00209653377533
1579,0.159239137545228,0.007858743134420365,3.1312451362609863,12.006794810295105
1580,0.16043580137193203,0.009081536438316107,3.1263976097106934,12.009029388427734
1581,0.15925893001258373,0.008064945752266794,3.121697425842285,11.997701287269592
1582,0.15947480872273445,0.008341297099832445,3.1169564723968506,11.996395349502563
1583,0.1593579761683941,0.008148814202286303,3.1121795177459717,12.008737087249756
1584,0.15927456319332123,0.008179869269952178,3.107436418533325,12.002033114433289
1585,0.15865764021873474,0.007638340815901756,3.102658748626709,11.999271392822266
1586,0.15928914584219456,0.008302593952976167,3.0978493690490723,12.000806093215942
1587,0.15855354629456997,0.007659207214601338,3.093013048171997,11.996421098709106
1588,0.1583195198327303,0.007394394837319851,3.088153123855591,12.00435984134674
1589,0.15993189997971058,0.009061568474862725,3.0832724571228027,12.003760814666748
1590,0.15816044621169567,0.007368443359155208,3.078373670578003,12.000827074050903
1591,0.15861774235963821,0.007820870028808713,3.0734591484069824,12.00622832775116
1592,0.1575515978038311,0.006878548883832991,3.0685667991638184,11.998738884925842
1593,0.15823324769735336,0.007588918146211654,3.063659429550171,12.000774025917053
1594,0.15844682976603508,0.007820646103937179,3.05873966217041,12.003879070281982
1595,0.15802489407360554,0.007493639190215617,3.0538086891174316,11.999317049980164
1596,0.1571236476302147,0.00659498170716688,3.0488686561584473,12.003998279571533
1597,0.15858925506472588,0.008096098492387682,3.0439202785491943,12.005395770072937
1598,0.15864358097314835,0.008285521413199604,3.038966178894043,11.996840000152588
1599,0.15747477114200592,0.00713547389023006,3.0340070724487305,11.99992311000824
1600,0.15673868358135223,0.006444459315389395,3.0290441513061523,12.000378608703613
1601,0.15752741321921349,0.0072734992718324065,3.024078130722046,12.001313924789429
1602,0.15793446451425552,0.007675929402466863,3.0191104412078857,12.006743550300598
1603,0.15615533292293549,0.006012740370351821,3.0141420364379883,12.000117540359497
1604,0.15708330646157265,0.007014136004727334,3.0091733932495117,11.99774420261383
1605,0.1573432106524706,0.007245746208354831,3.004204750061035,12.005542278289795
1606,0.15720414370298386,0.00720487255603075,2.999237060546875,12.000690340995789
1607,0.1569166947156191,0.006966377724893391,2.9942708015441895,12.00076138973236
1608,0.15736879594624043,0.007421621528919786,2.989306688308716,12.005411267280579
1609,0.15787515230476856,0.008068189199548215,2.9843451976776123,11.996351480484009
1610,0.1576617993414402,0.007844538486097008,2.979447603225708,12.002278923988342
1611,0.15664733573794365,0.006858612061478198,2.9745471477508545,12.00432550907135
1612,0.15742634236812592,0.007750738470349461,2.9696450233459473,11.997915625572205
1613,0.15693048015236855,0.007238405931275338,2.9647417068481445,12.00446617603302
1614,0.15810235776007175,0.008488249499350786,2.9598371982574463,12.00157380104065
1615,0.15821337513625622,0.008662510197609663,2.954932928085327,12.000153660774231
1616,0.15790836326777935,0.008379531383980066,2.9500296115875244,12.002853870391846
1617,0.15683203749358654,0.007382644223980606,2.945127487182617,11.999812126159668
1618,0.1573871187865734,0.007996902626473457,2.940227746963501,11.998793959617615
1619,0.1567540429532528,0.007370463688857853,2.9353299140930176,12.003028154373169
1620,0.15696185268461704,0.007658167742192745,2.9304358959198,11.999933004379272
1621,0.15589755773544312,0.006629140581935644,2.925544500350952,12.00129759311676
1622,0.15629380196332932,0.00705416186247021,2.920656442642212,12.003307938575745
1623,0.15648825094103813,0.007354491215664893,2.915771484375,11.997604846954346
1624,0.15791571512818336,0.008740316436160356,2.910891056060791,12.006649136543274
1625,0.1570117175579071,0.00795371545245871,2.9060142040252686,11.999786019325256
1626,0.1568117942661047,0.007802949286997318,2.9011423587799072,11.999742150306702
1627,0.15704277157783508,0.008030061319004744,2.896275043487549,12.004996180534363
1628,0.15689007006585598,0.007954064407385886,2.8914122581481934,12.002188682556152
1629,0.1563935074955225,0.007540792284999043,2.886554718017578,11.998717427253723
1630,0.15700042247772217,0.008142921375110745,2.881702423095703,12.004047989845276
1631,0.15635282173752785,0.007608334068208933,2.8768556118011475,11.997593402862549
1632,0.15470479056239128,0.005998816224746406,2.872013568878174,11.998584508895874
1633,0.15627401135861874,0.007575727708172053,2.8671767711639404,12.002651929855347
1634,0.15667942725121975,0.008068528200965375,2.8623452186584473,11.99874472618103
1635,0.1564505733549595,0.00785064382944256,2.8575196266174316,12.002473711967468
1636,0.15614718571305275,0.007582762918900698,2.8526999950408936,12.003742456436157
1637,0.1573505401611328,0.008887468604370952,2.847886323928833,11.9984210729599
1638,0.1559089757502079,0.007418371737003326,2.843078136444092,12.005982279777527
1639,0.15620673075318336,0.007828372763469815,2.83827543258667,11.999560713768005
1640,0.15627548657357693,0.007929974934086204,2.8334784507751465,12.001073241233826
1641,0.1558672860264778,0.007551660644821823,2.8286871910095215,12.002875685691833
1642,0.15557506307959557,0.00733179779490456,2.8239023685455322,12.0004243850708
1643,0.15717807970941067,0.008992444141767919,2.8191237449645996,11.99944019317627
1644,0.15584765188395977,0.007700961781665683,2.8143506050109863,12.000318765640259
1645,0.15549206547439098,0.007418264402076602,2.8095834255218506,11.997797131538391
1646,0.15573447570204735,0.007634461100678891,2.804823160171509,12.005178809165955
1647,0.15714111365377903,0.009103530726861209,2.8000683784484863,12.003690481185913
1648,0.1550669651478529,0.0071136250626295805,2.7953197956085205,12.000014781951904
1649,0.15605515614151955,0.008110014430712909,2.790576934814453,12.003937482833862
1650,0.15625586360692978,0.008402631036005914,2.7858400344848633,11.999483704566956
1651,0.1558812502771616,0.008018281310796738,2.781129837036133,12.005167365074158
1652,0.15610499680042267,0.008317082771100104,2.776425361633301,12.002366423606873
1653,0.15555808506906033,0.007832179893739522,2.7717254161834717,12.000865817070007
1654,0.15603449754416943,0.008351037045940757,2.767029285430908,12.001317143440247
1655,0.15544478222727776,0.0077906115911901,2.7623376846313477,12.003079652786255
1656,0.1551101040095091,0.007494899095036089,2.757650375366211,12.003870248794556
1657,0.15555645152926445,0.008042145287618041,2.7529678344726562,11.998463153839111
1658,0.15645300783216953,0.008945049718022346,2.748290538787842,12.002505540847778
1659,0.15516557358205318,0.007720291439909488,2.7436184883117676,12.00091004371643
1660,0.15575913526117802,0.008286314900033176,2.7389519214630127,12.00832998752594
1661,0.1541608925908804,0.006753621448297054,2.7342910766601562,12.006436944007874
1662,0.15531066246330738,0.007962860981933773,2.729635238647461,12.00514531135559
1663,0.15456217899918556,0.007299323449842632,2.7249844074249268,12.001301407814026
1664,0.15450725331902504,0.007317839656025171,2.720339059829712,11.998602867126465
1665,0.15361490845680237,0.006438491109292954,2.7156991958618164,12.001942992210388
1666,0.1554208118468523,0.008307394222356379,2.7110650539398193,12.000277161598206
1667,0.15358976274728775,0.006523130228742957,2.706437110900879,12.000226378440857
1668,0.1546496134251356,0.0075740662869066,2.701814651489258,12.005740404129028
1669,0.1546626165509224,0.007689098420087248,2.6971983909606934,12.0001540184021
1670,0.15404720976948738,0.007074694382026792,2.692587375640869,12.004664421081543
1671,0.15386545844376087,0.00698594975983724,2.6879825592041016,11.999968886375427
1672,0.15430300123989582,0.007435360865201801,2.6833834648132324,12.003381371498108
1673,0.15389096178114414,0.007064924342557788,2.6787896156311035,12.003814697265625
1674,0.15403468906879425,0.007260696787852794,2.674201726913452,12.00319766998291
1675,0.1542544700205326,0.007495056837797165,2.6696205139160156,12.00632095336914
1676,0.15469537861645222,0.008032480138354003,2.6650450229644775,12.001245379447937
1677,0.15430265292525291,0.007667928701266646,2.660475730895996,12.002996921539307
1678,0.15400614961981773,0.007467190327588469,2.655911922454834,11.997984170913696
1679,0.15378734469413757,0.007294627197552472,2.6513540744781494,11.997918248176575
1680,0.15444158762693405,0.007956671237479895,2.646801710128784,12.00169026851654
1681,0.15369259752333164,0.007263296574819833,2.6422555446624756,12.000674724578857
1682,0.15475169196724892,0.008363720495253801,2.6377158164978027,12.001081705093384
1683,0.15459853038191795,0.008256675966549665,2.6331825256347656,12.001003384590149
1684,0.15418844111263752,0.00782465422526002,2.628654956817627,12.007724285125732
1685,0.1540587730705738,0.007809534261468798,2.624133586883545,12.00079071521759
1686,0.15346455574035645,0.007238635094836354,2.619617462158203,12.00297474861145
1687,0.15278991125524044,0.006637911021243781,2.615107297897339,12.00009310245514
1688,0.1529877372086048,0.0068829411175101995,2.610602855682373,11.999876856803894
1689,0.1540836114436388,0.007979250105563551,2.606104850769043,12.004331469535828
1690,0.1541673932224512,0.008162125595845282,2.6016130447387695,11.998913884162903
1691,0.15364024974405766,0.007638232491444796,2.5971271991729736,12.003074884414673
1692,0.15298456326127052,0.007040371652692556,2.592647075653076,12.00177252292633
1693,0.15400405786931515,0.008133369905408472,2.5881731510162354,11.99889612197876
1694,0.1533106528222561,0.007429965189658105,2.583705186843872,12.004363894462585
1695,0.15294058620929718,0.0071577399503439665,2.5792434215545654,11.999041318893433
1696,0.15232724137604237,0.006569068063981831,2.574786901473999,12.001030921936035
1697,0.1534439567476511,0.007705815834924579,2.5703368186950684,12.003477931022644
1698,0.15306672267615795,0.0074184813420288265,2.5658931732177734,11.998931407928467
1699,0.15333548747003078,0.007699036912526935,2.561455011367798,12.002190709114075
1700,0.15308182127773762,0.0075121321133337915,2.5570223331451416,11.99994683265686
1701,0.15292048454284668,0.007386396639049053,2.552596092224121,12.000812768936157
1702,0.1529295053333044,0.007446232018992305,2.5481760501861572,12.000151991844177
1703,0.15299326181411743,0.007547401008196175,2.543761730194092,12.000824689865112
1704,0.1527942270040512,0.007362382253631949,2.539353370666504,12.003831505775452
1705,0.1516601275652647,0.00630771997384727,2.5349507331848145,12.000290513038635
1706,0.15217367000877857,0.006843063107226044,2.5305540561676025,12.002507209777832
1707,0.1519559770822525,0.0066621508449316025,2.526163339614868,12.003219842910767
1708,0.15270692855119705,0.00747669069096446,2.5217785835266113,12.001245617866516
1709,0.15296248346567154,0.007782903965562582,2.517399787902832,12.000558376312256
1710,0.15204134583473206,0.006887734140036628,2.513026714324951,12.002334952354431
1711,0.15168324671685696,0.00657963112462312,2.508659839630127,12.001702189445496
1712,0.15238815918564796,0.0073095684056170285,2.504298686981201,12.003560662269592
1713,0.15231747925281525,0.0072973090573213995,2.499943494796753,12.002073526382446
1714,0.15238788537681103,0.00744985556229949,2.495594024658203,11.998209476470947
1715,0.1527740154415369,0.00784140476025641,2.491250514984131,12.002010703086853
1716,0.15130732208490372,0.00644975621253252,2.486912965774536,11.998843669891357
1717,0.15260439179837704,0.007747988915070891,2.482581377029419,12.003059029579163
1718,0.1522398479282856,0.007438771950546652,2.4782555103302,12.00185239315033
1719,0.152043916285038,0.00728969118790701,2.473935604095459,12.001487374305725
1720,0.15222950838506222,0.007506320136599243,2.469621419906616,12.002698063850403
1721,0.15231856890022755,0.007666625257115811,2.465313196182251,11.999881267547607
1722,0.15231978707015514,0.007693558232858777,2.461010694503784,12.001612544059753
1723,0.1505534127354622,0.005999812274239957,2.456714153289795,11.99864637851715
1724,0.1513426322489977,0.006821189657784998,2.452423095703125,11.99972152709961
1725,0.15153694711625576,0.006990068766754121,2.4481379985809326,12.006550073623657
1726,0.1522017978131771,0.007759760657791048,2.443859100341797,12.00034511089325
1727,0.15245880745351315,0.008029134944081306,2.4395861625671387,12.003381371498108
1728,0.15145664289593697,0.007115985150448978,2.435318946838379,11.998747110366821
1729,0.15257216058671474,0.008254557382315397,2.4310569763183594,12.000703692436218
1730,0.15187889337539673,0.007592983427457511,2.4268012046813965,12.001790046691895
1731,0.1524250265210867,0.008191833971068263,2.422550916671753,12.000768899917603
1732,0.15131349116563797,0.007118667010217905,2.4183061122894287,12.001176357269287
1733,0.15100747905671597,0.006862243288196623,2.4140677452087402,12.000455856323242
1734,0.15132031589746475,0.007229728682432324,2.4098353385925293,11.999223709106445
1735,0.1511394176632166,0.00706113432534039,2.405608892440796,12.002219915390015
1736,0.1510564498603344,0.00703372509451583,2.4013876914978027,12.000885128974915
1737,0.1512672659009695,0.0072942040278576314,2.397172451019287,12.000134587287903
1738,0.151669729501009,0.007672277046367526,2.392962694168091,12.00678265094757
1739,0.151017090305686,0.007135376159567386,2.388758659362793,11.999412894248962
1740,0.15181634947657585,0.007970422506332397,2.3845603466033936,12.000032782554626
1741,0.15043137036263943,0.006616471044253558,2.380368232727051,12.001121878623962
1742,0.1501527652144432,0.006390783877577633,2.3761816024780273,12.000016808509827
1743,0.151625107973814,0.007896530616562814,2.372000217437744,12.000857830047607
1744,0.15071846917271614,0.007028986059594899,2.3678250312805176,12.001123547554016
1745,0.15132474340498447,0.007673466461710632,2.3636555671691895,12.001472353935242
1746,0.15158691257238388,0.00794459314784035,2.3594915866851807,12.004740357398987
1747,0.1514399442821741,0.007867614971473813,2.3553335666656494,12.001899480819702
1748,0.15178966335952282,0.00825967761920765,2.3511812686920166,12.001817464828491
1749,0.15131663158535957,0.007855239149648696,2.3470346927642822,11.999105215072632
1750,0.15090782195329666,0.007510363357141614,2.342893600463867,11.99685287475586
1751,0.1494854185730219,0.006051041011232883,2.3387584686279297,12.004679560661316
1752,0.15051419474184513,0.007136152300518006,2.3346290588378906,12.003175616264343
1753,0.1509746015071869,0.0076265690149739385,2.33050537109375,12.004298090934753
1754,0.1502961330115795,0.00702578853815794,2.3263869285583496,12.000647902488708
1755,0.15053466707468033,0.007314514310564846,2.3222744464874268,11.999740958213806
1756,0.15033726952970028,0.007186232192907482,2.318167209625244,11.996936798095703
1757,0.15064752288162708,0.007472484197933227,2.314066171646118,12.003437638282776
1758,0.15042795799672604,0.00730278599075973,2.3099703788757324,12.002547264099121
1759,0.14964707009494305,0.006560228415764868,2.305880308151245,12.002804279327393
1760,0.15081456117331982,0.0077695444342680275,2.3017964363098145,12.002705574035645
1761,0.1501725520938635,0.007174629776272923,2.297717809677124,12.002074718475342
1762,0.15118368156254292,0.008265533542726189,2.293644905090332,11.998170137405396
1763,0.15033998526632786,0.007457802421413362,2.2895777225494385,11.998640775680542
1764,0.150518000125885,0.007667583937291056,2.285515308380127,11.999526500701904
1765,0.15005368925631046,0.007202778593637049,2.281459093093872,12.003632545471191
1766,0.15142332576215267,0.008601925044786185,2.2774083614349365,12.004731893539429
1767,0.1515786461532116,0.008815284410957247,2.2733638286590576,12.002972483634949
1768,0.14977294206619263,0.007076192065142095,2.269324779510498,12.00035047531128
1769,0.15006662160158157,0.007366396312136203,2.2652909755706787,12.004731893539429
1770,0.14998777210712433,0.0073760279337875545,2.2612624168395996,11.99991226196289
1771,0.14989503286778927,0.007289027620572597,2.257239818572998,12.003361105918884
1772,0.1503155454993248,0.0077983965165913105,2.253222942352295,11.99849247932434
1773,0.14962795563042164,0.007115622342098504,2.249211549758911,12.002022385597229
1774,0.1489294022321701,0.006434760405682027,2.245205879211426,12.004258394241333
1775,0.14909996092319489,0.006672086659818888,2.2412056922912598,12.001582026481628
1776,0.14989682659506798,0.007541510451119393,2.237210988998413,11.998321056365967
1777,0.1501181721687317,0.007806140172760934,2.2332212924957275,11.997982025146484
1778,0.15005408972501755,0.007754881749860942,2.2292377948760986,12.000683307647705
1779,0.14930347353219986,0.006999001023359597,2.225259780883789,12.005188226699829
1780,0.1493129525333643,0.0070747596910223365,2.221287488937378,12.002532124519348
1781,0.1492305751889944,0.00702234375057742,2.217320680618286,12.00350296497345
1782,0.1497003138065338,0.007518971513491124,2.2133593559265137,12.004775404930115
1783,0.14909142442047596,0.0070117112481966615,2.2094035148620605,11.998567938804626
1784,0.14936324767768383,0.007292721013072878,2.2054529190063477,12.001599907875061
1785,0.14994342252612114,0.007940927578601986,2.201507568359375,11.998742461204529
1786,0.14852841943502426,0.006573379796463996,2.197567939758301,11.997936129570007
1787,0.14902340434491634,0.007059450203087181,2.193633794784546,12.002762079238892
1788,0.14846742153167725,0.0065651656477712095,2.1897056102752686,12.00052034854889
1789,0.149644048884511,0.007690114493016154,2.1857829093933105,12.009610772132874
1790,0.14943361841142178,0.007587954576592892,2.181865692138672,12.002700924873352
1791,0.1480297688394785,0.006222337484359741,2.1779537200927734,12.002789497375488
1792,0.14910348132252693,0.007342520751990378,2.174046516418457,12.002050161361694
1793,0.14859465509653091,0.006889369455166161,2.170145034790039,12.000383853912354
1794,0.14923208765685558,0.007554014504421502,2.1662495136260986,12.001558184623718
1795,0.14881419576704502,0.007178650528658181,2.1623592376708984,12.001195430755615
1796,0.14872144535183907,0.007142418238800019,2.158474922180176,11.999428153038025
1797,0.148146266117692,0.006589564203750342,2.1545960903167725,12.001074433326721
1798,0.14922480285167694,0.0077286032028496265,2.1507222652435303,11.998897671699524
1799,0.14850321970880032,0.007041496341116726,2.1468536853790283,11.999319195747375
1800,0.14967338554561138,0.008197171438951045,2.1429905891418457,12.004631161689758
1801,0.15020607970654964,0.008819623268209398,2.1391329765319824,11.999512910842896
1802,0.1487796064466238,0.007373919186647981,2.1352806091308594,12.005288362503052
1803,0.14890639670193195,0.007560395228210837,2.1314339637756348,12.003166198730469
1804,0.14852280355989933,0.007194622827228159,2.1275930404663086,12.00522530078888
1805,0.15009641088545322,0.008830025210045278,2.1237573623657227,12.002881526947021
1806,0.14839483797550201,0.007224173052236438,2.119927167892456,11.997139573097229
1807,0.14865531772375107,0.007479136693291366,2.1161019802093506,12.001516342163086
1808,0.14874698221683502,0.0076104195904918015,2.1122822761535645,12.00137484073639
1809,0.14798254519701004,0.006883236404974014,2.1084675788879395,12.001463890075684
1810,0.14912220276892185,0.008075113350059837,2.104658603668213,12.000050783157349
1811,0.14924775436520576,0.008231798186898232,2.1008548736572266,12.000741124153137
1812,0.14891462959349155,0.007939539442304522,2.0970566272735596,12.000452637672424
1813,0.14917554706335068,0.008203761652112007,2.093263864517212,12.003915071487427
1814,0.14926053769886494,0.008369916526135057,2.0894761085510254,11.99958610534668
1815,0.14783332869410515,0.0069403425441123545,2.085761308670044,12.00353729724884
1816,0.14842050522565842,0.007578657474368811,2.082044839859009,12.002140045166016
1817,0.14927541464567184,0.008519201772287488,2.0783276557922363,11.997293829917908
1818,0.14867969788610935,0.007869577966630459,2.0746171474456787,12.006395101547241
1819,0.14809929579496384,0.007397978857625276,2.070943593978882,11.999188542366028
1820,0.14773095585405827,0.007066823774948716,2.0672662258148193,11.999147534370422
1821,0.14818879403173923,0.007488638162612915,2.063586473464966,12.006429433822632
1822,0.1487115304917097,0.008113127027172595,2.0599045753479004,11.9999361038208
1823,0.1487590130418539,0.0081511321477592,2.0562238693237305,12.0045645236969
1824,0.1486484818160534,0.00814367801649496,2.052542209625244,11.997938394546509
1825,0.1471064817160368,0.006604536261875182,2.048860549926758,12.001334309577942
1826,0.14760977029800415,0.007108748133759946,2.0451791286468506,12.004923462867737
1827,0.1482018083333969,0.007776373240631074,2.0414981842041016,12.00104558467865
1828,0.14842810295522213,0.007994108425918967,2.0378189086914062,12.00558054447174
1829,0.14841236174106598,0.008084187866188586,2.0341410636901855,11.998676896095276
1830,0.1477409154176712,0.007473414880223572,2.030465602874756,11.99628484249115
1831,0.14876092784106731,0.008455428760498762,2.026792287826538,12.003758072853088
1832,0.1482898499816656,0.00807324901688844,2.023129940032959,11.998530507087708
1833,0.14691781997680664,0.006693799077766016,2.019469738006592,12.002932667732239
1834,0.14815888181328773,0.007974285923410207,2.0158114433288574,12.00264847278595
1835,0.14774657040834427,0.007662973017431796,2.0121560096740723,11.996204137802124
1836,0.14841480366885662,0.008310565608553588,2.0085036754608154,12.001920819282532
1837,0.14751147106289864,0.007435998995788395,2.004854440689087,12.002692937850952
1838,0.14728743396699429,0.007272269809618592,2.001208543777466,12.000308156013489
1839,0.1468657050281763,0.006837726105004549,1.997565746307373,12.005232453346252
1840,0.14728818088769913,0.007331036089453846,1.9939268827438354,12.001788258552551
1841,0.14790611900389194,0.007978860463481396,1.9902918338775635,12.002434134483337
1842,0.14791788905858994,0.007967600773554295,1.9866611957550049,12.008368015289307
1843,0.14737577363848686,0.0075617245165631175,1.9830341339111328,11.998371362686157
1844,0.14692652970552444,0.007160616689361632,1.9794113636016846,11.997180104255676
1845,0.1470235474407673,0.00723746872972697,1.9757925271987915,12.00281536579132
1846,0.1475346703082323,0.007778349274303764,1.9721784591674805,12.003453731536865
1847,0.14704440347850323,0.007298662094399333,1.9685686826705933,12.006005883216858
1848,0.147758599370718,0.008129691064823419,1.9649637937545776,11.997927188873291
1849,0.14696407690644264,0.0073743395623750985,1.9613633155822754,11.997610807418823
1850,0.1482875719666481,0.008676452620420605,1.9577674865722656,12.003344774246216
1851,0.14710504189133644,0.0075416964828036726,1.9541763067245483,12.002158880233765
1852,0.14738385565578938,0.007844444655347615,1.9505897760391235,12.00335168838501
1853,0.14645787701010704,0.007007235486526042,1.9470077753067017,11.998056530952454
1854,0.14820709452033043,0.008805824385490268,1.94343101978302,11.9966961145401
1855,0.14785004407167435,0.008381747989915311,1.9398592710494995,12.006970763206482
1856,0.14666178077459335,0.007285153667908162,1.9362919330596924,12.001371264457703
1857,0.14792765490710735,0.008567126118578017,1.9327294826507568,12.003323793411255
1858,0.14700700901448727,0.007688730373047292,1.9291722774505615,12.002655982971191
1859,0.14646516554057598,0.007244472217280418,1.9256197214126587,11.996449828147888
1860,0.14682707749307156,0.007550508307758719,1.922088623046875,12.005568861961365
1861,0.14620612189173698,0.006970329210162163,1.9185607433319092,12.005019068717957
1862,0.1464751623570919,0.007284244406037033,1.9150362014770508,12.004055500030518
1863,0.14555173180997372,0.0063646663329564035,1.9115151166915894,12.00719165802002
1864,0.14666525647044182,0.007608456537127495,1.9079978466033936,11.997682571411133
1865,0.14610210806131363,0.007085391087457538,1.9044846296310425,11.997187376022339
1866,0.14737012051045895,0.008349551586434245,1.9009754657745361,12.001081943511963
1867,0.14542583376169205,0.006452916481066495,1.897470235824585,11.999821543693542
1868,0.14696523174643517,0.00802456884412095,1.8939692974090576,12.000096917152405
1869,0.14623641036450863,0.007343471865169704,1.8904725313186646,11.99882173538208
1870,0.14651933126151562,0.007643881544936448,1.886980414390564,12.00056505203247
1871,0.14609382301568985,0.0071975417085923254,1.8834928274154663,12.0061354637146
1872,0.14724167622625828,0.008417949895374477,1.8800097703933716,12.002363443374634
1873,0.1461967546492815,0.007444289978593588,1.8765305280685425,11.998716235160828
1874,0.14640146866440773,0.0076515391119755805,1.8730559349060059,12.00193738937378
1875,0.14668444730341434,0.007985407777596265,1.8695862293243408,12.000318050384521
1876,0.14643274061381817,0.00772419705754146,1.8661211729049683,12.004732966423035
1877,0.1464056335389614,0.007767465198412538,1.8626611232757568,12.001156091690063
1878,0.14627472683787346,0.007667482946999371,1.859205961227417,12.001518726348877
1879,0.14544839970767498,0.00689432374201715,1.8557549715042114,11.999652743339539
1880,0.1460015717893839,0.0074849193333648145,1.852308988571167,11.999356389045715
1881,0.14595112018287182,0.007447521958965808,1.848867654800415,12.001492500305176
1882,0.1462403815239668,0.007747891591861844,1.8454310894012451,12.003818273544312
1883,0.1457981187850237,0.007397026696708053,1.8419992923736572,11.998110294342041
1884,0.14522119238972664,0.006818412977736443,1.8385727405548096,12.001705408096313
1885,0.14622377045452595,0.00787827919702977,1.8351505994796753,11.999398827552795
1886,0.1453486904501915,0.007028337044175714,1.8317334651947021,12.000301957130432
1887,0.14564630948007107,0.007315307506360114,1.8283212184906006,12.00477921962738
1888,0.14603477716445923,0.007764548121485859,1.8249138593673706,12.002109408378601
1889,0.1457950659096241,0.007536935212556273,1.8215113878250122,12.004302024841309
1890,0.14396554604172707,0.005765914625953883,1.8181138038635254,12.00184965133667
1891,0.14493729174137115,0.006799383612815291,1.8147213459014893,11.999069571495056
1892,0.14547115191817284,0.0073558727744966745,1.811333417892456,12.000194549560547
1893,0.14568440429866314,0.007536410470493138,1.807950496673584,12.00684940814972
1894,0.144766204059124,0.0067292993189767,1.804572343826294,11.999118328094482
1895,0.14569243602454662,0.007677194371353835,1.8011993169784546,12.000325202941895
1896,0.14639225788414478,0.008438277640379965,1.7978309392929077,11.997567534446716
1897,0.14483408629894257,0.006881208275444806,1.7944676876068115,12.000820517539978
1898,0.1447578389197588,0.006835611187852919,1.7911090850830078,12.001114130020142
1899,0.14504303596913815,0.007167732750531286,1.7877554893493652,11.999775171279907
1900,0.14554508961737156,0.0076463333098217845,1.7844066619873047,12.0054692029953
1901,0.14518927969038486,0.007364280114416033,1.7810628414154053,12.001437544822693
1902,0.14540339820086956,0.007619596202857792,1.777724027633667,12.000656485557556
1903,0.14477961137890816,0.007016800926066935,1.7743898630142212,12.001891493797302
1904,0.14616177044808865,0.008411113638430834,1.771060824394226,12.004005670547485
1905,0.1456837859004736,0.008003074559383094,1.7677364349365234,12.000334978103638
1906,0.14476295560598373,0.00712632667273283,1.7644171714782715,11.999245762825012
1907,0.1452297791838646,0.007629291736520827,1.7611027956008911,11.998945951461792
1908,0.14475336857140064,0.00716288824332878,1.7577931880950928,12.001254916191101
1909,0.14482010900974274,0.0072469221777282655,1.754488468170166,12.002830505371094
1910,0.14421439729630947,0.006696393538732082,1.7511881589889526,12.000612735748291
1911,0.14580990187823772,0.008339140156749636,1.7478928565979004,11.999183535575867
1912,0.14478331245481968,0.007330884982366115,1.7446024417877197,12.000640630722046
1913,0.14485842362046242,0.0074032528209500015,1.7413170337677002,12.0042005777359
1914,0.14527727663516998,0.00787666963879019,1.7380366325378418,12.002024531364441
1915,0.1453513726592064,0.007989576901309192,1.7347606420516968,12.001419067382812
1916,0.14478849060833454,0.007452078571077436,1.7314897775650024,12.002151727676392
1917,0.14466427266597748,0.007380038499832153,1.7282238006591797,12.000199794769287
1918,0.14524509198963642,0.008022460562642664,1.724962592124939,11.997300863265991
1919,0.14406842179596424,0.006846088159363717,1.7217060327529907,12.000527381896973
1920,0.1449062768369913,0.007695097534451634,1.718454122543335,12.00266432762146
1921,0.14498485438525677,0.007799387793056667,1.7152073383331299,12.003339409828186
1922,0.14480796456336975,0.007672075531445444,1.7119653224945068,12.00162386894226
1923,0.1458648294210434,0.00878305418882519,1.7087281942367554,11.999450087547302
1924,0.14581169746816158,0.00874988769646734,1.705496072769165,12.000685095787048
1925,0.14506004191935062,0.008043785986956209,1.7022682428359985,11.9993577003479
1926,0.14472507685422897,0.007684230280574411,1.6990455389022827,12.00503945350647
1927,0.14420630037784576,0.007206530368421227,1.6958274841308594,12.004149794578552
1928,0.1439436636865139,0.006994272698648274,1.6926140785217285,12.002325534820557
1929,0.14463714323937893,0.007745158683974296,1.6894056797027588,11.999793410301208
1930,0.14399265311658382,0.0071432762779295444,1.686202049255371,11.998736143112183
1931,0.14462333172559738,0.007755391008686274,1.6830031871795654,12.003791213035583
1932,0.14530750922858715,0.008498249168042094,1.6798088550567627,12.001117467880249
1933,0.1455702129751444,0.008731562062166631,1.6766194105148315,12.007245779037476
1934,0.1446988843381405,0.007948514074087143,1.6734344959259033,12.00160276889801
1935,0.14425534568727016,0.007564311265014112,1.6702547073364258,11.998849153518677
1936,0.145884707570076,0.009187993651721627,1.6670795679092407,12.002591848373413
1937,0.14498264901340008,0.00837190164020285,1.6639090776443481,11.99716567993164
1938,0.14476706460118294,0.00814078567782417,1.6607433557510376,12.001884579658508
1939,0.14468898996710777,0.008098279475234449,1.6575820446014404,12.001489281654358
1940,0.1439291164278984,0.007377572590485215,1.654426097869873,12.000728726387024
1941,0.14336563646793365,0.006834130850620568,1.6512749195098877,12.001875758171082
1942,0.1427387334406376,0.006274077983107418,1.6481282711029053,11.998337626457214
1943,0.14321501180529594,0.006737769348546863,1.6449861526489258,12.002738356590271
1944,0.14410002157092094,0.007637750823050737,1.6418486833572388,12.00437843799591
1945,0.14344629645347595,0.0069969360483810306,1.6387156248092651,12.006220698356628
1946,0.1434123031795025,0.007033526722807437,1.635587453842163,12.00229036808014
1947,0.1434031017124653,0.007061897777020931,1.632463812828064,12.001657366752625
1948,0.14410629868507385,0.007800735475029796,1.629345417022705,12.001211404800415
1949,0.14334501139819622,0.007051222084555775,1.6262316703796387,12.00314736366272
1950,0.14514321833848953,0.008887348521966487,1.6231224536895752,12.002464890480042
1951,0.14321812056005,0.007029506145045161,1.6200178861618042,11.998843908309937
1952,0.14464441873133183,0.008454313036054373,1.6169179677963257,12.002093195915222
1953,0.14258570596575737,0.0064666427206248045,1.61382257938385,11.99808394908905
1954,0.14322510734200478,0.007102603325620294,1.6107321977615356,12.001518487930298
1955,0.1428509671241045,0.006783385295420885,1.6076464653015137,11.999112129211426
1956,0.1438396666198969,0.007798065198585391,1.604565143585205,11.999595403671265
1957,0.1430365238338709,0.006975017371587455,1.6014881134033203,12.004662990570068
1958,0.1439185030758381,0.007910140324383974,1.5984159708023071,12.002420783042908
1959,0.143421720713377,0.007402182091027498,1.595348596572876,12.006605505943298
1960,0.1427881345152855,0.006843140639830381,1.592286229133606,12.002213716506958
1961,0.14230878837406635,0.006444118567742407,1.5892279148101807,11.997239232063293
1962,0.1441386640071869,0.008223265409469604,1.5861746072769165,12.005365490913391
1963,0.1437104530632496,0.007884693040978163,1.5831255912780762,11.99945080280304
1964,0.14368226192891598,0.00783439283259213,1.5800809860229492,12.004706263542175
1965,0.14386219903826714,0.00802287575788796,1.5770410299301147,12.0068918466568
1966,0.14308119006454945,0.007376857567578554,1.5740060806274414,11.996427655220032
1967,0.14371627569198608,0.007962821051478386,1.5709760189056396,12.004369497299194
1968,0.14336171187460423,0.007674629334360361,1.567949891090393,12.00075888633728
1969,0.14372051134705544,0.008068106835708022,1.564928650856018,12.000312089920044
1970,0.1429641079157591,0.007280050835106522,1.5619120597839355,12.006494164466858
1971,0.14355426654219627,0.007919249590486288,1.5588998794555664,12.004601955413818
1972,0.14267708361148834,0.007068926934152842,1.5558924674987793,12.004923582077026
1973,0.14307248033583164,0.007551307324320078,1.5528895854949951,11.99922800064087
1974,0.1435311809182167,0.008072808152064681,1.5498911142349243,11.995946288108826
1975,0.14310635440051556,0.007619223324581981,1.5468971729278564,12.001815915107727
1976,0.1430567279458046,0.007582027290482074,1.5439079999923706,12.003562331199646
1977,0.14403006434440613,0.008581154339481145,1.5409233570098877,12.003967881202698
1978,0.1429177224636078,0.007487698632758111,1.5379433631896973,12.005059480667114
1979,0.14268922992050648,0.007326511258725077,1.5349677801132202,12.001304149627686
1980,0.14293346367776394,0.007605755585245788,1.531996726989746,12.000774264335632
1981,0.14269464276731014,0.007405136886518449,1.5290299654006958,11.999921083450317
1982,0.14231952279806137,0.007026806706562638,1.5260677337646484,12.003204226493835
1983,0.14151430130004883,0.006247791927307844,1.523110032081604,12.003541231155396
1984,0.14242502115666866,0.007190048752818257,1.5201573371887207,12.003340363502502
1985,0.143229678273201,0.008056934922933578,1.5172092914581299,12.000065326690674
1986,0.14226859994232655,0.0071170119335874915,1.5142654180526733,12.000893473625183
1987,0.1422732975333929,0.007151532685384154,1.5113255977630615,12.000851273536682
1988,0.1432326566427946,0.008127854845952243,1.508390188217163,12.002090573310852
1989,0.14198973216116428,0.00696224020794034,1.5054595470428467,11.997289896011353
1990,0.14300765842199326,0.007987655699253082,1.5025335550308228,11.999467015266418
1991,0.14122558757662773,0.006178070732858032,1.4996122121810913,12.005139589309692
1992,0.1427935417741537,0.007791888958308846,1.4966950416564941,12.003470420837402
1993,0.14224623702466488,0.0072936470387503505,1.4937825202941895,12.001476883888245
1994,0.1419676635414362,0.007066272431984544,1.4908742904663086,11.999265193939209
1995,0.14232245460152626,0.007395619933959097,1.4879704713821411,12.00471305847168
1996,0.14189584739506245,0.0070401536067947745,1.4850714206695557,12.000498175621033
1997,0.14207238890230656,0.007273685187101364,1.482176423072815,11.997694253921509
1998,0.1426327507942915,0.007833991257939488,1.4792859554290771,12.000590443611145
1999,0.14236077666282654,0.007605674909427762,1.4764001369476318,11.999110579490662
2000,0.14143624529242516,0.006643799890298396,1.4735186100006104,12.00572657585144
2001,0.14229251444339752,0.007571324764285237,1.4706416130065918,12.001477479934692
2002,0.14234647154808044,0.0076463124132715166,1.4677691459655762,12.002246975898743
2003,0.14230250380933285,0.007610250439029187,1.4649006128311157,12.004325151443481
2004,0.1423800140619278,0.007717790897004306,1.4620368480682373,12.004185795783997
2005,0.14212340116500854,0.007505735324230045,1.4591771364212036,12.00258982181549
2006,0.14151948876678944,0.0069380030618049204,1.4563220739364624,12.001826763153076
2007,0.14202317036688328,0.007503889559302479,1.4534715414047241,11.998456835746765
2008,0.14134028926491737,0.006801341427490115,1.4506255388259888,12.00326943397522
2009,0.14247970283031464,0.008018387714400887,1.4477839469909668,11.998347997665405
2010,0.14093437232077122,0.006514757755212486,1.4449462890625,11.997015357017517
2011,0.1428800281137228,0.008419878548011184,1.4421132802963257,12.003902196884155
2012,0.14168210700154305,0.0073134106351062655,1.4392846822738647,11.99758505821228
2013,0.14160642959177494,0.007199609070084989,1.4364601373672485,12.00422191619873
2014,0.14246115274727345,0.008086201210971922,1.4336401224136353,12.003855466842651
2015,0.14131630584597588,0.006961640319786966,1.4308245182037354,12.004642486572266
2016,0.14171388559043407,0.007389654987491667,1.4280134439468384,12.00441038608551
2017,0.14091525226831436,0.006692530936561525,1.4252067804336548,11.997065424919128
2018,0.14226735197007656,0.00802683422807604,1.4224042892456055,12.00164783000946
2019,0.14105874672532082,0.0068446966470219195,1.4196064472198486,12.00179898738861
2020,0.14191062562167645,0.007736446685157716,1.4168124198913574,12.000605702400208
2021,0.1417782437056303,0.007615324575453997,1.4140225648880005,12.002269864082336
2022,0.14084666408598423,0.006730735476594418,1.4112374782562256,12.000355839729309
2023,0.14225947298109531,0.008146578795276582,1.408456802368164,12.002832770347595
2024,0.14148813486099243,0.007399103255011141,1.4056804180145264,12.003223061561584
2025,0.14186478964984417,0.007891450775787234,1.4029083251953125,11.994426012039185
2026,0.14074040204286575,0.006720765202771872,1.400140404701233,12.001823782920837
2027,0.14194025099277496,0.007920208212453872,1.3973768949508667,12.004627585411072
2028,0.14182733371853828,0.00783123157452792,1.3946176767349243,12.004993081092834
2029,0.14083430357277393,0.006915843405295163,1.3918626308441162,11.999983549118042
2030,0.14149571023881435,0.007641037693247199,1.389111876487732,11.996355772018433
2031,0.1413831915706396,0.007470993557944894,1.3863654136657715,12.004854679107666
2032,0.14214156195521355,0.008262143936008215,1.3836233615875244,12.004318952560425
2033,0.14165670797228813,0.00783424434484914,1.3808856010437012,12.001361012458801
2034,0.14088274911046028,0.007050199783407152,1.3781521320343018,12.00510323047638
2035,0.14095567166805267,0.007194971898570657,1.3754228353500366,12.00064730644226
2036,0.14174627512693405,0.00798011606093496,1.372698187828064,12.003917932510376
2037,0.14115385711193085,0.007428602606523782,1.369977355003357,12.002548336982727
2038,0.14178562723100185,0.008141543716192245,1.3672605752944946,11.997148156166077
2039,0.14094962365925312,0.007285575964488089,1.3645483255386353,12.001856446266174
2040,0.14088955894112587,0.007240378414280713,1.3618403673171997,12.00307822227478
2041,0.14074775762856007,0.007110315025784075,1.3591368198394775,12.004607915878296
2042,0.141647107899189,0.008046952076256275,1.3564374446868896,12.003578543663025
2043,0.14062945917248726,0.0071119702770374715,1.3537423610687256,11.998006701469421
2044,0.14035631157457829,0.006862083624582738,1.3510514497756958,11.998371601104736
2045,0.14111813716590405,0.007662815507501364,1.3483645915985107,11.997167944908142
2046,0.14224644005298615,0.008744888356886804,1.34568190574646,12.004473805427551
2047,0.1407050359994173,0.007170593831688166,1.3430033922195435,12.010441422462463
2048,0.14132514223456383,0.007854120107367635,1.3403295278549194,12.006773114204407
2049,0.1401340216398239,0.006747540202923119,1.3376599550247192,12.000988483428955
2050,0.14126086607575417,0.007898383773863316,1.3349945545196533,12.001253843307495
2051,0.14123023115098476,0.007909006846603006,1.3323328495025635,11.999789714813232
2052,0.1414564661681652,0.008088562171906233,1.3296754360198975,12.007115483283997
2053,0.1403712835162878,0.007080710493028164,1.3270223140716553,12.002035140991211
2054,0.14115925505757332,0.00785071647260338,1.324373483657837,12.006481051445007
2055,0.14085454866290092,0.007591553614474833,1.321729063987732,12.004570960998535
2056,0.14070620760321617,0.007476302154827863,1.3190886974334717,12.003901720046997
2057,0.14096985943615437,0.00781349913449958,1.3164525032043457,11.999183773994446
2058,0.1406363807618618,0.007528310816269368,1.313820242881775,11.996987223625183
2059,0.14036362059414387,0.007244869659189135,1.3111920356750488,12.000683307647705
2060,0.1411334164440632,0.007993674429599196,1.3085683584213257,12.005406260490417
2061,0.14001897536218166,0.00690896506421268,1.3059488534927368,12.005052328109741
2062,0.14020157977938652,0.007152605161536485,1.3033339977264404,12.001563906669617
2063,0.14109851606190205,0.008066119509749115,1.3007230758666992,12.002516984939575
2064,0.14139484241604805,0.00841626909095794,1.298115849494934,11.999741673469543
2065,0.14042389765381813,0.007482637942302972,1.2955125570297241,11.998613715171814
2066,0.13966431841254234,0.0067006563185714185,1.2929131984710693,12.003453612327576
2067,0.14049305580556393,0.007538493373431265,1.2903183698654175,12.005138278007507
2068,0.14117340557277203,0.008256923872977495,1.2877280712127686,12.003920555114746
2069,0.13957353308796883,0.00670276366872713,1.2851414680480957,12.001935601234436
2070,0.14082816056907177,0.008001144044101238,1.2825591564178467,12.000142812728882
2071,0.13935288786888123,0.0065579425427131355,1.2799806594848633,11.99951434135437
2072,0.14014280773699284,0.0073330304003320634,1.2774062156677246,12.0035719871521
2073,0.13963590562343597,0.006888360483571887,1.2748361825942993,11.999918580055237
2074,0.140486603602767,0.007746441522613168,1.2722702026367188,12.001746416091919
2075,0.14081231132149696,0.0080954598961398,1.269708275794983,12.0019770860672
2076,0.1407731119543314,0.008090476563666016,1.2671504020690918,12.001113414764404
2077,0.13989867456257343,0.007222607382573187,1.264596700668335,12.003010392189026
2078,0.14023621939122677,0.007620369899086654,1.2620469331741333,11.99953818321228
2079,0.14050879888236523,0.007888052787166089,1.259501338005066,12.002573370933533
2080,0.13957191072404385,0.006928215792868286,1.2569594383239746,12.007410287857056
2081,0.13878207840025425,0.0061885303584858775,1.2544218301773071,12.004933476448059
2082,0.13977143727242947,0.007242981169838458,1.2518881559371948,12.000957608222961
2083,0.13902502320706844,0.006550939928274602,1.2493590116500854,11.99804961681366
2084,0.14055085182189941,0.008090671268291771,1.2468339204788208,11.999184012413025
2085,0.14023128896951675,0.007780164596624672,1.2443125247955322,12.000800490379333
2086,0.1399759966880083,0.007511621690355241,1.2417950630187988,12.004642844200134
2087,0.13889474794268608,0.006486678961664438,1.2392817735671997,12.001525640487671
2088,0.13951346650719643,0.007124079507775605,1.2367726564407349,12.002166271209717
2089,0.13969983346760273,0.007340191630646586,1.2342677116394043,12.001696705818176
2090,0.13988935574889183,0.007561076548881829,1.2317664623260498,12.001061797142029
2091,0.13971706852316856,0.007414169260300696,1.2292691469192505,12.001021385192871
2092,0.13988719694316387,0.007613553898409009,1.226775884628296,12.00058889389038
2093,0.1394292190670967,0.007135553518310189,1.2242865562438965,12.005080461502075
2094,0.13878625817596912,0.006571729085408151,1.221801519393921,11.99965226650238
2095,0.13948754966259003,0.007285058149136603,1.2193206548690796,12.00092875957489
2096,0.14011445827782154,0.007948417274747044,1.2168433666229248,11.999760866165161
2097,0.13888082280755043,0.0067593055428005755,1.2143698930740356,11.997781991958618
2098,0.1390243135392666,0.006862046604510397,1.2119008302688599,12.004326105117798
2099,0.13996567577123642,0.007852216134779155,1.2094355821609497,12.00191080570221
2100,0.13892296142876148,0.006817176705226302,1.2069742679595947,12.003604769706726
2101,0.13908562436699867,0.00703909806907177,1.2045170068740845,12.000135898590088
2102,0.13987325876951218,0.007856672571506351,1.202063798904419,11.999595165252686
2103,0.14035831205546856,0.00833114777924493,1.1996142864227295,12.003102779388428
2104,0.13954978995025158,0.007591518224216998,1.1971685886383057,11.998658895492554
2105,0.13927403278648853,0.007285258965566754,1.1947271823883057,12.00415050983429
2106,0.13987069949507713,0.007954790256917477,1.1922894716262817,11.999301791191101
2107,0.13838830031454563,0.00644194200867787,1.189855933189392,12.004780173301697
2108,0.13905930891633034,0.007161217276006937,1.1874263286590576,12.00238311290741
2109,0.1393117569386959,0.007443540554959327,1.1850008964538574,12.001821160316467
2110,0.13919049315154552,0.007378752692602575,1.1825788021087646,11.998595118522644
2111,0.1397578101605177,0.00799295655451715,1.1801607608795166,11.996324896812439
2112,0.14103821106255054,0.009214506077114493,1.1777467727661133,12.004624128341675
2113,0.13870802335441113,0.00692150741815567,1.1753367185592651,12.003314971923828
2114,0.14038818702101707,0.008611162309534848,1.1729307174682617,12.004772305488586
2115,0.13925351202487946,0.007547386514488608,1.170528531074524,12.000084400177002
2116,0.1385399680584669,0.00686510547529906,1.1681302785873413,11.999356031417847
2117,0.13814408518373966,0.006491378415375948,1.1657357215881348,11.999535322189331
2118,0.13917777501046658,0.007514119090046734,1.1633450984954834,12.003020763397217
2119,0.13928751461207867,0.007627174141816795,1.1609584093093872,12.005075693130493
2120,0.13879217207431793,0.007203756191302091,1.1585755348205566,12.000266432762146
2121,0.1388801857829094,0.007294717710465193,1.1561968326568604,12.002350211143494
2122,0.13921708427369595,0.007653517299331725,1.1538219451904297,12.002535104751587
2123,0.13897573202848434,0.007471158518455923,1.1514509916305542,11.999006509780884
2124,0.13859588839113712,0.007119843037799001,1.1490834951400757,11.998521327972412
2125,0.13829057291150093,0.006854907609522343,1.1467195749282837,11.99684751033783
2126,0.1393181011080742,0.00784681795630604,1.144359827041626,12.002768754959106
2127,0.13904416747391224,0.007579860801342875,1.1420040130615234,12.004426717758179
2128,0.13853484205901623,0.007120754569768906,1.139652132987976,12.001757025718689
2129,0.13818011060357094,0.0067989935632795095,1.1373043060302734,12.000807642936707
2130,0.13835126720368862,0.006951823714189231,1.1349601745605469,12.004984736442566
2131,0.13859022594988346,0.007247458910569549,1.132619857788086,12.001657128334045
2132,0.13775272853672504,0.006462314864620566,1.1302833557128906,11.998758316040039
2133,0.13872802071273327,0.007453138357959688,1.1279504299163818,11.99953818321228
2134,0.13848234340548515,0.007211036863736808,1.1256213188171387,12.001509428024292
2135,0.1386195383965969,0.00737020157976076,1.1232962608337402,12.001637697219849
2136,0.13991784676909447,0.008702188613824546,1.1209748983383179,12.000590920448303
2137,0.13882934674620628,0.007636824215296656,1.1186574697494507,12.000595092773438
2138,0.13893848471343517,0.007770536292809993,1.1163434982299805,12.000452041625977
2139,0.13882015086710453,0.007667598023544997,1.1140334606170654,12.001221895217896
2140,0.13825180754065514,0.00714144401717931,1.1117273569107056,11.999309301376343
2141,0.1376772914081812,0.0065636824001558125,1.1094253063201904,12.001935839653015
2142,0.13783950358629227,0.006764230725821108,1.1071269512176514,12.00040054321289
2143,0.13719950057566166,0.006137336487881839,1.1048322916030884,12.001384377479553
2144,0.13925135880708694,0.00821180990897119,1.102541208267212,12.001414179801941
2145,0.13779337517917156,0.0067416628007777035,1.1002538204193115,12.004917860031128
2146,0.13912210054695606,0.008085134904831648,1.0979702472686768,12.00572669506073
2147,0.1383543275296688,0.007417084532789886,1.095690369606018,11.998034358024597
2148,0.13867754489183426,0.00772783620050177,1.0934144258499146,12.001556634902954
2149,0.13825721852481365,0.00734125729650259,1.0911422967910767,12.000454425811768
2150,0.13830089382827282,0.0074112440925091505,1.0888739824295044,12.000090956687927
2151,0.13965662382543087,0.008774918271228671,1.086609125137329,12.001561760902405
2152,0.1386955976486206,0.00788710598135367,1.084348201751709,11.996500849723816
2153,0.1384049765765667,0.007548753696028143,1.082090973854065,12.003531813621521
2154,0.13828536681830883,0.0074529265984892845,1.079837679862976,12.003406524658203
2155,0.13739927858114243,0.006626370595768094,1.0775878429412842,11.999703288078308
2156,0.13803202845156193,0.007249174755997956,1.075341820716858,12.002943873405457
2157,0.1386941708624363,0.007995020947419107,1.0730997323989868,11.996815800666809
2158,0.1374998316168785,0.006752405373845249,1.0708612203598022,12.003881573677063
2159,0.13813234493136406,0.0073770671733655035,1.0686262845993042,12.006901860237122
2160,0.13800019584596157,0.007298137526959181,1.0663950443267822,12.003811001777649
2161,0.13965506479144096,0.008959578874055296,1.0641674995422363,12.005381464958191
2162,0.1389890667051077,0.0084020656067878,1.061943531036377,11.996756911277771
2163,0.1386198028922081,0.008013245067559183,1.0597236156463623,12.000932335853577
2164,0.13752884417772293,0.006961087754461914,1.0575072765350342,11.999268651008606
2165,0.13804291933774948,0.007503338507376611,1.0552945137023926,11.998663902282715
2166,0.13792508095502853,0.007363604963757098,1.0530856847763062,12.00306248664856
2167,0.13802367262542248,0.0074929334805347025,1.0508804321289062,12.002193808555603
2168,0.1375307347625494,0.007042821263894439,1.048678994178772,12.000112891197205
2169,0.13830085657536983,0.0078069898881949484,1.0464811325073242,12.00290560722351
2170,0.1384125929325819,0.007971230428665876,1.0442867279052734,11.999849915504456
2171,0.1368320770561695,0.006354399316478521,1.04209566116333,12.005672335624695
2172,0.13792265951633453,0.007494890771340579,1.0399086475372314,12.002868413925171
2173,0.13692428171634674,0.006561161309946328,1.0377253293991089,11.998586893081665
2174,0.1386186145246029,0.00824269448639825,1.0355459451675415,12.002046346664429
2175,0.13802898116409779,0.007675780158024281,1.0333698987960815,12.00195038318634
2176,0.1382565964013338,0.007927105529233813,1.0311975479125977,12.001751899719238
2177,0.137784318998456,0.007524291751906276,1.0290286540985107,11.996974349021912
2178,0.13857470639050007,0.00830141658661887,1.0268633365631104,12.000465869903564
2179,0.1381069663912058,0.007845358806662261,1.024701714515686,12.001459240913391
2180,0.1381690837442875,0.00789407902630046,1.0225439071655273,12.004956841468811
2181,0.13724000193178654,0.007014687696937472,1.0203895568847656,12.002142310142517
2182,0.13852199912071228,0.008333399833645672,1.0182387828826904,12.000621795654297
2183,0.13804735988378525,0.007873831724282354,1.0160917043685913,12.001261472702026
2184,0.13700764626264572,0.0068555165198631585,1.0139484405517578,12.001264810562134
2185,0.13625426776707172,0.0061258558998815715,1.0118086338043213,12.001032710075378
2186,0.13749014027416706,0.007365746947471052,1.0096722841262817,12.002767086029053
2187,0.13753892667591572,0.007427076576277614,1.0075397491455078,12.003645062446594
2188,0.13757303915917873,0.007509932562243193,1.0054107904434204,12.000900268554688
2189,0.1370590440928936,0.007063609722536057,1.00328528881073,11.99625837802887
2190,0.1375486273318529,0.007544234686065465,1.0011630058288574,11.999276399612427
2191,0.1380342934280634,0.008042256231419742,0.99904465675354,12.00015914440155
2192,0.13766232132911682,0.007675646862480789,0.9969296455383301,12.00173795223236
2193,0.13726717606186867,0.007295109680853784,0.9948184490203857,12.00238847732544
2194,0.1367928683757782,0.0068367995554581285,0.9927108287811279,12.002896189689636
2195,0.1374011281877756,0.00746668316423893,0.9906067252159119,12.002838373184204
2196,0.1377119030803442,0.007835432887077332,0.9885061979293823,11.999140977859497
2197,0.13742134347558022,0.007511171628721058,0.9864091873168945,12.004608511924744
2198,0.13779756054282188,0.007946125813759863,0.9843156337738037,12.00082814693451
2199,0.13701182790100574,0.007195087033323944,0.9822255969047546,11.999448895454407
2200,0.13746780715882778,0.007649517327081412,0.980139434337616,12.001689791679382
2201,0.13726156949996948,0.007497013662941754,0.9780566096305847,11.998399138450623
2202,0.13834932260215282,0.008510947576723993,0.9759773015975952,12.00786030292511
2203,0.1378461066633463,0.008150215493515134,0.9739169478416443,11.995672583580017
2204,0.13710550405085087,0.007370680454187095,0.9718586206436157,12.001623630523682
2205,0.13652324117720127,0.006754484726116061,0.9698022603988647,12.007073760032654
2206,0.13694898784160614,0.0072606338071636856,0.9677486419677734,12.001087069511414
2207,0.13706009835004807,0.007390152721200138,0.9656973481178284,12.00129759311676
2208,0.13683854788541794,0.007225188019219786,0.96364825963974,11.997688055038452
2209,0.13753481954336166,0.007895212213043123,0.9616017937660217,12.002359390258789
2210,0.13738916255533695,0.007749913085717708,0.9595578908920288,12.004367470741272
2211,0.1364030707627535,0.006833840161561966,0.9575167894363403,11.999406814575195
2212,0.1370137333869934,0.0074288282776251435,0.955478310585022,12.003012537956238
2213,0.1355914082378149,0.006033878278685734,0.9534429907798767,12.002310395240784
2214,0.13638450019061565,0.0068878677557222545,0.9514103531837463,11.998253107070923
2215,0.13751497864723206,0.00801499531371519,0.9493805170059204,12.0006183385849
2216,0.13752864114940166,0.008055585552938282,0.9473536610603333,11.99995219707489
2217,0.13677222654223442,0.0072669730288907886,0.945330023765564,12.005195498466492
2218,0.1357094906270504,0.006291503319516778,0.9433096647262573,11.998489499092102
2219,0.13673042878508568,0.007329567801207304,0.941292405128479,11.998793482780457
2220,0.13714523240923882,0.007721227244473994,0.9392780661582947,12.003122687339783
2221,0.13572590425610542,0.006331399723421782,0.9372669458389282,12.00218391418457
2222,0.1364841442555189,0.007094643777236342,0.9352588057518005,12.00369143486023
2223,0.13634570129215717,0.007015807146672159,0.9332541227340698,11.999735713005066
2224,0.13715900853276253,0.007818896614480764,0.9312527775764465,12.002758741378784
2225,0.13747106306254864,0.008140237478073686,0.9292547702789307,12.003827929496765
2226,0.13611417450010777,0.006851003388874233,0.9272600412368774,11.999057531356812
2227,0.136970741674304,0.007721443485934287,0.9252686500549316,11.999661564826965
2228,0.13586382381618023,0.006626177753787488,0.9232802391052246,12.000484943389893
2229,0.13663563318550587,0.007412069069687277,0.9212949872016907,12.001061916351318
2230,0.13723329827189445,0.008019165368750691,0.9193130731582642,12.002100229263306
2231,0.13679738156497478,0.0076266261748969555,0.9173346757888794,11.999741077423096
2232,0.13626493699848652,0.007136270869523287,0.915359616279602,11.997507095336914
2233,0.136123551055789,0.0069964578142389655,0.9133878946304321,11.999321818351746
2234,0.13635162077844143,0.007213772274553776,0.9114193916320801,12.002365708351135
2235,0.13721918314695358,0.008098546066321433,0.909454345703125,12.002609610557556
2236,0.13678788393735886,0.007687255158089101,0.9074925780296326,12.002570390701294
2237,0.13589594326913357,0.006855081883259118,0.905534029006958,11.998552441596985
2238,0.13660220988094807,0.007540057180449367,0.9035788774490356,12.002636551856995
2239,0.13627692498266697,0.00723973783897236,0.9016270041465759,12.002091884613037
2240,0.13622245006263256,0.007193137600552291,0.8996784090995789,12.003252863883972
2241,0.1366524025797844,0.007667014375329018,0.897733211517334,12.000805854797363
2242,0.13575769774615765,0.006791005900595337,0.8957914113998413,12.000877857208252
2243,0.13576130755245686,0.006815195723902434,0.8938528895378113,12.000758647918701
2244,0.13636446930468082,0.007469672302249819,0.8919176459312439,11.997562289237976
2245,0.13750678673386574,0.008565778145566583,0.8899856805801392,12.00411581993103
2246,0.1365610845386982,0.007691815961152315,0.8880571126937866,11.998869895935059
2247,0.1352455411106348,0.006343644636217505,0.8861318230628967,12.004058003425598
2248,0.13629526272416115,0.007456789200659841,0.8842099905014038,11.999637603759766
2249,0.13609810918569565,0.007266043859999627,0.8822915554046631,12.000915288925171
2250,0.13626866973936558,0.007448024000041187,0.8803763389587402,12.001688361167908
2251,0.13544159568846226,0.006661585241090506,0.8784643411636353,11.999537110328674
2252,0.1364937610924244,0.007699720037635416,0.8765556216239929,12.002848386764526
2253,0.13509566336870193,0.006347168411593884,0.8746501803398132,12.000199556350708
2254,0.13560139574110508,0.006846180651336908,0.8727480173110962,12.002773880958557
2255,0.1357666626572609,0.007045945676509291,0.8708493709564209,12.001222372055054
2256,0.1354554072022438,0.006763026292901486,0.8689540028572083,12.000284433364868
2257,0.13579354621469975,0.007124778756406158,0.8670618534088135,11.999815225601196
2258,0.13598788529634476,0.007347993727307767,0.8651728630065918,11.99881660938263
2259,0.13542760163545609,0.00679174717515707,0.8632872104644775,12.000298500061035
2260,0.13664445467293262,0.008004204893950373,0.8614050149917603,12.002620220184326
2261,0.1380678154528141,0.009462671587243676,0.8595262169837952,12.000988602638245
2262,0.13579195365309715,0.00718067999696359,0.8576504588127136,12.003477334976196
2263,0.1366062629967928,0.00804787955712527,0.8557778596878052,12.000060796737671
2264,0.13601061701774597,0.007490425545256585,0.8539085984230042,11.9981107711792
2265,0.1370495818555355,0.00851876218803227,0.8520424365997314,12.001039743423462
2266,0.13624057546257973,0.007721912756096572,0.8501798510551453,12.001686811447144
2267,0.13696193136274815,0.00845352339092642,0.8483203649520874,12.002520680427551
2268,0.1368208434432745,0.008297236170619726,0.846464216709137,12.005897045135498
2269,0.13604114018380642,0.007599899894557893,0.8446113467216492,11.999513506889343
2270,0.1359159927815199,0.007430560770444572,0.8427639007568359,12.00577974319458
2271,0.13627813197672367,0.00786666275234893,0.8409194350242615,12.000227689743042
2272,0.13660508766770363,0.008200484153348953,0.8390779495239258,12.00138258934021
2273,0.13561338372528553,0.007236915756948292,0.8372395038604736,12.000407457351685
2274,0.13728002831339836,0.008955087861977518,0.8354040384292603,11.997090101242065
2275,0.13614351488649845,0.007768511830363423,0.8335888385772705,12.00391149520874
2276,0.13558419607579708,0.007285173807758838,0.8317750692367554,11.998127460479736
2277,0.1367843598127365,0.008494623994920403,0.8299628496170044,11.999011039733887
2278,0.1365931835025549,0.008278289693407714,0.8281523585319519,12.003337264060974
2279,0.1367952674627304,0.008529996150173247,0.8263435959815979,12.000183820724487
2280,0.1358625330030918,0.0075885693659074605,0.824536919593811,12.002859592437744
2281,0.13488035649061203,0.006629902985878289,0.8227322101593018,12.002313375473022
2282,0.1355990655720234,0.0073620055336505175,0.8209298849105835,12.002776265144348
2283,0.13548918068408966,0.007247953908517957,0.8191297054290771,12.004993200302124
2284,0.13599278032779694,0.007807283429428935,0.8173319101333618,12.00121808052063
2285,0.13568483479321003,0.007535237935371697,0.815536379814148,11.999423742294312
2286,0.13641011714935303,0.008292757062008604,0.8137434720993042,11.997992992401123
2287,0.1365020740777254,0.008404154039453715,0.8119533658027649,11.997838973999023
2288,0.1358947791159153,0.007782317290548235,0.8101658821105957,12.001080870628357
2289,0.13528889417648315,0.007195916783530265,0.8083809614181519,12.000916838645935
2290,0.1377052217721939,0.009607339394278824,0.8065987229347229,12.0031898021698
2291,0.13577025942504406,0.007724894734565169,0.8048194050788879,11.999717354774475
2292,0.1351805068552494,0.007130088459234685,0.8030427694320679,12.001999258995056
2293,0.1349578108638525,0.006902196328155696,0.801268994808197,12.004292845726013
2294,0.13619887828826904,0.00816816819133237,0.7994980216026306,12.003573060035706
2295,0.135478300973773,0.007475211285054684,0.7977299690246582,12.002579092979431
2296,0.13430976308882236,0.0063323756330646574,0.7959648370742798,12.001774072647095
2297,0.13544279895722866,0.007503081811591983,0.7942028641700745,11.99976909160614
2298,0.13534671626985073,0.007414924039039761,0.7924438714981079,12.000735878944397
2299,0.13484995625913143,0.006980782956816256,0.7906874418258667,11.996230363845825
2300,0.13543694838881493,0.00754313450306654,0.7889341115951538,12.000447750091553
2301,0.13496561162173748,0.007095474284142256,0.7871835827827454,11.999830603599548
2302,0.13469809666275978,0.006810066290199757,0.7854361534118652,12.003367066383362
2303,0.13524669222533703,0.007379218994174153,0.7836920022964478,12.003055334091187
2304,0.13501053117215633,0.007165536633692682,0.781950831413269,12.002548694610596
2305,0.13476143777370453,0.0069208883214741945,0.7802125215530396,12.003842830657959
2306,0.13592570275068283,0.008153987640980631,0.7784771919250488,11.99869453907013
2307,0.13566513545811176,0.007888240274041891,0.7767447829246521,12.000944972038269
2308,0.13534264266490936,0.0075799114420078695,0.7750155329704285,12.00125801563263
2309,0.1345027256757021,0.006767123355530202,0.7732893824577332,12.00027084350586
2310,0.136006910353899,0.008221026859246194,0.7715664505958557,12.007022142410278
2311,0.13537568785250187,0.007678134250454605,0.7698463797569275,11.999909520149231
2312,0.1348348055034876,0.007143745489884168,0.7681292295455933,12.000977277755737
2313,0.1351515632122755,0.007490325428079814,0.7664151191711426,11.999708771705627
2314,0.1358578149229288,0.008209573570638895,0.764704167842865,12.000120401382446
2315,0.13480289094150066,0.007176036247983575,0.7629963159561157,11.99968934059143
2316,0.13530057296156883,0.007681290269829333,0.7612913846969604,12.000637173652649
2317,0.13489058427512646,0.0072463504620827734,0.7595895528793335,12.004834175109863
2318,0.13587738387286663,0.008253328735008836,0.7578907012939453,12.004515051841736
2319,0.1350635550916195,0.007449879718478769,0.7561949491500854,12.005172848701477
2320,0.13533767312765121,0.007777669408824295,0.7545022964477539,12.001498460769653
2321,0.1348845511674881,0.007342355675064027,0.7528126239776611,12.001407265663147
2322,0.13439778238534927,0.006851481623016298,0.7511259317398071,12.003504276275635
2323,0.13599884696304798,0.008487581624649465,0.7494423389434814,12.001684188842773
2324,0.13395613059401512,0.006452954199630767,0.7477618455886841,12.002555966377258
2325,0.13432086631655693,0.006809762155171484,0.7460842728614807,12.005026578903198
2326,0.13461382500827312,0.007116532127838582,0.7444097995758057,12.005319714546204
2327,0.13499424420297146,0.007571022259071469,0.7427383065223694,11.999584197998047
2328,0.1349422875791788,0.007568443019408733,0.7410696744918823,11.996315121650696
2329,0.13510005176067352,0.0076979921432211995,0.739404022693634,12.000802278518677
2330,0.13476489670574665,0.007364917546510696,0.7377414107322693,12.002256870269775
2331,0.13458016328513622,0.0071457455633208156,0.7360818386077881,12.007360100746155
2332,0.13476189598441124,0.007367488695308566,0.7344255447387695,12.00501561164856
2333,0.13392753712832928,0.006553858227562159,0.7327722907066345,12.004595518112183
2334,0.1347710508853197,0.007477990468032658,0.7311218976974487,11.998184442520142
2335,0.13437846302986145,0.007063711411319673,0.7294743657112122,12.002001285552979
2336,0.13490917347371578,0.007604354002978653,0.7278298735618591,12.002652406692505
2337,0.13541795127093792,0.008145718486048281,0.7261883020401001,12.001035332679749
2338,0.13459273241460323,0.007283860933966935,0.7245498299598694,12.006337404251099
2339,0.13469544425606728,0.007462066598236561,0.722914457321167,12.000423192977905
2340,0.13524443842470646,0.00800230639288202,0.7212820053100586,12.002931714057922
2341,0.13465616665780544,0.007449212542269379,0.7196523547172546,12.001043319702148
2342,0.13459204509854317,0.0074159514042548835,0.7180255055427551,11.999584078788757
2343,0.13470364920794964,0.007510015449952334,0.7164017558097839,12.002961874008179
2344,0.13490582630038261,0.007724981114733964,0.7147811055183411,12.0033038854599
2345,0.1343750637024641,0.007214312965516001,0.7131635546684265,12.002912044525146
2346,0.13465065136551857,0.007552710943855345,0.7115488052368164,11.998245477676392
2347,0.13487851060926914,0.007764893060084432,0.7099370360374451,12.00142514705658
2348,0.13403917849063873,0.006939004291780293,0.7083280086517334,12.001689910888672
2349,0.13567841425538063,0.008601052802987397,0.7067217826843262,12.001014709472656
2350,0.13459661602973938,0.007512109412346035,0.7051186561584473,12.003332495689392
2351,0.1347378622740507,0.007685278891585767,0.7035187482833862,12.001739978790283
2352,0.13378432393074036,0.006734764552675188,0.701921820640564,12.003033995628357
2353,0.13524308986961842,0.008211442735046148,0.7003276348114014,12.002837181091309
2354,0.13523599691689014,0.00827483955072239,0.6987359523773193,11.997380375862122
2355,0.1347291599959135,0.007745266892015934,0.6971473097801208,12.001242280006409
2356,0.13513455539941788,0.008187403087504208,0.6955618262290955,11.999153971672058
2357,0.1355242282152176,0.008575280371587723,0.6939793825149536,12.00091540813446
2358,0.13432272151112556,0.007392357976641506,0.6923997402191162,12.00063705444336
2359,0.1346350982785225,0.007721339352428913,0.6908228993415833,12.000553488731384
2360,0.13518235459923744,0.008232925145421177,0.6892489790916443,12.005694508552551
2361,0.13518417440354824,0.00830353342462331,0.6876778602600098,12.000386357307434
2362,0.13403068855404854,0.0071486327215097845,0.6861096024513245,12.002095937728882
2363,0.13428932055830956,0.007438747154083103,0.6845442652702332,12.000513195991516
2364,0.1337782684713602,0.006935832265298814,0.6829817295074463,12.001262187957764
2365,0.13428603671491146,0.007415685337036848,0.6814223527908325,12.005613088607788
2366,0.13473768532276154,0.007964859891217202,0.679865837097168,11.997416734695435
2367,0.13462712801992893,0.00782708142651245,0.6783119440078735,12.0016930103302
2368,0.13415814191102982,0.007383823744021356,0.6767609119415283,12.000671029090881
2369,0.1353567000478506,0.008614508726168424,0.6752127408981323,11.999006628990173
2370,0.13372805155813694,0.006962051673326641,0.6736675500869751,12.002932667732239
2371,0.13404810801148415,0.007346393016632646,0.6721252799034119,11.998046517372131
2372,0.13389544934034348,0.007163840637076646,0.6705858707427979,12.002575397491455
2373,0.1338756661862135,0.007168776879552752,0.6690492630004883,12.00164008140564
2374,0.13538441434502602,0.008684193482622504,0.6675153970718384,12.002506852149963
2375,0.13451052084565163,0.007817547710146755,0.6659842729568481,12.003313422203064
2376,0.13382924906909466,0.007184576184954494,0.6644561290740967,12.000011444091797
2377,0.13478734157979488,0.008159479533787817,0.6629305481910706,11.999855875968933
2378,0.13439582102000713,0.007794569421093911,0.6614081859588623,11.998716950416565
2379,0.13417074643075466,0.0075377897010184824,0.6598885655403137,12.00340735912323
2380,0.1341228410601616,0.007502140128053725,0.6583717465400696,12.003698587417603
2381,0.13310630805790424,0.0065355972037650645,0.6568577885627747,12.000213623046875
2382,0.13432070054113865,0.007773480436298996,0.6553463935852051,11.99937629699707
2383,0.1339369211345911,0.007399132766295224,0.6538379192352295,11.999941349029541
2384,0.13405390828847885,0.007517690071836114,0.6523321270942688,12.00128972530365
2385,0.13336286880075932,0.006855182640720159,0.6508291363716125,11.999939560890198
2386,0.13368563540279865,0.007193154946435243,0.6493290066719055,11.999919414520264
2387,0.13467243500053883,0.008185941143892705,0.6478318572044373,12.000817656517029
2388,0.13366198353469372,0.007172877143602818,0.6463374495506287,12.002573370933533
2389,0.1339553017169237,0.00747812504414469,0.6448458433151245,12.002871990203857
2390,0.13393070362508297,0.007489929790608585,0.6433566808700562,12.000721096992493
2391,0.13326726481318474,0.006839105160906911,0.6418703198432922,12.000945568084717
2392,0.1340439934283495,0.007600300712510943,0.6403868198394775,12.003982543945312
2393,0.13313931785523891,0.006746583094354719,0.6389062404632568,12.000367522239685
2394,0.13348926790058613,0.007119277899619192,0.6374285221099854,11.999570608139038
2395,0.13293220847845078,0.006599196349270642,0.6359536647796631,11.997347354888916
2396,0.13474285416305065,0.008368964772671461,0.6344814300537109,12.002907752990723
2397,0.13321076333522797,0.006874213402625173,0.6330117583274841,12.000643372535706
2398,0.1332155503332615,0.006862029200419784,0.631544828414917,12.003807663917542
2399,0.1329550053924322,0.006648874550592154,0.6300806403160095,12.000532627105713
2400,0.13420652970671654,0.007910852902568877,0.6286192536354065,12.000948786735535
2401,0.13480157032608986,0.008520662144292146,0.6271607279777527,12.000930547714233
2402,0.13453495502471924,0.008266053046099842,0.625704824924469,12.001185774803162
2403,0.13404794037342072,0.00780320237390697,0.6242515444755554,12.00022292137146
2404,0.13411222398281097,0.007860861311201006,0.6228010654449463,12.00233542919159
2405,0.13327652402222157,0.007065499550662935,0.6213534474372864,11.999749064445496
2406,0.1330636776983738,0.006867897522170097,0.6199085116386414,11.999669909477234
2407,0.13287796825170517,0.006695329677313566,0.618466317653656,11.999798059463501
2408,0.1335629802197218,0.007377742673270404,0.6170265674591064,12.001497387886047
2409,0.13425573706626892,0.008071305113844573,0.6155896186828613,12.002853870391846
2410,0.13353544287383556,0.007367326412349939,0.6141554117202759,12.00265645980835
2411,0.13329888507723808,0.007163055124692619,0.6127240657806396,12.000859022140503
2412,0.13362149707973003,0.007508078182581812,0.6112954616546631,12.000046849250793
2413,0.1334888469427824,0.007386374461930245,0.6098694205284119,12.000378012657166
2414,0.1334215272217989,0.00733610219322145,0.6084460616111755,12.000097036361694
2415,0.13321187160909176,0.007106797944288701,0.6070252656936646,12.003482580184937
2416,0.1337977685034275,0.007695202482864261,0.6056070923805237,12.004649996757507
2417,0.13377242535352707,0.007730854966212064,0.604191780090332,11.99996554851532
2418,0.13414278253912926,0.00812299910467118,0.6027790307998657,11.999199509620667
2419,0.1336734425276518,0.007657275069504976,0.6013689637184143,12.000247836112976
2420,0.132805235683918,0.006781081901863217,0.5999616384506226,12.002454042434692
2421,0.1337166167795658,0.007740232103969902,0.5985569953918457,11.99908173084259
2422,0.13344980217516422,0.007488334609661251,0.5971550941467285,11.998992085456848
2423,0.13369204849004745,0.007708041463047266,0.5957558155059814,12.002645134925842
2424,0.13289290480315685,0.006925998837687075,0.5943591594696045,12.002331614494324
2425,0.13325499184429646,0.007324747275561094,0.5929650068283081,12.000059723854065
2426,0.13326933793723583,0.007372231339104474,0.5915733575820923,11.998137712478638
2427,0.13351270370185375,0.0076237612520344555,0.5901844501495361,11.99871015548706
2428,0.13297168724238873,0.007055496913380921,0.588798463344574,12.00282096862793
2429,0.13300786167383194,0.0071246944717131555,0.5874150395393372,12.00090217590332
2430,0.13339640572667122,0.007496049744077027,0.58603435754776,12.004001379013062
2431,0.13282138668000698,0.006966370216105133,0.5846560597419739,12.000846147537231
2432,0.13298433274030685,0.007073924411088228,0.5832804441452026,12.007760643959045
2433,0.13358264416456223,0.007748377392999828,0.5819072723388672,12.001519441604614
2434,0.13289480470120907,0.007069057843182236,0.5805369019508362,12.002037763595581
2435,0.13330909237265587,0.007532639196142554,0.5791690945625305,11.998476386070251
2436,0.1323418878018856,0.006559209781698883,0.5778040289878845,12.000463843345642
2437,0.13237431645393372,0.006616025581024587,0.5764414668083191,11.999387979507446
2438,0.13337530009448528,0.007615828944835812,0.5750815272331238,12.000865936279297
2439,0.13264844380319118,0.006858646287582815,0.5737243294715881,12.005255937576294
2440,0.13291036523878574,0.007193515193648636,0.5723696351051331,11.99931538105011
2441,0.1333707459270954,0.007672748877666891,0.5710174441337585,11.998782634735107
2442,0.13369031995534897,0.00797095405869186,0.5696678161621094,12.002269387245178
2443,0.13320175558328629,0.007478228828404099,0.5683207511901855,12.004032373428345
2444,0.13171329908072948,0.005979313573334366,0.5669763088226318,12.006422996520996
2445,0.13301516324281693,0.007315662456676364,0.5656346082687378,12.004315972328186
2446,0.13239460438489914,0.006707033317070454,0.5642954707145691,12.004462122917175
2447,0.1330708060413599,0.007464875525329262,0.5629589557647705,11.997634410858154
2448,0.13233503326773643,0.006735614675562829,0.5616249442100525,11.998317241668701
2449,0.13378280401229858,0.008176519069820642,0.560293436050415,12.000335335731506
2450,0.13334210589528084,0.007741377747152001,0.5589643120765686,12.001108765602112
2451,0.13253679126501083,0.006941265542991459,0.5576378107070923,12.001915335655212
2452,0.13258479535579681,0.007025417231488973,0.5563141107559204,11.999624133110046
2453,0.13290883041918278,0.00735582853667438,0.5549929141998291,12.00030767917633
2454,0.13381060399115086,0.008251541876234114,0.5536743402481079,12.002232432365417
2455,0.13284003175795078,0.00724660384003073,0.5523577928543091,12.006985545158386
2456,0.13336504250764847,0.007841765531338751,0.5510439872741699,12.001284122467041
2457,0.13313962891697884,0.007568532484583557,0.5497328042984009,12.00737714767456
2458,0.13244064524769783,0.006947500631213188,0.5484243631362915,12.000890254974365
2459,0.1329263672232628,0.007440893212333322,0.5471185445785522,12.001429200172424
2460,0.1327573712915182,0.007329146435949951,0.5458149909973145,11.997007966041565
2461,0.13313459418714046,0.007721933536231518,0.5445139408111572,11.996752738952637
2462,0.1326167695224285,0.00715389841934666,0.5432151556015015,12.003072142601013
2463,0.13229027576744556,0.006837719411123544,0.5419191122055054,12.003337025642395
2464,0.13255231827497482,0.007108080317266285,0.5406256914138794,12.003798246383667
2465,0.1326553113758564,0.007259771868120879,0.5393349528312683,12.000219106674194
2466,0.1328679695725441,0.007507436268497258,0.5380465388298035,11.99800705909729
2467,0.13342507183551788,0.008009766461327672,0.5367605686187744,12.004770278930664
2468,0.13282710872590542,0.007478612591512501,0.5354769825935364,11.999373197555542
2469,0.13352803885936737,0.008149674395099282,0.5341958999633789,12.00364100933075
2470,0.13247434422373772,0.007136329542845488,0.5329173803329468,12.000884294509888
2471,0.13254689425230026,0.007241739484015852,0.5316416025161743,11.998874187469482
2472,0.1342209242284298,0.008867320197168738,0.5303681492805481,12.004992246627808
2473,0.13319671526551247,0.007905201287940145,0.5290969610214233,12.000054597854614
2474,0.13320361822843552,0.007880992779973894,0.5278282761573792,12.004434466362
2475,0.133166266605258,0.007905079808551818,0.5265621542930603,11.999556541442871
2476,0.13198077492415905,0.006730186985805631,0.5252988338470459,11.999760031700134
2477,0.13216602616012096,0.006902374152559787,0.524037778377533,12.002327919006348
2478,0.13281037658452988,0.007597026240546256,0.522779107093811,11.99855625629425
2479,0.13337700441479683,0.008146517211571336,0.5215227007865906,12.001526713371277
2480,0.13202514126896858,0.006810567050706595,0.5202687382698059,12.00118899345398
2481,0.1329200193285942,0.007739612832665443,0.5190173387527466,11.999023914337158
2482,0.13268449902534485,0.007491199416108429,0.517768383026123,12.001561641693115
2483,0.1323855873197317,0.007227647991385311,0.5165219902992249,11.999271988868713
2484,0.13216707482933998,0.006993278511799872,0.5152779817581177,12.002102136611938
2485,0.1331632323563099,0.007954528322443366,0.5140365362167358,12.006834268569946
2486,0.13340920954942703,0.008247857040259987,0.5127973556518555,12.00333833694458
2487,0.13237060606479645,0.007213324337499216,0.5115605592727661,12.004167914390564
2488,0.1335910577327013,0.008485732483677566,0.5103262066841125,12.000206589698792
2489,0.13275874219834805,0.0076794716296717525,0.5090944766998291,11.998832821846008
2490,0.13229484669864178,0.0072147061000578105,0.5078650712966919,12.000149250030518
2491,0.13250889256596565,0.007454798207618296,0.5066379308700562,11.998772025108337
2492,0.13274798728525639,0.007645121077075601,0.5054133534431458,12.004873633384705
2493,0.133454455062747,0.008389436756260693,0.5041912198066711,12.002310752868652
2494,0.13243231363594532,0.007362361124251038,0.5029714703559875,12.004023790359497
2495,0.13195695541799068,0.006944882276002318,0.5017540454864502,11.99945342540741
2496,0.13256739638745785,0.0075808972469531,0.5005389451980591,11.998111248016357
2497,0.1317998319864273,0.006766821723431349,0.49932625889778137,12.00397527217865
2498,0.13249202817678452,0.00751549971755594,0.4981159567832947,11.999537348747253
2499,0.13211862184107304,0.007071305939462036,0.4969082474708557,12.007823824882507
2500,0.1319581065326929,0.006955616874620318,0.4957030117511749,12.004546165466309
2501,0.13232813216745853,0.00734496460063383,0.49449998140335083,12.003816723823547
2502,0.1325544361025095,0.007625242811627686,0.49329930543899536,11.99962043762207
2503,0.1323240678757429,0.007428522629197687,0.49210086464881897,11.997454047203064
2504,0.13303668051958084,0.00809699104866013,0.4909048080444336,12.003064155578613
2505,0.13244206085801125,0.007549641886726022,0.4897111654281616,11.999531269073486
2506,0.13218760304152966,0.007272452348843217,0.48851996660232544,12.002995491027832
2507,0.13335108011960983,0.00844301050528884,0.4873313307762146,12.003475904464722
2508,0.13271371461451054,0.007850719382986426,0.48614490032196045,12.000154733657837
2509,0.13276737742125988,0.00791168975410983,0.484960675239563,12.000608086585999
2510,0.13251342065632343,0.0076693937298841774,0.4837787449359894,12.000624418258667
2511,0.13204395957291126,0.007187091367086396,0.48259931802749634,12.003087759017944
2512,0.13170279562473297,0.00684455776354298,0.4814223349094391,12.004401922225952
2513,0.1310877650976181,0.006248824007343501,0.4802476167678833,12.003646731376648
2514,0.13258437253534794,0.007733931124676019,0.47907543182373047,12.005969285964966
2515,0.13206824474036694,0.007277774624526501,0.4779055118560791,12.001141667366028
2516,0.1318690963089466,0.007108491670805961,0.4767377972602844,11.999322891235352
2517,0.13143633119761944,0.006683433894068003,0.47557225823402405,11.999717593193054
2518,0.1319066509604454,0.007175114471465349,0.47440892457962036,11.998745203018188
2519,0.13247331976890564,0.007664610107894987,0.4732481837272644,12.007622718811035
2520,0.1327714789658785,0.008051816548686475,0.47208985686302185,11.999876737594604
2521,0.13316771015524864,0.008429764595348388,0.47093403339385986,12.002861022949219
2522,0.1331197489053011,0.00840350508224219,0.4697802662849426,12.001844644546509
2523,0.1330798789858818,0.0083588813431561,0.4686287045478821,12.003471374511719
2524,0.13384003564715385,0.009137571731116623,0.46747928857803345,12.002767443656921
2525,0.13344230875372887,0.008786655322182924,0.46633225679397583,11.999233484268188
2526,0.1343149933964014,0.009614007081836462,0.46519333124160767,12.004905462265015
2527,0.13257963582873344,0.007935420435387641,0.4640563726425171,12.000365376472473
2528,0.13226371444761753,0.007650437124539167,0.462921142578125,11.998407125473022
2529,0.13165357895195484,0.007018050237093121,0.4617876410484314,12.001765608787537
2530,0.13216490112245083,0.007556900556664914,0.4606558382511139,12.000144720077515
2531,0.131801912561059,0.007175349979661405,0.459526002407074,12.003130555152893
2532,0.1320677325129509,0.007470559095963836,0.45839810371398926,12.001319289207458
2533,0.13234995491802692,0.007791275333147496,0.4572720229625702,11.99859631061554
2534,0.13249989040195942,0.0079144571791403,0.45614805817604065,12.002395510673523
2535,0.13278701156377792,0.008220326853916049,0.45502611994743347,12.00164258480072
2536,0.13177902810275555,0.007195745944045484,0.4539061188697815,12.004421949386597
2537,0.13261628150939941,0.008006625983398408,0.4527882933616638,12.008177518844604
2538,0.13171651028096676,0.0071894050925038755,0.4516724646091461,12.001037955284119
2539,0.13215776905417442,0.007614727423060685,0.4505588114261627,12.003745913505554
2540,0.13161427900195122,0.007112130813766271,0.4494472146034241,12.000767946243286
2541,0.13189812935888767,0.0074197237845510244,0.4483376741409302,11.999503016471863
2542,0.1319209337234497,0.007445177063345909,0.4472302198410034,12.000345587730408
2543,0.13095009326934814,0.006484819634351879,0.44612497091293335,12.000402569770813
2544,0.13226225599646568,0.007773705292493105,0.44502198696136475,12.003833293914795
2545,0.13269365765154362,0.00825549173168838,0.44392120838165283,11.999895572662354
2546,0.13253283873200417,0.008132819144520909,0.44282248616218567,11.997179746627808
2547,0.13253233209252357,0.008090043964330107,0.4417257606983185,12.002503395080566
2548,0.13167165406048298,0.007248399080708623,0.4406310021877289,12.001694560050964
2549,0.13206921890377998,0.0076490447972901165,0.4395385682582855,12.002479076385498
2550,0.13175126165151596,0.007326081453356892,0.438448429107666,12.004069924354553
2551,0.13222701475024223,0.007857147313188761,0.43736064434051514,11.999626278877258
2552,0.13119222596287727,0.0068276142119430006,0.43627506494522095,12.000186443328857
2553,0.13293666392564774,0.008565831754822284,0.43519142270088196,12.00189208984375
2554,0.13179362379014492,0.007440118177328259,0.43410980701446533,12.001241326332092
2555,0.13153653219342232,0.007171630277298391,0.43303030729293823,12.003460168838501
2556,0.13200771994888783,0.0076609859825111926,0.431953102350235,12.002720475196838
2557,0.13192974030971527,0.007594918191898614,0.43087804317474365,12.002604484558105
2558,0.1315977405756712,0.007293343544006348,0.42980509996414185,12.000635027885437
2559,0.1312240231782198,0.006931697833351791,0.4287343919277191,12.000498414039612
2560,0.13159749656915665,0.007339149073231965,0.42766594886779785,11.998169183731079
2561,0.13064985163509846,0.006398603203706443,0.4265996515750885,11.998525500297546
2562,0.13311604224145412,0.008860559726599604,0.42553555965423584,12.000012993812561
2563,0.1301936861127615,0.005956553388386965,0.4244735836982727,11.999240040779114
2564,0.13166531547904015,0.007382796611636877,0.4234136939048767,12.004838585853577
2565,0.13182838074862957,0.007577946234960109,0.4223558306694031,12.002687573432922
2566,0.13062797114253044,0.006377629702910781,0.42130008339881897,12.003734350204468
2567,0.13206123188138008,0.0078047068673186,0.4202466607093811,12.005406022071838
2568,0.1316810417920351,0.0074790113139897585,0.41919538378715515,12.001007914543152
2569,0.13207627087831497,0.007839277561288327,0.4181463122367859,12.005553364753723
2570,0.13177109137177467,0.007628463383298367,0.41709938645362854,11.99716341495514
2571,0.13173312693834305,0.0075562839629128575,0.41605454683303833,12.001630067825317
2572,0.13047114200890064,0.006336768623441458,0.41501182317733765,11.998425483703613
2573,0.13163366355001926,0.007497387821786106,0.4139711558818817,11.999656558036804
2574,0.1318832989782095,0.0077134880120866,0.4129326641559601,12.004048585891724
2575,0.13147941045463085,0.007361573458183557,0.4118962585926056,11.999887585639954
2576,0.13207697123289108,0.007969785074237734,0.41086211800575256,11.99985671043396
2577,0.1313541978597641,0.007264588959515095,0.40983009338378906,11.999131202697754
2578,0.1315478254109621,0.007448723656125367,0.4088001847267151,12.001110315322876
2579,0.13132272101938725,0.007175719132646918,0.4077722430229187,12.006928324699402
2580,0.13183444552123547,0.007719709363300353,0.4067464768886566,12.004727840423584
2581,0.13150684162974358,0.007375856512226164,0.40572285652160645,12.007376074790955
2582,0.13209079764783382,0.008031712437514216,0.4047013819217682,12.00120747089386
2583,0.13065285235643387,0.0066381904180161655,0.4036819338798523,11.997784733772278
2584,0.13129190728068352,0.007256480515934527,0.40266454219818115,12.00087833404541
2585,0.1312672160565853,0.007262656406965107,0.4016493558883667,11.998806715011597
2586,0.13138412684202194,0.007355977548286319,0.4006362855434418,12.002179026603699
2587,0.13088229857385159,0.006849411875009537,0.3996252715587616,12.003663659095764
2588,0.130860710516572,0.006862555688712746,0.3986165225505829,12.001199126243591
2589,0.13166356086730957,0.007646193960681558,0.39760977029800415,12.004127264022827
2590,0.13095622695982456,0.006977766752243042,0.396604984998703,12.001241326332092
2591,0.13129371777176857,0.0073353275074623525,0.39560219645500183,12.000237107276917
2592,0.13134145736694336,0.007360284973401576,0.3946014642715454,12.00351595878601
2593,0.13047082349658012,0.006541336479131132,0.3936029076576233,11.999346256256104
2594,0.13153117336332798,0.00758701516315341,0.39260661602020264,12.00180959701538
2595,0.13170857913792133,0.007756237289868295,0.3916124105453491,12.003621935844421
2596,0.13170617260038853,0.00779392319964245,0.3906202018260956,12.000604748725891
2597,0.13069404289126396,0.00679601333104074,0.38962993025779724,12.000173211097717
2598,0.13155090063810349,0.007685735006816685,0.3886415958404541,11.997875213623047
2599,0.13103557750582695,0.0071389005170203745,0.3876552879810333,12.002012729644775
2600,0.1311206817626953,0.0072083855047822,0.38667112588882446,12.004558563232422
2601,0.13134101778268814,0.007486113114282489,0.3856891691684723,11.999801516532898
2602,0.13087337277829647,0.007001745514571667,0.38470926880836487,12.002454042434692
2603,0.1308320965617895,0.006968739442527294,0.3837314248085022,12.002604365348816
2604,0.13074395433068275,0.006904141046106815,0.3827556073665619,12.00122594833374
2605,0.13167565129697323,0.007840959588065743,0.381781667470932,12.001688003540039
2606,0.1305997371673584,0.0068047489621676505,0.3808097243309021,11.9986891746521
2607,0.13154089078307152,0.0077141032088547945,0.3798398971557617,12.00283932685852
2608,0.13127452693879604,0.007461254426743835,0.3788720369338989,12.002455592155457
2609,0.1314402800053358,0.007674951222725213,0.3779061436653137,11.998627424240112
2610,0.13113086484372616,0.0073667417163960636,0.3769424259662628,11.999469876289368
2611,0.1303554605692625,0.006600584427360445,0.3759807348251343,11.999507308006287
2612,0.13152116909623146,0.007751866360194981,0.3750211298465729,12.001909494400024
2613,0.13140895776450634,0.007635683694388717,0.3740634322166443,12.00326418876648
2614,0.13146946392953396,0.0077233819756656885,0.3731076717376709,12.001500725746155
2615,0.1312010232359171,0.007447990996297449,0.3721539378166199,12.003149509429932
2616,0.1308469921350479,0.007135974301490933,0.37120234966278076,11.999899625778198
2617,0.13123732432723045,0.0075227629859000444,0.37025266885757446,12.001203894615173
2618,0.13193649426102638,0.008262769842986017,0.36930492520332336,11.99806797504425
2619,0.13158481940627098,0.007858709723223,0.36835920810699463,12.004252314567566
2620,0.13046514987945557,0.0068001815234310925,0.3674154281616211,11.9990816116333
2621,0.1317518763244152,0.008054332458414137,0.3664737641811371,12.003280997276306
2622,0.1298158336430788,0.006141020247014239,0.36553406715393066,12.00194764137268
2623,0.1305476762354374,0.0069055171916261315,0.3645963668823242,11.999619603157043
2624,0.13203075900673866,0.008315475599374622,0.3636605143547058,12.00786805152893
2625,0.13173350878059864,0.00810390745755285,0.362726628780365,12.000233769416809
2626,0.13046098686754704,0.006801989278756082,0.36179473996162415,12.00410521030426
2627,0.12990780174732208,0.006290874094702303,0.3608648478984833,12.000828385353088
2628,0.13173449598252773,0.008154861629009247,0.3599368929862976,11.998026967048645
2629,0.1317515280097723,0.008107340370770544,0.35901105403900146,12.00540804862976
2630,0.13148672878742218,0.007916468020994216,0.35810181498527527,11.998924136161804
2631,0.13089601881802082,0.007345505116973072,0.3571929931640625,11.9978586435318
2632,0.13172535598278046,0.008071458840277046,0.3562847673892975,12.009105682373047
2633,0.13075537234544754,0.007177125895395875,0.3554064631462097,12.002418279647827
2634,0.133074838668108,0.009540700819343328,0.3545260429382324,11.998887777328491
2635,0.13054245337843895,0.00700533197959885,0.35368698835372925,12.000025391578674
2636,0.13360849767923355,0.00991423730738461,0.35284221172332764,12.016584038734436
2637,0.13228641264140606,0.008640890941023827,0.3520427346229553,12.012509822845459
2638,0.13253841176629066,0.009080651798285544,0.3512687683105469,11.994507551193237
2639,0.1340833120048046,0.01061716047115624,0.3505312502384186,11.996084332466125
2640,0.13296348974108696,0.00940038962289691,0.34982892870903015,12.006481409072876
2641,0.1309232246130705,0.007332829700317234,0.3491075932979584,12.009932041168213
2642,0.132590651512146,0.009122810093685985,0.3483700156211853,11.998414754867554
2643,0.131191560998559,0.007738971908111125,0.34765467047691345,11.997604370117188
2644,0.13456685841083527,0.010992260416969657,0.3469359874725342,12.010524034500122
2645,0.13421333767473698,0.010641908273100853,0.3462505340576172,12.010892510414124
2646,0.1307890396565199,0.0073509347857907414,0.34559717774391174,11.998213529586792
2647,0.13313142210245132,0.009691918385215104,0.34492093324661255,11.999029636383057
2648,0.13058112002909184,0.007095348497387022,0.34426379203796387,12.004313588142395
2649,0.1324274018406868,0.008904858259484172,0.34358420968055725,12.008670568466187
2650,0.13068789429962635,0.0072319902828894556,0.34291893243789673,12.002671837806702
2651,0.13372042402625084,0.010358072468079627,0.3422324061393738,11.994002938270569
2652,0.1318377573043108,0.0084601198323071,0.34156864881515503,11.996195197105408
2653,0.1318238414824009,0.008338822517544031,0.3409103453159332,12.007591724395752
2654,0.1333023477345705,0.009785802045371383,0.34026846289634705,12.011386036872864
2655,0.1297499630600214,0.006364849687088281,0.3396461606025696,11.998865604400635
2656,0.13169147819280624,0.008303040522150695,0.33899906277656555,11.999845147132874
2657,0.1321972142904997,0.008743477810639888,0.3383513391017914,12.007022738456726
2658,0.13145576603710651,0.008032154699321836,0.33768123388290405,12.004680275917053
2659,0.13152244314551353,0.008199734496884048,0.3369913399219513,11.995280027389526
2660,0.13145487941801548,0.008040098357014358,0.3362864553928375,12.005192041397095
2661,0.1309435423463583,0.007506695343181491,0.3355654180049896,12.008119583129883
2662,0.1310985591262579,0.0077465667854994535,0.33483022451400757,12.000369429588318
2663,0.13006649911403656,0.006718161515891552,0.334082692861557,12.000751376152039
2664,0.13111817836761475,0.007735786202829331,0.33332401514053345,12.004915714263916
2665,0.13168882951140404,0.00839589728275314,0.33255529403686523,11.996738195419312
2666,0.13126875087618828,0.007968325458932668,0.33177781105041504,11.998265147209167
2667,0.13129875622689724,0.007967761717736721,0.3309926986694336,12.00210702419281
2668,0.12998009100556374,0.006688243709504604,0.33020082116127014,11.998984098434448
2669,0.12955730967223644,0.0062387591460719705,0.3294030427932739,12.002452492713928
2670,0.13060028292238712,0.007270413858350366,0.32860031723976135,12.00438666343689
2671,0.13045676052570343,0.007179501175414771,0.32779332995414734,11.999933004379272
2672,0.13025088235735893,0.006960863713175058,0.3269824683666229,12.002019762992859
2673,0.13029365427792072,0.006964052969124168,0.3261682093143463,12.006792306900024
2674,0.13084305822849274,0.007585499028209597,0.3253512680530548,12.000405311584473
2675,0.1309527549892664,0.007671916449908167,0.32453203201293945,12.003552079200745
2676,0.13094435259699821,0.007684810960199684,0.3237108588218689,12.002243757247925
2677,0.13067752495408058,0.00746826030081138,0.3228882849216461,11.998038530349731
2678,0.1305626966059208,0.007358537404797971,0.32206472754478455,11.998351454734802
2679,0.13025253266096115,0.007059208815917373,0.32124021649360657,11.998092412948608
2680,0.12994017824530602,0.006780205527320504,0.32041501998901367,11.995582461357117
2681,0.13115564733743668,0.007933496963232756,0.31958940625190735,12.002625823020935
2682,0.13012338615953922,0.006906399445142597,0.318763792514801,12.00293517112732
2683,0.13033253513276577,0.007143499213270843,0.3179382085800171,12.000965595245361
2684,0.1295840870589018,0.00636489229509607,0.3171128034591675,12.004806876182556
2685,0.12959089875221252,0.0063961942214518785,0.3162878155708313,12.003182888031006
2686,0.13045718520879745,0.007295955379959196,0.31546345353126526,12.000659823417664
2687,0.13113031350076199,0.007986466167494655,0.314639687538147,11.99974524974823
2688,0.13121208548545837,0.008056039339862764,0.313816636800766,12.001788258552551
2689,0.1300548855215311,0.006888811243698001,0.31299442052841187,12.003613352775574
2690,0.1309745404869318,0.007834620133507997,0.3121732473373413,12.001819372177124
2691,0.1307567972689867,0.007668612524867058,0.31135293841362,11.997465968132019
2692,0.13076436519622803,0.007657933630980551,0.3105337619781494,12.000109672546387
2693,0.1315926518291235,0.00846545654349029,0.30971577763557434,12.00300407409668
2694,0.13189594633877277,0.008789891260676086,0.3088992238044739,12.001706838607788
2695,0.13286982290446758,0.00981037481687963,0.3080838918685913,11.99786126613617
2696,0.13121921569108963,0.008156348660122603,0.30727896094322205,11.999008059501648
2697,0.1295819953083992,0.0064846197492443025,0.3064744174480438,12.003263115882874
2698,0.13025091774761677,0.007171389181166887,0.3056703805923462,12.002282857894897
2699,0.1315814759582281,0.008516947040334344,0.3048669993877411,12.001586318016052
2700,0.13061346486210823,0.007561279518995434,0.30406448245048523,12.00115418434143
2701,0.13092824071645737,0.007849992311093956,0.3032631576061249,12.004562258720398
2702,0.13011856377124786,0.007073819462675601,0.302462637424469,12.002012252807617
2703,0.13074960187077522,0.007745663169771433,0.3016631603240967,11.998730897903442
2704,0.13106696493923664,0.00806405150797218,0.3008647859096527,11.99942696094513
2705,0.1309737842530012,0.007923601078800857,0.3000675439834595,12.004951119422913
2706,0.1308836843818426,0.007848366920370609,0.2992716431617737,12.004260897636414
2707,0.13017161563038826,0.007219095889013261,0.2984769940376282,11.996775150299072
2708,0.12978386506438255,0.006832264305558056,0.29768380522727966,11.9974764585495
2709,0.13086681254208088,0.007877408701460809,0.2968920171260834,12.00204849243164
2710,0.1292225383222103,0.006216174806468189,0.2961016297340393,12.004534840583801
2711,0.1310345847159624,0.008045122784096748,0.2953126132488251,12.003633856773376
2712,0.12978738360106945,0.006824475945904851,0.29452505707740784,12.001766204833984
2713,0.13041597604751587,0.0074547125841490924,0.2937391400337219,12.002387404441833
2714,0.13066017255187035,0.007722258858848363,0.29295477271080017,12.000836849212646
2715,0.13012726977467537,0.007190971926320344,0.29217177629470825,12.001458287239075
2716,0.13042216561734676,0.00749718357110396,0.29139024019241333,12.001108288764954
2717,0.1308660674840212,0.007953141117468476,0.29061031341552734,12.000682711601257
2718,0.1295389886945486,0.0066103453282266855,0.28983211517333984,12.003032565116882
2719,0.12934874184429646,0.006459460506448522,0.28905564546585083,11.999872922897339
2720,0.13072261586785316,0.007855208707042038,0.2882806658744812,11.998460292816162
2721,0.13038149289786816,0.007505990564823151,0.28750723600387573,12.000043511390686
2722,0.13013795390725136,0.007269500463735312,0.28673532605171204,12.000110268592834
2723,0.13025840185582638,0.007386396289803088,0.28596511483192444,12.001235365867615
2724,0.13085971027612686,0.007936334470286965,0.2851966917514801,12.00714123249054
2725,0.13207105174660683,0.009197061182931066,0.2844299077987671,12.00296926498413
2726,0.12994189374148846,0.00706892809830606,0.2836647927761078,12.003631949424744
2727,0.13081050105392933,0.007977256260346621,0.2829011082649231,12.000423669815063
2728,0.1297263316810131,0.006924785848241299,0.2821390628814697,11.998015522956848
2729,0.12967731431126595,0.006862180889584124,0.28137871623039246,12.000134825706482
2730,0.12944492883980274,0.006647593865636736,0.28062009811401367,11.99911367893219
2731,0.12955636531114578,0.006759322190191597,0.279863178730011,11.999841690063477
2732,0.13003699108958244,0.007241077197249979,0.2791080176830292,12.000483751296997
2733,0.1296725980937481,0.0068883385974913836,0.2783544361591339,12.0000718832016
2734,0.12956121936440468,0.0067795850918628275,0.2776024341583252,12.000561237335205
2735,0.13009154051542282,0.0073261819197796285,0.2768521010875702,11.999683856964111
2736,0.1306254994124174,0.0078507699072361,0.2761034369468689,12.001369833946228
2737,0.13157427124679089,0.008787005732301623,0.2753564715385437,12.003369927406311
2738,0.12993446551263332,0.007173924474045634,0.27461105585098267,12.001443266868591
2739,0.12973729521036148,0.006999612494837493,0.2738673686981201,11.999901294708252
2740,0.12966767698526382,0.006906290946062654,0.2731252908706665,12.003013730049133
2741,0.13019684702157974,0.007452178746461868,0.2723848521709442,12.002082109451294
2742,0.12986177578568459,0.007139078981708735,0.27164608240127563,12.00062382221222
2743,0.13077487237751484,0.008058779232669622,0.2709091007709503,12.0007004737854
2744,0.13126056641340256,0.008570563106331974,0.2701737880706787,11.99882698059082
2745,0.12914392165839672,0.00645297032315284,0.26944002509117126,11.999655365943909
2746,0.13030768558382988,0.007605363032780588,0.268707811832428,12.001524686813354
2747,0.13001888990402222,0.007344268553424627,0.26797717809677124,11.99948525428772
2748,0.1301277056336403,0.007432690006680787,0.2672482132911682,12.002253651618958
2749,0.12950263172388077,0.006814257299993187,0.26652097702026367,12.00231647491455
2750,0.12989729270339012,0.00724429200636223,0.26579537987709045,11.999504804611206
2751,0.1294625774025917,0.006818409659899771,0.26507142186164856,11.999345541000366
2752,0.131217984482646,0.008568035962525755,0.264349102973938,12.000646114349365
2753,0.12883401289582253,0.006203281169291586,0.26362845301628113,11.999444842338562
2754,0.12980621308088303,0.007166832161601633,0.262909471988678,12.001029014587402
2755,0.13078322261571884,0.008130369242280722,0.2621920704841614,12.003093481063843
2756,0.12998189590871334,0.007344191486481577,0.26147621870040894,12.002294301986694
2757,0.12982343323528767,0.0071897898451425135,0.26076188683509827,12.002602815628052
2758,0.12955270148813725,0.006950139359105378,0.2600491940975189,12.00020718574524
2759,0.12927320040762424,0.006693622330203652,0.2593381404876709,11.998619794845581
2760,0.1301021073013544,0.007516432669945061,0.2586287260055542,11.99993884563446
2761,0.1293542291969061,0.006782642041798681,0.2579209804534912,11.999238133430481
2762,0.13004785031080246,0.00746000389335677,0.25721481442451477,12.001570105552673
2763,0.12973996438086033,0.007167789677623659,0.25651028752326965,12.000707149505615
2764,0.1296965293586254,0.0071402404573746026,0.2558073401451111,11.99982213973999
2765,0.12941552698612213,0.006830616970546544,0.25510600209236145,12.003385424613953
2766,0.12930411472916603,0.006758250354323536,0.254406213760376,12.0001802444458
2767,0.12924028187990189,0.006710038869641721,0.2537079453468323,11.999316453933716
2768,0.1298933532088995,0.0073413462087046355,0.2530112862586975,12.002189874649048
2769,0.12827542051672935,0.0057173099485225976,0.2523162364959717,12.00349509716034
2770,0.1293743085116148,0.006841722410172224,0.25162291526794434,12.001636028289795
2771,0.12966609746217728,0.007155085913836956,0.25093114376068115,12.000170350074768
2772,0.12999217957258224,0.007501856132876128,0.25024089217185974,11.998791694641113
2773,0.12965420447289944,0.007145397365093231,0.2495521903038025,12.001328468322754
2774,0.12949402816593647,0.007007960346527398,0.2488650530576706,11.999741911888123
2775,0.13049479573965073,0.00800412823446095,0.24817943572998047,12.000887274742126
2776,0.12979409098625183,0.007285346044227481,0.2474953830242157,12.003379225730896
2777,0.12971307523548603,0.007231705181766301,0.24681301414966583,12.00132429599762
2778,0.1302809678018093,0.007823798805475235,0.24613222479820251,11.999584794044495
2779,0.12946642376482487,0.007021497760433704,0.2454529106616974,11.999039888381958
2780,0.1306938473135233,0.00822548457654193,0.2447751760482788,12.002061367034912
2781,0.12911934591829777,0.006666064786259085,0.24409900605678558,12.001229166984558
2782,0.12923876382410526,0.006794304528739303,0.24342437088489532,12.00102174282074
2783,0.13016975112259388,0.007726603944320232,0.24275125563144684,12.001563668251038
2784,0.1288074553012848,0.006370736693497747,0.24207979440689087,12.00159239768982
2785,0.12932467460632324,0.00692083575995639,0.24140989780426025,11.998974204063416
2786,0.12946986965835094,0.0070530244265682995,0.24074149131774902,12.000943183898926
2787,0.1301192995160818,0.00771703541977331,0.2400745153427124,12.000151991844177
2788,0.12847542390227318,0.0060526966117322445,0.23940905928611755,12.0028635263443
2789,0.12994631379842758,0.007499490049667656,0.23874524235725403,12.005937337875366
2790,0.12945403717458248,0.007048170431517065,0.23808301985263824,12.002503991127014
2791,0.12912653014063835,0.006773265602532774,0.23742227256298065,11.997904300689697
2792,0.12947504594922066,0.007120438909623772,0.23676294088363647,11.998698234558105
2793,0.1293546911329031,0.006962493294849992,0.23610512912273407,12.003114700317383
2794,0.13059809803962708,0.008251353923697025,0.23544886708259583,11.999225735664368
2795,0.12945184856653214,0.007104113057721406,0.2347942441701889,11.999979496002197
2796,0.12928535975515842,0.006934202509000897,0.23414115607738495,12.000974655151367
2797,0.1293111201375723,0.0069690459640696645,0.23348957300186157,12.000718116760254
2798,0.12933713011443615,0.00700889783911407,0.2328394651412964,11.99998390674591
2799,0.12928361631929874,0.006951795076020062,0.2321908175945282,12.000991582870483
2800,0.1293329931795597,0.006981724582146853,0.23154357075691223,12.003583431243896
2801,0.1296574715524912,0.007290293928235769,0.2308979034423828,12.005819916725159
2802,0.12855609692633152,0.006252912164200097,0.23025378584861755,12.000064969062805
2803,0.12859806045889854,0.0063083714339882135,0.22961123287677765,11.999358057975769
2804,0.1294309888035059,0.007133561302907765,0.22897015511989594,12.000772714614868
2805,0.12961960583925247,0.007343825651332736,0.22833049297332764,11.999247670173645
2806,0.1292178314179182,0.0069233516696840525,0.22769226133823395,12.001756310462952
2807,0.12903404980897903,0.006766200240235776,0.22705547511577606,11.999729633331299
2808,0.1296301744878292,0.007368926366325468,0.22642022371292114,11.999704837799072
2809,0.12983323819935322,0.007538969803135842,0.2257864773273468,12.003640532493591
2810,0.1288602128624916,0.006621590931899846,0.2251543402671814,11.998708486557007
2811,0.13027528300881386,0.0080455670831725,0.2245236039161682,11.998448371887207
2812,0.12980992905795574,0.007529635913670063,0.22389432787895203,12.004135489463806
2813,0.13007228635251522,0.007795244338922203,0.22326651215553284,12.004437685012817
2814,0.1294480338692665,0.007219376508146524,0.22264018654823303,12.00022554397583
2815,0.12941094674170017,0.007151843456085771,0.22201530635356903,12.003895044326782
2816,0.13014253973960876,0.007952500018291175,0.22139185667037964,11.997612357139587
2817,0.13004501350224018,0.007792822201736271,0.22077149152755737,12.004447937011719
2818,0.1302829049527645,0.008082125685177743,0.2201523780822754,11.999925971031189
2819,0.129691319540143,0.0075073366751894355,0.21953462064266205,11.998863697052002
2820,0.13076471351087093,0.008525790472049266,0.21891824901103973,12.004974365234375
2821,0.12962046265602112,0.007424822426401079,0.2183031439781189,12.001261115074158
2822,0.1294061504304409,0.0072441487573087215,0.2176893651485443,11.99851143360138
2823,0.13050417974591255,0.008312538615427911,0.21707689762115479,12.002087473869324
2824,0.12921222858130932,0.007083930366206914,0.2164658010005951,11.996363997459412
2825,0.13022064790129662,0.00804532680194825,0.21585607528686523,12.001676440238953
2826,0.13058910332620144,0.00835841178195551,0.2152477353811264,12.007821440696716
2827,0.13012045621871948,0.007960595015902072,0.21464072167873383,12.001345753669739
2828,0.12977095507085323,0.007622845412697643,0.21404089033603668,12.000770449638367
2829,0.12942570075392723,0.007286991574801505,0.21344183385372162,12.000429391860962
2830,0.13042568415403366,0.008343165332917124,0.21284359693527222,11.995408296585083
2831,0.12936890497803688,0.00720637891208753,0.2122499942779541,12.004002928733826
2832,0.12961546331644058,0.0074642059043981135,0.21165695786476135,12.003469109535217
2833,0.1303512454032898,0.008214551315177232,0.21106459200382233,12.002605080604553
2834,0.12966233119368553,0.007522113563027233,0.2104729562997818,12.003548860549927
2835,0.12955328822135925,0.007454764912836254,0.20988208055496216,11.999970555305481
2836,0.12891091778874397,0.0068124899989925325,0.20929203927516937,12.000551223754883
2837,0.1300529818981886,0.007945477787870914,0.20870283246040344,12.002047657966614
2838,0.13068056106567383,0.008597307372838259,0.20811471343040466,12.000210881233215
2839,0.12890383414924145,0.006791746011003852,0.20752760767936707,12.003681659698486
2840,0.12990580685436726,0.007807786168996245,0.2069416344165802,12.002861022949219
2841,0.1297704130411148,0.0077365265460684896,0.20635661482810974,11.997032642364502
2842,0.12920458801090717,0.007160894223488867,0.20577269792556763,11.998596906661987
2843,0.13042264990508556,0.008376443409360945,0.20518985390663147,11.999430894851685
2844,0.12947074510157108,0.0073989222291857,0.20460805296897888,12.002574443817139
2845,0.12970250844955444,0.007612358080223203,0.20402748882770538,12.004988074302673
2846,0.1304274946451187,0.008355979400221258,0.20344825088977814,12.003703594207764
2847,0.12949942238628864,0.007464970229193568,0.20287036895751953,12.000575065612793
2848,0.12928752601146698,0.007254613330587745,0.2022935450077057,12.00099778175354
2849,0.1294288132339716,0.007397610927000642,0.2017178237438202,12.001402735710144
2850,0.12970653176307678,0.007712509715929627,0.201143279671669,11.998259425163269
2851,0.1297842189669609,0.007767539005726576,0.20057006180286407,12.001098036766052
2852,0.12930980883538723,0.007302561600226909,0.19999822974205017,12.000726580619812
2853,0.12949176132678986,0.007480879197828472,0.1994277387857437,12.001660823822021
2854,0.12927363999187946,0.007262326485943049,0.19885846972465515,12.002273082733154
2855,0.12956195510923862,0.007609471445903182,0.1982903927564621,11.996957898139954
2856,0.12907664850354195,0.007089348742738366,0.1977236270904541,12.001006364822388
2857,0.12929278425872326,0.007302875106688589,0.19715824723243713,12.001833200454712
2858,0.12892860546708107,0.00696321070427075,0.19659414887428284,11.999945402145386
2859,0.12935287691652775,0.0073550037341192365,0.19603125751018524,12.003756284713745
2860,0.1291098389774561,0.007097505033016205,0.1954696923494339,12.005764126777649
2861,0.12898019701242447,0.006991945789195597,0.19490942358970642,12.003915786743164
2862,0.1296279225498438,0.007662832038477063,0.1943504959344864,12.002158880233765
2863,0.12801288068294525,0.006080069113522768,0.19379286468029022,11.999488592147827
2864,0.1289241760969162,0.007009254302829504,0.1932365745306015,11.998255610466003
2865,0.12898734956979752,0.007068156031891704,0.19268164038658142,11.99923825263977
2866,0.12981041707098484,0.007881654717493802,0.192127987742424,12.00074851512909
2867,0.12912164628505707,0.007212884316686541,0.19157567620277405,11.999300837516785
2868,0.1297061461955309,0.0077716633095406,0.19102464616298676,12.002423763275146
2869,0.1291402019560337,0.00723236077465117,0.19047483801841736,12.000309944152832
2870,0.12941133230924606,0.0075074846390634775,0.18992629647254944,12.00045895576477
2871,0.1291418932378292,0.007208073453512043,0.18937909603118896,12.004003047943115
2872,0.12835202366113663,0.0064660292118787766,0.1888332962989807,11.99976634979248
2873,0.12917862832546234,0.007284494116902351,0.1882888227701187,12.001124739646912
2874,0.12935203127563,0.00745915318839252,0.187745600938797,12.001542448997498
2875,0.12891214527189732,0.007025025901384652,0.18720367550849915,12.001508712768555
2876,0.1278736311942339,0.005994638078846037,0.18666304647922516,12.00123655796051
2877,0.13021005876362324,0.008349795127287507,0.1861238032579422,11.999902844429016
2878,0.12937286496162415,0.007501512998715043,0.18558579683303833,12.00154960155487
2879,0.12976006977260113,0.007879060285631567,0.18504905700683594,12.003052115440369
2880,0.12907379120588303,0.007225935347378254,0.1845136284828186,12.000272035598755
2881,0.12909113056957722,0.0072604401502758265,0.18397945165634155,11.99908983707428
2882,0.12964294664561749,0.007790133822709322,0.18344660103321075,12.001834988594055
2883,0.12867125123739243,0.0068365412298589945,0.18291503190994263,12.000556468963623
2884,0.1288311779499054,0.006994174385908991,0.1823846995830536,12.00131607055664
2885,0.13015088066458702,0.00830650725401938,0.18185575306415558,12.00258183479309
2886,0.128463601693511,0.0066450401791371405,0.18132811784744263,12.000528454780579
2887,0.12836936116218567,0.006576385116204619,0.18080174922943115,11.998496174812317
2888,0.12854865938425064,0.006751978013198823,0.18027661740779877,11.999391794204712
2889,0.1290923561900854,0.007296476454939693,0.17975272238254547,11.999835729598999
2890,0.12977867759764194,0.007955348817631602,0.17923009395599365,12.003102898597717
2891,0.12906911596655846,0.007213690725620836,0.1787087619304657,12.006833910942078
2892,0.13035175018012524,0.00852802162989974,0.17818869650363922,12.004184484481812
2893,0.1293883267790079,0.007571911963168532,0.17766998708248138,12.003971695899963
2894,0.12881075963377953,0.007038795622065663,0.17715249955654144,12.000044345855713
2895,0.12915027886629105,0.007401357521302998,0.1766362339258194,11.998255968093872
2896,0.129676116630435,0.007896097027696669,0.17612119019031525,12.0018812417984
2897,0.12931680865585804,0.0075421424699015915,0.17560744285583496,12.001859307289124
2898,0.1288641020655632,0.0070721362717449665,0.17509503662586212,12.004101514816284
2899,0.12921199016273022,0.007471104152500629,0.17458395659923553,11.999504923820496
2900,0.12794050201773643,0.006235561799257994,0.17407405376434326,11.99642026424408
2901,0.12813100032508373,0.0064064934849739075,0.17356529831886292,11.998885989189148
2902,0.12899054400622845,0.007230554008856416,0.17305774986743927,12.002941727638245
2903,0.12871395982801914,0.006943722779396921,0.17255155742168427,12.004472374916077
2904,0.12884053960442543,0.007090406725183129,0.17204678058624268,12.00296676158905
2905,0.12914583832025528,0.007410005375277251,0.1715431809425354,12.002040266990662
2906,0.12964702397584915,0.007908063707873225,0.17104065418243408,12.002855658531189
2907,0.1291030514985323,0.007405751151964068,0.1705392301082611,11.999191045761108
2908,0.12871882505714893,0.006993219489231706,0.17003902792930603,12.002521753311157
2909,0.12846548855304718,0.006737167132087052,0.1695401966571808,12.003292083740234
2910,0.12922652065753937,0.0075106044532731175,0.16904278099536896,12.002549290657043
2911,0.12835091911256313,0.006684485240839422,0.1685466319322586,11.998096585273743
2912,0.12851529568433762,0.006878723914269358,0.168051615357399,11.995605826377869
2913,0.12973925285041332,0.00808508915361017,0.16755767166614532,11.997859120368958
2914,0.1292453221976757,0.007552967581432313,0.16706489026546478,12.002171039581299
2915,0.12935692630708218,0.0076532328384928405,0.16657334566116333,12.003796458244324
2916,0.1290943454951048,0.007371653337031603,0.16608309745788574,12.006186366081238
2917,0.12929578498005867,0.007577763055451214,0.1655941605567932,12.006208062171936
2918,0.1288124993443489,0.007139297667890787,0.16510647535324097,12.002213835716248
2919,0.12955890595912933,0.007911154418252409,0.16461986303329468,12.000155568122864
2920,0.1294435877352953,0.007806811889167875,0.1641344428062439,11.999543190002441
2921,0.12981346063315868,0.008184348233044147,0.16365012526512146,11.999261379241943
2922,0.12979976646602154,0.008098550024442375,0.16316716372966766,12.006954789161682
2923,0.1278375182300806,0.006213032815139741,0.16268539428710938,11.9997638463974
2924,0.128642238676548,0.007033231493551284,0.16220487654209137,11.998696208000183
2925,0.12860330380499363,0.006954644224606454,0.1617254763841629,12.003141045570374
2926,0.1285986267030239,0.006996754091233015,0.16124717891216278,11.99894094467163
2927,0.1296447478234768,0.008022836816962808,0.16077014803886414,12.001421093940735
2928,0.12905715964734554,0.007428922166582197,0.16029435396194458,12.002529501914978
2929,0.12817470356822014,0.00656908581731841,0.1598198413848877,12.000742316246033
2930,0.12970970012247562,0.00806126045063138,0.15934643149375916,12.005497694015503
2931,0.1289140209555626,0.007303821330424398,0.15887412428855896,12.002146124839783
2932,0.12864147126674652,0.007069781131576747,0.1584029346704483,11.99876618385315
2933,0.12838258408010006,0.006775552756153047,0.15793296694755554,12.00277030467987
2934,0.12832464277744293,0.006758364324923605,0.15746420621871948,11.99916386604309
2935,0.12841036915779114,0.0068423135089688,0.15699660778045654,11.999809503555298
2936,0.12981999665498734,0.008252806379459798,0.15653027594089508,12.000188946723938
2937,0.12936866283416748,0.007833380543161184,0.15606503188610077,11.997463464736938
2938,0.12856794148683548,0.007014521397650242,0.15560093522071838,11.999741554260254
2939,0.12868823669850826,0.007139859313610941,0.15513795614242554,11.99970018863678
2940,0.1286466233432293,0.007068535313010216,0.154676154255867,12.003133058547974
2941,0.1295921728014946,0.008010790625121444,0.1542154997587204,12.003923177719116
2942,0.12889652326703072,0.007329557149205357,0.1537560373544693,12.002940773963928
2943,0.1286736223846674,0.007142117014154792,0.15329769253730774,11.999853134155273
2944,0.12947707250714302,0.007936917478218675,0.1528405100107193,12.00117540359497
2945,0.12855671532452106,0.007032398891169578,0.15238453447818756,12.000047206878662
2946,0.12888693809509277,0.0073540034936740994,0.15192967653274536,12.00136387348175
2947,0.12923399172723293,0.007689962279982865,0.1514759361743927,12.00292718410492
2948,0.12860842607915401,0.007055698020849377,0.15102332830429077,12.004249572753906
2949,0.12901783548295498,0.007493146578781307,0.15057188272476196,12.00189733505249
2950,0.12920155003666878,0.00772666052216664,0.15012159943580627,11.99736773967743
2951,0.12844679690897465,0.00699623441323638,0.14967237412929535,11.995384097099304
2952,0.12833701260387897,0.006843539304099977,0.14922422170639038,12.000123262405396
2953,0.12961228750646114,0.008070373209193349,0.1487772911787033,12.005414366722107
2954,0.12954737059772015,0.008035500592086464,0.14833158254623413,12.00285530090332
2955,0.1280663125216961,0.00655908917542547,0.14788703620433807,12.002835512161255
2956,0.128322409465909,0.006831052713096142,0.14744354784488678,12.001692533493042
2957,0.12967296317219734,0.00818744848947972,0.14700102806091309,12.001550674438477
2958,0.1291985735297203,0.0077200865489430726,0.14655958116054535,12.001289129257202
2959,0.1289005260914564,0.007452125370036811,0.14611929655075073,11.998721241950989
2960,0.12898792885243893,0.007526995439548045,0.1456802785396576,12.000413298606873
2961,0.1275927871465683,0.006113063893280923,0.14524245262145996,12.002730011940002
2962,0.12810751982033253,0.006677950208541006,0.1448056995868683,11.998151302337646
2963,0.12905484065413475,0.007620543416123837,0.1443699300289154,11.999060273170471
2964,0.12867403961718082,0.007206850976217538,0.14393514394760132,12.00278377532959
2965,0.12844649516046047,0.006977125245612115,0.14350146055221558,12.003435850143433
2966,0.1290959194302559,0.007623510202392936,0.1430690735578537,12.004172325134277
2967,0.1287091225385666,0.007304667145945132,0.14263780415058136,11.997808337211609
2968,0.1281194780021906,0.006702578510157764,0.14220766723155975,11.99948251247406
2969,0.12822333350777626,0.006779612798709422,0.14177852869033813,12.002594113349915
2970,0.12906378135085106,0.00764647958567366,0.1413504034280777,12.000380158424377
2971,0.1295653749257326,0.00814281147904694,0.14092329144477844,12.001332998275757
2972,0.1289497222751379,0.007540115679148585,0.1404973864555359,12.000463247299194
2973,0.12818148732185364,0.006765407044440508,0.14007261395454407,12.001535773277283
2974,0.12779855728149414,0.006389623915310949,0.1396489441394806,12.001244902610779
2975,0.12821946293115616,0.006835846113972366,0.13922636210918427,11.999135613441467
2976,0.12904902175068855,0.007638808223418891,0.1388048231601715,12.002216815948486
2977,0.1291882712393999,0.007759102212730795,0.1383843719959259,12.00453269481659
2978,0.12919659353792667,0.007810154464095831,0.13796494901180267,12.00067925453186
2979,0.1283343844115734,0.006949915667064488,0.1375466287136078,12.000900626182556
2980,0.12894443795084953,0.00757529929978773,0.13712935149669647,11.999784588813782
2981,0.12875110656023026,0.007400167873129249,0.13671313226222992,11.99838125705719
2982,0.12898589298129082,0.00762747396947816,0.13629797101020813,11.999544143676758
2983,0.12854713760316372,0.007195184414740652,0.1358838975429535,11.999311566352844
2984,0.12856280617415905,0.007223163673188537,0.135470911860466,11.998493552207947
2985,0.1290927156805992,0.007717401604168117,0.13505896925926208,12.002472996711731
2986,0.12842299044132233,0.0070537233841605484,0.13464805483818054,12.002278923988342
2987,0.12877815403044224,0.007406243006698787,0.13423824310302734,12.002953290939331
2988,0.12859931960701942,0.007223264605272561,0.1338294893503189,12.003776550292969
2989,0.12917033396661282,0.007810588809661567,0.13342177867889404,12.00255298614502
2990,0.12929185293614864,0.007952353858854622,0.13301508128643036,12.000934958457947
2991,0.13011127524077892,0.008748267660848796,0.13260942697525024,12.00369143486023
2992,0.12892852909862995,0.00760417093988508,0.13220477104187012,12.000231266021729
2993,0.1289279069751501,0.007619419600814581,0.13180120289325714,11.999047994613647
2994,0.13110943511128426,0.009798223851248622,0.13139864802360535,11.999722957611084
2995,0.12962485291063786,0.008334918296895921,0.13099722564220428,11.99799644947052
2996,0.12885966710746288,0.007565988984424621,0.13059677183628082,11.99877142906189
2997,0.1300192717462778,0.008725220046471804,0.13019737601280212,11.999208092689514
2998,0.12978066690266132,0.008476400864310563,0.12979891896247864,12.000627994537354
2999,0.12977262027561665,0.008443869068287313,0.12940162420272827,12.00347375869751
3000,0.12978201918303967,0.00846325303427875,0.1290052831172943,12.0028715133667
3001,0.12815351225435734,0.006804388132877648,0.12861016392707825,12.00630271434784
3002,0.12760513462126255,0.006319240666925907,0.1282159686088562,12.000373721122742
3003,0.12908051908016205,0.007795216690283269,0.12782269716262817,12.000707983970642
3004,0.12944111973047256,0.00814401061506942,0.12743040919303894,12.002280950546265
3005,0.1293972246348858,0.008138384146150202,0.1270391345024109,11.998844981193542
3006,0.12946240417659283,0.008167754742316902,0.12664896249771118,12.002816557884216
3007,0.12886791303753853,0.0076049232156947255,0.1262597143650055,12.000039458274841
3008,0.12881038896739483,0.007598299300298095,0.12587150931358337,11.9953373670578
3009,0.1292025949805975,0.00792013417230919,0.12548433244228363,12.002761840820312
3010,0.12769205123186111,0.006445313454605639,0.12509825825691223,11.999575853347778
3011,0.12882418558001518,0.007558258308563381,0.1247132271528244,12.001879930496216
3012,0.1288243681192398,0.007510769064538181,0.1243291050195694,12.007031202316284
3013,0.12857016548514366,0.007342223252635449,0.12394598126411438,11.998848676681519
3014,0.1291271671652794,0.007865468738600612,0.12356379628181458,12.00260615348816
3015,0.12851032987236977,0.007260105689056218,0.12318260222673416,12.001839995384216
3016,0.12801908887922764,0.006787247199099511,0.12280243635177612,12.00038206577301
3017,0.1296914853155613,0.008455072063952684,0.12242324650287628,12.001218438148499
3018,0.12874503433704376,0.007559911580756307,0.12204506248235703,11.996467232704163
3019,0.13004189357161522,0.008813053893391043,0.12166786938905716,12.001216053962708
3020,0.12836309522390366,0.0071367755881510675,0.12129168957471848,12.001340746879578
3021,0.12854285910725594,0.007347936159931123,0.1209164708852768,11.998575925827026
3022,0.12790848687291145,0.006682116072624922,0.1205422505736351,12.002095222473145
3023,0.128815408796072,0.007601630466524512,0.1201690211892128,12.001208901405334
3024,0.1283696424216032,0.007183718262240291,0.1197967454791069,11.998795986175537
3025,0.12822860665619373,0.0069939777022227645,0.11942542344331741,12.004037857055664
3026,0.12787341326475143,0.006677669647615403,0.11905509233474731,12.000519752502441
3027,0.12717848271131516,0.0059798117144964635,0.1186857521533966,12.001181602478027
3028,0.12856328673660755,0.007348152343183756,0.11831739544868469,12.003196358680725
3029,0.12921292148530483,0.008043396461289376,0.1179499626159668,11.999002814292908
3030,0.1284661963582039,0.0072842155350372195,0.11758343875408173,12.000614881515503
3031,0.12853573821485043,0.007346742204390466,0.11721792072057724,12.001682162284851
3032,0.12755042873322964,0.006404911109711975,0.11685341596603394,11.997698664665222
3033,0.12793518975377083,0.006762358185369521,0.11648984998464584,12.000793814659119
3034,0.1285195741802454,0.007347524457145482,0.11612720787525177,12.001078128814697
3035,0.1277454774826765,0.006584880698937923,0.1157655343413353,12.00029444694519
3036,0.12765488028526306,0.006474493187852204,0.11540482193231583,12.002634286880493
3037,0.12809095904231071,0.006931579555384815,0.11504509299993515,12.000892996788025
3038,0.12806329689919949,0.006907170114573091,0.1146862804889679,12.000926613807678
3039,0.12760309129953384,0.006466030783485621,0.11432839930057526,11.999377846717834
3040,0.1288821678608656,0.007776068872772157,0.11397147923707962,11.996638774871826
3041,0.12926114909350872,0.008126874163281173,0.11361551284790039,11.999812483787537
3042,0.12825050204992294,0.007097811088897288,0.11326050013303757,12.00200891494751
3043,0.1281423717737198,0.006955634511541575,0.11290639638900757,12.005767583847046
3044,0.12839247658848763,0.007219553866889328,0.11255320906639099,12.00473928451538
3045,0.12780739925801754,0.006645726214628667,0.11220100522041321,12.003966093063354
3046,0.12854881212115288,0.007412042992655188,0.11184972524642944,12.001827478408813
3047,0.12864676490426064,0.007548216846771538,0.11149933934211731,11.998355627059937
3048,0.12829724326729774,0.007184418907854706,0.11114989966154099,12.000133037567139
3049,0.12922768853604794,0.008111964969430119,0.11080143600702286,12.000771164894104
3050,0.12817966751754284,0.00705970759736374,0.11045391112565994,12.001542210578918
3051,0.12849398888647556,0.007380327675491571,0.11010731756687164,12.001259088516235
3052,0.12895699217915535,0.007893015863373876,0.10976163297891617,11.996636271476746
3053,0.12878833897411823,0.0076931529911234975,0.10941680520772934,12.000102281570435
3054,0.1290497612208128,0.007932916400022805,0.10907286405563354,12.002611875534058
3055,0.12861886993050575,0.0075197588303126395,0.10872989147901535,12.001181364059448
3056,0.12855969928205013,0.00744318834040314,0.10838792473077774,12.003263115882874
3057,0.1286346334964037,0.007522703264839947,0.10804694145917892,12.003146290779114
3058,0.12844239547848701,0.007362144126091152,0.10770675539970398,12.000318765640259
3059,0.1283817831426859,0.007317772484384477,0.10736735910177231,11.99903404712677
3060,0.1288556456565857,0.007764850917737931,0.10702888667583466,12.0020512342453
3061,0.12805309146642685,0.006964092317502946,0.1066913828253746,12.002208709716797
3062,0.12833909690380096,0.007242728199344128,0.10635479539632797,12.003281831741333
3063,0.12840928323566914,0.007358884264249355,0.10601912438869476,11.99902093410492
3064,0.12780531868338585,0.006770499981939793,0.10568438470363617,11.997797727584839
3065,0.1282715890556574,0.007205043046269566,0.10535050928592682,12.001304268836975
3066,0.12840837240219116,0.00736138632055372,0.10501749068498611,11.99968135356903
3067,0.12827613204717636,0.00718002044595778,0.10468534380197525,12.004926323890686
3068,0.12864879332482815,0.007561925216577947,0.10435418039560318,12.004332661628723
3069,0.12840753979980946,0.007364837860222906,0.10402394831180573,12.000246286392212
3070,0.12846125476062298,0.007413933868519962,0.10369455069303513,12.00103771686554
3071,0.1290180217474699,0.008001033565960824,0.10336596518754959,11.998332977294922
3072,0.12866337411105633,0.00763440306764096,0.10303816199302673,11.99985921382904
3073,0.12823935970664024,0.0071638766676187515,0.10271134972572327,12.004837393760681
3074,0.12908703088760376,0.008060988853685558,0.1023855209350586,12.000219106674194
3075,0.12865080125629902,0.0076094334363006055,0.10206064581871033,12.002076387405396
3076,0.12809734791517258,0.007078878348693252,0.10173657536506653,12.000110745429993
3077,0.12856517173349857,0.007560057216323912,0.10141327232122421,11.999098300933838
3078,0.12837710604071617,0.007345241028815508,0.10109078139066696,12.002096056938171
3079,0.1285577490925789,0.007546146516688168,0.10076925158500671,12.000391006469727
3080,0.1284667607396841,0.0074358267593197525,0.10044869780540466,12.002644777297974
3081,0.12757023237645626,0.006539117079228163,0.10012901574373245,12.00298273563385
3082,0.12769067101180553,0.006677340832538903,0.09981011599302292,12.0015230178833
3083,0.12807267345488071,0.0070608159876428545,0.09949200600385666,12.001693725585938
3084,0.12806758843362331,0.007072703272569925,0.09917477518320084,12.000313758850098
3085,0.12802555225789547,0.007063030789140612,0.09885841608047485,11.99739408493042
3086,0.12815198302268982,0.007187583891209215,0.09854292869567871,11.997897267341614
3087,0.12856058031320572,0.007588425476569682,0.09822829812765121,11.998987555503845
3088,0.12785030342638493,0.006885671231430024,0.09791452437639236,11.998548746109009
3089,0.12905944511294365,0.008058174862526357,0.09760168194770813,12.002525687217712
3090,0.12818914093077183,0.007189182040747255,0.09728962928056717,12.00270664691925
3091,0.12836497090756893,0.007321654818952084,0.09697841107845306,12.00735354423523
3092,0.12827263213694096,0.007293569855391979,0.09666804224252701,12.001238584518433
3093,0.1277357842773199,0.006762735778465867,0.09635858237743378,12.000946640968323
3094,0.12924478575587273,0.008290537458378822,0.09604992717504501,11.999375343322754
3095,0.12931900285184383,0.00836006220197305,0.09574202448129654,12.000152230262756
3096,0.12848290987312794,0.0075101174879819155,0.09543492645025253,12.00184452533722
3097,0.12799929827451706,0.0070571828400716186,0.09512871503829956,11.999083042144775
3098,0.1286824718117714,0.007740430126432329,0.09482342004776001,11.999380946159363
3099,0.12763852439820766,0.006683504383545369,0.09451896697282791,12.000983357429504
3100,0.1291749980300665,0.00825535727199167,0.09421534091234207,11.997748970985413
3101,0.12784378789365292,0.006901215936522931,0.09391249716281891,12.000345349311829
3102,0.12778410501778126,0.006818466354161501,0.09361045807600021,12.00295341014862
3103,0.1288706324994564,0.007903350284323096,0.09330929815769196,12.003419160842896
3104,0.12811141833662987,0.007165471848566085,0.09300892800092697,12.001586198806763
3105,0.12872845120728016,0.007768993033096194,0.09270942211151123,12.003236651420593
3106,0.12774890288710594,0.0067944147740490735,0.09241067618131638,12.00303828716278
3107,0.12861372157931328,0.007696994813159108,0.09211277961730957,11.999560236930847
3108,0.1297176480293274,0.00878832582384348,0.09181566536426544,12.001116633415222
3109,0.12790499813854694,0.0070037354016676545,0.09151940047740936,11.998607158660889
3110,0.1286924108862877,0.007813156116753817,0.09122395515441895,11.996701836585999
3111,0.12792730331420898,0.0070193486753851175,0.09092932194471359,11.999866247177124
3112,0.12826691195368767,0.007372667430900037,0.0906355157494545,11.998789191246033
3113,0.1284060925245285,0.007486371789127588,0.09034252166748047,12.001629710197449
3114,0.12934580817818642,0.008395584765821695,0.09005033224821091,12.004972457885742
3115,0.12796426005661488,0.007064619741868228,0.08975888788700104,12.000205397605896
3116,0.12900912202894688,0.008089057926554233,0.08946825563907623,12.002538442611694
3117,0.1288134567439556,0.007901420816779137,0.0891784206032753,12.002025604248047
3118,0.12844260968267918,0.007548995141405612,0.0888894572854042,12.00047242641449
3119,0.12854794040322304,0.007649628969375044,0.0886012390255928,12.001230478286743
3120,0.1292177066206932,0.008331144403200597,0.08831384778022766,12.00034248828888
3121,0.12849588878452778,0.007604035723488778,0.08802724629640579,12.001158356666565
3122,0.12897135317325592,0.008113564748782665,0.08774145692586899,11.998037815093994
3123,0.12825659103691578,0.007371713116299361,0.08745643496513367,12.001031517982483
3124,0.12874668464064598,0.007881361001636833,0.08717215061187744,11.99936044216156
3125,0.12888895720243454,0.008005138952285051,0.08688870072364807,12.001493334770203
3126,0.1285066045820713,0.007607227598782629,0.08660604059696198,12.003331661224365
3127,0.12899573519825935,0.008130769594572484,0.08632420748472214,12.00017261505127
3128,0.12791156023740768,0.007030434382613748,0.08604311943054199,12.002069592475891
3129,0.12820733152329922,0.007344012672547251,0.08576278388500214,12.000569224357605
3130,0.12812534160912037,0.007291151559911668,0.08548319339752197,11.997936010360718
3131,0.12793948873877525,0.007069848477840424,0.08520440757274628,12.001760125160217
3132,0.127291152253747,0.00644062936771661,0.08492642641067505,12.000126242637634
3133,0.12746300175786018,0.006609536532778293,0.08464924246072769,12.000697612762451
3134,0.12874283641576767,0.007892829715274274,0.08437284082174301,12.000628352165222
3135,0.1294693611562252,0.008642550266813487,0.08409712463617325,11.998584270477295
3136,0.12770292814821005,0.006853033963125199,0.08382216095924377,12.00116765499115
3137,0.1279013305902481,0.007058537390548736,0.08354801684617996,12.000731825828552
3138,0.12742152623832226,0.006581841967999935,0.08327466994524002,12.000694036483765
3139,0.1283526699990034,0.0074713529902510345,0.08300210535526276,12.00512981414795
3140,0.12836295180022717,0.0075173405930399895,0.0827302485704422,12.001831293106079
3141,0.12853943929076195,0.007690522586926818,0.08245910704135895,12.002432584762573
3142,0.12888006307184696,0.00803654090850614,0.08218872547149658,12.002163529396057
3143,0.12848827429115772,0.007686672266572714,0.08191918581724167,11.998241186141968
3144,0.12827329896390438,0.007464771450031549,0.08165039867162704,11.999202609062195
3145,0.12843509204685688,0.00762827432481572,0.08138234913349152,11.999299764633179
3146,0.12738382630050182,0.006558414548635483,0.08111497759819031,12.001426696777344
3147,0.12844793125987053,0.007609728316310793,0.08084838837385178,12.00297212600708
3148,0.12830614298582077,0.007497165352106094,0.08058255910873413,12.000315427780151
3149,0.12877716310322285,0.007980328111443669,0.08031746745109558,11.999366164207458
3150,0.12839129380881786,0.007580204342957586,0.0800531655550003,12.00105619430542
3151,0.1285033170133829,0.0076749620493501425,0.07978958636522293,12.003046035766602
3152,0.1280504334717989,0.007213342061731964,0.07952673733234406,12.0041823387146
3153,0.1280695479363203,0.007245095795951784,0.07926462590694427,12.003180861473083
3154,0.1278319861739874,0.007020466728135943,0.07900328934192657,12.002148747444153
3155,0.12926690839231014,0.008478851814288646,0.07874269783496857,12.000063300132751
3156,0.12898361682891846,0.008219864161219448,0.07848277688026428,11.99789273738861
3157,0.12970629520714283,0.008938363869674504,0.0782235860824585,11.998569965362549
3158,0.12798186019062996,0.007184669026173651,0.0779651328921318,12.00175404548645
3159,0.12815036810934544,0.007343063480220735,0.0777074471116066,12.003023505210876
3160,0.12808401510119438,0.007301170669961721,0.0774504691362381,12.000834465026855
3161,0.12778116017580032,0.006999707547947764,0.07719428837299347,12.000950932502747
3162,0.1279670111835003,0.007194260833784938,0.07693880051374435,12.000336647033691
3163,0.1277661081403494,0.006968336063437164,0.07668405771255493,12.003093242645264
3164,0.12735502049326897,0.0065909799304790795,0.07642997801303864,11.999974131584167
3165,0.12794849835336208,0.007183272275142372,0.07617663592100143,12.000346183776855
3166,0.12832878343760967,0.007512855750974268,0.07592403143644333,12.005668997764587
3167,0.12815044820308685,0.007372973253950477,0.07567211985588074,12.00207531452179
3168,0.1275522466748953,0.006789216713514179,0.07542090117931366,12.000882148742676
3169,0.12773097679018974,0.006963798252400011,0.07517033815383911,12.001547574996948
3170,0.12816493213176727,0.007401175214909017,0.07492052018642426,12.001455664634705
3171,0.1273381393402815,0.006615554098971188,0.07467149198055267,11.997587203979492
3172,0.12730357609689236,0.006575757171958685,0.07442320883274078,11.998359084129333
3173,0.1270594485104084,0.0063120462582446635,0.07417555153369904,12.00056517124176
3174,0.12790821865200996,0.007177758903708309,0.0739285796880722,11.999117851257324
3175,0.12809175066649914,0.007315461232792586,0.07368232309818268,12.003946900367737
3176,0.1293085664510727,0.008572052232921124,0.07343683391809464,12.00021481513977
3177,0.12808385118842125,0.007327597588300705,0.0731920450925827,12.00243365764618
3178,0.1275259554386139,0.006790763989556581,0.07294788211584091,12.000571489334106
3179,0.1281030811369419,0.007358720758929849,0.07270441204309464,12.001731991767883
3180,0.1284476537257433,0.007716135878581554,0.07246165722608566,12.000690340995789
3181,0.12802628241479397,0.007318487914744765,0.0722196027636528,11.998560190200806
3182,0.1294471099972725,0.008679324411787093,0.07197828590869904,12.00480055809021
3183,0.12862978875637054,0.007932630833238363,0.07173760235309601,11.997978687286377
3184,0.12874247692525387,0.008009099576156586,0.0714975968003273,12.001840233802795
3185,0.12890325672924519,0.008188714156858623,0.07125826179981232,12.0001962184906
3186,0.1287150103598833,0.008014285005629063,0.07101967185735703,11.999053239822388
3187,0.12930310331285,0.008583575545344502,0.07078175246715546,12.001171469688416
3188,0.12813179194927216,0.007451703422702849,0.07054457068443298,11.997464776039124
3189,0.12880471348762512,0.00806283432757482,0.07030801475048065,12.003880023956299
3190,0.12805049680173397,0.007297292293515056,0.07007212191820145,12.005248308181763
3191,0.12833913415670395,0.007647957478184253,0.06983688473701477,11.99928104877472
3192,0.1280550118535757,0.0073507376946508884,0.0696023553609848,12.00082540512085
3193,0.12712459079921246,0.006455305323470384,0.06936849653720856,11.997560620307922
3194,0.128261873498559,0.0075450995354913175,0.06913530826568604,12.00254237651825
3195,0.12755112908780575,0.006844785762950778,0.06890284270048141,12.001731634140015
3196,0.12789039500057697,0.007209490810055286,0.06867102533578873,11.999419569969177
3197,0.12918580882251263,0.008424318977631629,0.06843985617160797,12.007709503173828
3198,0.12814883515238762,0.007464078371413052,0.06820935010910034,12.000266551971436
3199,0.12907478027045727,0.008408399648033082,0.06797949969768524,11.998658657073975
3200,0.12851382791996002,0.007806843670550734,0.06775030493736267,12.002948522567749
3201,0.12788478657603264,0.007224812870845199,0.06752178072929382,11.998475790023804
3202,0.12860376946628094,0.007860656536649913,0.0672939270734787,12.007017970085144
3203,0.12811125814914703,0.007411695318296552,0.0670667365193367,12.00288999080658
3204,0.12702426314353943,0.0063467060681432486,0.0668402910232544,12.00091552734375
3205,0.12843385711312294,0.007735172752290964,0.06661449372768402,12.003254055976868
3206,0.12751667946577072,0.006883517431560904,0.06638921797275543,11.996927380561829
3207,0.1281539537012577,0.00749718100996688,0.066164530813694,11.999513387680054
3208,0.1282372809946537,0.007585377141367644,0.06594058871269226,11.999250054359436
3209,0.127705542370677,0.007072500651702285,0.0657174214720726,11.997586727142334
3210,0.12800633534789085,0.007293171249330044,0.06549495458602905,12.005821943283081
3211,0.1275099776685238,0.006820568814873695,0.06527305394411087,12.003667712211609
3212,0.12781732343137264,0.007140541623812169,0.06505167484283447,12.002626538276672
3213,0.12823216244578362,0.007516783894971013,0.06483092159032822,12.006707072257996
3214,0.1281870435923338,0.007544455002062023,0.06461083143949509,11.999648451805115
3215,0.12682708352804184,0.006197468668688089,0.06439143419265747,11.998570322990417
3216,0.12830526195466518,0.007672147825360298,0.06417275965213776,11.999138951301575
3217,0.12740598432719707,0.00678832788253203,0.06395470350980759,11.997811198234558
3218,0.12764375284314156,0.006965680164285004,0.06373727321624756,12.004069924354553
3219,0.12690896168351173,0.006255200947634876,0.06352043151855469,12.001855969429016
3220,0.12768902629613876,0.007030429958831519,0.06330422312021255,12.0025554895401
3221,0.12724095955491066,0.006590040982700884,0.06308864057064056,12.00200343132019
3222,0.12814950197935104,0.007511982868891209,0.06287367641925812,12.000878095626831
3223,0.12779001891613007,0.007152737467549741,0.06265933811664581,12.001069188117981
3224,0.12760348245501518,0.006958034937269986,0.06244566664099693,12.002099514007568
3225,0.1278452817350626,0.0072171714855358005,0.062232647091150284,12.00057864189148
3226,0.1272029047831893,0.006554813357070088,0.06202024966478348,12.00278902053833
3227,0.12735306099057198,0.0067408603499643505,0.06180845946073532,11.999411940574646
3228,0.12799473851919174,0.007388897181954235,0.06159721314907074,11.998987197875977
3229,0.12796402163803577,0.007345370249822736,0.0613865926861763,12.000478863716125
3230,0.12844534032046795,0.007839302823413163,0.061176598072052,11.999427437782288
3231,0.12811510637402534,0.007477582024876028,0.06096727401018143,12.002785563468933
3232,0.12837973795831203,0.0077721026609651744,0.06075861304998398,12.000004887580872
3233,0.12740024365484715,0.006776416965294629,0.06055057793855667,12.001832008361816
3234,0.12743664532899857,0.006816538923885673,0.06034310534596443,12.001667499542236
3235,0.12783231772482395,0.0072550042532384396,0.06013617664575577,11.997595310211182
3236,0.12725706305354834,0.006630729243624955,0.05992985516786575,12.002703547477722
3237,0.12799875810742378,0.007386675337329507,0.05972415953874588,12.001484513282776
3238,0.12731869518756866,0.006737077608704567,0.05951908975839615,11.998642802238464
3239,0.12778614647686481,0.00714654236799106,0.059314627200365067,12.004645943641663
3240,0.1287959087640047,0.008189150074031204,0.05911077558994293,12.001565098762512
3241,0.12813282199203968,0.007520056562498212,0.058907557278871536,12.002369284629822
3242,0.1285131424665451,0.007925286423414946,0.05870494991540909,12.000080704689026
3243,0.12777573987841606,0.007195057696662843,0.058502912521362305,11.999565601348877
3244,0.12870007380843163,0.0081004849052988,0.05830143392086029,12.001657843589783
3245,0.12785174511373043,0.007312468020245433,0.05810055136680603,11.995827674865723
3246,0.12878705188632011,0.008189867832697928,0.057900264859199524,12.001818418502808
3247,0.12813395634293556,0.007529458263888955,0.057700566947460175,12.002749562263489
3248,0.12897197343409061,0.008399274956900626,0.05750147998332977,11.999768495559692
3249,0.128756208345294,0.008171916066203266,0.05730302259325981,12.001126408576965
3250,0.12765777669847012,0.00708343816222623,0.0571051724255085,12.000328779220581
3251,0.12869492173194885,0.00811981048900634,0.05690791457891464,12.000603437423706
3252,0.12741504423320293,0.006809953018091619,0.05671119689941406,12.003798484802246
3253,0.12862322479486465,0.008053810626734048,0.05651507526636124,12.000426530838013
3254,0.12846007011830807,0.007867885520681739,0.056319549679756165,12.002899169921875
3255,0.1279833149164915,0.007418031513225287,0.056124571710824966,12.000404119491577
3256,0.12789026647806168,0.007341622665990144,0.05593016743659973,11.998934745788574
3257,0.1274700127542019,0.006921582214999944,0.05573631078004837,11.999106884002686
3258,0.1275245314463973,0.006961454753763974,0.05554305762052536,12.000764846801758
3259,0.12842277996242046,0.007858582015614957,0.055350396782159805,12.00106966495514
3260,0.1281676348298788,0.007585739658679813,0.0551583468914032,12.003031492233276
3261,0.12964784540235996,0.00910709728486836,0.054966844618320465,11.99910819530487
3262,0.1287616789340973,0.008210280328057706,0.054775942116975784,12.000364184379578
3263,0.1283011380583048,0.007744934759102762,0.054585572332143784,12.00103497505188
3264,0.12863326631486416,0.008081177715212107,0.05439578369259834,12.000813245773315
3265,0.12863051891326904,0.00803840853041038,0.05420652776956558,12.00500500202179
3266,0.1280093714594841,0.007483130262698978,0.054017893970012665,11.998606562614441
3267,0.127704706043005,0.007192943885456771,0.0538298599421978,11.99734628200531
3268,0.12783711589872837,0.007300533005036414,0.05364231765270233,12.000016331672668
3269,0.12803436815738678,0.007501527958083898,0.05345528945326805,11.999828934669495
3270,0.1282877717167139,0.0077169687720015645,0.053268808871507645,12.003811478614807
3271,0.127624299377203,0.007050543033983558,0.05308299511671066,12.004292964935303
3272,0.12810276448726654,0.007561764330603182,0.05289774760603905,12.001202464103699
3273,0.12833802215754986,0.007811119023244828,0.05271301418542862,11.999977350234985
3274,0.12696382403373718,0.006465820188168436,0.05252881720662117,11.997271656990051
3275,0.12832715641707182,0.007791247335262597,0.05234520509839058,12.001245975494385
3276,0.12773548066616058,0.007184415590018034,0.05216221138834953,12.002944469451904
3277,0.12691427394747734,0.0063946908339858055,0.05197972431778908,11.99997889995575
3278,0.12739593908190727,0.006851526559330523,0.05179775133728981,12.002643823623657
3279,0.1271633729338646,0.006611973803956062,0.05161626636981964,12.003523707389832
3280,0.12663448229432106,0.00612868947791867,0.051435355097055435,11.999144196510315
3281,0.12817954178899527,0.007676923123653978,0.05125502496957779,11.999006867408752
3282,0.12747624795883894,0.006945110799279064,0.051075275987386703,12.002038836479187
3283,0.12758316844701767,0.007057942741084844,0.05089607834815979,12.00162672996521
3284,0.12791569717228413,0.007445220893714577,0.05071741342544556,11.996330618858337
3285,0.1275995336472988,0.007079689530655742,0.050539251416921616,12.001445412635803
3286,0.12759023159742355,0.007072066597174853,0.05036164075136185,12.001454830169678
3287,0.12762237153947353,0.007119532325305045,0.05018455535173416,12.000099778175354
3288,0.12738540396094322,0.006830730999354273,0.05000801011919975,12.005459427833557
3289,0.1278546042740345,0.007339546398725361,0.04983202740550041,12.001673817634583
3290,0.12783894408494234,0.007321113836951554,0.04965661093592644,12.002126574516296
3291,0.12714103050529957,0.006655214820057154,0.049481697380542755,11.99910020828247
3292,0.12834887765347958,0.007892520865425467,0.04930729418992996,11.996328711509705
3293,0.12793808057904243,0.007431502686813474,0.049133382737636566,12.001525044441223
3294,0.12731337919831276,0.006811416242271662,0.04895999655127525,12.00123643875122
3295,0.12768795527517796,0.007188269286416471,0.04878714680671692,12.001181364059448
3296,0.1286576297134161,0.008134295349009335,0.04861484095454216,12.003718852996826
3297,0.12722418457269669,0.006761483789887279,0.04844306409358978,11.997827291488647
3298,0.127398201264441,0.006897529878187925,0.048271842300891876,12.001795530319214
3299,0.12917263619601727,0.008662217587698251,0.048101164400577545,12.002940773963928
3300,0.1294915173202753,0.009018484561238438,0.047931019216775894,11.999372482299805
3301,0.12836578115820885,0.007875912298914045,0.04776139557361603,12.00122594833374
3302,0.1279668677598238,0.007505399466026574,0.047592245042324066,11.998554944992065
3303,0.12740521505475044,0.006955549644771963,0.0474235862493515,11.997543334960938
3304,0.12852659821510315,0.00804150861222297,0.04725541174411774,12.001253724098206
3305,0.12848832458257675,0.008012846868950874,0.04708777740597725,12.000460386276245
3306,0.1273071365430951,0.006837784661911428,0.046920690685510635,12.000014901161194
3307,0.12703140452504158,0.006519457325339317,0.04675411060452461,12.004440784454346
3308,0.12796074710786343,0.007473891484551132,0.04658805951476097,12.002097606658936
3309,0.1298171430826187,0.009349324624054134,0.04642249643802643,12.000359535217285
3310,0.12677915580570698,0.006316327315289527,0.04625742882490158,12.000025749206543
3311,0.12692616321146488,0.006457805051468313,0.04609288275241852,12.00074326992035
3312,0.12789351865649223,0.007393575215246528,0.04592885076999664,12.004065871238708
3313,0.12745780870318413,0.0070162180927582085,0.045765336602926254,11.998393774032593
3314,0.12740933522582054,0.006959554215427488,0.045602306723594666,11.999375820159912
3315,0.12812761031091213,0.007629108091350645,0.045439742505550385,12.00441062450409
3316,0.12883388437330723,0.008375309698749334,0.04527764767408371,12.000579953193665
3317,0.1269692536443472,0.006523431744426489,0.04511604830622673,11.99946641921997
3318,0.1261549387127161,0.005727696174290031,0.04495503753423691,11.997769594192505
3319,0.12724237516522408,0.006791075458750129,0.04479456692934036,12.000335812568665
3320,0.1276369895786047,0.007178637839388102,0.04463456571102142,12.001200914382935
3321,0.1271522343158722,0.006696925207506865,0.0444750040769577,12.001056671142578
3322,0.12750808708369732,0.007039308839011937,0.044315941631793976,12.002562403678894
3323,0.12780098617076874,0.007325013575609773,0.04415738210082054,12.003440022468567
3324,0.12738492712378502,0.00693684775615111,0.04399928078055382,12.000809073448181
3325,0.12754732929170132,0.007089616265147924,0.043841682374477386,12.001929759979248
3326,0.1292528472840786,0.00880168192088604,0.04368460178375244,12.001432180404663
3327,0.127917917445302,0.0074870887328870595,0.04352802783250809,11.999554872512817
3328,0.12681711465120316,0.006384772132150829,0.04337189719080925,11.999863028526306
3329,0.1273987777531147,0.006962687824852765,0.043216247111558914,12.00039291381836
3330,0.1274479292333126,0.00701587792718783,0.04306105524301529,12.000144362449646
3331,0.12836207821965218,0.007937762362416834,0.04290638118982315,11.999525547027588
3332,0.1273762211203575,0.006951920047868043,0.04275219887495041,11.999678015708923
3333,0.1273753670975566,0.006928961374796927,0.04259851202368736,12.002042412757874
3334,0.1278696022927761,0.007419472385663539,0.04244529828429222,12.002567887306213
3335,0.12842348031699657,0.007984714990016073,0.04229258745908737,12.001583933830261
3336,0.12802673690021038,0.00759979389840737,0.04214031994342804,12.000554203987122
3337,0.12828599102795124,0.007804221590049565,0.04198846220970154,12.006188750267029
3338,0.12679436802864075,0.006344410707242787,0.04183708503842354,12.003159165382385
3339,0.12850099243223667,0.008094798191450536,0.041686203330755234,11.99893343448639
3340,0.12834061309695244,0.007921377255115658,0.04153582453727722,12.000388145446777
3341,0.12899204529821873,0.00859331659739837,0.041385870426893234,11.9984872341156
3342,0.12859994545578957,0.00820592389209196,0.041236426681280136,11.998165965080261
3343,0.12788189575076103,0.0074582629022188485,0.04108743369579315,12.00127637386322
3344,0.1277910117059946,0.0073667336837388575,0.04093896597623825,12.00148892402649
3345,0.1279558129608631,0.007559165067505091,0.04079091548919678,11.998874306678772
3346,0.12750077433884144,0.007078238355461508,0.040643319487571716,12.001610398292542
3347,0.12941871583461761,0.008986881759483367,0.040496163070201874,12.002687335014343
3348,0.1278408169746399,0.007376223395112902,0.04034949839115143,12.006109952926636
3349,0.12849320471286774,0.008093043055851012,0.040203336626291275,11.999813318252563
3350,0.12836355715990067,0.007968047924805433,0.04005761072039604,11.999493598937988
3351,0.1277695931494236,0.007335442991461605,0.039912350475788116,12.00350284576416
3352,0.1282683201134205,0.007889161061029881,0.03976750746369362,11.998148322105408
3353,0.12926187738776207,0.00886692723724991,0.03962313011288643,11.999872207641602
3354,0.12722664140164852,0.006820839014835656,0.03947916254401207,12.00110113620758
3355,0.12768916971981525,0.007293444825336337,0.039335694164037704,12.000236868858337
3356,0.12724753841757774,0.006837480876129121,0.039192698895931244,12.001813411712646
3357,0.12781650014221668,0.007407616940326989,0.039050132036209106,12.001838326454163
3358,0.1282745935022831,0.007881204190198332,0.03890799731016159,12.000431299209595
3359,0.12734890542924404,0.006949514907319099,0.03876632824540138,12.00117313861847
3360,0.1280986126512289,0.007731058110948652,0.03862512856721878,11.998130440711975
3361,0.1278513241559267,0.007437913678586483,0.038484346121549606,12.002856969833374
3362,0.12761656567454338,0.007233671436551958,0.03834402188658714,11.999945640563965
3363,0.12696267664432526,0.006598475854843855,0.03820417821407318,11.998216271400452
3364,0.12697786279022694,0.006570262194145471,0.038064733147621155,12.002695441246033
3365,0.12752782367169857,0.007156692270655185,0.03792570158839226,11.999187588691711
3366,0.12769418209791183,0.0072793292929418385,0.03778709098696709,12.003698468208313
3367,0.12811842560768127,0.007732015394140035,0.037648990750312805,12.000992059707642
3368,0.12745347060263157,0.007079606119077653,0.037511326372623444,11.99987542629242
3369,0.12706042360514402,0.0066757366876117885,0.037374064326286316,12.001094937324524
3370,0.12766163237392902,0.007303935417439789,0.03723724186420441,11.99853253364563
3371,0.12732797116041183,0.006953630654606968,0.03710087016224861,12.000333428382874
3372,0.127233961597085,0.006823686824645847,0.03696494176983833,12.00406265258789
3373,0.12854989431798458,0.008168568601831794,0.03682940825819969,12.001303434371948
3374,0.12720931135118008,0.006825850054156035,0.036694303154945374,12.001652240753174
3375,0.1278568124398589,0.007525132154114544,0.03655967861413956,11.99660849571228
3376,0.12772374041378498,0.007349453982897103,0.036425478756427765,12.001003623008728
3377,0.12742995284497738,0.007044022204354405,0.03629167750477791,12.002301692962646
3378,0.12776028364896774,0.007386279874481261,0.03615829348564148,12.001242280006409
3379,0.1277493927627802,0.007369456347078085,0.036025356501340866,12.001968383789062
3380,0.12725002504885197,0.006874916551169008,0.03589285910129547,12.001618146896362
3381,0.12751561403274536,0.007152313773985952,0.03576073795557022,12.000569462776184
3382,0.12820087932050228,0.007833555166143924,0.03562901169061661,12.001103639602661
3383,0.12795980274677277,0.007637288828846067,0.035497743636369705,11.996753931045532
3384,0.12783914059400558,0.007475058198906481,0.0353669673204422,12.001041293144226
3385,0.12739103846251965,0.007032431021798402,0.03523660823702812,12.000624418258667
3386,0.12792198546230793,0.00757241272367537,0.03510661423206329,11.999850988388062
3387,0.12690473720431328,0.006536342727486044,0.0349770113825798,12.00186276435852
3388,0.12816978804767132,0.007821904611773789,0.034847792237997055,11.999940991401672
3389,0.12763049826025963,0.0072541957488283515,0.03471902757883072,12.002911448478699
3390,0.12881343811750412,0.008454539987724274,0.03459068387746811,12.001299500465393
3391,0.1277540698647499,0.007413389685098082,0.03446274995803833,11.999605655670166
3392,0.12833747826516628,0.007993557373993099,0.034335240721702576,12.000056982040405
3393,0.12784238904714584,0.0075019149808213115,0.03420811519026756,11.999839544296265
3394,0.12826278805732727,0.007907275576144457,0.034081436693668365,12.00146996974945
3395,0.12774820066988468,0.007399279274977744,0.03395514935255051,12.000937461853027
3396,0.12810537032783031,0.007750498945824802,0.033829279243946075,12.001657843589783
3397,0.12796211428940296,0.0076048586051911116,0.0337037518620491,12.00202190876007
3398,0.12745175696909428,0.007111957180313766,0.03357869014143944,12.000401377677917
3399,0.12805205024778843,0.007728146621957421,0.033454034477472305,11.998936533927917
3400,0.12808940187096596,0.007739446766208857,0.0333297997713089,12.001665711402893
3401,0.12724282778799534,0.006894447607919574,0.03320593759417534,12.001632452011108
3402,0.1279920469969511,0.007623775745742023,0.033082470297813416,12.003744840621948
3403,0.12863653898239136,0.008275559637695551,0.03295939415693283,12.003138542175293
3404,0.12744849361479282,0.007105612196028233,0.03283671289682388,12.001451849937439
3405,0.12814061902463436,0.007819575199391693,0.03271440789103508,11.999390363693237
3406,0.12761593237519264,0.007299740856979042,0.03259250521659851,11.999026656150818
3407,0.12688334472477436,0.006561688904184848,0.03247104212641716,11.99969482421875
3408,0.12790350057184696,0.007580516685266048,0.03234999626874924,11.999948620796204
3409,0.12761371955275536,0.0072793844738043845,0.03222935274243355,12.001204013824463
3410,0.12841804511845112,0.008103676373139024,0.032109059393405914,11.999327778816223
3411,0.1269278535619378,0.006605533184483647,0.03198914974927902,12.000242948532104
3412,0.128102021291852,0.0077788777416571975,0.031869567930698395,12.000445365905762
3413,0.12764041312038898,0.007308790402021259,0.0317503921687603,12.001412272453308
3414,0.1282574199140072,0.007906235463451594,0.031631648540496826,12.003487229347229
3415,0.12733457423746586,0.007017582713160664,0.03151334077119827,12.000186085700989
3416,0.12645994871854782,0.006129486544523388,0.03139539062976837,12.001651406288147
3417,0.12695805355906487,0.006620996224228293,0.03127779811620712,12.00242805480957
3418,0.12767866998910904,0.007352546148467809,0.03116057999432087,12.001451849937439
3419,0.12627592403441668,0.005959419533610344,0.03104374371469021,12.000606775283813
3420,0.12701391242444515,0.006714862713124603,0.030927304178476334,11.998978018760681
3421,0.1271239072084427,0.006825178861618042,0.03081122785806656,11.999061942100525
3422,0.126851387321949,0.006552702107001096,0.030695529654622078,11.999173402786255
3423,0.12800382263958454,0.007690130267292261,0.030580228194594383,12.000789165496826
3424,0.1267866101115942,0.006476679816842079,0.03046531230211258,12.00052785873413
3425,0.12805277854204178,0.007714664796367288,0.030350789427757263,12.003461003303528
3426,0.12847747653722763,0.008174813468940556,0.03023660182952881,12.000030159950256
3427,0.12886713072657585,0.008557765395380557,0.030122771859169006,12.000813961029053
3428,0.1288456991314888,0.0085465760785155,0.030009262263774872,11.999903202056885
3429,0.1291104592382908,0.008797037764452398,0.029896173626184464,12.00144612789154
3430,0.12862988747656345,0.008308125718031079,0.02978348918259144,12.002392888069153
3431,0.12868979014456272,0.00838272733381018,0.02967126853764057,12.00103497505188
3432,0.1273715440183878,0.00707891519414261,0.02955934777855873,11.999703645706177
3433,0.12776067294180393,0.007490644813515246,0.029447756707668304,11.997555375099182
3434,0.12798661179840565,0.007695159933064133,0.02933650277554989,11.99980914592743
3435,0.12740827538073063,0.007105843862518668,0.02922562137246132,12.001017808914185
3436,0.12733246758580208,0.007036711496766657,0.02911517396569252,12.000460743904114
3437,0.12749966606497765,0.007198858133051544,0.02900507301092148,12.001075983047485
3438,0.12749726884067059,0.007170702505391091,0.02889532595872879,12.003761649131775
3439,0.12646250613033772,0.006151540263090283,0.028785910457372665,12.002310633659363
3440,0.12721335887908936,0.006896361825056374,0.02867686189711094,12.00302278995514
3441,0.12773872166872025,0.007438209198880941,0.02856820821762085,12.00148332118988
3442,0.12809322215616703,0.007817495847120881,0.028459899127483368,11.999112963676453
3443,0.1271319929510355,0.006871507386676967,0.02835194021463394,11.997696876525879
3444,0.12819375842809677,0.007918159360997379,0.02824430540204048,11.999315977096558
3445,0.12775008473545313,0.007456001767423004,0.02813705801963806,12.001271724700928
3446,0.12644106149673462,0.0061538765439763665,0.028030186891555786,12.000688433647156
3447,0.1293137613683939,0.009013041388243437,0.027923671528697014,12.002148509025574
3448,0.12690302543342113,0.006625580659601837,0.027817510068416595,11.999927282333374
3449,0.127424206584692,0.007160882814787328,0.027711674571037292,11.998621106147766
3450,0.12728798761963844,0.006994386552833021,0.027606161311268806,12.00175416469574
3451,0.127150883898139,0.006888775678817183,0.027501005679368973,11.998710036277771
3452,0.1266216393560171,0.006341449625324458,0.027396202087402344,12.000622987747192
3453,0.12753182649612427,0.007211643387563527,0.02729177474975586,12.004727005958557
3454,0.1273259660229087,0.007028668071143329,0.027187712490558624,12.002542614936829
3455,0.12799172289669514,0.007696371467318386,0.02708400785923004,12.002451419830322
3456,0.12771154008805752,0.007442726695444435,0.026980608701705933,11.999901175498962
3457,0.12660570070147514,0.006333270808681846,0.026877520605921745,12.000365734100342
3458,0.12693063914775848,0.0066884279367513955,0.026774786412715912,11.997446775436401
3459,0.12773621268570423,0.007479258696548641,0.026672419160604477,11.99902331829071
3460,0.12757117860019207,0.00726345187285915,0.026570409536361694,12.004202485084534
3461,0.12695534341037273,0.00668850535294041,0.02646872214972973,12.000215291976929
3462,0.12697730027139187,0.006700393510982394,0.02636738494038582,12.001323342323303
3463,0.1276724711060524,0.0073995289276354015,0.026266366243362427,12.001028060913086
3464,0.1276818886399269,0.007407015946228057,0.026165712624788284,12.001322031021118
3465,0.12792563997209072,0.007636647904291749,0.02606540359556675,12.00283396244049
3466,0.1272191982716322,0.006971921480726451,0.025965437293052673,11.998762607574463
3467,0.12664154637604952,0.006376627541612834,0.025865774601697922,12.00062644481659
3468,0.1272333785891533,0.006951296702027321,0.025766411796212196,12.002442240715027
3469,0.1274820975959301,0.007217814098112285,0.025667425245046616,12.00076138973236
3470,0.12797951698303223,0.007736628875136375,0.025568772107362747,11.998720169067383
3471,0.12800575233995914,0.007732591708190739,0.02547043189406395,12.001846075057983
3472,0.12710916996002197,0.006868170865345746,0.025372393429279327,11.998727798461914
3473,0.1281425766646862,0.007883146812673658,0.02527471072971821,12.000668406486511
3474,0.12676794081926346,0.006514348031487316,0.025177394971251488,12.000181794166565
3475,0.12769851461052895,0.007435795210767537,0.025080427527427673,12.00119173526764
3476,0.1281533371657133,0.007853875809814781,0.02498374506831169,12.00496244430542
3477,0.12705364171415567,0.006813613174017519,0.02488737367093563,11.999115943908691
3478,0.12707882560789585,0.006820124166551977,0.02479132078588009,12.001079082489014
3479,0.12745137140154839,0.007175650156568736,0.024695590138435364,12.002876877784729
3480,0.127626764588058,0.00739845959469676,0.024600204080343246,11.998230338096619
3481,0.12680434808135033,0.0065526513499207795,0.02450515888631344,12.000664949417114
3482,0.12782231532037258,0.0075712804100476205,0.02441045455634594,12.000693440437317
3483,0.1266585849225521,0.006385386688634753,0.02431604266166687,12.00300419330597
3484,0.12760060280561447,0.007342332508414984,0.02422190271317959,12.00160527229309
3485,0.12728068605065346,0.007064206933137029,0.024128086864948273,11.997519969940186
3486,0.1273234449326992,0.007078360242303461,0.02403460629284382,12.000474095344543
3487,0.12836145237088203,0.008134612056892365,0.02394145540893078,11.998742818832397
3488,0.12734764255583286,0.00707424059510231,0.023848604410886765,12.003491640090942
3489,0.12715388275682926,0.006934183998964727,0.02375609055161476,11.99821400642395
3490,0.1266122031956911,0.00636738131288439,0.02366390824317932,12.000818729400635
3491,0.127089224755764,0.006832643935922533,0.023572031408548355,12.002086520195007
3492,0.1282778214663267,0.00803449866361916,0.023480435833334923,12.00085186958313
3493,0.12763376347720623,0.007342784432694316,0.023389166221022606,12.005709290504456
3494,0.12766054272651672,0.007415400177706033,0.02329821139574051,12.001216173171997
3495,0.1279138084501028,0.007665584329515696,0.02320754900574684,12.001615166664124
3496,0.12769935093820095,0.007463249145075679,0.023117171600461006,12.000493049621582
3497,0.12663854006677866,0.006426035659387708,0.023027118295431137,11.998223781585693
3498,0.12774933315813541,0.0074810938676819205,0.022937392815947533,12.003886938095093
3499,0.1275873649865389,0.007373624597676098,0.022847983986139297,11.998526215553284
3500,0.1266938541084528,0.006463010853622109,0.022758863866329193,12.000325441360474
3501,0.12815378233790398,0.007924138742964715,0.022670060396194458,12.0002943277359
3502,0.12625219207257032,0.006061949941795319,0.022581547498703003,11.996443033218384
3503,0.1273362198844552,0.007111396291293204,0.022493336349725723,11.99998939037323
3504,0.12770796287804842,0.007461668690666556,0.02240542322397232,12.002224445343018
3505,0.12732950411736965,0.007049185456708074,0.02231782302260399,12.005714535713196
3506,0.12712806649506092,0.006849536031950265,0.022230546921491623,12.005622625350952
3507,0.12741557136178017,0.007188659044913948,0.022143539041280746,12.000548005104065
3508,0.1276126280426979,0.007349133724346757,0.022056806832551956,12.004292964935303
3509,0.12699126824736595,0.006781196221709251,0.021970370784401894,11.999037265777588
3510,0.1274571130052209,0.007257538673002273,0.021884264424443245,11.99807345867157
3511,0.12806565314531326,0.007849032990634441,0.02179845981299877,11.999863862991333
3512,0.12803853303194046,0.00782632309710607,0.021712947636842728,11.999508261680603
3513,0.12811220437288284,0.0079052341170609,0.02162768878042698,11.999069809913635
3514,0.12764814496040344,0.007457618659827858,0.0215427428483963,11.997510313987732
3515,0.12837178260087967,0.008163545338902622,0.021458063274621964,11.9993656873703
3516,0.12722817435860634,0.006962849758565426,0.021373730152845383,12.005159139633179
3517,0.12710037641227245,0.006882665562443435,0.021289728581905365,12.000481605529785
3518,0.1266379477456212,0.006408699555322528,0.02120600827038288,12.001718997955322
3519,0.12763462960720062,0.0073689682758413255,0.021122504025697708,12.005443692207336
3520,0.1274118423461914,0.007182597531937063,0.021039241924881935,12.001885771751404
3521,0.12846963107585907,0.00820938841206953,0.02095632068812847,12.005068063735962
3522,0.1273498460650444,0.00716273847501725,0.020873703062534332,11.99783730506897
3523,0.12751231156289577,0.007301930454559624,0.020791400223970413,12.00024676322937
3524,0.1266382597386837,0.006425478029996157,0.02070935070514679,12.000569105148315
3525,0.12727783620357513,0.007095781795214862,0.020627614110708237,11.997577786445618
3526,0.12799648381769657,0.007755299797281623,0.020546147599816322,12.003572463989258
3527,0.12746700271964073,0.007268788642250001,0.020464954897761345,11.999356746673584
3528,0.1279734168201685,0.007782834640238434,0.02038402296602726,11.998674631118774
3529,0.12887198477983475,0.008611848228611052,0.020303338766098022,12.00571072101593
3530,0.12730873189866543,0.007123691611923277,0.020222989842295647,11.998281717300415
3531,0.12701628636568785,0.0068050206755287945,0.020142940804362297,12.000983953475952
3532,0.12751985900104046,0.007314890215639025,0.020063187927007675,12.000433802604675
3533,0.12837127782404423,0.008170005516149104,0.019983671605587006,12.000144004821777
3534,0.1277447324246168,0.007498570310417563,0.019904397428035736,12.004711985588074
3535,0.1275455467402935,0.007348872954025865,0.019825397059321404,11.999841928482056
3536,0.12737091444432735,0.007177169143687934,0.019746674224734306,11.999628186225891
3537,0.12687778286635876,0.006651784933637828,0.01966823823750019,12.002931714057922
3538,0.12738775089383125,0.007209690404124558,0.0195901021361351,11.998216271400452
3539,0.12715151254087687,0.006953697768040001,0.01951226219534874,12.000269651412964
3540,0.1269819438457489,0.006758801348041743,0.019434697926044464,12.002879858016968
3541,0.12824483588337898,0.008045440481510013,0.019357362762093544,12.000582218170166
3542,0.1269694296643138,0.0067699330393224955,0.01928025856614113,12.000669598579407
3543,0.12854575365781784,0.008349348441697657,0.019203396514058113,12.000437021255493
3544,0.12628642935305834,0.006082455161958933,0.01912681944668293,12.001270771026611
3545,0.12717285193502903,0.006978227000217885,0.019050586968660355,12.000412344932556
3546,0.1279185377061367,0.007727547315880656,0.018974654376506805,12.000124335289001
3547,0.12615576572716236,0.005960644863080233,0.018898960202932358,12.00061297416687
3548,0.12712724693119526,0.006917641148902476,0.018823526799678802,12.002137303352356
3549,0.12684112694114447,0.006659301288891584,0.01874832808971405,11.99943459033966
3550,0.12731875851750374,0.007132112106774002,0.01867336593568325,11.999991774559021
3551,0.12742681056261063,0.0072379327029921114,0.018598664551973343,12.00028932094574
3552,0.1268495786935091,0.006656605692114681,0.018524248152971268,12.000773072242737
3553,0.12742355279624462,0.007229057257063687,0.01845010183751583,12.000999927520752
3554,0.12761523947119713,0.00743404432432726,0.018376246094703674,11.999743700027466
3555,0.12717458605766296,0.00699051795527339,0.01830262690782547,12.000104188919067
3556,0.12731890380382538,0.007124648196622729,0.018229248002171516,12.00119662284851
3557,0.12760212272405624,0.007433807128109038,0.01815611496567726,11.99867570400238
3558,0.12799390777945518,0.007778267958201468,0.018083224073052406,12.003480911254883
3559,0.12769830785691738,0.007476460887119174,0.018010612577199936,12.00417411327362
3560,0.12735024839639664,0.00716243137139827,0.017938293516635895,12.00084364414215
3561,0.12715015932917595,0.006934442091733217,0.017866261303424835,12.003705739974976
3562,0.12758668046444654,0.007432395999785513,0.01779446005821228,11.997634172439575
3563,0.12817657925188541,0.008002959366422147,0.017722899094223976,11.999639391899109
3564,0.12723215203732252,0.0070492164813913405,0.01765153743326664,12.00064218044281
3565,0.12740366533398628,0.007225458102766424,0.017580443993210793,12.000240325927734
3566,0.12714747618883848,0.006944821041543037,0.01750960759818554,12.002755999565125
3567,0.1271715760231018,0.0069865608238615096,0.01743904873728752,12.001062631607056
3568,0.12741061951965094,0.007210469804704189,0.017368745058774948,12.002646446228027
3569,0.12791566364467144,0.0077426263596862555,0.017298664897680283,12.00000548362732
3570,0.12773989886045456,0.007605535443872213,0.017228852957487106,11.99620807170868
3571,0.12781020440161228,0.00765338831115514,0.01715927943587303,11.998522520065308
3572,0.12815729156136513,0.007956010987982154,0.017089957371354103,12.00303864479065
3573,0.1267346814274788,0.006536028115078807,0.017020875588059425,12.00284481048584
3574,0.12719633802771568,0.0069880023947916925,0.01695205830037594,12.003881573677063
3575,0.12741677090525627,0.007212059455923736,0.01688349060714245,12.0035879611969
3576,0.12665261421352625,0.006464439269620925,0.016815124079585075,12.002002716064453
3577,0.12729540467262268,0.0070957308053039014,0.0167470071464777,12.003220796585083
3578,0.12756656110286713,0.007420246489346027,0.016679123044013977,11.997952580451965
3579,0.12730546481907368,0.007113893865607679,0.016611529514193535,12.002545833587646
3580,0.12806751020252705,0.007894611218944192,0.016544168815016747,12.00074577331543
3581,0.12714817002415657,0.006981542450375855,0.016477052122354507,12.00018572807312
3582,0.12719624862074852,0.007013656897470355,0.016410138458013535,12.00184941291809
3583,0.1277595069259405,0.0076280806097202,0.016343453899025917,11.99679970741272
3584,0.1266675628721714,0.006497859081719071,0.016277020797133446,12.000693798065186
3585,0.12746056728065014,0.007294776034541428,0.016210857778787613,12.000368356704712
3586,0.12712604366242886,0.0069556766538880765,0.01614498347043991,12.000891923904419
3587,0.12804494611918926,0.007855182513594627,0.016079293563961983,12.002897500991821
3588,0.126826168037951,0.006658996862825006,0.016013827174901962,12.00070345401764
3589,0.12767885252833366,0.007483404886443168,0.015948569402098656,12.003596425056458
3590,0.12749315239489079,0.0073067801422439516,0.015883542597293854,12.002753853797913
3591,0.12756446562707424,0.007390959188342094,0.015818769112229347,12.001532316207886
3592,0.1274172244593501,0.007250093214679509,0.015754222869873047,12.000959157943726
3593,0.12818794511258602,0.008040504239033908,0.01568990759551525,11.999054670333862
3594,0.1272679716348648,0.0071195889031514525,0.01562580093741417,11.999212741851807
3595,0.12759401090443134,0.007422967639286071,0.015561956912279129,12.001542687416077
3596,0.127792714163661,0.007677861722186208,0.01549837552011013,11.995987176895142
3597,0.12797027453780174,0.007814506534487009,0.01543501764535904,12.000141978263855
3598,0.12784594483673573,0.0076825288706459105,0.015371863730251789,12.000970005989075
3599,0.12673129606992006,0.0065691054333001375,0.015308914706110954,12.0009104013443
3600,0.12904800102114677,0.008852156926877797,0.015246210619807243,12.00433874130249
3601,0.12750394083559513,0.007351840322371572,0.015183722600340843,12.00002658367157
3602,0.1277038399130106,0.0075324681820347905,0.015121455304324627,12.002015829086304
3603,0.12779618054628372,0.007612851215526462,0.015059435740113258,12.003273963928223
3604,0.12757656909525394,0.007421183807309717,0.014997660182416439,12.00054121017456
3605,0.12843123823404312,0.008261964190751314,0.014936110936105251,12.001991629600525
3606,0.12759780511260033,0.007457282685209066,0.014874747954308987,11.999178051948547
3607,0.12795265577733517,0.007828407280612737,0.01481359638273716,11.997611403465271
3608,0.12811521999537945,0.007961424475070089,0.0147526441141963,12.000627040863037
3609,0.12840558215975761,0.008250640938058496,0.014691921882331371,12.000802040100098
3610,0.12728102877736092,0.007091004692483693,0.01463145948946476,12.004371166229248
3611,0.128234569914639,0.008098474121652544,0.014571258798241615,11.999038815498352
3612,0.12819737754762173,0.008064569206908345,0.01451127789914608,11.998769760131836
3613,0.12759923562407494,0.007407270080875605,0.014451472088694572,12.004745483398438
3614,0.12718714401125908,0.007048077939543873,0.014391852542757988,11.999514818191528
3615,0.12738355435431004,0.007231407740619034,0.014332449994981289,12.000882387161255
3616,0.1274530328810215,0.007290378445759416,0.014273266308009624,12.001992583274841
3617,0.12750688381493092,0.007386952522210777,0.01421431079506874,11.997779130935669
3618,0.12689166702330112,0.006740948592778295,0.014155576005578041,12.000916719436646
3619,0.12714371643960476,0.007006434490904212,0.014097064733505249,11.999631524085999
3620,0.12697837501764297,0.006817242130637169,0.01403876580297947,12.002074956893921
3621,0.12703696638345718,0.00685129186604172,0.013980676420032978,12.004587054252625
3622,0.12740022037178278,0.007260587764903903,0.013922796584665775,12.000040769577026
3623,0.1273922584950924,0.0072421590448357165,0.013865113258361816,12.001145243644714
3624,0.1274712048470974,0.007319210679270327,0.013807635754346848,12.001392245292664
3625,0.12736156955361366,0.007269052672199905,0.013750375248491764,11.995501518249512
3626,0.12761241849511862,0.0074427431100048125,0.013693343847990036,12.00327444076538
3627,0.1285865493118763,0.008442157064564526,0.013636535033583641,12.000802874565125
3628,0.1275209840387106,0.00735929369693622,0.01357993297278881,12.002589464187622
3629,0.12740864511579275,0.007236302364617586,0.013523535802960396,12.003710985183716
3630,0.12703238055109978,0.006897860846947879,0.013467317447066307,11.999984979629517
3631,0.12688449583947659,0.006738728145137429,0.013411271385848522,12.001166224479675
3632,0.12685413844883442,0.0067024012678302824,0.013355455361306667,12.001818299293518
3633,0.126747933216393,0.006627282302360982,0.01329987682402134,11.998765468597412
3634,0.1278058271855116,0.007643191842362285,0.013244523666799068,12.003019213676453
3635,0.1277943141758442,0.0076670346898026764,0.01318935677409172,11.999538660049438
3636,0.12701399996876717,0.006871666992083192,0.013134369626641273,12.001099348068237
3637,0.12728830240666866,0.007153294689487666,0.013079575262963772,12.000421524047852
3638,0.12684032507240772,0.00673309585545212,0.013024991378188133,11.997698068618774
3639,0.12714099138975143,0.006994427356403321,0.012970591895282269,12.001686334609985
3640,0.12889660149812698,0.008764717087615281,0.01291641965508461,12.000272393226624
3641,0.12771606259047985,0.007577397860586643,0.012862457893788815,12.001004457473755
3642,0.12764315865933895,0.00750845653237775,0.012808699160814285,12.000661492347717
3643,0.1273158434778452,0.0071687374147586524,0.012755133211612701,12.00195586681366
3644,0.12730173580348492,0.007150806253775954,0.012701759114861488,12.002391695976257
3645,0.12701759487390518,0.006851628189906478,0.012648584321141243,12.003948211669922
3646,0.1279417835175991,0.007814790529664606,0.01259559951722622,12.000103950500488
3647,0.12649406120181084,0.006347944785375148,0.012542805634438992,12.002069354057312
3648,0.1272006705403328,0.007075861329212785,0.012490183115005493,11.999990940093994
3649,0.12708867155015469,0.006993343762587756,0.012437771074473858,11.997095108032227
3650,0.12747390568256378,0.007358876580838114,0.012385574169456959,11.999117612838745
3651,0.12705746106803417,0.006948185444343835,0.012333586812019348,11.998594045639038
3652,0.1278072614222765,0.007674736552871764,0.012281766161322594,12.00097107887268
3653,0.1273673865944147,0.00722733250586316,0.012230129912495613,12.00177526473999
3654,0.12722236849367619,0.007059185532853007,0.012178693898022175,12.00413978099823
3655,0.12734241783618927,0.007184242247603834,0.012127443216741085,12.003690361976624
3656,0.12765448354184628,0.007511913310736418,0.012076388113200665,12.002180933952332
3657,0.1272230800241232,0.007079127768520266,0.012025509960949421,12.00236988067627
3658,0.12686078064143658,0.006734456866979599,0.011974843218922615,12.000657677650452
3659,0.127820435911417,0.007700794900301844,0.011924355290830135,12.000039935112
3660,0.1284582018852234,0.008308231888804585,0.011874078772962093,12.00312328338623
3661,0.1271976623684168,0.007098501897417009,0.011823968030512333,11.99809217453003
3662,0.12717892602086067,0.007029735657852143,0.01177403423935175,12.003145217895508
3663,0.12771259434521198,0.007610958185978234,0.01172427088022232,11.99843978881836
3664,0.12758485041558743,0.007471061660908163,0.011674735695123672,11.999704360961914
3665,0.12680278532207012,0.006678665056824684,0.011625399813055992,12.000786900520325
3666,0.12798198126256466,0.007898384123109281,0.01157623901963234,11.99678385257721
3667,0.12835996225476265,0.008226882491726428,0.011527230963110924,12.001781105995178
3668,0.12749416567385197,0.007347052276600152,0.011478396132588387,12.003233313560486
3669,0.12765507958829403,0.007508455193601549,0.011429785750806332,12.003232836723328
3670,0.1278323344886303,0.007683032366912812,0.011381350457668304,12.003548979759216
3671,0.12726010754704475,0.007145544339437038,0.011333083733916283,12.000123858451843
3672,0.12672184593975544,0.006598398147616535,0.011284997686743736,12.001060247421265
3673,0.12761455588042736,0.007469991920515895,0.011237112805247307,12.003219723701477
3674,0.12745457887649536,0.007349872204940766,0.01118938997387886,11.999281406402588
3675,0.1273827888071537,0.007275148818735033,0.011141844093799591,11.999622464179993
3676,0.1270992560312152,0.00698124011978507,0.011094491928815842,12.000707387924194
3677,0.127982871606946,0.007873433001805097,0.01104730274528265,11.999897003173828
3678,0.12777381297200918,0.007666678458917886,0.011000266298651695,11.999713659286499
3679,0.12792357802391052,0.007808421447407454,0.010953396558761597,12.00056278705597
3680,0.12782851234078407,0.007715953339356929,0.010906744748353958,12.000349402427673
3681,0.12704105488955975,0.006922218017280102,0.010860299691557884,12.001023411750793
3682,0.1275565978139639,0.007459804706741124,0.010814031586050987,11.998865604400635
3683,0.12811794877052307,0.008006109914276749,0.010767916217446327,12.000416159629822
3684,0.12709910795092583,0.006946998706553131,0.010721945203840733,12.004489183425903
3685,0.12709634192287922,0.006935294484719634,0.010676146484911442,12.005429148674011
3686,0.12825111858546734,0.008137993107084185,0.010630522854626179,12.000682353973389
3687,0.1274388339370489,0.007336909824516624,0.01058508362621069,11.99960744380951
3688,0.12790060974657536,0.00779899611370638,0.010539820417761803,11.999621629714966
3689,0.12708260118961334,0.006970381713472307,0.010494731366634369,12.00072729587555
3690,0.12727279588580132,0.007159199216403067,0.010449803434312344,12.00091028213501
3691,0.12721563875675201,0.007084286189638078,0.010405086912214756,12.00273048877716
3692,0.12781395763158798,0.007702298404183239,0.01036054641008377,12.000805616378784
3693,0.12733041495084763,0.00720846134936437,0.01031614001840353,12.001879453659058
3694,0.1277181040495634,0.007619481009896845,0.010271850973367691,11.999590754508972
3695,0.12771695107221603,0.007593645830638707,0.010227750055491924,12.002102851867676
3696,0.12700999155640602,0.006885145965497941,0.010183846578001976,12.002301096916199
3697,0.1269021350890398,0.0068013815907761455,0.01014011725783348,11.999935507774353
3698,0.12791364826261997,0.007812636671587825,0.010096554644405842,12.000004410743713
3699,0.12668841239064932,0.006594490434508771,0.01005315501242876,11.9993394613266
3700,0.1277951169759035,0.007692197279538959,0.010009932331740856,12.000282406806946
3701,0.1284620575606823,0.008336084662005305,0.00996684655547142,12.002630472183228
3702,0.1269738245755434,0.006835144362412393,0.009923940524458885,12.003944158554077
3703,0.12856022454798222,0.008424549596384168,0.009881197474896908,12.003686547279358
3704,0.12776107713580132,0.0076426908490248024,0.009838615544140339,12.002000212669373
3705,0.12713216431438923,0.007044467318337411,0.00979618076235056,11.998973488807678
3706,0.12692432198673487,0.006810771534219384,0.009753912687301636,12.001601219177246
3707,0.12787960842251778,0.007779213134199381,0.009711826220154762,12.000327825546265
3708,0.1263070022687316,0.006217792397364974,0.009669896215200424,11.999251008033752
3709,0.12863195687532425,0.008549572608899325,0.009628118015825748,11.998610377311707
3710,0.12823901511728764,0.008156530384439975,0.009586501866579056,11.998662114143372
3711,0.1273093093186617,0.007204715511761606,0.009545041248202324,12.000914692878723
3712,0.1285873707383871,0.008461021934635937,0.009503737092018127,12.00313115119934
3713,0.12618532590568066,0.006077594356611371,0.009462625719606876,12.0013108253479
3714,0.127302348613739,0.007189014402683824,0.00942167267203331,12.001911878585815
3715,0.12761547043919563,0.007520160055719316,0.009380863979458809,12.000150561332703
3716,0.12744636368006468,0.007336428330745548,0.009340177290141582,12.001653552055359
3717,0.12772980518639088,0.007626531878486276,0.009299646131694317,12.001028060913086
3718,0.12793073989450932,0.00784310488961637,0.009259280748665333,11.999504208564758
3719,0.12689189426600933,0.006808820355217904,0.00921905692666769,11.999088644981384
3720,0.1284270379692316,0.008322597539518028,0.00917902309447527,12.001265168190002
3721,0.1279645897448063,0.007865544583182782,0.009139160625636578,12.000765323638916
3722,0.12788056209683418,0.007795516226906329,0.009099466726183891,11.99940550327301
3723,0.1276881154626608,0.007590969209559262,0.009059875272214413,12.000654935836792
3724,0.12792371213436127,0.007811391958966851,0.009020444937050343,12.002211928367615
3725,0.1272483430802822,0.007156289473641664,0.008981149643659592,12.000224351882935
3726,0.12714235857129097,0.007041731791105121,0.0089420136064291,12.001120924949646
3727,0.12774723581969738,0.007628446910530329,0.008903032168745995,12.002976179122925
3728,0.12735461257398129,0.007264615735039115,0.008864210918545723,12.00013542175293
3729,0.12798970378935337,0.007889279397204518,0.008825555443763733,12.001217007637024
3730,0.12854424864053726,0.008464046113658696,0.00878702662885189,11.999233484268188
3731,0.1281343773007393,0.008025688002817333,0.00874866358935833,12.00212037563324
3732,0.12822314724326134,0.008134384348522872,0.008710436522960663,12.000165820121765
3733,0.1263622846454382,0.006287282973062247,0.008672380819916725,11.998828053474426
3734,0.12744337785989046,0.0073440385167486966,0.008634448051452637,12.001299619674683
3735,0.12685698084533215,0.006781204661820084,0.008596650324761868,11.998981356620789
3736,0.12837094068527222,0.008276720938738436,0.008559023961424828,12.000863075256348
3737,0.12754816003143787,0.007468786556273699,0.008521532639861107,11.99941611289978
3738,0.12827794067561626,0.00817138608545065,0.00848418939858675,12.002171516418457
3739,0.1272557843476534,0.0071291905478574336,0.008446990512311459,12.004212856292725
3740,0.12730196863412857,0.007214056851807982,0.008409942500293255,12.000381588935852
3741,0.12630739249289036,0.006198991963174194,0.008373026736080647,12.002467155456543
3742,0.1280686017125845,0.007959347742144018,0.008336232043802738,12.002589464187622
3743,0.12742647342383862,0.007364873308688402,0.008299627341330051,11.997860789299011
3744,0.12708081770688295,0.0070114152622409165,0.008263173513114452,11.998677492141724
3745,0.12730928231030703,0.007230290677398443,0.008226830512285233,11.999672532081604
3746,0.12793696112930775,0.00785949279088527,0.008190620690584183,11.99955666065216
3747,0.12727858312427998,0.007212191179860383,0.008154558017849922,11.99848484992981
3748,0.12697241082787514,0.006867667369078845,0.008118650875985622,12.002355933189392
3749,0.12732342071831226,0.007196522841695696,0.008082888089120388,12.004607081413269
3750,0.12782738730311394,0.0077551984577439725,0.008047260344028473,11.999171733856201
3751,0.12775830551981926,0.007663639786187559,0.008011769503355026,12.001455068588257
3752,0.12789830192923546,0.007798358099535108,0.007976407185196877,12.002018451690674
3753,0.12739121913909912,0.007308496453333646,0.007941183634102345,12.000331282615662
3754,0.12683963775634766,0.006763693119864911,0.007906110025942326,11.999688506126404
3755,0.12677736207842827,0.006688819674309343,0.007871179841458797,12.000983119010925
3756,0.1272353883832693,0.007159987580962479,0.007836388424038887,11.999704241752625
3757,0.1279942225664854,0.007916410628240556,0.007801709696650505,11.999979496002197
3758,0.12800166010856628,0.00794984179083258,0.007767179515212774,11.99741518497467
3759,0.12720107287168503,0.007093297899700701,0.007732793688774109,12.003044962882996
3760,0.12639088183641434,0.006314407452009618,0.007698539644479752,11.999949216842651
3761,0.12790114246308804,0.00783467449946329,0.007664415054023266,11.998982548713684
3762,0.12771399691700935,0.007583870901726186,0.00763041852042079,12.005382418632507
3763,0.12664998788386583,0.006563270813785493,0.007596581242978573,12.001075387001038
3764,0.12764612585306168,0.007573400886030868,0.007562866434454918,11.999709844589233
3765,0.1272937934845686,0.0071809833170846105,0.007529273629188538,12.003751993179321
3766,0.12741548009216785,0.0073601489420980215,0.007495819590985775,11.998037576675415
3767,0.12729069218039513,0.007217597682029009,0.007462494075298309,11.999847292900085
3768,0.12696394324302673,0.006897418643347919,0.007429306395351887,11.999223113059998
3769,0.126559654250741,0.006488752725999802,0.007396252825856209,11.999694347381592
3770,0.12670389469712973,0.006592156132683158,0.007363336160778999,12.00381088256836
3771,0.12710068561136723,0.007048542553093284,0.007330544758588076,11.997884035110474
3772,0.12791898008435965,0.007800807594321668,0.007297874428331852,12.004519820213318
3773,0.1273133736103773,0.007244767271913588,0.007265334948897362,11.999595642089844
3774,0.12715597823262215,0.00709613342769444,0.007232938427478075,11.998751878738403
3775,0.12749290093779564,0.007405778509564698,0.0072006527334451675,12.001512050628662
3776,0.128654383122921,0.008604784612543881,0.007168500684201717,11.997791528701782
3777,0.12726482562720776,0.007166554045397788,0.007136468775570393,12.002691268920898
3778,0.12752502597868443,0.007421241141855717,0.007104565389454365,12.003274083137512
3779,0.1275604497641325,0.007498363091144711,0.0070727975107729435,11.999136209487915
3780,0.12659206800162792,0.0064779654203448445,0.007041169796139002,12.004369497299194
3781,0.12663297355175018,0.006587390846107155,0.007009678054600954,11.997548699378967
3782,0.12854829616844654,0.008460714016109705,0.00697828084230423,12.001780390739441
3783,0.12794999405741692,0.007840504229534417,0.006946998182684183,12.004002094268799
3784,0.12756008096039295,0.007495825760997832,0.0069158561527729034,11.999509811401367
3785,0.12908614613115788,0.009025080595165491,0.006884825881570578,11.999222159385681
3786,0.1279810108244419,0.00792857096530497,0.006853901781141758,11.998390436172485
3787,0.1269505973905325,0.006845797237474471,0.0068231262266635895,12.00365698337555
3788,0.1271143015474081,0.007047854480333626,0.006792515050619841,11.999852538108826
3789,0.127259973436594,0.007180213462561369,0.006762029603123665,12.001214146614075
3790,0.12720388360321522,0.007101885217707604,0.006731657776981592,12.00346839427948
3791,0.1278986046090722,0.007830559508875012,0.0067013767547905445,12.00010359287262
3792,0.1269014785066247,0.006830076512414962,0.0066711874678730965,12.000469207763672
3793,0.1272737756371498,0.007198567967861891,0.0066411253064870834,12.000879883766174
3794,0.12647547386586666,0.006399679637979716,0.006611221469938755,12.000968217849731
3795,0.1278994120657444,0.007820655009709299,0.006581435911357403,12.001294493675232
3796,0.126892676576972,0.006846765929367393,0.006551760248839855,11.998039841651917
3797,0.1276666522026062,0.007574727409519255,0.006522196810692549,12.002670407295227
3798,0.1270116250962019,0.006940641498658806,0.006492758169770241,12.000606179237366
3799,0.12630912475287914,0.0062584689585492015,0.0064634354785084724,11.998602271080017
3800,0.12708598840981722,0.006990329595282674,0.006434239447116852,12.003131866455078
3801,0.1273883543908596,0.007328609295655042,0.00640516635030508,11.999569416046143
3802,0.12722148559987545,0.007153953774832189,0.006376209203153849,12.000377535820007
3803,0.1269246581941843,0.006820382899604738,0.006347371265292168,12.004080295562744
3804,0.12723933532834053,0.00716862449189648,0.006318647414445877,12.000752925872803
3805,0.12731419876217842,0.007225830107927322,0.00629002507776022,12.002546906471252
3806,0.1278315894305706,0.007755744445603341,0.00626151729375124,12.001323223114014
3807,0.12795863300561905,0.007908913015853614,0.006233117077499628,11.998739242553711
3808,0.12732271291315556,0.0072624124004505575,0.00620482861995697,11.999825239181519
3809,0.12755804881453514,0.007517781225033104,0.006176679395139217,11.99785041809082
3810,0.12776804342865944,0.0076805612770840526,0.006148654967546463,12.002600073814392
3811,0.12736345827579498,0.007271046692039818,0.006120747420936823,12.00312089920044
3812,0.12736584804952145,0.007304393860977143,0.00609294418245554,12.00005304813385
3813,0.1278758030384779,0.007798098027706146,0.006065225228667259,12.001705646514893
3814,0.12694481294602156,0.006891656084917486,0.006037624552845955,11.99927830696106
3815,0.12746155820786953,0.007385048142168671,0.006010144948959351,12.001640677452087
3816,0.12761491909623146,0.007533750380389392,0.005982781294733286,12.002134323120117
3817,0.12823543511331081,0.008190274587832391,0.005955521948635578,11.998560786247253
3818,0.12740779109299183,0.007321606390178204,0.005928391125053167,12.002690315246582
3819,0.1281458493322134,0.008081617183052003,0.005901362281292677,12.000522255897522
3820,0.12690579891204834,0.006853969185613096,0.005874427035450935,11.999309062957764
3821,0.12840722128748894,0.008334220678079873,0.005847601685672998,12.001452684402466
3822,0.12815946713089943,0.008120169281028211,0.005820892751216888,11.998108983039856
3823,0.126771061681211,0.00667984684696421,0.00579430814832449,12.003327488899231
3824,0.12788368202745914,0.00783137493999675,0.005767825059592724,11.999462962150574
3825,0.12791617587208748,0.007834760006517172,0.005741454195231199,12.002400398254395
3826,0.12870789878070354,0.008625797927379608,0.005715177394449711,12.002495288848877
3827,0.12792097963392735,0.007861709455028176,0.005689018871635199,12.000238418579102
3828,0.12843655236065388,0.008358395367395133,0.005662973504513502,12.002153158187866
3829,0.12857120856642723,0.008512466331012547,0.005637051537632942,12.000237464904785
3830,0.12811766006052494,0.008069946547038853,0.005611194763332605,11.999160408973694
3831,0.12728668842464685,0.00722475559450686,0.005585442762821913,12.000608086585999
3832,0.12795259803533554,0.007879864366259426,0.005559793673455715,12.001713752746582
3833,0.12789340689778328,0.007837800367269665,0.005534272640943527,12.00002670288086
3834,0.12824444193392992,0.008196387731004506,0.005508854985237122,11.99929690361023
3835,0.12816550210118294,0.008104441571049392,0.005483535118401051,12.000622630119324
3836,0.12805490754544735,0.007989168050698936,0.005458335392177105,12.001116037368774
3837,0.12775935232639313,0.007696730084717274,0.005433233454823494,12.000829219818115
3838,0.12652721628546715,0.006425843923352659,0.0054082367569208145,12.004729270935059
3839,0.1277547962963581,0.007713579805567861,0.0053833285346627235,11.998738765716553
3840,0.1263187825679779,0.006269148667342961,0.005358513910323381,11.999604940414429
3841,0.127364756539464,0.007285984407644719,0.00533380638808012,12.002543330192566
3842,0.1274785939604044,0.007431098725646734,0.005309219937771559,11.999440670013428
3843,0.12760892324149609,0.0075397639302536845,0.005284734070301056,12.001631498336792
3844,0.12684993911534548,0.006796456407755613,0.005260325036942959,12.000088095664978
3845,0.12621102388948202,0.006155076436698437,0.005236021243035793,12.000359177589417
3846,0.12672239542007446,0.006647108937613666,0.005211833864450455,12.002317190170288
3847,0.1271913331001997,0.007147553784307092,0.005187745206058025,11.99919056892395
3848,0.12762008886784315,0.0075554330251179636,0.005163753870874643,12.001302123069763
3849,0.127343587577343,0.007301056350115687,0.0051398673094809055,11.999113321304321
3850,0.12717230245471,0.007142720802221447,0.005116079468280077,11.997842073440552
3851,0.12725655548274517,0.007209537201561034,0.005092375911772251,11.99960994720459
3852,0.12704049982130527,0.006964111351408064,0.0050687603652477264,12.002570271492004
3853,0.12601516116410494,0.005930725921643898,0.005045252852141857,12.003398656845093
3854,0.12660412583500147,0.006531457242090255,0.005021851509809494,12.00224506855011
3855,0.12748629041016102,0.007409341051243246,0.004998548422008753,12.002696752548218
3856,0.1268182396888733,0.006773018452804536,0.004975341260433197,11.999547243118286
3857,0.1272049006074667,0.007181654800660908,0.004952235613018274,11.997372508049011
3858,0.12648609559983015,0.006443921593017876,0.0049292100593447685,11.999288439750671
3859,0.1270295763388276,0.006975763011723757,0.00490627670660615,12.000475406646729
3860,0.12781947664916515,0.007750564138405025,0.004883446265012026,12.002007722854614
3861,0.12690572813153267,0.006844095012638718,0.0048607210628688335,12.001302599906921
3862,0.12688320130109787,0.0068200958776287735,0.004838093649595976,12.00147259235382
3863,0.1271353866904974,0.007101281371433288,0.004815556108951569,11.998594999313354
3864,0.12736257538199425,0.007311042514629662,0.0047931065782904625,12.000360488891602
3865,0.12794551812112331,0.007889707922004163,0.004770740866661072,12.000810623168945
3866,0.12759180553257465,0.007555336342193186,0.004748465958982706,11.998898386955261
3867,0.1276466492563486,0.007600298442412168,0.004726279992610216,11.999908804893494
3868,0.12773638777434826,0.007669354788959026,0.004704207647591829,12.001999497413635
3869,0.12734571285545826,0.00729017611593008,0.004682237282395363,12.000871777534485
3870,0.12771131098270416,0.007665198878385127,0.004660360980778933,11.999951004981995
3871,0.12804760597646236,0.007983166433405131,0.004638546146452427,12.001805663108826
3872,0.12762248702347279,0.0075336858863011,0.004616823513060808,12.004263520240784
3873,0.12843164056539536,0.008410851296503097,0.004595196805894375,11.997483968734741
3874,0.12793606147170067,0.007871035079006106,0.004573673475533724,12.0019291639328
3875,0.12794414721429348,0.00789027230348438,0.004552241414785385,12.000835299491882
3876,0.12709425576031208,0.007051276392303407,0.004530919715762138,11.999767422676086
3877,0.12791047058999538,0.007842784631066024,0.004509665071964264,12.002259254455566
3878,0.12742975167930126,0.007371913408860564,0.0044884951785206795,12.001295566558838
3879,0.1261180406436324,0.006064315501134843,0.004467410035431385,12.000905394554138
3880,0.12809329107403755,0.008071669435594231,0.004446414299309254,11.997715950012207
3881,0.12772234249860048,0.0076825907453894615,0.0044255065731704235,11.999549865722656
3882,0.1275599617511034,0.0074781395378522575,0.004404689650982618,12.003778100013733
3883,0.12718879617750645,0.0071584852412343025,0.0043839882127940655,11.998646974563599
3884,0.12696224637329578,0.0069026132696308196,0.004363355692476034,12.001599788665771
3885,0.12797075137495995,0.007924897887278348,0.004342793487012386,12.000242948532104
3886,0.12745272181928158,0.007408017583657056,0.004322321154177189,12.000148296356201
3887,0.1261471901088953,0.006079350336221978,0.004301934968680143,12.002482652664185
3888,0.1282905414700508,0.00822453066939488,0.004281636327505112,12.002319812774658
3889,0.1275192964822054,0.007433788094203919,0.004261418245732784,12.004289388656616
3890,0.12762606143951416,0.007606124971061945,0.004241312853991985,11.99775242805481
3891,0.12770632654428482,0.007685888325795531,0.004221290349960327,11.997822880744934
3892,0.12665386870503426,0.006562051712535322,0.004201328381896019,12.00498080253601
3893,0.1271162535995245,0.007090836588758975,0.004181443247944117,11.998360395431519
3894,0.126254809089005,0.006218561029527336,0.004161658696830273,11.999463438987732
3895,0.1278622429817915,0.007801399799063802,0.004141981713473797,12.00194263458252
3896,0.12667195312678814,0.006644878827501088,0.004122380632907152,11.99858546257019
3897,0.12760004214942455,0.007558351149782538,0.004102833569049835,12.00006651878357
3898,0.1271307747811079,0.007069044979289174,0.004083375446498394,12.002089738845825
3899,0.12697807978838682,0.006906713068019599,0.004064016044139862,12.003072738647461
3900,0.1271292269229889,0.007060510979499668,0.004044734872877598,12.002827048301697
3901,0.12713848799467087,0.007084882468916476,0.004025534261018038,12.001335382461548
3902,0.12747710943222046,0.007418645545840263,0.004006421193480492,12.001840114593506
3903,0.1283629648387432,0.008317673287820071,0.003987383097410202,12.000541925430298
3904,0.12728934176266193,0.007271931623108685,0.003968414850533009,11.997772693634033
3905,0.12763566710054874,0.00757895119022578,0.0039495304226875305,12.00172233581543
3906,0.12847540900111198,0.008461150457151234,0.003930745646357536,11.997495174407959
3907,0.127575209364295,0.007532797928433865,0.00391203910112381,12.00032925605774
3908,0.12667902186512947,0.006640453881118447,0.0038934038020670414,11.999963641166687
3909,0.12762226723134518,0.007576972479000688,0.003874857909977436,12.000654816627502
3910,0.12674158066511154,0.00670147652272135,0.003856385126709938,12.000154376029968
3911,0.12763653323054314,0.007571282796561718,0.003837991040199995,12.002687335014343
3912,0.12748968414962292,0.007434364408254623,0.0038196593523025513,12.001712560653687
3913,0.12829488702118397,0.008238613896537572,0.003801415441557765,12.001826167106628
3914,0.12696878518909216,0.006933000287972391,0.003783253952860832,11.99979567527771
3915,0.1274189706891775,0.007370559324044734,0.0037651746533811092,12.001076340675354
3916,0.12780394591391087,0.007760440872516483,0.003747173584997654,12.000603556632996
3917,0.12712383922189474,0.0071068499237298965,0.003729240968823433,11.99796974658966
3918,0.12792454101145267,0.00786589237395674,0.0037113833241164684,12.002153754234314
3919,0.12695854529738426,0.0069188656052574515,0.0036936020478606224,12.000274419784546
3920,0.12703122198581696,0.006965850596316159,0.0036759153008461,12.002861738204956
3921,0.12726862914860249,0.007214125711470842,0.0036582998000085354,12.001792430877686
3922,0.12634782679378986,0.006332452816423029,0.0036407620646059513,11.997897148132324
3923,0.12782886624336243,0.00778574199648574,0.0036232874263077974,12.000689506530762
3924,0.1268560942262411,0.0068258471437729895,0.0036058826372027397,11.999419212341309
3925,0.12712232396006584,0.007085783232469112,0.003588546998798847,12.000065922737122
3926,0.12702437676489353,0.006946849171072245,0.003571294015273452,12.004181742668152
3927,0.1279118899255991,0.007875083130784333,0.0035541290417313576,12.000126719474792
3928,0.12770538218319416,0.007689325197134167,0.00353703903965652,11.998068809509277
3929,0.12793155014514923,0.007903118559625,0.003520007710903883,11.99932324886322
3930,0.12737742625176907,0.007351497304625809,0.0035030541475862265,11.999090194702148
3931,0.128189604729414,0.008121044491417706,0.0034861755557358265,12.0033700466156
3932,0.12732813879847527,0.0072609392809681594,0.0034693791531026363,12.003251075744629
3933,0.1270979754626751,0.007031818793620914,0.0034526633098721504,12.003163576126099
3934,0.12766766920685768,0.007616644201334566,0.0034360107965767384,12.001666784286499
3935,0.126877561211586,0.0068602170795202255,0.003419410204514861,11.998315215110779
3936,0.1265418902039528,0.0064957665163092315,0.0034028859809041023,12.001209616661072
3937,0.12725137919187546,0.007230608491227031,0.0033864418510347605,11.998691201210022
3938,0.1281894613057375,0.008114431169815361,0.0033700752537697554,12.004133105278015
3939,0.12732448428869247,0.00728557602269575,0.0033537899143993855,12.000537395477295
3940,0.12746358662843704,0.0074379497091285884,0.00333757558837533,11.999226212501526
3941,0.12714900821447372,0.007104779942892492,0.0033214071299880743,12.00110149383545
3942,0.12823032960295677,0.008203685691114515,0.003305301768705249,11.999359369277954
3943,0.12714366428554058,0.007093166757840663,0.0032892744056880474,12.001760721206665
3944,0.12688866443932056,0.006841533002443612,0.003273328300565481,12.001440167427063
3945,0.1278843441978097,0.007851698144804686,0.0032574571669101715,12.000007271766663
3946,0.1279458273202181,0.00787159998435527,0.0032416668254882097,12.004181146621704
3947,0.12747268937528133,0.007435370062012225,0.0032259186264127493,12.000506162643433
3948,0.12655862048268318,0.006499809038359672,0.003210242372006178,12.002671480178833
3949,0.12769875675439835,0.007654650486074388,0.003194629680365324,12.001216173171997
3950,0.1272885361686349,0.007288266147952527,0.003179101273417473,11.996848464012146
3951,0.12699894234538078,0.006973226205445826,0.0031636313069611788,11.99940836429596
3952,0.1265616388991475,0.0065387196955271065,0.003148229094222188,11.999143719673157
3953,0.12748371809720993,0.00743970787152648,0.003132898360490799,12.00126826763153
3954,0.12717873975634575,0.007116485154256225,0.0031176391057670116,12.003108024597168
3955,0.12691673077642918,0.006850853736978024,0.0031024659983813763,12.003485202789307
3956,0.12654031440615654,0.006479703297372907,0.003087338525801897,12.002973914146423
3957,0.12684419378638268,0.006801266456022859,0.003072259481996298,12.001221060752869
3958,0.12627744115889072,0.006227011443115771,0.0030572472605854273,12.001985669136047
3959,0.12727104499936104,0.007204092165920883,0.003042320255190134,12.003653287887573
3960,0.12661258596926928,0.006594598991796374,0.003027471015229821,11.998771667480469
3961,0.12706576101481915,0.007059029187075794,0.003012671833857894,11.997660636901855
3962,0.12731642462313175,0.007305872335564345,0.002997926902025938,11.99805760383606
3963,0.1274738572537899,0.007453792379237711,0.0029832394793629646,11.999023199081421
3964,0.1280563324689865,0.008040160639211535,0.002968632383272052,11.998648881912231
3965,0.1271763052791357,0.007120423601008952,0.0029540928080677986,12.002634525299072
3966,0.12687518633902073,0.006793510809075087,0.002939624013379216,12.005228400230408
3967,0.12687468901276588,0.006842231377959251,0.0029252173844724894,12.000320792198181
3968,0.12694194726645947,0.006883844966068864,0.002910869661718607,12.002899765968323
3969,0.1272069737315178,0.007131368154659867,0.0028965873643755913,12.004664063453674
3970,0.12666792422533035,0.006645543966442347,0.002882373984903097,11.999356150627136
3971,0.12655120249837637,0.006531722552608699,0.0028682113625109196,11.999079823493958
3972,0.1273621805012226,0.007339943782426417,0.0028541048523038626,11.999369740486145
3973,0.12742198817431927,0.007406176533550024,0.002840066095814109,11.998741388320923
3974,0.12722911220043898,0.007177307037636638,0.002826086478307843,12.002354502677917
3975,0.12782499007880688,0.007812215568264946,0.0028121736831963062,11.998465418815613
3976,0.12659930530935526,0.006524517550133169,0.002798326313495636,12.004680871963501
3977,0.12751130759716034,0.00748396577546373,0.0027845429722219706,11.999950170516968
3978,0.12734642811119556,0.00731551309581846,0.0027708266861736774,12.00032103061676
3979,0.1270236000418663,0.006958979356568307,0.002757162554189563,12.003704905509949
3980,0.12791060283780098,0.007887816289439797,0.0027435594238340855,11.999535322189331
3981,0.1270771473646164,0.007065134646836668,0.0027300063520669937,11.99847161769867
3982,0.12716171517968178,0.007126816257368773,0.0027165075298398733,12.000773310661316
3983,0.12654094770550728,0.006480799405835569,0.002703075297176838,12.00331199169159
3984,0.12832959182560444,0.008297141757793725,0.002689726185053587,12.000555515289307
3985,0.1274382285773754,0.007426929252687842,0.0026764385402202606,11.998453855514526
3986,0.12741713970899582,0.007383439166005701,0.00266319140791893,12.000706791877747
3987,0.1263344930484891,0.006285544310230762,0.0026499920058995485,12.00224483013153
3988,0.12694735638797283,0.006929543858859688,0.00263685523532331,11.999144673347473
3989,0.12756823934614658,0.007556775934062898,0.002623788546770811,11.998522639274597
3990,0.12792791798710823,0.007877804629970342,0.002610791940242052,12.002400994300842
3991,0.12802067957818508,0.007982073118910193,0.0025978493504226208,12.00126326084137
3992,0.12866917997598648,0.008646127476822585,0.002584946108981967,11.999720454216003
3993,0.1267891749739647,0.006695758085697889,0.0025721057318150997,12.006770014762878
3994,0.1276661939918995,0.007643578865099698,0.002559338230639696,11.999702453613281
3995,0.12665043771266937,0.006645282031968236,0.002546612871810794,11.997969150543213
3996,0.12746669724583626,0.00742511497810483,0.0025339405983686447,12.001624584197998
3997,0.12649134919047356,0.0064508552313782275,0.002521333284676075,12.0015287399292
3998,0.127373980358243,0.007332943845540285,0.0025087869726121426,12.0015949010849
3999,0.1267600329592824,0.006710014946293086,0.002496295142918825,12.002505898475647
