step,loss_total,simple,proto,aux
0,1.4270243793725967,1.001168616116047,23.326417922973633,19.259156703948975
1,1.4105484187602997,0.9909199252724648,23.31000328063965,18.652844667434692
2,1.4065616130828857,0.9930210262537003,23.29346466064453,18.06060028076172
3,1.3928400129079819,0.9853422939777374,23.27680206298828,17.472967386245728
4,1.3841246515512466,0.9826049208641052,23.26000213623047,16.89197611808777
5,1.3727407455444336,0.9768255576491356,23.24304962158203,16.34847116470337
6,1.3618245422840118,0.9711579903960228,23.225933074951172,15.840725302696228
7,1.3502376079559326,0.9644589126110077,23.208675384521484,15.369194507598877
8,1.3387771546840668,0.9577972516417503,23.191286087036133,14.90670657157898
9,1.32944056391716,0.9526692479848862,23.17374610900879,14.503384232521057
10,1.32376928627491,0.9509143158793449,23.156068801879883,14.129426956176758
11,1.3143973350524902,0.9450706765055656,23.138267517089844,13.79439914226532
12,1.306912124156952,0.9408750906586647,23.120365142822266,13.483338713645935
13,1.2980454117059708,0.9346568807959557,23.102380752563477,13.23647677898407
14,1.288009151816368,0.9265659525990486,23.08432960510254,13.059991240501404
15,1.2730062156915665,0.9130018651485443,23.06621742248535,12.934215426445007
16,1.2696156203746796,0.9106485918164253,23.04808807373047,12.848612308502197
17,1.2616974264383316,0.9034911915659904,23.029956817626953,12.790664911270142
18,1.2500061839818954,0.89232537150383,23.011865615844727,12.75621509552002
19,1.2367781549692154,0.8792090937495232,22.993885040283203,12.763020634651184
20,1.2221839278936386,0.8645499721169472,22.97603988647461,12.78735899925232
21,1.208319991827011,0.8504265770316124,22.95836639404297,12.830978274345398
22,1.1944712549448013,0.8359672576189041,22.940885543823242,12.909515380859375
23,1.166935607790947,0.8076657056808472,22.923664093017578,13.003329277038574
24,1.1411744803190231,0.7810103818774223,22.906753540039062,13.109655976295471
25,1.1121628135442734,0.7509134039282799,22.890188217163086,13.234754920005798
26,1.0794119089841843,0.7173835784196854,22.874034881591797,13.328801393508911
27,1.0348465889692307,0.6721182614564896,22.858312606811523,13.414520621299744
28,0.9920485243201256,0.6288096904754639,22.843059539794922,13.480826735496521
29,0.9406546354293823,0.5769861936569214,22.828277587890625,13.53856909275055
30,0.8999665603041649,0.5362056195735931,22.8139705657959,13.56212568283081
31,0.8458467721939087,0.4817204736173153,22.80009651184082,13.61253535747528
32,0.8031394630670547,0.43896298483014107,22.786602020263672,13.631048917770386
33,0.7796552926301956,0.416148878633976,22.773401260375977,13.577239036560059
34,0.7434192448854446,0.3810151293873787,22.760366439819336,13.480044960975647
35,0.7054868116974831,0.3446294367313385,22.747358322143555,13.338380098342896
36,0.678111769258976,0.3192320391535759,22.734235763549805,13.153738498687744
37,0.6490893661975861,0.2916860058903694,22.720874786376953,13.01946234703064
38,0.6169172078371048,0.26052151247859,22.707250595092773,12.932318806648254
39,0.5933722332119942,0.23809277825057507,22.693342208862305,12.834604144096375
40,0.583257757127285,0.22892595827579498,22.679121017456055,12.754059672355652
41,0.5708386152982712,0.21754629909992218,22.66448211669922,12.664751529693604
42,0.5389939025044441,0.1866772510111332,22.649320602416992,12.582345604896545
43,0.5276764333248138,0.175918348133564,22.633014678955078,12.542793869972229
44,0.5209783762693405,0.16923698037862778,22.615869522094727,12.558270335197449
45,0.5035767406225204,0.15264424681663513,22.598499298095703,12.494750499725342
46,0.48960355296730995,0.140057728625834,22.580745697021484,12.373836517333984
47,0.4742763452231884,0.12517188675701618,22.562509536743164,12.347935914993286
48,0.4691883437335491,0.12006822694092989,22.542804718017578,12.369207739830017
49,0.4608410559594631,0.1123212929815054,22.52253532409668,12.329442024230957
50,0.4360496401786804,0.08775810711085796,22.50189971923828,12.327253222465515
51,0.44317205250263214,0.0951731689274311,22.480213165283203,12.31967556476593
52,0.4267837256193161,0.07970983721315861,22.45834732055664,12.249042630195618
53,0.42085570842027664,0.07393886521458626,22.435449600219727,12.256235837936401
54,0.4147920235991478,0.06896523479372263,22.41193199157715,12.17074728012085
55,0.41252459585666656,0.06771932356059551,22.386720657348633,12.093806862831116
56,0.4131292700767517,0.0686290836893022,22.359888076782227,12.09013044834137
57,0.4056621231138706,0.06180386710911989,22.33395767211914,12.051868796348572
58,0.40130607783794403,0.05789200682193041,22.308151245117188,12.03325605392456
59,0.4019017852842808,0.05860744044184685,22.282743453979492,12.046690821647644
60,0.39113135635852814,0.04822556860744953,22.25787353515625,12.032705664634705
61,0.3986443914473057,0.056155783124268055,22.23208236694336,12.016778230667114
62,0.38695382699370384,0.04479831038042903,22.2071533203125,12.008399367332458
63,0.40492768585681915,0.06265230709686875,22.18071174621582,12.04682719707489
64,0.4090907797217369,0.06690493738278747,22.155742645263672,12.06284213066101
65,0.39685943350195885,0.055132756009697914,22.131946563720703,12.040721416473389
66,0.3882081024348736,0.046391142066568136,22.108524322509766,12.073171615600586
67,0.3875902146100998,0.04551394656300545,22.08565330505371,12.12197494506836
68,0.3860318437218666,0.044245346914976835,22.06275749206543,12.11589229106903
69,0.3805771507322788,0.03925243020057678,22.040115356445312,12.092357397079468
70,0.375951137393713,0.035033315885812044,22.016189575195312,12.075594067573547
71,0.3751627244055271,0.03486254345625639,21.990524291992188,12.039493560791016
72,0.3693198151886463,0.02936308807693422,21.964622497558594,12.03105080127716
73,0.37329548597335815,0.03358904295600951,21.93735122680664,12.03329312801361
74,0.37092946842312813,0.031624667812138796,21.90985870361328,12.020621657371521
75,0.37379319965839386,0.03467199043370783,21.881858825683594,12.030261993408203
76,0.36851588264107704,0.029677426209673285,21.854366302490234,12.029479265213013
77,0.3751334473490715,0.03654049732722342,21.825855255126953,12.033440947532654
78,0.37282440811395645,0.03454704210162163,21.798864364624023,12.028873443603516
79,0.36641975492239,0.028475117404013872,21.7730712890625,12.021393895149231
80,0.36668871343135834,0.029039049288257957,21.747404098510742,12.01756238937378
81,0.3705659359693527,0.03317949315533042,21.72254753112793,12.016097068786621
82,0.36456333845853806,0.02757956157438457,21.697694778442383,12.000684142112732
83,0.3701484724879265,0.03329665097407997,21.673139572143555,12.012044072151184
84,0.3640220873057842,0.027331634191796184,21.648578643798828,12.020467519760132
85,0.3643706291913986,0.027956640580669045,21.62274932861328,12.018651485443115
86,0.37341300398111343,0.03722649090923369,21.597736358642578,12.020915150642395
87,0.3682735897600651,0.03229332878254354,21.573503494262695,12.02452278137207
88,0.3655344657599926,0.0296606351621449,21.548036575317383,12.039347529411316
89,0.37306151539087296,0.03750342922285199,21.523359298706055,12.032449007034302
90,0.36316462978720665,0.027970818104222417,21.49956512451172,12.019816040992737
91,0.3613082468509674,0.026424377458170056,21.47535514831543,12.013031959533691
92,0.3662008196115494,0.03151467093266547,21.451139450073242,12.017475843429565
93,0.3591238968074322,0.024746666429564357,21.427322387695312,12.010401844978333
94,0.36472905799746513,0.030519729712978005,21.4022216796875,12.018710374832153
95,0.3646005168557167,0.030581462429836392,21.37742805480957,12.024478435516357
96,0.3523717597126961,0.01869040192104876,21.3531551361084,12.014979600906372
97,0.3613876886665821,0.027973426040261984,21.327709197998047,12.013718008995056
98,0.3657679557800293,0.03264473960734904,21.30239486694336,12.00992727279663
99,0.3515833355486393,0.018757683457806706,21.27753257751465,12.005033731460571
100,0.3549959734082222,0.022300973534584045,21.251630783081055,12.017869353294373
101,0.361790057271719,0.029271582141518593,21.225719451904297,12.02612829208374
102,0.3531869798898697,0.021158624556846917,21.200456619262695,12.00238049030304
103,0.35254116728901863,0.020865924190729856,21.17425537109375,11.993269085884094
104,0.35706841945648193,0.0256003993563354,21.148147583007812,11.998655557632446
105,0.3548174425959587,0.023583325324580073,21.122671127319336,12.000742316246033
106,0.3502916805446148,0.019202838535420597,21.09680938720703,12.012075066566467
107,0.35083065554499626,0.01993706007488072,21.070152282714844,12.01920735836029
108,0.34839174896478653,0.01784721144940704,21.04364776611328,12.01080572605133
109,0.350166629999876,0.019986365921795368,21.01647186279297,12.001555681228638
110,0.3495757058262825,0.019687871914356947,20.988731384277344,12.000052332878113
111,0.34522584825754166,0.015595359029248357,20.960895538330078,12.002152919769287
112,0.34729598090052605,0.017940255231224,20.93262481689453,12.002949118614197
113,0.3463127389550209,0.017193006118759513,20.903995513916016,12.007978200912476
114,0.3432232402265072,0.01442805107217282,20.875076293945312,12.004443287849426
115,0.3436880595982075,0.015186831704340875,20.845928192138672,12.004195809364319
116,0.34649811685085297,0.018257374642416835,20.816600799560547,12.007474303245544
117,0.34301506727933884,0.01501131837721914,20.787137985229492,12.013237595558167
118,0.3476542793214321,0.019949776236899197,20.75758171081543,12.012869119644165
119,0.3426359072327614,0.015382378362119198,20.728492736816406,11.996860265731812
120,0.34424668550491333,0.017293063108809292,20.699304580688477,11.996058106422424
121,0.34447985142469406,0.017821877729147673,20.67070770263672,11.99509072303772
122,0.3405623398721218,0.014158591395244002,20.64198875427246,11.99838662147522
123,0.34405362233519554,0.01782784645911306,20.61318588256836,12.009392142295837
124,0.34244856238365173,0.016530029475688934,20.58432388305664,12.007530093193054
125,0.34027207270264626,0.014676984865218401,20.555429458618164,12.004078984260559
126,0.3428321108222008,0.017538290238007903,20.526527404785156,12.002855658531189
127,0.3408215679228306,0.01584290200844407,20.49763298034668,12.000234007835388
128,0.33755670860409737,0.012873996398411691,20.468769073486328,11.999502420425415
129,0.3391345851123333,0.014736899989657104,20.439950942993164,11.999817490577698
130,0.34003325551748276,0.01597073336597532,20.411190032958984,11.99506402015686
131,0.3387315757572651,0.014921512454748154,20.382495880126953,11.998510956764221
132,0.33943215385079384,0.01587016845587641,20.353879928588867,12.002319812774658
133,0.33531875535845757,0.011991844978183508,20.325347900390625,12.007343411445618
134,0.33572278916835785,0.012679234379902482,20.296907424926758,12.007448434829712
135,0.3366623930633068,0.013912311987951398,20.268566131591797,12.00644338130951
136,0.3366878814995289,0.014252334367483854,20.240324020385742,12.003231763839722
137,0.33506226912140846,0.012948352261446416,20.212190628051758,11.999202251434326
138,0.3356644883751869,0.013830716605298221,20.184162139892578,11.999215722084045
139,0.33319467678666115,0.011628702282905579,20.156248092651367,12.000349879264832
140,0.3357335515320301,0.014398758998140693,20.128442764282227,12.005037069320679
141,0.3340211510658264,0.013017704826779664,20.100757598876953,11.999587416648865
142,0.33355845138430595,0.01281763578299433,20.073183059692383,12.000899314880371
143,0.3343675695359707,0.013881839695386589,20.045726776123047,12.002846598625183
144,0.33392610028386116,0.013716671033762395,20.018386840820312,12.002556681632996
145,0.3316606655716896,0.011737671098671854,19.991165161132812,12.001134514808655
146,0.33182112872600555,0.012194145820103586,19.96405792236328,11.99864149093628
147,0.332101471722126,0.012734813732095063,19.93706703186035,11.999599695205688
148,0.33267778530716896,0.013608915964141488,19.91019058227539,11.996697902679443
149,0.3296336978673935,0.010831980616785586,19.88343048095703,11.996741771697998
150,0.33204247802495956,0.013414346845820546,19.856781005859375,12.006032586097717
151,0.33314935490489006,0.014770024106837809,19.830245971679688,12.00768756866455
152,0.3316417448222637,0.013498729094862938,19.80417251586914,12.010129690170288
153,0.33003196865320206,0.012234226102009416,19.778165817260742,12.001609086990356
154,0.3289245739579201,0.011408343212679029,19.75223159790039,11.99939239025116
155,0.32967954874038696,0.012393614859320223,19.72637367248535,12.002220034599304
156,0.3293692134320736,0.012360213091596961,19.70123291015625,11.99966824054718
157,0.3280697129666805,0.011294054915197194,19.676097869873047,12.001469612121582
158,0.32845069468021393,0.01189606892876327,19.650976181030273,12.004486560821533
159,0.32836420834064484,0.012062546564266086,19.62689208984375,12.003275036811829
160,0.3303358368575573,0.014296694309450686,19.602720260620117,12.001193761825562
161,0.3271833434700966,0.011396072688512504,19.579795837402344,11.998932123184204
162,0.33618568256497383,0.02049300796352327,19.55682945251465,12.012439131736755
163,0.33822126314044,0.02273307554423809,19.535457611083984,12.013361811637878
164,0.3288427032530308,0.013626079424284399,19.515596389770508,12.006066799163818
165,0.339314091950655,0.024316964903846383,19.49593734741211,12.003775715827942
166,0.355042215436697,0.040140108205378056,19.47770118713379,12.012510061264038
167,0.3476071283221245,0.032949114916846156,19.46089744567871,12.004904747009277
168,0.3277736231684685,0.013335017021745443,19.445289611816406,11.998571395874023
169,0.349768441170454,0.03521196870133281,19.42902374267578,12.026623249053955
170,0.37704451009631157,0.062348857056349516,19.4139404296875,12.055624842643738
171,0.37287601456046104,0.058304958045482635,19.400053024291992,12.057053685188293
172,0.34251701831817627,0.028381932992488146,19.387229919433594,12.02627956867218
173,0.3289797678589821,0.015129671548493207,19.375131607055664,12.009878873825073
174,0.3365967273712158,0.022919655311852694,19.36284065246582,12.00486671924591
175,0.3349963612854481,0.021498107351362705,19.35114860534668,11.998677253723145
176,0.3311138227581978,0.017735597910359502,19.339921951293945,11.99790096282959
177,0.32900235801935196,0.015636334312148392,19.32815933227539,12.00844395160675
178,0.3374669849872589,0.024015532806515694,19.316667556762695,12.028478741645813
179,0.3345594294369221,0.02123017213307321,19.305561065673828,12.027366399765015
180,0.3262789472937584,0.013194344937801361,19.29437255859375,12.014087915420532
181,0.3279627002775669,0.015081655117683113,19.282930374145508,12.005175232887268
182,0.3327030576765537,0.019941991427913308,19.271259307861328,12.004847288131714
183,0.32692060619592667,0.014274629880674183,19.259305953979492,12.005292654037476
184,0.33157504349946976,0.019001710461452603,19.246747970581055,12.010585308074951
185,0.328467208892107,0.016041587106883526,19.233896255493164,12.008666634559631
186,0.32362624257802963,0.011459225439466536,19.22075080871582,11.995951294898987
187,0.328091349452734,0.016048209043219686,19.206514358520508,11.997800827026367
188,0.3249719403684139,0.013045513769611716,19.19149398803711,12.001149415969849
189,0.32630909979343414,0.014423757791519165,19.17593765258789,12.012596845626831
190,0.3239442892372608,0.01229594333563,19.15936851501465,12.005467057228088
191,0.32347478717565536,0.01205099024809897,19.142642974853516,11.99973714351654
192,0.323707714676857,0.012452570023015141,19.12503433227539,12.000481486320496
193,0.3240736909210682,0.012950637377798557,19.10704231262207,12.005263090133667
194,0.32253947108983994,0.011605327599681914,19.08831214904785,12.0051029920578
195,0.32266929745674133,0.011940085794776678,19.06892967224121,12.003991961479187
196,0.32139555737376213,0.010906933806836605,19.04897117614746,11.999892234802246
197,0.321419358253479,0.01113444846123457,19.02850341796875,11.999988675117493
198,0.32171523943543434,0.011625435668975115,19.007587432861328,12.00139331817627
199,0.32223055139184,0.01235902204643935,18.98628044128418,12.000872731208801
200,0.3210689015686512,0.011408440652303398,18.964624404907227,12.001422762870789
201,0.3219441808760166,0.012503428035415709,18.942668914794922,12.001405596733093
202,0.320648618042469,0.011422775336541235,18.920452117919922,12.00213360786438
203,0.3191376365721226,0.010132449388038367,18.898006439208984,12.0025132894516
204,0.3193921223282814,0.010654385900124907,18.8753662109375,11.99840772151947
205,0.31889433041214943,0.010395583463832736,18.852554321289062,11.997320771217346
206,0.31927167251706123,0.01097586628748104,18.829601287841797,11.999980449676514
207,0.319552656263113,0.01147543324623257,18.806528091430664,12.001194596290588
208,0.31891194730997086,0.01105297647882253,18.783353805541992,12.002544164657593
209,0.3185330517590046,0.01091604883549735,18.76009750366211,12.001603364944458
210,0.31721483170986176,0.009833464107941836,18.736774444580078,12.001363039016724
211,0.317934975028038,0.010734569979831576,18.713397979736328,12.006642699241638
212,0.31938646361231804,0.012451799819245934,18.68998146057129,12.003486156463623
213,0.3171348161995411,0.010457076248712838,18.666532516479492,12.00124204158783
214,0.3164273090660572,0.009968965372536331,18.643070220947266,12.00276529788971
215,0.3166034445166588,0.010383004788309336,18.619592666625977,12.00245201587677
216,0.31623242050409317,0.01027279393747449,18.596115112304688,11.999848365783691
217,0.31604766100645065,0.010330020799301565,18.572643280029297,11.999120593070984
218,0.31630583107471466,0.010785522463265806,18.54918098449707,12.002850890159607
219,0.3154340721666813,0.010141975479200482,18.525733947753906,12.003476858139038
220,0.31425435096025467,0.009226950467564166,18.502309799194336,12.000430345535278
221,0.31445377692580223,0.009700591559521854,18.478910446166992,11.996408224105835
222,0.31415704265236855,0.009609728120267391,18.455541610717773,11.99919080734253
223,0.31252503767609596,0.008212697342969477,18.432205200195312,11.999029994010925
224,0.31487489864230156,0.010752723319455981,18.408906936645508,12.003312468528748
225,0.3132391385734081,0.009346090722829103,18.385643005371094,12.003662109375
226,0.31204187870025635,0.008348691975697875,18.362422943115234,12.00689697265625
227,0.3133995309472084,0.00995089253410697,18.339242935180664,12.005621314048767
228,0.3124959357082844,0.00933834194438532,18.31610679626465,11.999653100967407
229,0.31262432038784027,0.009694049949757755,18.293014526367188,12.00001347064972
230,0.31235191971063614,0.009667335951235145,18.26997184753418,11.998488068580627
231,0.31172867119312286,0.009294058661907911,18.24697494506836,11.996487379074097
232,0.3130364194512367,0.010767943051178008,18.224029541015625,12.00281846523285
233,0.31251100450754166,0.010458801232744008,18.201133728027344,12.004087090492249
234,0.3106272481381893,0.008832407009322196,18.17828369140625,12.001201272010803
235,0.3132380284368992,0.011618315475061536,18.155488967895508,12.006483554840088
236,0.3105625808238983,0.009208606090396643,18.132741928100586,12.002656102180481
237,0.31068262085318565,0.009579780627973378,18.11004638671875,12.000238537788391
238,0.3099559284746647,0.009092506836168468,18.08740234375,11.998940467834473
239,0.3101217485964298,0.00946733879391104,18.064809799194336,12.000632166862488
240,0.31015872210264206,0.00974180398043245,18.042268753051758,11.999424815177917
241,0.3098565638065338,0.009633716312237084,18.019779205322266,12.002506017684937
242,0.31013545393943787,0.01011281181126833,17.997343063354492,12.00492250919342
243,0.30848532915115356,0.00870697054779157,17.974956512451172,12.002880215644836
244,0.30949613079428673,0.009946916834451258,17.952621459960938,12.00230073928833
245,0.30905652046203613,0.009746392781380564,17.930335998535156,12.00067675113678
246,0.30851882696151733,0.00944095035083592,17.908103942871094,11.99968409538269
247,0.31046223267912865,0.011587060405872762,17.885921478271484,12.001597166061401
248,0.3095986619591713,0.010931347729638219,17.86379051208496,12.002941012382507
249,0.30887244269251823,0.010449218796566129,17.84170913696289,12.000613331794739
250,0.3079710341989994,0.009757219406310469,17.820030212402344,12.00135052204132
251,0.307836152613163,0.009865142754279077,17.798368453979492,11.998732566833496
252,0.3073628656566143,0.009617174335289747,17.776718139648438,11.997851729393005
253,0.30767740309238434,0.010108875925652683,17.755084991455078,12.001768350601196
254,0.306470662355423,0.009112030267715454,17.734167098999023,12.001696825027466
255,0.30662498623132706,0.009481996297836304,17.713199615478516,12.001099586486816
256,0.30838508158922195,0.011360701988451183,17.692188262939453,12.010250926017761
257,0.3060666471719742,0.009276462893467396,17.672163009643555,12.006855368614197
258,0.3115925267338753,0.015011539333499968,17.65200424194336,12.006095290184021
259,0.3100697509944439,0.013725636759772897,17.6331844329834,12.00122880935669
260,0.3065805360674858,0.010405522538349032,17.615570068359375,12.001931190490723
261,0.30802182108163834,0.011982318479567766,17.597576141357422,12.006375670433044
262,0.3055943138897419,0.009755452978424728,17.580278396606445,12.003607988357544
263,0.30609696730971336,0.01049347862135619,17.562576293945312,11.997773051261902
264,0.30518049001693726,0.009739113738760352,17.545164108276367,11.998974323272705
265,0.30519573390483856,0.009911448112688959,17.527359008789062,12.001071095466614
266,0.30354445427656174,0.008475179551169276,17.509206771850586,11.997721672058105
267,0.30437982454895973,0.00946924148593098,17.49074935913086,12.000309467315674
268,0.3037036471068859,0.008895938459318131,17.47201919555664,12.008753061294556
269,0.3051251992583275,0.010520773706957698,17.453046798706055,12.007396697998047
270,0.30463846400380135,0.010235383990220726,17.433866500854492,12.006442785263062
271,0.3032706081867218,0.00911380467005074,17.414499282836914,12.001182913780212
272,0.30369267612695694,0.009750856028404087,17.394969940185547,11.999213576316833
273,0.30303850397467613,0.009344599675387144,17.37529754638672,11.994092226028442
274,0.30174529552459717,0.008176149218343198,17.35550308227539,12.001411437988281
275,0.30274873599410057,0.00933484238339588,17.335895538330078,12.005494594573975
276,0.3025539368391037,0.00934728782158345,17.316162109375,12.004503965377808
277,0.30156177654862404,0.008524016768205911,17.29632568359375,12.00745177268982
278,0.30163896456360817,0.008824271208140999,17.276391983032227,12.005078196525574
279,0.30081816017627716,0.008223753713537008,17.25638198852539,12.003058671951294
280,0.30066654458642006,0.008303787966724485,17.236309051513672,11.999967694282532
281,0.30057748779654503,0.008431388763710856,17.216175079345703,11.998435497283936
282,0.299721572548151,0.0077886112267151475,17.195999145507812,11.99729835987091
283,0.30014554038643837,0.008388789545278996,17.175785064697266,11.999890565872192
284,0.3004804849624634,0.008881005109287798,17.155540466308594,12.004408478736877
285,0.3011784180998802,0.00977471360238269,17.135269165039062,12.005102157592773
286,0.30065345764160156,0.009424694057088345,17.11540412902832,12.00747275352478
287,0.29906216636300087,0.008095961122307926,17.095481872558594,12.001139402389526
288,0.29903382807970047,0.008275970118120313,17.075515747070312,12.000270962715149
289,0.29912764951586723,0.008541425631847233,17.055509567260742,12.003113627433777
290,0.3004017695784569,0.010021872469224036,17.035472869873047,12.002517580986023
291,0.30129069089889526,0.011105832236353308,17.01541519165039,12.003071069717407
292,0.29976844787597656,0.009815055644139647,16.995508193969727,11.999831557273865
293,0.2987201139330864,0.008945442154072225,16.97576141357422,12.001707315444946
294,0.2983037978410721,0.008750339562539011,16.95596694946289,11.99937880039215
295,0.2986762411892414,0.009313522896263748,16.936140060424805,12.00013267993927
296,0.2966373972594738,0.007455444021616131,16.916284561157227,12.001911878585815
297,0.29789796099066734,0.0089188291458413,16.896404266357422,12.001508951187134
298,0.2985803671181202,0.009787558345124125,16.876510620117188,12.002771139144897
299,0.2973095253109932,0.008722016995307058,16.856605529785156,12.00214672088623
300,0.29736489802598953,0.008976969635114074,16.836694717407227,12.00209927558899
301,0.2981139309704304,0.009884486440569162,16.81678009033203,12.006165266036987
302,0.2975243255496025,0.009520852589048445,16.7968692779541,12.003478288650513
303,0.2974248379468918,0.009631753899157047,16.77696418762207,12.002344727516174
304,0.2982863448560238,0.010732520604506135,16.757068634033203,11.998314380645752
305,0.2971669062972069,0.009812654228881001,16.737619400024414,11.997806906700134
306,0.2963881753385067,0.009197652339935303,16.718141555786133,12.000911355018616
307,0.2961677871644497,0.009136666893027723,16.698633193969727,12.00447952747345
308,0.29655809327960014,0.009755276725627482,16.67910385131836,12.00117802619934
309,0.29597820714116096,0.009338526579085737,16.659561157226562,12.00440776348114
310,0.2948354296386242,0.008462941099423915,16.64000701904297,11.997243046760559
311,0.2950163409113884,0.008840229304041713,16.620447158813477,11.997164726257324
312,0.29561638459563255,0.009611953515559435,16.60088539123535,11.999558687210083
313,0.2958478033542633,0.00998029561014846,16.581594467163086,12.005157470703125
314,0.294023010879755,0.008343236986547709,16.5626163482666,12.005362272262573
315,0.29435694590210915,0.008863772382028401,16.5435848236084,12.005733132362366
316,0.2942795418202877,0.008971341303549707,16.524507522583008,12.006312847137451
317,0.2948930822312832,0.009818900958634913,16.505535125732422,12.001883745193481
318,0.294470839202404,0.00958886236185208,16.487159729003906,12.001038908958435
319,0.2947128377854824,0.010010688449256122,16.468679428100586,12.001537084579468
320,0.2932257391512394,0.008735361509025097,16.450416564941406,11.998622417449951
321,0.2928002178668976,0.008476753951981664,16.432844161987305,11.999503254890442
322,0.2959642559289932,0.011734906467609107,16.415088653564453,12.007847309112549
323,0.2929796166718006,0.008921989181544632,16.398284912109375,12.007478713989258
324,0.29921549558639526,0.015353300492279232,16.381441116333008,12.004778385162354
325,0.302790317684412,0.019140487536787987,16.365741729736328,11.999242544174194
326,0.29345111176371574,0.00996743910945952,16.351139068603516,11.997229814529419
327,0.30600280687212944,0.02243988960981369,16.33636474609375,12.01992642879486
328,0.3199010454118252,0.03639393439516425,16.32266616821289,12.028044581413269
329,0.3079736642539501,0.024696486769244075,16.31003761291504,12.017680287361145
330,0.2911793328821659,0.00819915032479912,16.298259735107422,11.99975860118866
331,0.30274665728211403,0.019864248344674706,16.28571128845215,12.002529382705688
332,0.3069881685078144,0.024200072744861245,16.27385902404785,12.004949808120728
333,0.29713063687086105,0.014441811013966799,16.262615203857422,12.00626802444458
334,0.3133367672562599,0.03049925435334444,16.250621795654297,12.033130884170532
335,0.33537642657756805,0.05250052362680435,16.239330291748047,12.048260688781738
336,0.3098090589046478,0.027275513159111142,16.228805541992188,12.02454924583435
337,0.2951515018939972,0.012878913548775017,16.218765258789062,12.008494853973389
338,0.3015539050102234,0.019440274219959974,16.207773208618164,12.003591179847717
339,0.29775433614850044,0.015745944576337934,16.19710922241211,12.003729701042175
340,0.29293741285800934,0.01100429822690785,16.18665885925293,12.006652235984802
341,0.29542915895581245,0.013511817087419331,16.175294876098633,12.016441226005554
342,0.2931111119687557,0.011425471631810069,16.164020538330078,12.004544377326965
343,0.2942976579070091,0.012723873485811055,16.152042388916016,12.00533652305603
344,0.29703980311751366,0.015582051943056285,16.13992691040039,12.005849719047546
345,0.2918229252099991,0.01052176853409037,16.127866744995117,12.002249121665955
346,0.2953665852546692,0.014098905376158655,16.11506462097168,12.011703491210938
347,0.2917496897280216,0.010624569025821984,16.10222625732422,12.01028573513031
348,0.2948923036456108,0.013959226780571043,16.08872413635254,12.004583597183228
349,0.2923390716314316,0.011550527065992355,16.074871063232422,12.003983855247498
350,0.2911341264843941,0.01044829620514065,16.061199188232422,12.007384538650513
351,0.2942127659916878,0.013642549514770508,16.046951293945312,12.010071158409119
352,0.291075449436903,0.010718765552155674,16.033180236816406,12.002488851547241
353,0.29164664447307587,0.011464421637356281,16.019197463989258,11.999025464057922
354,0.29459377378225327,0.014518721727654338,16.00564956665039,12.001857161521912
355,0.2912060245871544,0.011247332906350493,15.992500305175781,12.0033700466156
356,0.2914012260735035,0.011476569576188922,15.978824615478516,12.013642072677612
357,0.28988534957170486,0.010178384138271213,15.964581489562988,12.006115317344666
358,0.28966251760721207,0.010164383915252984,15.949828147888184,11.999985814094543
359,0.29056502878665924,0.011209079064428806,15.934619903564453,12.000975608825684
360,0.2876628041267395,0.008443703292869031,15.919763565063477,12.002147674560547
361,0.29169294610619545,0.012546481098979712,15.90446662902832,12.01017963886261
362,0.2918822467327118,0.012880076887086034,15.889867782592773,12.010349035263062
363,0.28986361995339394,0.011041668825782835,15.875896453857422,12.006299138069153
364,0.2888896204531193,0.01026954606641084,15.861396789550781,12.000611543655396
365,0.289261132478714,0.010781721910461783,15.846424102783203,12.001517653465271
366,0.28783438354730606,0.009528256137855351,15.831029891967773,11.999583959579468
367,0.2877311073243618,0.009545576816890389,15.815256118774414,12.003298282623291
368,0.28638525679707527,0.008377541729714721,15.79914665222168,12.001624703407288
369,0.28876468539237976,0.010895560961216688,15.78273868560791,12.0041743516922
370,0.2874629981815815,0.009759484615642577,15.766100883483887,12.00425100326538
371,0.2878493405878544,0.010301440896000713,15.749221801757812,12.005567789077759
372,0.285649910569191,0.008333526027854532,15.732133865356445,11.999505400657654
373,0.2866712212562561,0.009525070898234844,15.714855194091797,11.999760031700134
374,0.2868950814008713,0.009910082386340946,15.697410583496094,12.001089572906494
375,0.28608180582523346,0.009229937277268618,15.67982006072998,12.005367875099182
376,0.2854646146297455,0.008849961392115802,15.66209888458252,11.999367237091064
377,0.28686387836933136,0.010393392760306597,15.644266128540039,12.002783179283142
378,0.2852504923939705,0.008966191729996353,15.626333236694336,12.002097725868225
379,0.28456127643585205,0.008450318942777812,15.608314514160156,12.002781748771667
380,0.28576135635375977,0.009831574163399637,15.590224266052246,12.002754807472229
381,0.2851625494658947,0.009438847657293081,15.57206916809082,12.00030267238617
382,0.2845882698893547,0.009028373286128044,15.55385971069336,12.00213098526001
383,0.28446290642023087,0.009067935636267066,15.535604476928711,12.003893852233887
384,0.2831532508134842,0.007965054479427636,15.517311096191406,12.001509308815002
385,0.2841019444167614,0.009069644613191485,15.498985290527344,12.004244685173035
386,0.28360122442245483,0.008746534294914454,15.480634689331055,12.004834651947021
387,0.28343796730041504,0.008802883443422616,15.462262153625488,12.00124740600586
388,0.28247322142124176,0.008080713625531644,15.443875312805176,11.995376110076904
389,0.2832736447453499,0.009042246732860804,15.425477981567383,11.997661709785461
390,0.2837671861052513,0.009678982081823051,15.407073974609375,12.001746773719788
391,0.28171568736433983,0.007793358585331589,15.389076232910156,12.003157377243042
392,0.2816630117595196,0.0079022595891729,15.371034622192383,12.00504183769226
393,0.28247737139463425,0.008912610646802932,15.352956771850586,12.003519535064697
394,0.2815021499991417,0.0081037194468081,15.334847450256348,12.004995226860046
395,0.28177717328071594,0.008607896161265671,15.316850662231445,12.000077843666077
396,0.28130345046520233,0.00830174598377198,15.298821449279785,12.001349568367004
397,0.28082577139139175,0.008012487378437072,15.280765533447266,12.000563859939575
398,0.2818696051836014,0.009209552663378417,15.262687683105469,12.003318190574646
399,0.2802234888076782,0.007756293402053416,15.244593620300293,12.002126932144165
400,0.28100984171032906,0.008729751920327544,15.226545333862305,12.001464128494263
401,0.28033310174942017,0.008222019241657108,15.208486557006836,12.002622961997986
402,0.28105466812849045,0.009127065015491098,15.190413475036621,12.002346515655518
403,0.28005944564938545,0.008327167655806988,15.172337532043457,12.000890851020813
404,0.2797633968293667,0.008215008303523064,15.154258728027344,12.000580310821533
405,0.2807162441313267,0.009383996191900223,15.136177062988281,11.99704885482788
406,0.2792215645313263,0.00805047305766493,15.118099212646484,11.999011516571045
407,0.2786989249289036,0.007698782137595117,15.100025177001953,11.999990105628967
408,0.278117161244154,0.007275179144926369,15.08195972442627,12.002238631248474
409,0.27888184040784836,0.00816951331216842,15.06390380859375,12.007330298423767
410,0.27847520634531975,0.007975961721967906,15.045854568481445,12.004069685935974
411,0.28012383356690407,0.0098154834122397,15.027822494506836,12.00301218032837
412,0.2793755680322647,0.009275230637285858,15.00980281829834,12.000231385231018
413,0.2778766304254532,0.007973360654432327,14.991798400878906,11.998529553413391
414,0.2773579806089401,0.007650936604477465,14.973808288574219,11.996896862983704
415,0.27721231058239937,0.007652366650290787,14.955839157104492,12.000155329704285
416,0.27792181074619293,0.008468521060422063,14.937882423400879,12.007447361946106
417,0.2780553363263607,0.008769596344791353,14.91994857788086,12.008626103401184
418,0.2775909751653671,0.00851656578015536,14.902032852172852,12.005408525466919
419,0.27665333822369576,0.007784976332914084,14.884137153625488,12.002699375152588
420,0.27737338840961456,0.008709856658242643,14.866260528564453,12.000093817710876
421,0.2765655219554901,0.008096295525319874,14.848404884338379,11.998517751693726
422,0.27674030512571335,0.008444046776276082,14.830571174621582,11.999054670333862
423,0.27581652998924255,0.007715085230302066,14.812759399414062,11.997385740280151
424,0.27655110880732536,0.008617701067123562,14.79496955871582,11.998371720314026
425,0.2756350636482239,0.0078654526732862,14.777200698852539,11.999761581420898
426,0.2757269851863384,0.008092410396784544,14.759456634521484,12.004002451896667
427,0.2763991132378578,0.008888632466550916,14.741735458374023,12.009313344955444
428,0.2759273685514927,0.008613588812295347,14.724035263061523,12.007342100143433
429,0.27651889249682426,0.009417132358066738,14.70635986328125,12.003816485404968
430,0.27498799934983253,0.00809291104087606,14.688704490661621,12.000805854797363
431,0.2760847769677639,0.00939179171109572,14.671072006225586,11.998226523399353
432,0.2767562121152878,0.010218393290415406,14.653465270996094,12.000316381454468
433,0.27522365748882294,0.008854169980622828,14.635882377624512,12.001067042350769
434,0.27398157119750977,0.007811883930116892,14.618322372436523,11.99864661693573
435,0.27544524148106575,0.009411373175680637,14.600785255432129,12.002602338790894
436,0.2748684659600258,0.008988189569208771,14.583271026611328,12.00475800037384
437,0.2741991691291332,0.00854339060606435,14.565781593322754,11.999796867370605
438,0.27367736771702766,0.00822430377593264,14.548315048217773,11.996991872787476
439,0.2753794938325882,0.010046084877103567,14.530871391296387,12.002468824386597
440,0.27502620220184326,0.009868506575003266,14.513452529907227,12.00231671333313
441,0.27196402847766876,0.00697651383234188,14.496055603027344,12.00269639492035
442,0.2738114595413208,0.008987463254015893,14.478683471679688,12.003716707229614
443,0.2731298543512821,0.008470259024761617,14.461332321166992,12.004627346992493
444,0.27203134819865227,0.0075900056399405,14.444005966186523,12.000128746032715
445,0.2746913954615593,0.010360862826928496,14.426703453063965,12.006350040435791
446,0.27221788093447685,0.008109704533126205,14.409422874450684,12.001394510269165
447,0.2728506624698639,0.008933241886552423,14.392166137695312,11.999576091766357
448,0.27467282488942146,0.010903014102950692,14.374933242797852,12.002049088478088
449,0.27196015790104866,0.008376025827601552,14.357722282409668,12.000691890716553
450,0.2735249288380146,0.010105938708875328,14.340536117553711,12.001362919807434
451,0.27171897888183594,0.008509364328347147,14.323542594909668,11.997419118881226
452,0.27283402159810066,0.009756842046044767,14.30655288696289,12.001165866851807
453,0.27212967723608017,0.009220131556503475,14.289569854736328,12.001384973526001
454,0.2692989706993103,0.006580720655620098,14.27259635925293,11.999229311943054
455,0.2717692144215107,0.00918445351999253,14.255632400512695,12.002843976020813
456,0.2711888551712036,0.008775063790380955,14.238679885864258,12.002699613571167
457,0.2694269232451916,0.007174236990977079,14.221738815307617,12.003530502319336
458,0.2705809697508812,0.008508000406436622,14.204811096191406,12.002486228942871
459,0.2687159478664398,0.0068391565582714975,14.187896728515625,11.999783515930176
460,0.2706809900701046,0.008969439251814038,14.170998573303223,12.000157237052917
461,0.26898733898997307,0.007434557541273534,14.154114723205566,12.001164555549622
462,0.26898542419075966,0.007576639123726636,14.137248992919922,12.0036301612854
463,0.2692471258342266,0.008003895345609635,14.12039852142334,12.003925204277039
464,0.2692171148955822,0.008149122295435518,14.10356330871582,12.003236889839172
465,0.2692026384174824,0.008338533341884613,14.086748123168945,11.999663591384888
466,0.2676333151757717,0.006945522560272366,14.070097923278809,11.998681545257568
467,0.26859428733587265,0.008083905035164207,14.053447723388672,11.997591018676758
468,0.26875944435596466,0.008372176846023649,14.036805152893066,12.001922369003296
469,0.2678244039416313,0.007581953890621662,14.02016830444336,12.004078388214111
470,0.2687622234225273,0.008688513829838485,14.0035400390625,12.003832340240479
471,0.26871634647250175,0.008806576952338219,13.986920356750488,12.00405740737915
472,0.2675952725112438,0.007900497177615762,13.970311164855957,11.999167084693909
473,0.2686481289565563,0.009099752234760672,13.953713417053223,12.001125693321228
474,0.267488818615675,0.008138903765939176,13.93743896484375,11.997552394866943
475,0.2674708589911461,0.008247938065323979,13.921146392822266,12.00114619731903
476,0.26817865669727325,0.009094516513869166,13.904837608337402,12.003578186035156
477,0.2672954089939594,0.008399109239690006,13.888519287109375,12.001111388206482
478,0.2691706158220768,0.010393403237685561,13.872190475463867,12.005531430244446
479,0.2668572813272476,0.008297584659885615,13.856337547302246,11.999632358551025
480,0.26761000230908394,0.009210992022417486,13.840428352355957,11.999473094940186
481,0.2669345773756504,0.008650583331473172,13.824790000915527,12.003610372543335
482,0.2654349133372307,0.007295563875231892,13.80958366394043,12.004351258277893
483,0.26908140629529953,0.011066864943131804,13.794261932373047,12.007193684577942
484,0.267011821269989,0.009181495290249586,13.77937126159668,12.003662109375
485,0.26583177223801613,0.008187305298633873,13.764337539672852,12.000110030174255
486,0.2649838998913765,0.007512163778301328,13.749176979064941,11.997997999191284
487,0.26531949266791344,0.007978454639669508,13.733905792236328,12.00019896030426
488,0.2656124085187912,0.008406964596360922,13.71853256225586,12.002012610435486
489,0.2656986266374588,0.008616328763309866,13.703073501586914,12.00515627861023
490,0.26456787437200546,0.007671138679143041,13.687538146972656,12.002136826515198
491,0.2661818526685238,0.009453930193558335,13.671935081481934,12.000858306884766
492,0.2648388296365738,0.008296044659800828,13.65627670288086,11.998002171516418
493,0.26528749242424965,0.008889605000149459,13.6405668258667,11.999223113059998
494,0.26317379623651505,0.006917214021086693,13.6248140335083,12.000844597816467
495,0.2642512805759907,0.008102667343337089,13.609024047851562,12.005838513374329
496,0.26422829926013947,0.008249757869634777,13.5932035446167,12.004650950431824
497,0.2636870816349983,0.007896242779679596,13.57735824584961,12.001725435256958
498,0.26446495950222015,0.008834405802190304,13.561488151550293,12.00156819820404
499,0.2640739008784294,0.008624718291684985,13.54560375213623,11.999314785003662
500,0.2646699994802475,0.009340101154521108,13.529703140258789,12.00328779220581
501,0.2637717202305794,0.008603283436968923,13.513795852661133,12.003047585487366
502,0.2632238231599331,0.008194260997697711,13.498125076293945,12.004832029342651
503,0.26226407289505005,0.007429111748933792,13.482427597045898,12.001068234443665
504,0.26317817345261574,0.008515364315826446,13.466703414916992,11.999578714370728
505,0.2639404758810997,0.009403828531503677,13.451077461242676,12.002588152885437
506,0.2620784007012844,0.007719293294940144,13.435909271240234,12.000001907348633
507,0.2627696841955185,0.008570436388254166,13.420663833618164,11.999261379241943
508,0.2638430558145046,0.009756937972269952,13.405353546142578,12.003259062767029
509,0.262200940400362,0.008251234190538526,13.39066219329834,12.004308700561523
510,0.26507143303751945,0.011260565253905952,13.375852584838867,12.005234122276306
511,0.26334258168935776,0.009683668264187872,13.361827850341797,12.004063129425049
512,0.2717219926416874,0.018092832062393427,13.347627639770508,12.015289425849915
513,0.27629806846380234,0.02275732927955687,13.334423065185547,12.019650936126709
514,0.26401257514953613,0.010744475002866238,13.322183609008789,12.004627346992493
515,0.2726966626942158,0.019549618707969785,13.310325622558594,12.004379391670227
516,0.2863718271255493,0.03320809546858072,13.299257278442383,12.01711654663086
517,0.27089855819940567,0.01791132183279842,13.289016723632812,12.009707808494568
518,0.26194706931710243,0.009142624912783504,13.279373168945312,12.00107228755951
519,0.265487615019083,0.012745555955916643,13.269527435302734,12.00467848777771
520,0.2613384276628494,0.00870323192793876,13.260051727294922,12.003467798233032
521,0.26695413887500763,0.014450787683017552,13.249931335449219,12.000404715538025
522,0.26754461601376534,0.015140331932343543,13.240299224853516,12.000129580497742
523,0.2608489617705345,0.00850660412106663,13.231097221374512,12.003139019012451
524,0.2644866555929184,0.012220244156196713,13.221223831176758,12.005417108535767
525,0.2632826268672943,0.011112896376289427,13.211644172668457,12.005329608917236
526,0.2661322019994259,0.014047928852960467,13.201606750488281,12.006821751594543
527,0.27056673541665077,0.018556423019617796,13.192005157470703,12.00902533531189
528,0.26162151992321014,0.009793937322683632,13.18289852142334,11.999860525131226
529,0.27186957374215126,0.019969016313552856,13.173111915588379,12.016943097114563
530,0.2847607918083668,0.03277175920084119,13.1638822555542,12.03502082824707
531,0.2789245620369911,0.0271530793979764,13.1552734375,12.021875977516174
532,0.2618075832724571,0.010285868193022907,13.14714241027832,12.00502872467041
533,0.28300242498517036,0.0314214238896966,13.138233184814453,12.019867658615112
534,0.31537919864058495,0.0635303957387805,13.129857063293457,12.055023431777954
535,0.2955739460885525,0.04382335627451539,13.122076988220215,12.052981495857239
536,0.2640596814453602,0.012665517162531614,13.114770889282227,12.024645447731018
537,0.27186738699674606,0.02072858065366745,13.1072998046875,12.006580829620361
538,0.2926296293735504,0.0414433185942471,13.100025177001953,12.018605947494507
539,0.29089367017149925,0.03970730537548661,13.093141555786133,12.025495529174805
540,0.2767885737121105,0.02580044395290315,13.086591720581055,12.012221574783325
541,0.261855848133564,0.011070703039877117,13.080102920532227,11.998412609100342
542,0.2729636877775192,0.022106082178652287,13.07281494140625,12.012946844100952
543,0.2779546529054642,0.027093866607174277,13.065567016601562,12.020512700080872
544,0.2644307613372803,0.013693188317120075,13.05845832824707,12.015299081802368
545,0.2663997747004032,0.015702336677350104,13.050771713256836,12.018972873687744
546,0.27435480803251266,0.023661357583478093,13.04277229309082,12.026573419570923
547,0.26856696978211403,0.018033123575150967,13.034900665283203,12.018483877182007
548,0.26124583557248116,0.010849879879970104,13.027141571044922,12.01245367527008
549,0.26844627410173416,0.018105652648955584,13.018560409545898,12.015502214431763
550,0.27390744909644127,0.023638973012566566,13.010221481323242,12.016626238822937
551,0.2709997519850731,0.02077574050053954,13.002286911010742,12.020114421844482
552,0.261250264942646,0.011197599931620061,12.99454116821289,12.010725736618042
553,0.2650555968284607,0.015091330977156758,12.985968589782715,12.010457873344421
554,0.27043700590729713,0.020545131526887417,12.977167129516602,12.0120210647583
555,0.2661915794014931,0.016396418563090265,12.968401908874512,12.011114835739136
556,0.26167431846261024,0.011898228083737195,12.959259986877441,12.018349885940552
557,0.2644011750817299,0.014670241624116898,12.94943618774414,12.023658514022827
558,0.2637730725109577,0.014225837890990078,12.939553260803223,12.015170574188232
559,0.26109109446406364,0.01172728801611811,12.929349899291992,12.007030725479126
560,0.2624705135822296,0.013239461462944746,12.918571472167969,12.00453507900238
561,0.2612634599208832,0.012216336443088949,12.907665252685547,11.997048616409302
562,0.26105454564094543,0.012169027235358953,12.896258354187012,11.99229371547699
563,0.260630089789629,0.011750212055630982,12.884424209594727,12.003563642501831
564,0.25973139703273773,0.010872265207581222,12.872184753417969,12.013728499412537
565,0.2593451365828514,0.010639552143402398,12.859580993652344,12.010977864265442
566,0.2585616856813431,0.010002316092140973,12.84665298461914,12.009284734725952
567,0.2586800567805767,0.010234462679363787,12.833436012268066,12.011123776435852
568,0.2597212456166744,0.011433435138314962,12.819961547851562,12.008820414543152
569,0.25594375655055046,0.007873577123973519,12.806256294250488,12.000762224197388
570,0.2594326511025429,0.011435078922659159,12.792344093322754,12.007412672042847
571,0.2571570537984371,0.009302449820097536,12.778247833251953,12.00721263885498
572,0.256975457072258,0.00927199237048626,12.763988494873047,12.006359219551086
573,0.2563170902431011,0.008787176280748099,12.749585151672363,12.003406047821045
574,0.25648626685142517,0.009123092633672059,12.735054016113281,12.001263618469238
575,0.2558775283396244,0.008653100579977036,12.720410346984863,12.00203275680542
576,0.2560485750436783,0.008931130694691092,12.705665588378906,12.006078124046326
577,0.25669514760375023,0.009705301257781684,12.690834999084473,12.008150339126587
578,0.2550307773053646,0.008208758605178446,12.67592716217041,12.006274342536926
579,0.25537220761179924,0.008729208202566952,12.660950660705566,12.003349661827087
580,0.2550637349486351,0.008580490597523749,12.645915985107422,12.0024094581604
581,0.2540869303047657,0.007771571807097644,12.630828857421875,12.000706911087036
582,0.2554096691310406,0.009218960127327591,12.615699768066406,12.003370761871338
583,0.25478679686784744,0.008741800324060023,12.600530624389648,12.003969311714172
584,0.2552760951220989,0.009364534984342754,12.585331916809082,12.005825400352478
585,0.25334207341074944,0.007602946599945426,12.570106506347656,12.003807544708252
586,0.25277765840291977,0.0071981396758928895,12.554861068725586,12.003091931343079
587,0.25369686633348465,0.008244390541221946,12.539597511291504,12.005651354789734
588,0.2539582997560501,0.008684881846420467,12.524320602416992,12.003021955490112
589,0.2539306469261646,0.008806879166513681,12.50903034210205,12.00334632396698
590,0.2537394091486931,0.008782909600995481,12.493732452392578,12.001917719841003
591,0.2522907145321369,0.007518532918766141,12.47842788696289,11.998790502548218
592,0.2531110756099224,0.008476628921926022,12.463122367858887,12.00032353401184
593,0.25241345167160034,0.007932424661703408,12.447816848754883,12.000286102294922
594,0.2537047080695629,0.009357509843539447,12.432514190673828,12.002205848693848
595,0.252612117677927,0.008399856043979526,12.417214393615723,12.004011988639832
596,0.25283076614141464,0.008819332928396761,12.401918411254883,11.99922513961792
597,0.252492256462574,0.008608636038843542,12.386629104614258,12.001733779907227
598,0.25139397010207176,0.007656146306544542,12.371347427368164,12.002435445785522
599,0.2519353535026312,0.008354951452929527,12.356075286865234,12.001965641975403
600,0.25181446224451065,0.008378886501304805,12.340810775756836,12.002747893333435
601,0.25149392895400524,0.0081945508136414,12.325557708740234,12.004380822181702
602,0.25115272030234337,0.00799264683155343,12.31031608581543,12.00569236278534
603,0.2506323419511318,0.007651366991922259,12.295085906982422,12.003011703491211
604,0.2513112723827362,0.008500103489495814,12.279869079589844,12.001248359680176
605,0.25130083225667477,0.008685812470503151,12.264665603637695,11.99683678150177
606,0.24943671375513077,0.006970642920350656,12.24947738647461,11.997130274772644
607,0.2510767634958029,0.008736266230698675,12.234302520751953,11.999747395515442
608,0.24980971217155457,0.007612504763528705,12.21914291381836,12.000578045845032
609,0.2511203456670046,0.009044354199431837,12.203996658325195,12.003603100776672
610,0.2494341991841793,0.0075295579736121,12.188865661621094,12.001599550247192
611,0.2502224501222372,0.00846997695043683,12.173751831054688,12.001495599746704
612,0.24936208128929138,0.007777064747642726,12.15865421295166,11.999847888946533
613,0.24997673742473125,0.008505564415827394,12.143571853637695,12.003545880317688
614,0.2490649949759245,0.007785639027133584,12.128508567810059,11.999427795410156
615,0.2497735321521759,0.008603909867815673,12.113458633422852,12.003503918647766
616,0.2501247897744179,0.009112659958191216,12.098427772521973,12.002785563468933
617,0.24845199473202229,0.007605181832332164,12.083412170410156,12.001269698143005
618,0.24886780977249146,0.008182878256775439,12.068415641784668,12.000078201293945
619,0.24789861403405666,0.007371515908744186,12.053433418273926,11.999277353286743
620,0.24937310628592968,0.008961641404312104,12.038469314575195,12.002677321434021
621,0.2471901997923851,0.006940566061530262,12.023523330688477,12.00144076347351
622,0.24695447832345963,0.006865200120955706,12.00859260559082,12.000335574150085
623,0.24761916883289814,0.007654717890545726,11.993681907653809,12.002764105796814
624,0.2485161256045103,0.00870743754785508,11.978787422180176,12.002081871032715
625,0.24856448732316494,0.008908697578590363,11.963911056518555,12.001668453216553
626,0.24866127409040928,0.009138032502960414,11.949050903320312,12.003274321556091
627,0.2469838298857212,0.007642241311259568,11.934209823608398,11.9999498128891
628,0.24752617441117764,0.008303597278427333,11.91938591003418,12.002871632575989
629,0.24688872881233692,0.007833715877495706,11.904577255249023,12.000924468040466
630,0.24705586954951286,0.008153291884809732,11.889789581298828,12.000468730926514
631,0.2475003469735384,0.00874597707297653,11.875017166137695,12.000420331954956
632,0.2469499446451664,0.008347228867933154,11.860261917114258,12.000009536743164
633,0.24675869941711426,0.008300291607156396,11.845524787902832,12.000316262245178
634,0.24519136548042297,0.006844821386039257,11.830806732177734,12.00384783744812
635,0.24565641954541206,0.007442049449309707,11.816104888916016,12.005332827568054
636,0.24635476991534233,0.008282962022349238,11.801420211791992,12.005760788917542
637,0.24523316137492657,0.007334057474508882,11.78675365447998,12.003156900405884
638,0.2459255326539278,0.008204471319913864,11.772104263305664,12.000001907348633
639,0.24576637335121632,0.008201143238693476,11.757472038269043,11.999051451683044
640,0.24444210901856422,0.007048959087114781,11.742856979370117,11.996458530426025
641,0.24439842253923416,0.007135241641663015,11.72826099395752,11.998057961463928
642,0.24492248706519604,0.007763437868561596,11.713680267333984,12.002225160598755
643,0.2450665645301342,0.00802608032245189,11.699119567871094,12.004929423332214
644,0.24414767511188984,0.007290462031960487,11.68457317352295,12.00114905834198
645,0.24372431635856628,0.007011293666437268,11.670045852661133,12.001257061958313
646,0.2442456092685461,0.007686525292228907,11.655534744262695,12.000373840332031
647,0.24405156821012497,0.007617990195285529,11.64104175567627,12.002316951751709
648,0.24444091878831387,0.008118440164253116,11.626564979553223,12.005683183670044
649,0.24363092705607414,0.007464040187187493,11.612106323242188,12.004582643508911
650,0.24442592076957226,0.008382238098420203,11.597663879394531,12.006704926490784
651,0.2433180920779705,0.00747297762427479,11.58323860168457,12.00127375125885
652,0.24243539199233055,0.006790356303099543,11.568830490112305,11.995673656463623
653,0.24395671859383583,0.008419758989475667,11.554439544677734,11.99925673007965
654,0.24331847578287125,0.007949690392706543,11.54006576538086,11.996813178062439
655,0.24273879826068878,0.007451281533576548,11.52570915222168,12.003042697906494
656,0.24357742816209793,0.008427028020378202,11.511368751525879,12.003671765327454
657,0.24312618747353554,0.00810857187025249,11.497045516967773,12.004716753959656
658,0.241208728402853,0.0063423458486795425,11.482738494873047,12.003900527954102
659,0.2434790711849928,0.008761674514971673,11.468448638916016,12.003291249275208
660,0.242646012455225,0.008130586822517216,11.454177856445312,11.997365117073059
661,0.24088089354336262,0.006523599964566529,11.439920425415039,11.995809435844421
662,0.24239498563110828,0.008127179637085646,11.425681114196777,12.001100063323975
663,0.2415557261556387,0.007347749604377896,11.411458969116211,12.009339332580566
664,0.24290096387267113,0.008844552969094366,11.397252082824707,12.008389711380005
665,0.24155772291123867,0.007707701006438583,11.383063316345215,12.001939058303833
666,0.2416649516671896,0.007998068234883249,11.368890762329102,11.997798085212708
667,0.2398759163916111,0.006371961848344654,11.354734420776367,11.995661854743958
668,0.241610337048769,0.008198412135243416,11.340594291687012,12.000598788261414
669,0.24126065894961357,0.007979022047948092,11.326472282409668,12.001691937446594
670,0.2406475432217121,0.007460697379428893,11.312365531921387,12.006319284439087
671,0.24132199585437775,0.00828372995601967,11.298274993896484,12.005551934242249
672,0.24027585238218307,0.007412100560031831,11.284200668334961,12.002175450325012
673,0.2401754278689623,0.007467486371751875,11.270143508911133,12.000651478767395
674,0.24048762395977974,0.007942251802887768,11.256101608276367,11.998435497283936
675,0.23922334797680378,0.006820624403189868,11.242076873779297,11.998196005821228
676,0.24069217033684254,0.008353778044693172,11.228068351745605,12.005771398544312
677,0.24020814895629883,0.008019361412152648,11.21407699584961,12.004802107810974
678,0.24005308747291565,0.008008207252714783,11.200100898742676,12.004387617111206
679,0.23930111713707447,0.007408331613987684,11.186141014099121,12.003137946128845
680,0.24013989605009556,0.008399219484999776,11.172197341918945,12.001871109008789
681,0.240025719627738,0.008452733745798469,11.158267974853516,11.99903118610382
682,0.23953778482973576,0.008105819579213858,11.144357681274414,11.998839378356934
683,0.23911119997501373,0.007802602485753596,11.130460739135742,12.000399589538574
684,0.23896210081875324,0.0077610796433873475,11.116580963134766,12.00352168083191
685,0.23774044774472713,0.006705670908559114,11.102718353271484,12.000760316848755
686,0.23945284262299538,0.008522774849552661,11.088871002197266,12.004136323928833
687,0.23871324211359024,0.007935437781270593,11.075040817260742,12.002740263938904
688,0.23858380876481533,0.007949030608870089,11.061223983764648,12.002254366874695
689,0.2385830245912075,0.008105908113066107,11.047423362731934,12.00028920173645
690,0.23830340802669525,0.007940788636915386,11.033638954162598,12.002623796463013
691,0.23772508837282658,0.007518118305597454,11.01987075805664,12.000826597213745
692,0.2380988486111164,0.008043291454669088,11.00611686706543,11.999439358711243
693,0.23659810237586498,0.006687068787869066,10.992380142211914,11.99872374534607
694,0.2374411430209875,0.007642686017788947,10.978660583496094,12.001185655593872
695,0.237667515873909,0.00799997098511085,10.964953422546387,12.001801133155823
696,0.23738686926662922,0.007842150458600372,10.951263427734375,12.003208875656128
697,0.23685668967664242,0.007442568952683359,10.937589645385742,12.003823041915894
698,0.23605330102145672,0.00679780455539003,10.923930168151855,12.001619338989258
699,0.23639549501240253,0.007290392299182713,10.910286903381348,12.000223755836487
700,0.23675302602350712,0.007763865403831005,10.896658897399902,12.002257585525513
701,0.23650062456727028,0.007656035479158163,10.883047103881836,12.001412749290466
702,0.2356111127883196,0.006935584475286305,10.869449615478516,11.998103737831116
703,0.2358472626656294,0.007291696383617818,10.85586929321289,11.999687671661377
704,0.237430514767766,0.008990894188173115,10.842303276062012,12.001659512519836
705,0.235035864636302,0.0067604076757561415,10.828751564025879,11.998794794082642
706,0.2348719723522663,0.006706802174448967,10.815217971801758,12.001299142837524
707,0.2358918208628893,0.00783445971319452,10.801697731018066,12.004038333892822
708,0.23560534603893757,0.0076706125400960445,10.788192749023438,12.00528109073639
709,0.23573745228350163,0.007963288284372538,10.774702072143555,12.002714991569519
710,0.2354113906621933,0.007781869848258793,10.761228561401367,12.001724362373352
711,0.2343686856329441,0.006913586985319853,10.74776840209961,11.997742056846619
712,0.23557955212891102,0.008241987612564117,10.734325408935547,11.99943196773529
713,0.23463878966867924,0.0074217552319169044,10.72089672088623,12.000807166099548
714,0.23461734130978584,0.007522965141106397,10.707484245300293,12.001953721046448
715,0.2350943423807621,0.008117808902170509,10.694086074829102,12.003567934036255
716,0.23423336818814278,0.007405412150546908,10.68070125579834,12.002095103263855
717,0.23430921509861946,0.007652408035937697,10.667333602905273,11.998347997665405
718,0.23383096046745777,0.007286936917807907,10.653979301452637,12.000423073768616
719,0.23321295343339443,0.006816191598773003,10.640640258789062,11.99903678894043
720,0.23485064320266247,0.008532814972568303,10.627317428588867,12.004465699195862
721,0.23482343554496765,0.00861794437514618,10.614009857177734,12.006539583206177
722,0.23359953612089157,0.007563395076431334,10.600715637207031,12.002899050712585
723,0.23298455215990543,0.007094436325132847,10.587437629699707,12.001574158668518
724,0.23303932696580887,0.007324067933950573,10.574173927307129,11.997352123260498
725,0.2316879667341709,0.0061180152697488666,10.560925483703613,11.996070146560669
726,0.23330780491232872,0.007830517075490206,10.547691345214844,12.000038504600525
727,0.2328833043575287,0.0074982933001592755,10.534472465515137,12.004029512405396
728,0.23362026177346706,0.00837474234867841,10.52126693725586,12.00328528881073
729,0.23295649141073227,0.007843486382625997,10.508077621459961,12.003223299980164
730,0.23209750279784203,0.007128177327103913,10.494902610778809,12.00203025341034
731,0.23283696174621582,0.008024810755159706,10.481741905212402,11.999473214149475
732,0.23285646922886372,0.00816000223858282,10.468596458435059,12.001050591468811
733,0.23243683017790318,0.007865748892072588,10.455465316772461,12.001643180847168
734,0.23181415535509586,0.007383319200016558,10.442349433898926,12.000734567642212
735,0.2321001384407282,0.0077833893010392785,10.42924690246582,12.002428531646729
736,0.23186038993299007,0.007685271557420492,10.416159629821777,12.001352787017822
737,0.23200181685388088,0.007936520560178906,10.403087615966797,12.00344204902649
738,0.2325932551175356,0.008686627028509974,10.390028953552246,12.00063443183899
739,0.23172554187476635,0.007961231749504805,10.376984596252441,11.999446511268616
740,0.2314022034406662,0.007776735466904938,10.363956451416016,11.998590469360352
741,0.23158584348857403,0.008087495167274028,10.350940704345703,11.998894691467285
742,0.23133437894284725,0.007921103911940008,10.337940216064453,12.003388047218323
743,0.23108461312949657,0.007819540391210467,10.324954986572266,12.00155222415924
744,0.23111017979681492,0.007923352648504078,10.311983108520508,12.006699919700623
745,0.23117291368544102,0.008126951521262527,10.299025535583496,12.005570888519287
746,0.2305951602756977,0.007717555738054216,10.28608226776123,12.001677989959717
747,0.2298702597618103,0.007146779971662909,10.273153305053711,11.999194979667664
748,0.23074759542942047,0.008169417909812182,10.260239601135254,11.997578859329224
749,0.230574332177639,0.008082416781689972,10.247340202331543,12.001851797103882
750,0.22952904365956783,0.007144412433262914,10.234453201293945,12.004010558128357
751,0.2290776874870062,0.006823428790085018,10.221582412719727,12.003844499588013
752,0.22923431918025017,0.007127927790861577,10.208724021911621,12.001915693283081
753,0.22959481365978718,0.00762879109242931,10.195880889892578,12.000722408294678
754,0.22917189821600914,0.007378103968221694,10.183052062988281,11.996327877044678
755,0.22982025146484375,0.008117759658489376,10.17023754119873,12.000012636184692
756,0.2298499383032322,0.008247385558206588,10.15743637084961,12.002820014953613
757,0.22929520532488823,0.007807890884578228,10.14465045928955,12.004081845283508
758,0.23013685457408428,0.008753019268624485,10.131877899169922,12.006506085395813
759,0.22982859052717686,0.008599906344898045,10.119118690490723,12.003750085830688
760,0.22891919873654842,0.007863253355026245,10.10637378692627,11.999221444129944
761,0.22953285090625286,0.008604352304246277,10.093642234802246,11.999208092689514
762,0.2280106246471405,0.0072305353241972625,10.080926895141602,11.997082591056824
763,0.22840877808630466,0.007719138287939131,10.06822395324707,12.000740766525269
764,0.22815487906336784,0.00756270915735513,10.055534362792969,12.00368320941925
765,0.22740085422992706,0.006941895349882543,10.042859077453613,12.003037333488464
766,0.22892502695322037,0.008603806898463517,10.030200004577637,12.001922845840454
767,0.2280170675367117,0.007842209190130234,10.01755142211914,11.999934434890747
768,0.22735689394176006,0.007309902168344706,10.004919052124023,11.999780893325806
769,0.22694717347621918,0.007003020495176315,9.992298126220703,12.002117156982422
770,0.22833462245762348,0.008507240912877023,9.979692459106445,12.003046154975891
771,0.22633562423288822,0.00664459727704525,9.9670991897583,12.00200366973877
772,0.22757784463465214,0.008005675219465047,9.954522132873535,12.002695202827454
773,0.22706673480570316,0.007652029336895794,9.9419584274292,11.999513030052185
774,0.22814883291721344,0.008809058228507638,9.929408073425293,12.00456964969635
775,0.22632713802158833,0.007169281481765211,9.916871070861816,11.99891483783722
776,0.22616078332066536,0.007090972154401243,9.90434741973877,12.002634286880493
777,0.22482751868665218,0.005901591619476676,9.891837120056152,12.000756025314331
778,0.22673478163778782,0.007912621658761054,9.879340171813965,12.002876043319702
779,0.22617883048951626,0.007504258770495653,9.86685848236084,12.000598907470703
780,0.22587843798100948,0.007333525863941759,9.854389190673828,12.000102639198303
781,0.22540204413235188,0.006954874319490045,9.842000007629395,12.00271725654602
782,0.22575672157108784,0.007436857093125582,9.829697608947754,12.002288937568665
783,0.22513329610228539,0.006937833619304001,9.817394256591797,12.002152681350708
784,0.22587935253977776,0.0078087562578730285,9.805091857910156,12.001968383789062
785,0.22555382922291756,0.0076245362288318574,9.792792320251465,12.000137567520142
786,0.22695744596421719,0.009109303064178675,9.78049373626709,12.004321336746216
787,0.22555667348206043,0.007887974323239177,9.76833438873291,11.998536467552185
788,0.2254180647432804,0.007841312326490879,9.756165504455566,12.001510739326477
789,0.22611219249665737,0.00865405157674104,9.743988990783691,12.001826047897339
790,0.22459385730326176,0.0072698931326158345,9.731809616088867,12.000587463378906
791,0.22583852149546146,0.008618212887085974,9.719626426696777,12.002404928207397
792,0.22514856047928333,0.008087723166681826,9.707501411437988,11.998582482337952
793,0.22382528521120548,0.006842257862444967,9.695371627807617,12.002931714057922
794,0.22557956166565418,0.008690289861988276,9.68323802947998,12.00568950176239
795,0.22473473101854324,0.007978591951541603,9.671100616455078,12.004513621330261
796,0.2241096030920744,0.00749893207103014,9.658963203430176,12.00210428237915
797,0.22407826781272888,0.007635603484231979,9.646827697753906,11.997438907623291
798,0.224479790776968,0.008135022304486483,9.634693145751953,11.999783873558044
799,0.2246275395154953,0.00840621959650889,9.62256145477295,11.999570965766907
800,0.2237583715468645,0.007645804900676012,9.610433578491211,12.000823736190796
801,0.22307747602462769,0.007054926943965256,9.598310470581055,12.003945231437683
802,0.22305956855416298,0.007159964763559401,9.586193084716797,12.003767728805542
803,0.22373664379119873,0.007977293862495571,9.57408332824707,12.001851797103882
804,0.22303354181349277,0.007408316829241812,9.561981201171875,12.00054132938385
805,0.2232077568769455,0.007703715935349464,9.549884796142578,12.00051999092102
806,0.22310210019350052,0.0077049906249158084,9.537797927856445,12.001913785934448
807,0.2235212977975607,0.008229992934502661,9.525718688964844,12.003412008285522
808,0.22244502417743206,0.007268725777976215,9.51364803314209,12.003982543945312
809,0.22254876419901848,0.007513395859859884,9.501587867736816,12.001949429512024
810,0.22272729128599167,0.007836032949853688,9.489538192749023,11.99958872795105
811,0.22265519574284554,0.007878040429204702,9.477499008178711,12.000216603279114
812,0.2231465019285679,0.008493069442920387,9.465469360351562,11.999874353408813
813,0.22194107808172703,0.00738469633506611,9.453449249267578,12.0021892786026
814,0.22207755222916603,0.007645987614523619,9.44144058227539,12.001716375350952
815,0.22267609275877476,0.008327304210979491,9.429443359375,12.005436539649963
816,0.22229142673313618,0.008097209851257503,9.417458534240723,12.001963496208191
817,0.22060588002204895,0.006541024777106941,9.40548324584961,12.00100290775299
818,0.2213050965219736,0.007363997865468264,9.39352035522461,12.000589966773987
819,0.22114106081426144,0.0073142084293067455,9.381568908691406,12.00111711025238
820,0.22279426828026772,0.009065548714715987,9.36962890625,12.003243565559387
821,0.22147820889949799,0.007905494887381792,9.35770034790039,11.999571084976196
822,0.22197256982326508,0.00846385641489178,9.345786094665527,12.005086302757263
823,0.22104003466665745,0.007655606372281909,9.333882331848145,12.004560470581055
824,0.22063559107482433,0.007388775586150587,9.321990013122559,12.002691745758057
825,0.22051086276769638,0.007402914809063077,9.31010913848877,12.000685930252075
826,0.2197810783982277,0.006820519687607884,9.298242568969727,11.99781334400177
827,0.2199335489422083,0.0070725863333791494,9.286386489868164,11.999709844589233
828,0.2196874301880598,0.006949447677470744,9.274542808532715,11.999256134033203
829,0.2205842211842537,0.007931178552098572,9.262712478637695,12.00259244441986
830,0.2206587139517069,0.008097714220639318,9.250893592834473,12.00520634651184
831,0.21972006000578403,0.0073126609204337,9.23908805847168,12.001651883125305
832,0.22015006467700005,0.007860574929509312,9.227293968200684,12.00165569782257
833,0.22175918146967888,0.00960243196459487,9.2155122756958,12.000162601470947
834,0.21953776106238365,0.007505018438678235,9.203742980957031,11.999532103538513
835,0.21891644597053528,0.0069960178807377815,9.191986083984375,12.000057220458984
836,0.22019577398896217,0.008367180125787854,9.180240631103516,12.00261914730072
837,0.21940365992486477,0.007655820227228105,9.168508529663086,12.006275415420532
838,0.219692787155509,0.008087559079285711,9.156789779663086,12.003733515739441
839,0.21873305551707745,0.007275920070242137,9.145082473754883,12.000631213188171
840,0.21947992034256458,0.008146338746882975,9.133386611938477,11.999971985816956
841,0.21937792748212814,0.008153535018209368,9.1217041015625,12.000735521316528
842,0.21947692893445492,0.008329023432452232,9.110034942626953,12.004755854606628
843,0.2183104120194912,0.0073013511137105525,9.098376274108887,12.002530217170715
844,0.2195247169584036,0.008633789664600044,9.08673095703125,12.002361297607422
845,0.21802636794745922,0.007254092604853213,9.07509708404541,12.0021311044693
846,0.2182286810129881,0.007576637028250843,9.0634765625,12.001728177070618
847,0.2183587122708559,0.007798011647537351,9.051867485046387,12.004202961921692
848,0.21912772953510284,0.00871445651864633,9.040271759033203,12.00105607509613
849,0.21812300384044647,0.007818767975550145,9.028688430786133,12.001735925674438
850,0.21859085373580456,0.008427523483987898,9.017117500305176,11.999215960502625
851,0.21761449612677097,0.007551838818471879,9.005558013916016,12.000708222389221
852,0.21760733611881733,0.007651784690096974,8.994010925292969,12.001544952392578
853,0.2166676912456751,0.006827075558248907,8.982475280761719,12.0015869140625
854,0.21738955192267895,0.007644678349606693,8.970952987670898,12.00353491306305
855,0.2178311049938202,0.008181222772691399,8.959444046020508,12.005544781684875
856,0.2162229809910059,0.006727675208821893,8.947946548461914,12.001584768295288
857,0.21667357720434666,0.007301929756067693,8.936461448669434,12.000704050064087
858,0.21764659136533737,0.008383341424632818,8.92498779296875,12.001337170600891
859,0.21758020296692848,0.008421850739978254,8.91352653503418,12.00230848789215
860,0.21632380597293377,0.007304129481781274,8.902076721191406,11.999890923500061
861,0.21666080132126808,0.007774590281769633,8.890639305114746,11.997982263565063
862,0.21572664938867092,0.00695515179540962,8.879215240478516,11.997934579849243
863,0.2166606318205595,0.00797062215860933,8.867802619934082,12.001198768615723
864,0.2158852331340313,0.0072859422652982175,8.856403350830078,12.003525972366333
865,0.21732053346931934,0.008793344837613404,8.845014572143555,12.007704734802246
866,0.21549096144735813,0.007097232097294182,8.833638191223145,12.005735397338867
867,0.21642200648784637,0.008184161386452615,8.822274208068848,12.001510500907898
868,0.21594771184027195,0.007843936793506145,8.810921669006348,11.999456286430359
869,0.21568923071026802,0.0076996624120511115,8.799582481384277,11.999374866485596
870,0.21470056474208832,0.0068331382353790104,8.788254737854004,11.998488187789917
871,0.21572494693100452,0.007951784937176853,8.776938438415527,12.000377774238586
872,0.21446171589195728,0.006801386014558375,8.765634536743164,12.000399231910706
873,0.21477634087204933,0.007214001379907131,8.754343032836914,12.001891732215881
874,0.21529777720570564,0.007855662028305233,8.743062973022461,12.00114917755127
875,0.21490699984133244,0.007582721242215484,8.731795310974121,12.000633120536804
876,0.2169036529958248,0.009680607006885111,8.720540046691895,12.001765251159668
877,0.2144832480698824,0.007375783519819379,8.709449768066406,12.001297235488892
878,0.21433294005692005,0.007332063280045986,8.698356628417969,12.001732110977173
879,0.21457289159297943,0.007651167281437665,8.687260627746582,12.00491189956665
880,0.21417055279016495,0.007383272051811218,8.676164627075195,12.002563834190369
881,0.21439112350344658,0.007722841924987733,8.665068626403809,12.001760005950928
882,0.2153884470462799,0.008832793449983,8.653972625732422,12.001593351364136
883,0.21411234140396118,0.007711105397902429,8.6428804397583,11.997243285179138
884,0.2140827812254429,0.0077793156378902495,8.631792068481445,11.998554587364197
885,0.21426629275083542,0.00805496668908745,8.620708465576172,12.000424265861511
886,0.2134000863879919,0.00726447906345129,8.609628677368164,12.00393259525299
887,0.21409878134727478,0.00807159295072779,8.598553657531738,12.004166007041931
888,0.2135445699095726,0.007657931768335402,8.587485313415527,12.001179099082947
889,0.21220106817781925,0.006442002835683525,8.576423645019531,11.999483108520508
890,0.21339589171111584,0.007754162477795035,8.565370559692383,11.998802304267883
891,0.21360054425895214,0.008033829974010587,8.554325103759766,12.002346277236938
892,0.2122141271829605,0.006746520521119237,8.543286323547363,12.003474235534668
893,0.214755330234766,0.009392097126692533,8.532257080078125,12.004066705703735
894,0.213317658752203,0.008077548642177135,8.521236419677734,12.002774596214294
895,0.21356681361794472,0.008480757824145257,8.51026725769043,11.99833858013153
896,0.21237597987055779,0.007379428425338119,8.49930191040039,12.000353574752808
897,0.21285000257194042,0.007959149254020303,8.488344192504883,12.000741958618164
898,0.21182926930487156,0.007025902974419296,8.477391242980957,12.002945899963379
899,0.2126210294663906,0.007928967475891113,8.466445922851562,12.002760767936707
900,0.21249652281403542,0.007931004220154136,8.455506324768066,12.001046061515808
901,0.21212016604840755,0.007680480310227722,8.444575309753418,11.999393701553345
902,0.21253543719649315,0.008209798368625343,8.4336519241333,11.99891185760498
903,0.21267004497349262,0.008415083051659167,8.422737121582031,12.002759575843811
904,0.21134204976260662,0.007206782349385321,8.41183090209961,12.001696109771729
905,0.21246635541319847,0.008416213386226445,8.400934219360352,12.004079699516296
906,0.21216408349573612,0.008239720482379198,8.390046119689941,12.002390503883362
907,0.21264864318072796,0.008825075230561197,8.379167556762695,12.00318968296051
908,0.2113332711160183,0.007653836975805461,8.368298530578613,11.999645352363586
909,0.2114082220941782,0.007821434235665947,8.357439994812012,12.00123929977417
910,0.2099023349583149,0.00643699400825426,8.346590995788574,11.999943375587463
911,0.21141543425619602,0.008066023932769895,8.335752487182617,11.999189257621765
912,0.21124130114912987,0.00797130138380453,8.324962615966797,12.002037763595581
913,0.2118868175894022,0.008741035300772637,8.314215660095215,12.000362992286682
914,0.21003667078912258,0.0069932930637151,8.303470611572266,12.00086796283722
915,0.21079283393919468,0.007821348030120134,8.292730331420898,12.004418969154358
916,0.2111498173326254,0.008287948905490339,8.281994819641113,12.00419270992279
917,0.21049040742218494,0.007745347451418638,8.271265029907227,12.003240942955017
918,0.2104991339147091,0.007892444264143705,8.260575294494629,12.000094413757324
919,0.21009422838687897,0.007610714761540294,8.249889373779297,11.998462080955505
920,0.20983771048486233,0.0074650682508945465,8.239208221435547,11.998056411743164
921,0.2087016347795725,0.0064210122800432146,8.228530883789062,11.999531745910645
922,0.2094097975641489,0.00720205856487155,8.21785831451416,12.00291645526886
923,0.20944389142096043,0.007321433920878917,8.207191467285156,12.005054950714111
924,0.2100901249796152,0.00807361165061593,8.19653034210205,12.005121350288391
925,0.20958690717816353,0.007700624410063028,8.185876846313477,12.002751588821411
926,0.21024363674223423,0.008476408547721803,8.175230026245117,12.001492500305176
927,0.20939574763178825,0.007743330032099038,8.164590835571289,12.000651597976685
928,0.2095978893339634,0.008029279881156981,8.153959274291992,12.002901792526245
929,0.20897000283002853,0.007516201701946557,8.143336296081543,12.002044200897217
930,0.20861146412789822,0.007259692996740341,8.132722854614258,12.00245463848114
931,0.2092215083539486,0.007993445382453501,8.122117042541504,12.000689625740051
932,0.20910925045609474,0.007986561278812587,8.111519813537598,12.000750064849854
933,0.21010901778936386,0.009111228864639997,8.100933074951172,11.998846530914307
934,0.20880882255733013,0.007912935165222734,8.09035587310791,11.999232530593872
935,0.20818988047540188,0.00737774942535907,8.079788208007812,12.00142526626587
936,0.20923010259866714,0.008510857122018933,8.069229125976562,12.002695918083191
937,0.2091873325407505,0.008565244206693023,8.058679580688477,12.003529906272888
938,0.20838996022939682,0.007897395931649953,8.048140525817871,12.001116037368774
939,0.20871043764054775,0.00831808929797262,8.037611961364746,12.001623034477234
940,0.20799202844500542,0.007707829761784524,8.027093887329102,12.001326441764832
941,0.20838925428688526,0.00816352223046124,8.016586303710938,12.005987048149109
942,0.2087650280445814,0.008664280059747398,8.006089210510254,12.00398588180542
943,0.20794185064733028,0.007978833047673106,7.995601654052734,12.00070059299469
944,0.20745913311839104,0.0076247823890298605,7.985124111175537,11.998311758041382
945,0.2063826024532318,0.006655054108705372,7.97465705871582,11.998098015785217
946,0.20727412216365337,0.007615056412760168,7.964200973510742,12.001705765724182
947,0.20629381574690342,0.0067050777724944055,7.953755855560303,12.00511908531189
948,0.20748446136713028,0.008014839026145637,7.943321228027344,12.003641486167908
949,0.20657149888575077,0.0072242082096636295,7.932897090911865,12.001832723617554
950,0.20609797351062298,0.006893739860970527,7.922483444213867,11.997940301895142
951,0.20777397975325584,0.008666075533255935,7.912080764770508,11.998709917068481
952,0.20658389665186405,0.0075731800752691925,7.901689052581787,11.999383449554443
953,0.20578132942318916,0.0068537103943526745,7.891307830810547,12.00145435333252
954,0.2065473534166813,0.0076921715517528355,7.880937576293945,12.004581212997437
955,0.20559895783662796,0.006864603259600699,7.870577335357666,12.002858757972717
956,0.2052886225283146,0.006671438459306955,7.860228538513184,12.001489996910095
957,0.20644185319542885,0.007935413625091314,7.849889755249023,12.000755310058594
958,0.20661447942256927,0.008213820867240429,7.83956241607666,12.00050401687622
959,0.20481320470571518,0.006512760010082275,7.829244613647461,12.000800251960754
960,0.20642287470400333,0.008219026727601886,7.818939208984375,12.00144612789154
961,0.20672472193837166,0.008593171136453748,7.808642864227295,12.004512429237366
962,0.20489927381277084,0.006909668969456106,7.798358917236328,12.000601887702942
963,0.2050772625952959,0.007189650903455913,7.788085460662842,12.000675678253174
964,0.2043505497276783,0.006580034794751555,7.777822494506836,11.999230027198792
965,0.20489082485437393,0.007227310794405639,7.7675700187683105,11.998781442642212
966,0.2054167166352272,0.00783463119296357,7.757328987121582,12.000880360603333
967,0.204693041741848,0.007222203246783465,7.747097969055176,11.999986410140991
968,0.20538003742694855,0.00797854911070317,7.736878395080566,12.003271341323853
969,0.20415238663554192,0.006834311236161739,7.726668834686279,12.005139231681824
970,0.20473359897732735,0.007524186512455344,7.716469764709473,12.004471898078918
971,0.20602634362876415,0.008927646384108812,7.7062811851501465,12.003589272499084
972,0.20387879945337772,0.006935378536581993,7.696104049682617,11.998238205909729
973,0.20472464710474014,0.007886201259680092,7.685937881469727,11.997907161712646
974,0.20393144898116589,0.00719861825928092,7.675782203674316,11.997501134872437
975,0.20366770401597023,0.006985936430282891,7.665637016296387,12.00253975391388
976,0.20465414226055145,0.008064391848165542,7.655503273010254,12.003472924232483
977,0.2038817349821329,0.007398189220111817,7.645379543304443,12.002975583076477
978,0.20376798510551453,0.0073967776843346655,7.635266304016113,12.001854419708252
979,0.2046672273427248,0.008400759834330529,7.625164031982422,12.001482844352722
980,0.20275909267365932,0.006627715716604143,7.615072250366211,11.998065948486328
981,0.20360537618398666,0.007545583648607135,7.6049909591674805,12.000988960266113
982,0.20295622572302818,0.006976375414524227,7.5949201583862305,12.003065347671509
983,0.20233787409961224,0.006451873341575265,7.584859848022461,12.003741383552551
984,0.2030075378715992,0.007221975480206311,7.574810028076172,12.003746509552002
985,0.2034321464598179,0.007755651022307575,7.56477165222168,12.002878546714783
986,0.20232856646180153,0.006770004576537758,7.554743766784668,12.001113057136536
987,0.20257130824029446,0.007117339933756739,7.5447258949279785,12.000671863555908
988,0.2036743387579918,0.008305707655381411,7.5347185134887695,12.002144932746887
989,0.20295889675617218,0.0077134823077358305,7.524722099304199,11.99981951713562
990,0.20247260108590126,0.007314972928725183,7.514735698699951,12.001027822494507
991,0.2034412883222103,0.008372915559448302,7.504760265350342,12.002077579498291
992,0.2022555898874998,0.007306960818823427,7.494794845581055,12.000068187713623
993,0.20151641964912415,0.0066717141307890415,7.4848408699035645,11.999630331993103
994,0.20292946696281433,0.008148006978444755,7.4748969078063965,12.003249406814575
995,0.20226492173969746,0.007561901526059955,7.464963912963867,12.005338191986084
996,0.2016551773995161,0.007059680123347789,7.455041408538818,12.004508376121521
997,0.2015998288989067,0.007116888009477407,7.445127964019775,12.003166913986206
998,0.2027245368808508,0.008361821353901178,7.4352264404296875,12.001045227050781
999,0.2022855430841446,0.00804768520174548,7.4253339767456055,11.998452425003052
1000,0.20139670372009277,0.007277535507455468,7.41545295715332,11.996464490890503
1001,0.20107632502913475,0.007031201326753944,7.405582427978516,11.99893069267273
1002,0.20310177840292454,0.009101010160520673,7.395722389221191,12.004355072975159
1003,0.20258944295346737,0.008700751059222966,7.385873317718506,12.002996325492859
1004,0.2020221222192049,0.008247789228335023,7.376033306121826,12.001400232315063
1005,0.2014569714665413,0.0078035754268057644,7.366203784942627,11.999136447906494
1006,0.20167862437665462,0.008100551669485867,7.356384754180908,12.001422882080078
1007,0.20226692222058773,0.00877628952730447,7.34657621383667,12.002488017082214
1008,0.20065726153552532,0.007267122913617641,7.33677864074707,12.002236247062683
1009,0.2004375271499157,0.007130729325581342,7.326989650726318,12.003690361976624
1010,0.20046731270849705,0.00726098200539127,7.31721305847168,12.00342047214508
1011,0.2007546816021204,0.007683836971409619,7.307445526123047,11.99963927268982
1012,0.20065739192068577,0.007688480720389634,7.297689437866211,11.999202251434326
1013,0.2007536068558693,0.007883309561293572,7.287941932678223,11.999087929725647
1014,0.20115011744201183,0.008338130719494075,7.278205871582031,12.00299322605133
1015,0.20073112286627293,0.008023081347346306,7.268626689910889,12.002177953720093
1016,0.20095986127853394,0.008353219949640334,7.259042739868164,12.00162148475647
1017,0.2004971019923687,0.008022858528420329,7.249455451965332,11.997969508171082
1018,0.20042445324361324,0.008028380922041833,7.239865303039551,11.999741673469543
1019,0.20075928792357445,0.008436738920863718,7.230274677276611,12.001980543136597
1020,0.2005391400307417,0.008285020710900426,7.220685958862305,12.00472640991211
1021,0.20071853138506413,0.008556903921999037,7.21109676361084,12.005066275596619
1022,0.1996420044451952,0.0075942204566672444,7.201622486114502,12.003156304359436
1023,0.19972724840044975,0.007805852161254734,7.192140102386475,11.99999988079071
1024,0.201264850795269,0.00945073168259114,7.182651519775391,11.998761296272278
1025,0.20068547502160072,0.008939563238527626,7.173157215118408,12.001434803009033
1026,0.19959248043596745,0.007930108695290983,7.163660049438477,12.002577304840088
1027,0.19964544288814068,0.008068169059697539,7.154160499572754,12.003567695617676
1028,0.1989230290055275,0.007449576340150088,7.144659996032715,12.002685785293579
1029,0.19890268333256245,0.007544228923507035,7.135160446166992,12.000685095787048
1030,0.1989952176809311,0.007735934050288051,7.1256608963012695,12.00026786327362
1031,0.19819852150976658,0.007033513800706714,7.1161651611328125,12.000335931777954
1032,0.19854474999010563,0.007457553467247635,7.106670379638672,12.002049922943115
1033,0.19967320747673512,0.008653612399939448,7.0971808433532715,12.004778623580933
1034,0.19941715709865093,0.008509125793352723,7.087695598602295,12.003107786178589
1035,0.19727767631411552,0.006496830261312425,7.078213214874268,11.999871611595154
1036,0.19787303358316422,0.007197606028057635,7.068737983703613,11.998806118965149
1037,0.19824690371751785,0.0076943987514823675,7.059267997741699,11.995983123779297
1038,0.1995430700480938,0.009039150434546173,7.0498046875,12.000587940216064
1039,0.1990727223455906,0.008647530805319548,7.040348052978516,12.002171277999878
1040,0.19793835654854774,0.007601713412441313,7.030897617340088,12.002766966819763
1041,0.19862917065620422,0.008367323782294989,7.021454811096191,12.004730463027954
1042,0.19746332615613937,0.007305202831048518,7.01201868057251,12.003793954849243
1043,0.19791590608656406,0.007861405436415225,7.002591133117676,12.002858877182007
1044,0.19840965047478676,0.008470136963296682,6.993170738220215,12.000780940055847
1045,0.19753790646791458,0.007704988995101303,6.983758926391602,11.999533295631409
1046,0.19659981317818165,0.006859601708129048,6.974356651306152,11.999664902687073
1047,0.197001151740551,0.007336937647778541,6.964961528778076,12.001460075378418
1048,0.19741951674222946,0.007833635900169611,6.955575942993164,12.003012418746948
1049,0.19655725918710232,0.00709280843148008,6.946198463439941,12.000247240066528
1050,0.19708951376378536,0.007729970617219806,6.936830520629883,11.999123930931091
1051,0.19642917811870575,0.007169769029133022,6.927470684051514,11.998470067977905
1052,0.19552463479340076,0.006335499754641205,6.918119430541992,12.000794172286987
1053,0.19729007966816425,0.008159820805303752,6.908777713775635,12.004248976707458
1054,0.19615172035992146,0.007119117886759341,6.899445056915283,12.003815650939941
1055,0.196118688210845,0.007207530667074025,6.890122413635254,12.000993609428406
1056,0.19633156433701515,0.007515408389735967,6.880809307098389,12.000806331634521
1057,0.19628967717289925,0.007554597454145551,6.871505260467529,12.00200343132019
1058,0.1982326153665781,0.009585685795173049,6.862210273742676,12.002482891082764
1059,0.19643816351890564,0.007881107041612267,6.853010177612305,12.002695798873901
1060,0.1965148877352476,0.008079771301709116,6.843810081481934,11.999701738357544
1061,0.195697208866477,0.0073734011384658515,6.834611892700195,11.997768998146057
1062,0.19530691765248775,0.007054165587760508,6.825416564941406,11.999858736991882
1063,0.19705092906951904,0.008851026243064553,6.816223621368408,12.003767728805542
1064,0.1959143653512001,0.007786700269207358,6.807072162628174,12.005695104598999
1065,0.1952599659562111,0.007244566455483437,6.797922134399414,12.003618359565735
1066,0.19531307741999626,0.0074325427412986755,6.7887725830078125,11.999281406402588
1067,0.19552465714514256,0.00772846961626783,6.77962589263916,11.999993085861206
1068,0.1961733791977167,0.008476515242364258,6.770482063293457,11.999204516410828
1069,0.1958536095917225,0.008219258219469339,6.761357307434082,12.002078294754028
1070,0.19491049088537693,0.007367319485638291,6.7523193359375,12.00199842453003
1071,0.19401650317013264,0.006559818517416716,6.7432756423950195,12.002393126487732
1072,0.19503765366971493,0.007673407206311822,6.734228610992432,12.002197027206421
1073,0.19604238122701645,0.008769131149165332,6.7251787185668945,12.00214672088623
1074,0.19475258700549603,0.007568264263682067,6.716127872467041,12.002304792404175
1075,0.1956410426646471,0.008563596056774259,6.7070770263671875,12.0006685256958
1076,0.19433164224028587,0.007348941173404455,6.698026657104492,12.000243782997131
1077,0.1940422784537077,0.007167202129494399,6.6889801025390625,11.998528242111206
1078,0.1951214149594307,0.008293812163174152,6.679934978485107,12.002825498580933
1079,0.19510171189904213,0.008334122598171234,6.670894145965576,12.005865573883057
1080,0.19437785632908344,0.0077208682196214795,6.661856651306152,12.003843069076538
1081,0.19391915947198868,0.007366616802755743,6.652822971343994,12.002431511878967
1082,0.19285158440470695,0.006440567027311772,6.643845558166504,11.997257113456726
1083,0.19303314201533794,0.0067109367228113115,6.634866714477539,11.997354388237
1084,0.19410121254622936,0.007817555160727352,6.625891208648682,12.002475380897522
1085,0.19443125277757645,0.008230031875427812,6.616917133331299,12.003204703330994
1086,0.19386975280940533,0.007724288385361433,6.607994079589844,12.006553173065186
1087,0.19311207346618176,0.0070973963011056185,6.599069595336914,12.002398490905762
1088,0.1936971601098776,0.007805657514836639,6.590144634246826,11.999005913734436
1089,0.19267219118773937,0.006879682128783315,6.581220626831055,11.998029947280884
1090,0.19306873716413975,0.007358844799455255,6.572298049926758,11.99869179725647
1091,0.1944105587899685,0.008725178427994251,6.563377380371094,12.005161166191101
1092,0.19288704358041286,0.007307200110517442,6.554460525512695,12.00352418422699
1093,0.19269183091819286,0.007197737810201943,6.545547008514404,12.003862977027893
1094,0.192644402384758,0.007253379211761057,6.536638259887695,12.002464771270752
1095,0.1931311320513487,0.007848869485314935,6.527732849121094,12.00049340724945
1096,0.1928891707211733,0.0076843175338581204,6.518834114074707,12.001651763916016
1097,0.19367719441652298,0.008562996110413224,6.509940147399902,12.001479744911194
1098,0.19284666702151299,0.007809152186382562,6.5010528564453125,12.00269901752472
1099,0.19254719279706478,0.007624528603628278,6.492171764373779,12.000094890594482
1100,0.1925179772078991,0.007702814589720219,6.4832963943481445,11.998220205307007
1101,0.19247052446007729,0.007734669256024063,6.474429607391357,11.99915623664856
1102,0.19175053387880325,0.007097822322975844,6.465569496154785,11.999702334403992
1103,0.19164578057825565,0.007054261164739728,6.456716537475586,12.002435564994812
1104,0.1914137415587902,0.006922893400769681,6.447871685028076,12.00121283531189
1105,0.19247044809162617,0.008037335413973778,6.4390339851379395,12.00427770614624
1106,0.19209343940019608,0.007765700982417911,6.430204391479492,12.002569794654846
1107,0.19196338951587677,0.007725790492258966,6.421383380889893,12.002376437187195
1108,0.19204340130090714,0.007909735140856355,6.412569999694824,12.0007963180542
1109,0.1912790723145008,0.007249808113556355,6.4037652015686035,11.99916124343872
1110,0.1920053567737341,0.00803208106663078,6.3949689865112305,12.002358436584473
1111,0.19180088490247726,0.00790178868919611,6.3861823081970215,12.003727555274963
1112,0.1926241908222437,0.008797959657385945,6.377402305603027,12.005221605300903
1113,0.19169728457927704,0.008016740961465985,6.368631839752197,11.999422430992126
1114,0.1899506989866495,0.006399613805115223,6.359869480133057,11.995239615440369
1115,0.19137625955045223,0.00787493388634175,6.35111665725708,11.999016761779785
1116,0.1914281900972128,0.00798807863611728,6.342371940612793,12.00163984298706
1117,0.1903400868177414,0.0069689602823928,6.333637714385986,12.003475785255432
1118,0.1922871172428131,0.008976418641395867,6.324911594390869,12.006158590316772
1119,0.1902250498533249,0.007027367711998522,6.316194534301758,12.003573775291443
1120,0.19063502550125122,0.007549389381892979,6.307486057281494,12.001078486442566
1121,0.19070189632475376,0.00773263955488801,6.2987871170043945,11.998138785362244
1122,0.19029101356863976,0.0073893830412998796,6.290096282958984,12.000067114830017
1123,0.19060791097581387,0.0077795793185941875,6.281414985656738,12.001418948173523
1124,0.18926142528653145,0.006499327020719647,6.272743225097656,12.003467321395874
1125,0.18987716361880302,0.007194873003754765,6.2640790939331055,12.00415050983429
1126,0.1904446091502905,0.007854958646930754,6.255425453186035,12.003539681434631
1127,0.18915353901684284,0.006694066396448761,6.2467803955078125,11.999167323112488
1128,0.18935928866267204,0.00700226885965094,6.2381439208984375,11.997558236122131
1129,0.18977339752018452,0.007474676705896854,6.229517936706543,12.000354409217834
1130,0.18982190638780594,0.0076041429420001805,6.220900535583496,12.000876545906067
1131,0.1889404132962227,0.00678692979272455,6.212292671203613,12.003056049346924
1132,0.1908409185707569,0.008784800069406629,6.203693389892578,12.001919031143188
1133,0.18904820829629898,0.0071004441124387085,6.195104122161865,11.999672532081604
1134,0.18989329226315022,0.008032011333853006,6.186522483825684,11.999606132507324
1135,0.1902331281453371,0.008437732292804867,6.177950859069824,12.00158965587616
1136,0.1901801135390997,0.00842223095241934,6.169388771057129,12.006399750709534
1137,0.18910394236445427,0.007480038912035525,6.160834789276123,12.001555919647217
1138,0.18985575437545776,0.008312617021147162,6.152289867401123,12.002024531364441
1139,0.1898117270320654,0.008376774028874934,6.143754959106445,11.999740958213806
1140,0.1886103842407465,0.007254784693941474,6.135228633880615,12.000331282615662
1141,0.18821411207318306,0.006937830476090312,6.126711845397949,12.000916719436646
1142,0.18848048709332943,0.007279828249011189,6.118204116821289,12.001861929893494
1143,0.18787586130201817,0.006750760832801461,6.109704971313477,12.002805471420288
1144,0.18879582360386848,0.007770161901134998,6.101215362548828,12.001351475715637
1145,0.18852527998387814,0.007600579003337771,6.0927348136901855,11.999735593795776
1146,0.18815841525793076,0.0073285948019474745,6.084262847900391,11.998719930648804
1147,0.18887192755937576,0.008125572290737182,6.07580041885376,11.998835563659668
1148,0.18774616159498692,0.007067832862958312,6.067348480224609,12.000484824180603
1149,0.18820173107087612,0.007593632384669036,6.05890417098999,12.001906156539917
1150,0.18803819082677364,0.007500334293581545,6.050468444824219,12.00331735610962
1151,0.18771697022020817,0.007271192385815084,6.042042255401611,12.002536296844482
1152,0.18759907595813274,0.007262990809977055,6.033624649047852,11.99998426437378
1153,0.18928889371454716,0.00902233156375587,6.025217056274414,12.001439809799194
1154,0.18794593028724194,0.007778359344229102,6.016817569732666,11.999940156936646
1155,0.1884532980620861,0.008341102569829673,6.008428573608398,12.002791404724121
1156,0.18758871406316757,0.007551134505774826,6.00004768371582,12.003710627555847
1157,0.18775121495127678,0.0078076914651319385,5.99167537689209,12.002677321434021
1158,0.18717848882079124,0.007329186133574694,5.983312606811523,12.001618027687073
1159,0.18887435272336006,0.00913474039407447,5.974958419799805,11.999003171920776
1160,0.18739065527915955,0.00772580987541005,5.966657638549805,11.99982762336731
1161,0.18781523033976555,0.008230003819335252,5.9583611488342285,12.00016164779663
1162,0.18767828680574894,0.00816983578260988,5.950069427490234,12.000775933265686
1163,0.1869067531079054,0.007465984497684985,5.941783428192139,12.002293586730957
1164,0.18788936734199524,0.008537265472114086,5.933502674102783,12.001708030700684
1165,0.18711910769343376,0.00784410850610584,5.925228118896484,12.002271890640259
1166,0.18688355758786201,0.0077062531490810215,5.9170074462890625,12.000723600387573
1167,0.18705248087644577,0.007954390777740628,5.908787727355957,12.001021981239319
1168,0.18680182844400406,0.007768588897306472,5.900571823120117,12.002752304077148
1169,0.18679050169885159,0.007865496270824224,5.89235782623291,12.00014340877533
1170,0.186878377571702,0.00801059603691101,5.884148120880127,12.002630352973938
1171,0.1865266803652048,0.007742671470623463,5.875943183898926,12.002458333969116
1172,0.18597224354743958,0.007259442994836718,5.867741584777832,12.003538727760315
1173,0.1860592383891344,0.0074516506283544,5.859545707702637,12.001213431358337
1174,0.1870065201073885,0.00850389280822128,5.851355075836182,11.998908162117004
1175,0.1869451031088829,0.008523001335561275,5.843170166015625,11.999040246009827
1176,0.1873617134988308,0.00902354484423995,5.834991455078125,11.998825907707214
1177,0.18587210588157177,0.007579454337246716,5.826819896697998,12.002445816993713
1178,0.18640213459730148,0.008165942272171378,5.818654537200928,12.00496518611908
1179,0.1849974263459444,0.006840871763415635,5.810495853424072,12.005159974098206
1180,0.18514796160161495,0.007093529973644763,5.80234432220459,12.00309944152832
1181,0.18592430464923382,0.007981510949321091,5.794199466705322,12.000080466270447
1182,0.18606683425605297,0.00821180600905791,5.786061763763428,11.999441266059875
1183,0.18580633215606213,0.008017468499019742,5.777932167053223,12.000954747200012
1184,0.18617445789277554,0.00845299696084112,5.769809722900391,12.002336740493774
1185,0.18457068875432014,0.006903207860887051,5.76169490814209,12.005053997039795
1186,0.18479777500033379,0.00722316448809579,5.753589153289795,12.003872513771057
1187,0.18409913778305054,0.006651619041804224,5.745490550994873,11.999261975288391
1188,0.1854749359190464,0.008098378370050341,5.737400054931641,12.000255823135376
1189,0.18597351387143135,0.008694140240550041,5.729318141937256,11.99861991405487
1190,0.18527399562299252,0.008035837905481458,5.7212443351745605,12.002572298049927
1191,0.18405237421393394,0.006888988078571856,5.713177680969238,12.003161549568176
1192,0.1846940666437149,0.007600794488098472,5.705119609832764,12.004208326339722
1193,0.18469450995326042,0.0076898569241166115,5.697070121765137,12.003395557403564
1194,0.18436488509178162,0.007487533206585795,5.689028739929199,11.998706698417664
1195,0.18408000655472279,0.007286592503078282,5.680996417999268,11.998345851898193
1196,0.1846392471343279,0.007891090877819806,5.672971725463867,12.00184440612793
1197,0.18424360267817974,0.007549873203970492,5.664956092834473,12.004417419433594
1198,0.18351958692073822,0.006902526307385415,5.656948566436768,12.00475811958313
1199,0.18401489406824112,0.007512509764637798,5.648949146270752,12.001290321350098
1200,0.18442052975296974,0.008020486158784479,5.640957832336426,11.999046683311462
1201,0.18365440517663956,0.007339353323914111,5.6329755783081055,11.998530149459839
1202,0.18411073461174965,0.00785989232826978,5.625001907348633,12.00008225440979
1203,0.18477384001016617,0.008565396536141634,5.617037296295166,12.003807663917542
1204,0.18281427398324013,0.006714128947351128,5.609081268310547,12.000933170318604
1205,0.18381652981042862,0.007797921716701239,5.601134300231934,12.00072729587555
1206,0.18374093063175678,0.007806539244484156,5.593194007873535,12.000245451927185
1207,0.18314957059919834,0.007305007777176797,5.585263729095459,11.99919319152832
1208,0.18364554829895496,0.007833529496565461,5.577340602874756,12.003861665725708
1209,0.18334237299859524,0.007599657634273171,5.569427490234375,12.004844069480896
1210,0.1836469378322363,0.007985338103026152,5.561522006988525,12.004638195037842
1211,0.18286404386162758,0.007305254403036088,5.553624629974365,12.002254843711853
1212,0.18298223800957203,0.007523559790570289,5.545736312866211,12.000132083892822
1213,0.18366261199116707,0.008290066733025014,5.5378570556640625,11.9993976354599
1214,0.18289188295602798,0.007611806446220726,5.529986381530762,11.998021483421326
1215,0.18192651867866516,0.006707569293212146,5.522124290466309,11.999770879745483
1216,0.18235387280583382,0.007203667890280485,5.514270305633545,12.000750660896301
1217,0.18312446027994156,0.008046656206715852,5.506424903869629,12.00135612487793
1218,0.18223458342254162,0.007225645240396261,5.498587608337402,12.002306938171387
1219,0.1831552367657423,0.008211450127419084,5.49075984954834,12.00361943244934
1220,0.1829567514359951,0.008115294796880335,5.482939720153809,12.001206398010254
1221,0.18128709308803082,0.006542327580973506,5.475128173828125,11.999348878860474
1222,0.1810526568442583,0.006392096925992519,5.4673261642456055,11.998730182647705
1223,0.1824073363095522,0.007796751684509218,5.459531784057617,12.001527070999146
1224,0.182213444262743,0.007666868099477142,5.451746940612793,12.00291132926941
1225,0.18221922032535076,0.007737890933640301,5.443969249725342,12.004163980484009
1226,0.1828569732606411,0.008475581125821918,5.436200141906738,12.00193977355957
1227,0.18171592243015766,0.007440039131324738,5.428440093994141,11.99914836883545
1228,0.18179852329194546,0.007594169117510319,5.420688152313232,11.999747514724731
1229,0.18182075768709183,0.007677381159737706,5.412944793701172,12.001393437385559
1230,0.18161935545504093,0.007535549986641854,5.405210494995117,12.003170371055603
1231,0.18160694651305676,0.007600830984301865,5.397483825683594,12.003128051757812
1232,0.18126214668154716,0.007378921611234546,5.389765739440918,11.998557329177856
1233,0.18219642527401447,0.008368276350665838,5.38205623626709,12.00075900554657
1234,0.1823794413357973,0.008634896425064653,5.374355316162109,12.000099539756775
1235,0.1821350958198309,0.008445815707091242,5.366662979125977,12.002265572547913
1236,0.18229778669774532,0.008668679627589881,5.35897970199585,12.003931522369385
1237,0.18208853527903557,0.008539249887689948,5.351303577423096,12.00362503528595
1238,0.18250813148915768,0.009050228167325258,5.343636512756348,12.002154350280762
1239,0.1810262929648161,0.007673049345612526,5.336024284362793,11.999300241470337
1240,0.1810283325612545,0.007760516018606722,5.328415870666504,11.998366117477417
1241,0.18024519458413124,0.007037755858618766,5.3208112716674805,11.999932646751404
1242,0.1804119609296322,0.007237367739435285,5.313211917877197,12.004248023033142
1243,0.18072894774377346,0.0076180597534403205,5.305616855621338,12.005472540855408
1244,0.1806962639093399,0.007674617983866483,5.298027038574219,12.004137635231018
1245,0.18003374710679054,0.007119477784726769,5.290442943572998,12.0009845495224
1246,0.18022366054356098,0.007394026790279895,5.282864570617676,12.000099062919617
1247,0.1796948704868555,0.00696237530792132,5.275292873382568,11.99795687198639
1248,0.18029099889099598,0.007617867959197611,5.267727851867676,11.999585509300232
1249,0.1808555405586958,0.008226512058172375,5.26016902923584,12.002734422683716
1250,0.18110022880136967,0.008536524081137031,5.252616882324219,12.003753662109375
1251,0.18084264919161797,0.008352373319212347,5.245070934295654,12.003956913948059
1252,0.1800766885280609,0.0076929726637899876,5.237532138824463,12.000839829444885
1253,0.18007695861160755,0.0077812199597246945,5.230000019073486,11.999574303627014
1254,0.1786808092147112,0.0064597344025969505,5.222475528717041,11.999632239341736
1255,0.17901629209518433,0.006845015333965421,5.214958190917969,12.002170205116272
1256,0.18008129484951496,0.007963000098243356,5.207448959350586,12.00438106060028
1257,0.18007930554449558,0.00804830074775964,5.199946880340576,12.003153920173645
1258,0.17953704111278057,0.007600505196023732,5.192452430725098,12.001201748847961
1259,0.17892420664429665,0.007086196565069258,5.184966087341309,11.99883508682251
1260,0.17861800827085972,0.006855713378172368,5.177486896514893,11.998743057250977
1261,0.1788648460060358,0.007173167075961828,5.170015335083008,11.999153137207031
1262,0.1792267095297575,0.007574161281809211,5.1625518798828125,12.002703666687012
1263,0.17940210178494453,0.007812782481778413,5.15509557723999,12.003836870193481
1264,0.17962690442800522,0.008101474668364972,5.147647857666016,12.004895448684692
1265,0.17922882549464703,0.007831682334654033,5.140207767486572,11.999506711959839
1266,0.17907747440040112,0.007742701272945851,5.132775783538818,12.000702023506165
1267,0.17910349741578102,0.007866770843975246,5.125351905822754,11.998321294784546
1268,0.17858729138970375,0.007395325519610196,5.117935657501221,12.001260995864868
1269,0.17827701382339,0.007140820438507944,5.110527992248535,12.003091931343079
1270,0.1783238723874092,0.007260493817739189,5.103127479553223,12.003211259841919
1271,0.17925970628857613,0.008284685725811869,5.095735549926758,12.001766681671143
1272,0.17905348539352417,0.008175612252671272,5.088350772857666,11.999436855316162
1273,0.17864160984754562,0.007851097732782364,5.080974578857422,11.998077034950256
1274,0.1779417060315609,0.007206448877695948,5.073606491088867,11.999919772148132
1275,0.17903983406722546,0.008337363309692591,5.06624698638916,12.004000544548035
1276,0.17863520421087742,0.008011728059500456,5.058895111083984,12.003453016281128
1277,0.1778036281466484,0.007306197192519903,5.051551342010498,11.998192071914673
1278,0.1767513733357191,0.006332900898996741,5.044214725494385,11.99763286113739
1279,0.17725818790495396,0.006884659989736974,5.0368876457214355,12.000465869903564
1280,0.17923961021006107,0.008885311661288142,5.029568672180176,12.005861639976501
1281,0.17755850590765476,0.007280901249032468,5.022256851196289,12.00550401210785
1282,0.17689117044210434,0.006708472676109523,5.014953136444092,12.00331699848175
1283,0.17799402214586735,0.00790298281935975,5.007658004760742,12.00144636631012
1284,0.17806734517216682,0.008086932066362351,5.000370025634766,11.997671484947205
1285,0.17722419276833534,0.007325033540837467,4.993090629577637,11.99682605266571
1286,0.17730644717812538,0.007450331642758101,4.985819339752197,11.999792456626892
1287,0.17797000333666801,0.008163312391843647,4.978557109832764,12.002112030982971
1288,0.17717009410262108,0.007424439245369285,4.971301078796387,12.003265023231506
1289,0.176928473636508,0.007273051014635712,4.964055061340332,12.001487493515015
1290,0.1771409772336483,0.0075630260980688035,4.956815242767334,12.000980496406555
1291,0.17770169489085674,0.008209746272768825,4.9495849609375,11.999610424041748
1292,0.17676884308457375,0.007338776427786797,4.942362308502197,12.000644564628601
1293,0.1765158399939537,0.007133475912269205,4.935147285461426,12.003089427947998
1294,0.17629648931324482,0.006970695045311004,4.927940845489502,12.004639267921448
1295,0.17644604481756687,0.007203875167760998,4.920742034912109,12.003475189208984
1296,0.17698045447468758,0.007832071802113205,4.913551330566406,12.001286745071411
1297,0.1762669961899519,0.007206721929833293,4.906368255615234,11.999659776687622
1298,0.176162825897336,0.007173412130214274,4.89919376373291,11.99974799156189
1299,0.17692229337990284,0.007987734745256603,4.892026901245117,12.001429557800293
1300,0.17728845588862896,0.008393379917833954,4.884868144989014,12.004639625549316
1301,0.17529256269335747,0.006515255430713296,4.877717018127441,12.000014066696167
1302,0.17698431573808193,0.008274463063571602,4.870574951171875,12.000410318374634
1303,0.1755185890942812,0.006911039003171027,4.863440036773682,11.997315049171448
1304,0.17650256305933,0.007957117981277406,4.856313705444336,11.998231172561646
1305,0.17683730646967888,0.008329244214110076,4.8491950035095215,12.001611828804016
1306,0.17576495185494423,0.007311373483389616,4.8420844078063965,12.003273725509644
1307,0.17539490014314651,0.007004457467701286,4.834981441497803,12.004063248634338
1308,0.17672978527843952,0.008410813636146486,4.82788610458374,12.004011631011963
1309,0.17628346011042595,0.008055156737100333,4.820798873901367,12.002031803131104
1310,0.17664004676043987,0.008466261846479028,4.813719749450684,12.00365924835205
1311,0.1757044680416584,0.00762988900532946,4.806649208068848,12.000809073448181
1312,0.17472217790782452,0.006740646669641137,4.799586296081543,11.9985671043396
1313,0.17536106333136559,0.00745014165295288,4.7925310134887695,11.99856185913086
1314,0.17487330734729767,0.007028259162325412,4.785483360290527,11.999022006988525
1315,0.1758963968604803,0.008080391737166792,4.778444290161133,12.003156900405884
1316,0.1765886526554823,0.00886040460318327,4.771413326263428,12.00141179561615
1317,0.1750490628182888,0.007376638473942876,4.764389991760254,12.00285291671753
1318,0.17557037249207497,0.007961698458530009,4.7573747634887695,12.003492951393127
1319,0.1757192425429821,0.008183439262211323,4.7503662109375,12.003214240074158
1320,0.17485980689525604,0.007406132994219661,4.743366241455078,12.002001285552979
1321,0.1750352457165718,0.007671857194509357,4.736373424530029,11.99996566772461
1322,0.17566052079200745,0.008357628714293242,4.729389667510986,12.000899910926819
1323,0.1744870524853468,0.007261159655172378,4.722414016723633,12.000175476074219
1324,0.17441675998270512,0.007225229288451374,4.7154459953308105,12.00370728969574
1325,0.17545058950781822,0.008316606748849154,4.7084856033325195,12.004912853240967
1326,0.17481555044651031,0.0077772599179297686,4.701532363891602,12.002296686172485
1327,0.1746044997125864,0.007667933765333146,4.694587707519531,11.999068856239319
1328,0.17431777901947498,0.007437567925080657,4.687649726867676,12.00037133693695
1329,0.1754089668393135,0.008587556541897357,4.680720806121826,12.001420378684998
1330,0.17429819144308567,0.0075364402728155255,4.673799514770508,12.002375960350037
1331,0.17333258129656315,0.006660907296463847,4.666886329650879,12.000281691551208
1332,0.17395039089024067,0.007338909083046019,4.659980773925781,12.001168131828308
1333,0.17372840084135532,0.007180856424383819,4.653083324432373,12.00167167186737
1334,0.17363179475069046,0.0071308635524474084,4.646193027496338,12.003900408744812
1335,0.1738827656954527,0.007461410772521049,4.639310359954834,12.002825140953064
1336,0.17384552769362926,0.007523011765442789,4.632435321807861,11.999816656112671
1337,0.17405964620411396,0.007818255457095802,4.625568389892578,11.998570799827576
1338,0.17368978820741177,0.007497903367038816,4.618710041046143,12.000478744506836
1339,0.17445103265345097,0.008277816115878522,4.61185884475708,12.005462884902954
1340,0.1735241562128067,0.007424367999192327,4.605015754699707,12.004963278770447
1341,0.17273813858628273,0.006740801851265132,4.598180294036865,12.001553773880005
1342,0.17494384944438934,0.009028528584167361,4.591351509094238,12.000180959701538
1343,0.17289122007787228,0.00707592983962968,4.584531307220459,11.996998071670532
1344,0.17300881631672382,0.0072445261757820845,4.577718734741211,11.998710632324219
1345,0.1747587639838457,0.00903472036588937,4.570913791656494,12.001490950584412
1346,0.17336839251220226,0.007707285578362644,4.564116954803467,12.001993775367737
1347,0.1728256531059742,0.007227931229863316,4.557328224182129,12.00244390964508
1348,0.17311831377446651,0.007584530336316675,4.550546646118164,12.002832174301147
1349,0.17231303080916405,0.006846597010735422,4.5437726974487305,12.00287115573883
1350,0.17384004779160023,0.008445878280326724,4.537006378173828,12.002411365509033
1351,0.17377595230937004,0.008446792315226048,4.530247688293457,12.002668976783752
1352,0.17215303517878056,0.0069120622938498855,4.523496627807617,12.000600934028625
1353,0.17151152342557907,0.006327987939585,4.516754150390625,12.00160002708435
1354,0.17162848077714443,0.006510227452963591,4.5100178718566895,12.001807808876038
1355,0.1719098575413227,0.0068707228056155145,4.503290176391602,12.000624060630798
1356,0.17340928502380848,0.008443611848633736,4.496569633483887,11.999997854232788
1357,0.17263847403228283,0.007751575845759362,4.4898576736450195,11.99883246421814
1358,0.171557255089283,0.00673710840055719,4.483152389526367,11.998862624168396
1359,0.17250442877411842,0.007738005253486335,4.476455211639404,12.000187754631042
1360,0.17258389852941036,0.007881622004788369,4.4697651863098145,12.000463247299194
1361,0.17303585447371006,0.008369260584004223,4.463083267211914,12.003576636314392
1362,0.17239829525351524,0.007793691009283066,4.456408977508545,12.004051804542542
1363,0.1723200213164091,0.007773788762278855,4.449742317199707,12.004880785942078
1364,0.1721713673323393,0.007725491770543158,4.443082809448242,12.001505613327026
1365,0.17259128019213676,0.00822931679431349,4.436431407928467,11.999765276908875
1366,0.17139730043709278,0.007115371234249324,4.429787635803223,11.998405456542969
1367,0.17308544367551804,0.008843207149766386,4.423150539398193,12.001073598861694
1368,0.1726280301809311,0.00845947815105319,4.416522026062012,12.000333666801453
1369,0.17376527562737465,0.009638407616876066,4.4099040031433105,12.002782940864563
1370,0.1717639248818159,0.007736970612313598,4.403299331665039,11.999396324157715
1371,0.17317561618983746,0.009195761929731816,4.396701335906982,12.001284718513489
1372,0.17199501022696495,0.00809084955835715,4.390110015869141,12.000306010246277
1373,0.17255296930670738,0.00868863653158769,4.3835248947143555,12.00290858745575
1374,0.17097888886928558,0.0071943398215807974,4.376946449279785,12.001508951187134
1375,0.1709391176700592,0.007221358479000628,4.370376110076904,12.001399993896484
1376,0.1716199815273285,0.007973577070515603,4.363811492919922,12.000829100608826
1377,0.17132040485739708,0.007732333091553301,4.357254505157471,12.001552939414978
1378,0.17112859152257442,0.007607416016981006,4.350705146789551,12.001412630081177
1379,0.1709581296890974,0.0075048524886369705,4.344162940979004,12.001165390014648
1380,0.17067893780767918,0.007281925878487527,4.33762788772583,12.002073884010315
1381,0.17087853513658047,0.007544517633505166,4.331099510192871,12.002302765846252
1382,0.17064768075942993,0.007398349465802312,4.324578285217285,12.000355124473572
1383,0.17028897441923618,0.007120563823264092,4.318064212799072,11.998777031898499
1384,0.17004221305251122,0.006922951783053577,4.311558246612549,12.000368237495422
1385,0.17058677971363068,0.007511769654229283,4.305058479309082,12.002442836761475
1386,0.17027055472135544,0.007269643945619464,4.298566818237305,12.001525044441223
1387,0.1700109764933586,0.007101486437022686,4.292081832885742,11.998867630958557
1388,0.17103064432740211,0.00817927811294794,4.285604476928711,11.999532341957092
1389,0.16983094811439514,0.007042934186756611,4.279134273529053,11.999667525291443
1390,0.16853493452072144,0.005789872258901596,4.272671222686768,12.001835465431213
1391,0.1704277265816927,0.007707337266765535,4.266215801239014,12.005823493003845
1392,0.17133775353431702,0.008689854410476983,4.259768009185791,12.005022644996643
1393,0.1703461203724146,0.007819104590453207,4.253326892852783,11.999375343322754
1394,0.16998101584613323,0.007542630308307707,4.246893405914307,11.996945858001709
1395,0.16915786638855934,0.006771666288841516,4.2404680252075195,11.998152494430542
1396,0.16975180990993977,0.007379772083368152,4.234048843383789,12.00315535068512
1397,0.16948415711522102,0.0071260613622143865,4.227637767791748,12.008172750473022
1398,0.17037533037364483,0.008109036076348275,4.221233367919922,12.005396604537964
1399,0.16900221072137356,0.0068632158217951655,4.214836597442627,11.99906313419342
1400,0.1702660694718361,0.008209438645280898,4.208447456359863,11.997215867042542
1401,0.16954555548727512,0.007544409076217562,4.202065467834473,11.998049855232239
1402,0.16922200471162796,0.007246792665682733,4.195691108703613,12.001830577850342
1403,0.16945981606841087,0.00751943961950019,4.189323902130127,12.004714488983154
1404,0.1699753850698471,0.008120120677631348,4.1829633712768555,12.002562999725342
1405,0.16926567442715168,0.007505348592530936,4.176610469818115,11.999422430992126
1406,0.16884812712669373,0.0071690898621454835,4.170265197753906,11.997638702392578
1407,0.1689265612512827,0.007284493010956794,4.16392707824707,12.000280261039734
1408,0.16798778995871544,0.006390390219166875,4.157596588134766,12.002143859863281
1409,0.16826478950679302,0.006708392582368106,4.151273727416992,12.004366397857666
1410,0.16874281503260136,0.007241213810630143,4.144957542419434,12.005203127861023
1411,0.16853767074644566,0.007120803697034717,4.138648986816406,12.003038167953491
1412,0.1689992155879736,0.007671474304515868,4.13234806060791,12.000426173210144
1413,0.16862620413303375,0.00738909759093076,4.126053810119629,11.99765694141388
1414,0.1692496631294489,0.0080470199463889,4.119818687438965,12.000446081161499
1415,0.1687855627387762,0.007649068254977465,4.11358642578125,12.000063419342041
1416,0.16761206649243832,0.006517962960060686,4.107356071472168,12.002054929733276
1417,0.16776191629469395,0.006740410637576133,4.101128101348877,12.001022696495056
1418,0.16817265190184116,0.007196224702056497,4.09490442276001,12.00273883342743
1419,0.16843588091433048,0.007524889428168535,4.08868408203125,12.002415537834167
1420,0.16802356764674187,0.0071919027250260115,4.082468509674072,12.000698208808899
1421,0.16778467409312725,0.00701764365658164,4.07625675201416,12.000446557998657
1422,0.16917545162141323,0.00848461058922112,4.070050239562988,11.999033689498901
1423,0.16718114167451859,0.006546739605255425,4.06384801864624,11.999592423439026
1424,0.16746565699577332,0.0068658897071145475,4.057651996612549,12.002325296401978
1425,0.16781479865312576,0.007259084552060813,4.051460266113281,12.004111409187317
1426,0.16789561323821545,0.007412745908368379,4.04527473449707,12.003012657165527
1427,0.16847986727952957,0.008068395196460187,4.0390944480896,12.002053380012512
1428,0.1684684343636036,0.008137198456097394,4.0329203605651855,12.000203728675842
1429,0.16776228323578835,0.007498167222365737,4.026752471923828,11.999659061431885
1430,0.16852897219359875,0.008312988909892738,4.020589828491211,12.001008868217468
1431,0.16746081039309502,0.007313831360079348,4.014433860778809,12.000264286994934
1432,0.16845198720693588,0.008340634871274233,4.008284568786621,12.002850890159607
1433,0.16795818135142326,0.00790437392424792,4.00214147567749,12.003239631652832
1434,0.16779029369354248,0.007820336904842407,3.996005058288574,12.000990867614746
1435,0.16806234046816826,0.008157536445651203,3.989874839782715,12.000606417655945
1436,0.16753331758081913,0.007724287512246519,3.9837512969970703,11.997152090072632
1437,0.16864531673491,0.008870765392202884,3.9776339530944824,11.999821424484253
1438,0.16755927167832851,0.007831976981833577,3.971524238586426,12.001205444335938
1439,0.16799583099782467,0.008296095416881144,3.965420961380005,12.004552960395813
1440,0.16880668513476849,0.009138363704551011,3.9593241214752197,12.007508039474487
1441,0.16670371033251286,0.007149694778490812,3.9532344341278076,12.002167463302612
1442,0.16701673530042171,0.007540121208876371,3.947150945663452,12.000510931015015
1443,0.16732783801853657,0.007926363672595471,3.9410743713378906,11.999073266983032
1444,0.16758218966424465,0.008236304565798491,3.9350051879882812,11.99958348274231
1445,0.16720985062420368,0.007917891547549516,3.9289426803588867,12.000253558158875
1446,0.1662459746003151,0.007011333596892655,3.922887086868286,12.000577569007874
1447,0.16611259244382381,0.006928706541657448,3.916839122772217,12.00154995918274
1448,0.16595910489559174,0.0068507055984809995,3.910797357559204,12.000043153762817
1449,0.1662797499448061,0.00722244568169117,3.9047625064849854,12.000968217849731
1450,0.16609711945056915,0.007111784478183836,3.8987345695495605,11.999798893928528
1451,0.1677501518279314,0.00878468796145171,3.892714023590088,12.003833055496216
1452,0.1667830478399992,0.007874788832850754,3.88670015335083,12.004126071929932
1453,0.16567566245794296,0.006826206808909774,3.880693197250366,12.004252910614014
1454,0.16676311753690243,0.007993739796802402,3.8746933937072754,12.002244710922241
1455,0.1657704245299101,0.007089080172590911,3.8687005043029785,11.999433755874634
1456,0.16602033749222755,0.0074008238152600825,3.8627147674560547,11.999237060546875
1457,0.16607609763741493,0.00752277736319229,3.856736183166504,11.998596429824829
1458,0.16555354371666908,0.007052513596136123,3.850764274597168,11.99933922290802
1459,0.16597736068069935,0.00751530728302896,3.844799518585205,12.00140631198883
1460,0.16599068976938725,0.007552365306764841,3.8388419151306152,12.004990577697754
1461,0.1661317367106676,0.007727268734015524,3.8328909873962402,12.007556080818176
1462,0.16640720516443253,0.008101120125502348,3.826946496963501,12.003662347793579
1463,0.16501562483608723,0.0068210134049877524,3.821009635925293,11.998451828956604
1464,0.16648397967219353,0.008350429125130177,3.815079689025879,11.998275518417358
1465,0.16576463915407658,0.007681337825488299,3.809156656265259,11.999173521995544
1466,0.16605393216013908,0.008004741743206978,3.80324125289917,12.001678109169006
1467,0.16532356292009354,0.007312637404538691,3.7973320484161377,12.003760933876038
1468,0.16520807519555092,0.00728973705554381,3.7914304733276367,12.000404119491577
1469,0.16495687887072563,0.007089058810379356,3.7855353355407715,12.001246690750122
1470,0.16643189080059528,0.008605681301560253,3.7796475887298584,12.002973675727844
1471,0.165893180295825,0.008160239667631686,3.773766040802002,11.999528050422668
1472,0.16454182751476765,0.006863739399705082,3.7678914070129395,11.99991774559021
1473,0.1639881171286106,0.006366643821820617,3.762024402618408,12.000123381614685
1474,0.16468078270554543,0.007073046988807619,3.756165027618408,12.00460934638977
1475,0.1651258934289217,0.007546725508291274,3.750311851501465,12.00760531425476
1476,0.16580919548869133,0.008306991367135197,3.7444655895233154,12.005755186080933
1477,0.1649075150489807,0.007540237391367555,3.738626480102539,11.998101830482483
1478,0.16469343192875385,0.0074169926811009645,3.7327940464019775,11.994850516319275
1479,0.16474441811442375,0.007494017365388572,3.726968288421631,11.998071908950806
1480,0.16349254362285137,0.006262089416850358,3.721149444580078,12.001896262168884
1481,0.16451272927224636,0.007286354491952807,3.7153377532958984,12.007299900054932
1482,0.16493547894060612,0.007792676449753344,3.7095329761505127,12.00474727153778
1483,0.16430081985890865,0.007247966772411019,3.703735589981079,12.001550197601318
1484,0.16449188254773617,0.007509627030231059,3.6979451179504395,12.000280737876892
1485,0.16420599818229675,0.0072686090134084225,3.6921610832214355,12.001578330993652
1486,0.16398978047072887,0.0071150147705338895,3.6863839626312256,12.00109326839447
1487,0.1643746718764305,0.007566109183244407,3.6806139945983887,12.000242590904236
1488,0.1639975868165493,0.007227566791698337,3.6748504638671875,12.00215208530426
1489,0.16478013060986996,0.008081522129941732,3.6690940856933594,12.00076711177826
1490,0.1637315135449171,0.007076926412992179,3.663344383239746,12.00211477279663
1491,0.16455557569861412,0.00797275739023462,3.657601833343506,12.000680565834045
1492,0.16464786976575851,0.00808960385620594,3.6518659591674805,12.003961324691772
1493,0.16367071494460106,0.007176288345362991,3.646137237548828,12.003305912017822
1494,0.16357053443789482,0.007138874148949981,3.6404147148132324,12.002751350402832
1495,0.1633358635008335,0.006973102746997029,3.6346993446350098,12.001577019691467
1496,0.16382780484855175,0.007546257285866886,3.62899112701416,11.999163627624512
1497,0.163534140214324,0.007307926134672016,3.6232895851135254,11.999331712722778
1498,0.1639790292829275,0.007817559875547886,3.6175951957702637,11.998552560806274
1499,0.1632518768310547,0.007124182360712439,3.6119072437286377,12.000863194465637
1500,0.1633229535073042,0.0072426613769494,3.6062262058258057,12.001802921295166
1501,0.16381296142935753,0.007782321306876838,3.6005516052246094,12.002512454986572
1502,0.16395536437630653,0.007981751521583647,3.594883918762207,12.002477765083313
1503,0.16262304782867432,0.006707527732942253,3.5892233848571777,12.002328872680664
1504,0.16357398591935635,0.007726973039098084,3.583569288253784,12.001132130622864
1505,0.16314556635916233,0.007369812752585858,3.5779223442077637,11.999653220176697
1506,0.163027536123991,0.007293700589798391,3.572281837463379,12.001101732254028
1507,0.1631670631468296,0.007488936826121062,3.566648483276367,12.001164555549622
1508,0.16359181329607964,0.00798052194295451,3.561021327972412,12.000107765197754
1509,0.1626580599695444,0.007111258746590465,3.555401086807251,11.999279499053955
1510,0.16320081241428852,0.007697461289353669,3.549787759780884,12.000547766685486
1511,0.16279343701899052,0.007328810286708176,3.5441815853118896,12.002281188964844
1512,0.16240994818508625,0.007012002868577838,3.538581609725952,12.001213312149048
1513,0.1624955628067255,0.007169140852056444,3.5329885482788086,11.999653577804565
1514,0.16266926191747189,0.007380013703368604,3.527402400970459,12.001522660255432
1515,0.16312839463353157,0.007865770370699465,3.521822690963745,12.004440069198608
1516,0.1621842160820961,0.007000216923188418,3.516249656677246,12.002150774002075
1517,0.16240975633263588,0.007304447877686471,3.510683298110962,11.999847769737244
1518,0.16332232020795345,0.00827557872980833,3.5051238536834717,11.999550580978394
1519,0.16254660114645958,0.00754879746818915,3.4995710849761963,12.000210046768188
1520,0.1622345671057701,0.007289806322660297,3.494025230407715,12.000451445579529
1521,0.1622291337698698,0.00734578660922125,3.48848557472229,11.999849557876587
1522,0.1623409315943718,0.007515860488638282,3.4829530715942383,11.99955427646637
1523,0.1624582353979349,0.007663546479307115,3.4774270057678223,12.002042055130005
1524,0.16175720654428005,0.006997667427640408,3.4719080924987793,12.004046082496643
1525,0.16163486242294312,0.00693784753093496,3.4663949012756348,12.003306984901428
1526,0.1621453259140253,0.007536272925790399,3.460888624191284,12.000016927719116
1527,0.16175029799342155,0.007207042654044926,3.4553887844085693,11.998937249183655
1528,0.16088527254760265,0.006402837694622576,3.4498963356018066,11.998347401618958
1529,0.1635719109326601,0.009090784122236073,3.444410562515259,12.003702759742737
1530,0.1620320063084364,0.00763328984612599,3.4389312267303467,12.000940799713135
1531,0.16261339373886585,0.008265016600489616,3.433476686477661,12.00136125087738
1532,0.1625138707458973,0.008232667343690991,3.4280271530151367,12.000093698501587
1533,0.16111459583044052,0.006899271451402456,3.4225821495056152,11.998950600624084
1534,0.16117810644209385,0.006995343370363116,3.417142868041992,12.001133680343628
1535,0.16164066456258297,0.007483638008125126,3.4117088317871094,12.003994345664978
1536,0.16203654184937477,0.007915431109722704,3.406280040740967,12.005831599235535
1537,0.161343265324831,0.007319855038076639,3.4008564949035645,12.001485228538513
1538,0.1623093020170927,0.008349336800165474,3.3954386711120605,12.000558495521545
1539,0.16210516169667244,0.00822567765135318,3.390026569366455,11.99792206287384
1540,0.16239750944077969,0.008539264847058803,3.384620189666748,12.00120484828949
1541,0.16139370575547218,0.0075736119179055095,3.3792200088500977,12.002789974212646
1542,0.16230375692248344,0.008525047625880688,3.3738255500793457,12.004045844078064
1543,0.16190051101148129,0.008197478600777686,3.368436574935913,12.001867055892944
1544,0.1621111761778593,0.00849395152181387,3.363053798675537,11.998668909072876
1545,0.16153850220143795,0.007985203235875815,3.357677936553955,11.997652530670166
1546,0.16104975529015064,0.007541399041656405,3.3523077964782715,11.998527526855469
1547,0.16107220947742462,0.007573572103865445,3.3469438552856445,12.002920150756836
1548,0.16179638914763927,0.008329120581038296,3.341585874557495,12.005141019821167
1549,0.15965878404676914,0.006249715632293373,3.3362340927124023,12.004672884941101
1550,0.16089177131652832,0.007553616131190211,3.330888271331787,12.002927780151367
1551,0.1600297950208187,0.0067875763634219766,3.3255491256713867,11.99867308139801
1552,0.15994368493556976,0.006765074795112014,3.320216178894043,11.997645020484924
1553,0.1608058288693428,0.007645358913578093,3.314889907836914,12.00115692615509
1554,0.16042883321642876,0.007303337275516242,3.309570074081421,12.00297999382019
1555,0.16029969230294228,0.007215140096377581,3.3042564392089844,12.004199147224426
1556,0.16034387610852718,0.007329027052037418,3.2989487648010254,12.002536296844482
1557,0.16094294376671314,0.007999693509191275,3.293647527694702,12.000677347183228
1558,0.16100026853382587,0.008154507784638554,3.2883524894714355,11.996223449707031
1559,0.16130800731480122,0.00849783222656697,3.283064603805542,11.997953057289124
1560,0.16053950041532516,0.007762130233459175,3.277782678604126,11.99995505809784
1561,0.1602389942854643,0.007472815632354468,3.272507667541504,12.004110455513
1562,0.1597227044403553,0.007008520158706233,3.2672386169433594,12.004180073738098
1563,0.1603129431605339,0.007678421738091856,3.2619757652282715,12.001477003097534
1564,0.15997870452702045,0.007398692658171058,3.256718873977661,12.001282572746277
1565,0.15977816097438335,0.007251934381201863,3.251469135284424,12.00115418434143
1566,0.15948771871626377,0.0069842273951508105,3.2462258338928223,12.004123449325562
1567,0.16028640046715736,0.00783867499558255,3.2409887313842773,12.003783822059631
1568,0.15983931347727776,0.007460476306732744,3.235757827758789,12.002126336097717
1569,0.16040522418916225,0.008087754249572754,3.2305338382720947,12.001213669776917
1570,0.16009466722607613,0.007864833169151098,3.225316047668457,11.99766731262207
1571,0.15976404212415218,0.0075956215732730925,3.220104694366455,11.996737599372864
1572,0.1593184620141983,0.0071858762530609965,3.214900016784668,11.998359084129333
1573,0.15933524630963802,0.0072177398833446205,3.2097010612487793,12.002050161361694
1574,0.15983152203261852,0.007733150036074221,3.2045083045959473,12.005329251289368
1575,0.15892690978944302,0.006894939462654293,3.19932222366333,12.003875374794006
1576,0.15996227599680424,0.00799581449246034,3.1941423416137695,12.002504706382751
1577,0.15922688320279121,0.00734846928389743,3.188969612121582,11.99887204170227
1578,0.15959485433995724,0.007742804707959294,3.183802604675293,12.001403093338013
1579,0.15927651152014732,0.007491064665373415,3.1786420345306396,11.999903202056885
1580,0.15944188088178635,0.007696199289057404,3.173488140106201,12.001080393791199
1581,0.15812324546277523,0.0064439072157256305,3.1683404445648193,11.9995938539505
1582,0.1581931859254837,0.006566141149960458,3.163198947906494,11.999505758285522
1583,0.15820550359785557,0.0066175287356600165,3.158064365386963,12.000733375549316
1584,0.1586969681084156,0.00715155154466629,3.15293550491333,12.001605987548828
1585,0.15913398377597332,0.007630079460795969,3.147813081741333,12.002577662467957
1586,0.15903151594102383,0.007568946050014347,3.14269757270813,12.003560066223145
1587,0.1581439357250929,0.006742152327205986,3.137587547302246,12.002591252326965
1588,0.1589322742074728,0.007592482026666403,3.132483959197998,12.001495838165283
1589,0.15821843221783638,0.006958628247957677,3.127387046813965,11.998593926429749
1590,0.15949192084372044,0.0082788520376198,3.1222965717315674,11.99901020526886
1591,0.15836260840296745,0.0071997654740698636,3.1172125339508057,11.999072194099426
1592,0.15827856212854385,0.007134088838938624,3.1121344566345215,12.002313256263733
1593,0.1585032194852829,0.007391829742118716,3.107063055038452,12.00407600402832
1594,0.1586791481822729,0.007640652300324291,3.1019973754882812,12.001852750778198
1595,0.15865378268063068,0.00768117664847523,3.096938133239746,12.000322818756104
1596,0.1598554402589798,0.008952189236879349,3.0918850898742676,11.998440623283386
1597,0.15850479155778885,0.007634764479007572,3.0868451595306396,12.000157952308655
1598,0.15815670229494572,0.007322276127524674,3.0818653106689453,12.001577854156494
1599,0.15874871611595154,0.007936193200293928,3.076885223388672,12.004367470741272
1600,0.1579093486070633,0.007163242611568421,3.071906089782715,12.002704501152039
1601,0.1581807043403387,0.007502265565562993,3.0669283866882324,12.000916242599487
1602,0.1573719885200262,0.006761574244592339,3.062027931213379,11.999014139175415
1603,0.1573992483317852,0.006842851871624589,3.057122230529785,11.998517274856567
1604,0.15694046951830387,0.006412513786926866,3.0522122383117676,12.000583529472351
1605,0.15784928761422634,0.007332609849981964,3.0472986698150635,12.004369020462036
1606,0.15810636058449745,0.007650229847058654,3.0423829555511475,12.003230333328247
1607,0.15851384960114956,0.008110323105938733,3.0374655723571777,12.00288724899292
1608,0.15767010301351547,0.00735915033146739,3.0325474739074707,11.998547911643982
1609,0.15735643170773983,0.007082552823703736,3.0276293754577637,11.999758958816528
1610,0.15789777040481567,0.007650113373529166,3.022712230682373,12.00205409526825
1611,0.15755057334899902,0.00733601424144581,3.017796516418457,12.003659844398499
1612,0.15765627473592758,0.007494872959796339,3.0128822326660156,12.003258109092712
1613,0.15785891562700272,0.007770419702865183,3.007969856262207,12.000880002975464
1614,0.15742183849215508,0.0073798446101136506,3.0030598640441895,12.001139521598816
1615,0.15742573142051697,0.007434873201418668,2.998152732849121,12.000933289527893
1616,0.15739895962178707,0.007470876560546458,2.99324893951416,11.99955928325653
1617,0.15771641954779625,0.007834015297703445,2.9883482456207275,11.999892354011536
1618,0.1564913783222437,0.006660680985078216,2.9834518432617188,11.999618411064148
1619,0.1571921482682228,0.007390125945676118,2.9785594940185547,12.001643061637878
1620,0.15641261637210846,0.006656580662820488,2.9736714363098145,12.001932382583618
1621,0.15725066512823105,0.007532670570071787,2.968787670135498,12.003012299537659
1622,0.15699844434857368,0.007324245874769986,2.9639084339141846,12.003511548042297
1623,0.15761134400963783,0.007989117235410959,2.959033966064453,12.003189206123352
1624,0.15716375969350338,0.007623074692673981,2.9541635513305664,11.999905109405518
1625,0.15659754909574986,0.007089644321240485,2.94929838180542,12.001492619514465
1626,0.15734647773206234,0.007897121191490442,2.9444386959075928,12.000497102737427
1627,0.15757771208882332,0.008161336882039905,2.939584255218506,12.00205397605896
1628,0.15846897289156914,0.009105267701670527,2.9347355365753174,12.001634955406189
1629,0.15672601759433746,0.007415906293317676,2.9298923015594482,12.001119613647461
1630,0.1569171752780676,0.007652551925275475,2.925053596496582,12.001408815383911
1631,0.1566065102815628,0.007398282003123313,2.920220375061035,12.000602960586548
1632,0.15657593123614788,0.00740887550637126,2.9153923988342285,12.00131344795227
1633,0.15666047297418118,0.007540859223809093,2.9105703830718994,12.001391530036926
1634,0.15654119849205017,0.007451063836924732,2.905754804611206,12.00325870513916
1635,0.15580536983907223,0.00679604266770184,2.9010579586029053,11.99987542629242
1636,0.15711631067097187,0.00815582973882556,2.896355628967285,11.999692678451538
1637,0.15800940804183483,0.009054118592757732,2.891648769378662,12.003880620002747
1638,0.15639461018145084,0.0074960291385650635,2.887105941772461,12.002752184867859
1639,0.15794150158762932,0.00906041223788634,2.8825435638427734,12.005565881729126
1640,0.15593010373413563,0.007088626502081752,2.8781611919403076,12.005987048149109
1641,0.15744353272020817,0.00869646086357534,2.873743772506714,12.000964045524597
1642,0.15740668773651123,0.008748406020458788,2.8694024085998535,11.996425986289978
1643,0.15550254844129086,0.006882207468152046,2.865034580230713,11.996999859809875
1644,0.1557281408458948,0.007121843518689275,2.86063289642334,11.99999749660492
1645,0.15584311075508595,0.007249940827023238,2.8561999797821045,12.003117322921753
1646,0.1562020666897297,0.007625275815371424,2.8517398834228516,12.005939483642578
1647,0.1556354109197855,0.0071581702795811,2.8472561836242676,12.000468015670776
1648,0.1559171136468649,0.007475437363609672,2.8427507877349854,12.00141716003418
1649,0.15626189671456814,0.007881366007495672,2.8382272720336914,11.999826073646545
1650,0.15663454309105873,0.008290757599752396,2.833688974380493,12.00069010257721
1651,0.1579559799283743,0.009641617012675852,2.8291373252868652,12.002299308776855
1652,0.15678834728896618,0.00852852629031986,2.824573516845703,12.0014089345932
1653,0.15566189214587212,0.007471061195246875,2.820000171661377,11.999083161354065
1654,0.15724169090390205,0.009079090203158557,2.815418004989624,12.000842332839966
1655,0.15550685487687588,0.007390737649984658,2.8108291625976562,12.00078296661377
1656,0.15628628805279732,0.008180043485481292,2.806234121322632,12.004390716552734
1657,0.15513942949473858,0.007102583767846227,2.8016350269317627,12.002049803733826
1658,0.1559215784072876,0.007948531012516469,2.797032356262207,12.000272750854492
1659,0.15575859509408474,0.007830136572010815,2.7924275398254395,12.000418543815613
1660,0.1550832148641348,0.0071902055642567575,2.7878212928771973,12.001479864120483
1661,0.15560471452772617,0.007737104082480073,2.7832136154174805,12.00354778766632
1662,0.15520792827010155,0.00740022724494338,2.778606414794922,12.002164125442505
1663,0.15502099506556988,0.007270124391652644,2.7739992141723633,12.00108778476715
1664,0.15463212132453918,0.006948168273083866,2.769392967224121,11.999002814292908
1665,0.15571126528084278,0.008065149537287652,2.7647879123687744,11.999824047088623
1666,0.15473602153360844,0.007134259212762117,2.7601850032806396,11.999991655349731
1667,0.15474381670355797,0.007187591516412795,2.755584716796875,12.000038266181946
1668,0.1558955553919077,0.008342347806319594,2.7509875297546387,12.00433349609375
1669,0.15446330234408379,0.006977153534535319,2.7463927268981934,12.002222657203674
1670,0.15565170720219612,0.008226266072597355,2.7418007850646973,12.000743389129639
1671,0.1561794225126505,0.008823032956570387,2.7372121810913086,11.998427033424377
1672,0.1545280609279871,0.007206725247669965,2.7326278686523438,11.999506115913391
1673,0.15499397553503513,0.007680410228203982,2.7280476093292236,12.00330936908722
1674,0.15501072071492672,0.0077204511617310345,2.7234716415405273,12.005555629730225
1675,0.15519028343260288,0.007976884429808706,2.718899965286255,12.002440214157104
1676,0.1540006920695305,0.006865905423182994,2.7143328189849854,11.999146342277527
1677,0.15425138361752033,0.007154354592785239,2.7097699642181396,11.99993371963501
1678,0.15413693338632584,0.007052824134007096,2.705212116241455,12.003198862075806
1679,0.1546162348240614,0.007581430894788355,2.7006587982177734,12.002822160720825
1680,0.1540052480995655,0.007048823463264853,2.696110486984253,11.999531865119934
1681,0.15516903065145016,0.008268856501672417,2.6915674209594727,11.99845039844513
1682,0.15474034659564495,0.007881507044658065,2.6870296001434326,11.998854517936707
1683,0.15431085601449013,0.007468673575203866,2.682497262954712,12.001721262931824
1684,0.15536780282855034,0.008569540397729725,2.6779696941375732,12.001856684684753
1685,0.15466361492872238,0.007906186219770461,2.673447608947754,12.00229561328888
1686,0.15421320125460625,0.007499001396354288,2.668930768966675,12.00248920917511
1687,0.1543419286608696,0.007677447400055826,2.664418935775757,12.002029299736023
1688,0.15413901023566723,0.007537585799582303,2.6599130630493164,12.000229477882385
1689,0.1548650749027729,0.00830806785961613,2.6554126739501953,12.000288367271423
1690,0.1544039472937584,0.007862343569286168,2.6509177684783936,12.00324273109436
1691,0.15385369211435318,0.0073440358391962945,2.646428346633911,12.004537343978882
1692,0.154244689270854,0.007789387949742377,2.641944408416748,12.003585934638977
1693,0.15485363081097603,0.008480109681840986,2.637482166290283,11.999870300292969
1694,0.15472707524895668,0.008419827907346189,2.633023500442505,11.997701525688171
1695,0.15404736250638962,0.007775765203405172,2.6285693645477295,11.99859070777893
1696,0.15330876968801022,0.0070500815636478364,2.624119758605957,12.001749396324158
1697,0.1539001651108265,0.00765576894627884,2.6196742057800293,12.00476598739624
1698,0.15567519329488277,0.009487878298386931,2.6152331829071045,12.003498435020447
1699,0.15376635268330574,0.007669637736398727,2.6107966899871826,11.998875260353088
1700,0.15245200879871845,0.006415234645828605,2.606365442276001,11.997312307357788
1701,0.15356560796499252,0.007539602695032954,2.6019392013549805,12.000661849975586
1702,0.154301505535841,0.008263992029242218,2.5975184440612793,12.00623333454132
1703,0.15477515570819378,0.008801726857200265,2.593102216720581,12.004240870475769
1704,0.15354344993829727,0.007627160171978176,2.588690996170044,12.002937912940979
1705,0.1533352043479681,0.007502456370275468,2.584284782409668,11.998990178108215
1706,0.15340968407690525,0.007621929456945509,2.5798840522766113,11.998891711235046
1707,0.15294287726283073,0.007189094903878868,2.575488567352295,11.999889850616455
1708,0.15449473448097706,0.008751744404435158,2.571098804473877,12.00320029258728
1709,0.153512354940176,0.007807767076883465,2.5667145252227783,12.003744721412659
1710,0.15358309634029865,0.007924561214167625,2.5623350143432617,12.00351881980896
1711,0.1524854712188244,0.006910327530931681,2.5579612255096436,11.999553442001343
1712,0.15352516807615757,0.00799248245311901,2.5535924434661865,11.999676585197449
1713,0.15196659229695797,0.00648062041727826,2.549229383468628,11.99936830997467
1714,0.15246855840086937,0.007010405359324068,2.5448720455169678,12.000943660736084
1715,0.1528064478188753,0.007377293601166457,2.540520429611206,12.002395033836365
1716,0.15209566429257393,0.006723257713019848,2.5361742973327637,12.00106680393219
1717,0.15174097567796707,0.006420594057999551,2.5318334102630615,12.000205516815186
1718,0.15258542820811272,0.00730826158542186,2.5274980068206787,12.000219106674194
1719,0.15254991129040718,0.007313814712688327,2.5231685638427734,12.000441312789917
1720,0.15304542891681194,0.00782252848148346,2.5188441276550293,12.003445863723755
1721,0.15266716666519642,0.007483486901037395,2.5145256519317627,12.00384271144867
1722,0.1531793624162674,0.008034848840907216,2.5102124214172363,12.004239678382874
1723,0.1523768063634634,0.0073147472576238215,2.5059051513671875,12.000301003456116
1724,0.1523438859730959,0.007321425073314458,2.501603364944458,12.000643014907837
1725,0.15226638689637184,0.007284090796019882,2.497307300567627,12.000922799110413
1726,0.15191299095749855,0.006991286238189787,2.4930169582366943,11.999154090881348
1727,0.15104841254651546,0.0061665892717428505,2.488731861114502,11.99945068359375
1728,0.15339560247957706,0.00854606501525268,2.484452486038208,12.00050151348114
1729,0.15249348804354668,0.007679547241423279,2.4801785945892334,12.001216053962708
1730,0.15266810916364193,0.007883973885327578,2.4759104251861572,12.002503275871277
1731,0.1521233282983303,0.0073791632312349975,2.4716477394104004,12.002768993377686
1732,0.15146318450570107,0.006782561424188316,2.467390775680542,12.000672101974487
1733,0.15211944095790386,0.007470802345778793,2.463139772415161,12.001724600791931
1734,0.15207264572381973,0.0074708919855766,2.4588937759399414,12.001282095909119
1735,0.15254426188766956,0.00798977492377162,2.4546539783477783,12.000794768333435
1736,0.15287732891738415,0.008374588622245938,2.4504194259643555,11.999855041503906
1737,0.15161059983074665,0.007156577019486576,2.446190357208252,11.999212503433228
1738,0.1519353911280632,0.007506194291636348,2.4419667720794678,12.000953316688538
1739,0.15152358822524548,0.007115055690519512,2.437748908996582,12.003104567527771
1740,0.15188239142298698,0.0075137721141800284,2.4335365295410156,12.003325819969177
1741,0.15229391306638718,0.00798370101256296,2.4293296337127686,12.001692175865173
1742,0.15072138607501984,0.006466557795647532,2.42512845993042,12.000354647636414
1743,0.15116508305072784,0.006964737956877798,2.420933246612549,11.999101758003235
1744,0.15096884034574032,0.0067978003062307835,2.416743278503418,12.00036108493805
1745,0.15201371535658836,0.007865824270993471,2.4125590324401855,12.002230525016785
1746,0.15155350603163242,0.007447003212291747,2.4083802700042725,12.002270221710205
1747,0.1518830768764019,0.007825608015991747,2.4042067527770996,12.001540899276733
1748,0.15158395655453205,0.007601589313708246,2.400038957595825,11.998197793960571
1749,0.1501935701817274,0.006237806228455156,2.395876407623291,11.999700427055359
1750,0.15115155652165413,0.007226850080769509,2.3917198181152344,12.00075113773346
1751,0.1513545047491789,0.007466542127076536,2.387568473815918,12.001227974891663
1752,0.15193484351038933,0.008081381383817643,2.3834228515625,12.001923441886902
1753,0.15230657160282135,0.00849444407504052,2.3792829513549805,12.001929998397827
1754,0.15151424147188663,0.007753120560664684,2.3751485347747803,12.000963926315308
1755,0.1503033321350813,0.006592015619389713,2.3710196018218994,12.000112414360046
1756,0.15042105875909328,0.006754044850822538,2.366895914077759,11.999805808067322
1757,0.1503442730754614,0.0066937729716300964,2.3627777099609375,12.002272486686707
1758,0.15127234160900116,0.007653988199308515,2.3586649894714355,12.003170371055603
1759,0.15080235712230206,0.007231512106955051,2.354557752609253,12.002527117729187
1760,0.150996470823884,0.007502328604459763,2.3504562377929688,11.998958349227905
1761,0.15049245208501816,0.007042460318189114,2.346360206604004,11.998639345169067
1762,0.1501930058002472,0.006790575105696917,2.3422696590423584,11.997974038124084
1763,0.1510312333703041,0.007639311021193862,2.3381845951080322,12.001008033752441
1764,0.15085743367671967,0.0074871344841085374,2.3341052532196045,12.002924680709839
1765,0.15043668448925018,0.007107542012818158,2.330030918121338,12.002883672714233
1766,0.15033985301852226,0.007063817291054875,2.3259620666503906,12.001641631126404
1767,0.1508212648332119,0.007599144417326897,2.3218984603881836,12.000313758850098
1768,0.15129318833351135,0.00811561627779156,2.317840576171875,11.999916791915894
1769,0.15153537318110466,0.008394795993808657,2.3137881755828857,12.000270128250122
1770,0.15006723999977112,0.006937107187695801,2.309741497039795,12.00327217578888
1771,0.15115082263946533,0.008038549218326807,2.3057000637054443,12.005527257919312
1772,0.1500437930226326,0.006995042029302567,2.301664113998413,12.003211259841919
1773,0.15001849457621574,0.007061518670525402,2.297633647918701,11.998064160346985
1774,0.15016651153564453,0.00726628681877628,2.2936086654663086,11.996413946151733
1775,0.14961797185242176,0.006732090201694518,2.2895889282226562,11.99899959564209
1776,0.1495707370340824,0.006692210678011179,2.2855746746063232,12.002278566360474
1777,0.15089348331093788,0.008023642934858799,2.2815656661987305,12.00541865825653
1778,0.1504293829202652,0.007638844021130353,2.277561902999878,12.001492023468018
1779,0.15026839263737202,0.00754263368435204,2.2735636234283447,11.99901294708252
1780,0.14951166324317455,0.006835217762272805,2.269570827484131,11.998074173927307
1781,0.15072431974112988,0.00805486220633611,2.2655839920043945,12.001361966133118
1782,0.15002097934484482,0.007381328905466944,2.2616024017333984,12.002363204956055
1783,0.1497029811143875,0.007094030210282654,2.2576260566711426,12.00326943397522
1784,0.14996816217899323,0.007407681550830603,2.253654956817627,12.002393126487732
1785,0.1509275808930397,0.008405506436247379,2.2496888637542725,12.002518892288208
1786,0.15039941109716892,0.00795126979937777,2.2457282543182373,11.999086141586304
1787,0.15014208853244781,0.0077176622580736876,2.2417728900909424,12.000670194625854
1788,0.15008660033345222,0.007689834339544177,2.237823247909546,12.001853823661804
1789,0.15014026314020157,0.00776675739325583,2.2338790893554688,12.003471374511719
1790,0.1495939288288355,0.007303846825379878,2.229940414428711,11.999068021774292
1791,0.1502680517733097,0.008028918586205691,2.226006507873535,11.997907042503357
1792,0.14954272098839283,0.007334043562877923,2.222078323364258,11.998789668083191
1793,0.15012691915035248,0.00793020345736295,2.2181553840637207,12.001516461372375
1794,0.14947261847555637,0.0072781319031491876,2.214237928390503,12.005210995674133
1795,0.14971921034157276,0.007567899767309427,2.2103257179260254,12.004805326461792
1796,0.14965171739459038,0.0075834435992874205,2.206418991088867,12.00040888786316
1797,0.14900518581271172,0.006999615114182234,2.202516555786133,11.998041152954102
1798,0.15009654499590397,0.008100851206108928,2.198620319366455,12.000949144363403
1799,0.1486406959593296,0.0066997522953897715,2.1947295665740967,11.999365091323853
1800,0.1493566371500492,0.007446792034897953,2.1908442974090576,12.00014078617096
1801,0.14924426190555096,0.0073627723613753915,2.1869640350341797,12.001185297966003
1802,0.14886613190174103,0.007014704227913171,2.183088779449463,12.002054452896118
1803,0.14891833439469337,0.007092376647051424,2.1792190074920654,12.003376960754395
1804,0.1499986294656992,0.008205531805288047,2.175354242324829,12.003955721855164
1805,0.15092505887150764,0.009153469116427004,2.171494722366333,12.005664587020874
1806,0.14902767539024353,0.0073520285077393055,2.1676583290100098,11.999906539916992
1807,0.1490783616900444,0.007472745492123067,2.163825273513794,11.996736526489258
1808,0.14903926849365234,0.007481810753233731,2.1599960327148438,11.995750188827515
1809,0.14891496114432812,0.0073569726082496345,2.1561710834503174,11.999627947807312
1810,0.1486765518784523,0.007118004374206066,2.1523499488830566,12.003505229949951
1811,0.14995711669325829,0.008420306665357202,2.1485326290130615,12.005148887634277
1812,0.1481945812702179,0.006712671020068228,2.144719362258911,12.003472208976746
1813,0.14851334132254124,0.007089558755978942,2.1409103870391846,12.001468420028687
1814,0.14818186685442924,0.006809705984778702,2.137105703353882,12.000110507011414
1815,0.1489411760121584,0.007600784592796117,2.133305788040161,12.000733852386475
1816,0.1492348611354828,0.007899781339801848,2.1295104026794434,12.003997564315796
1817,0.1485471073538065,0.007263829873409122,2.1257195472717285,12.002608299255371
1818,0.15004190988838673,0.008815945941023529,2.1219334602355957,12.00066328048706
1819,0.14893651194870472,0.007751719676889479,2.1181516647338867,12.000327825546265
1820,0.1488854344934225,0.007741882815025747,2.1143746376037598,11.999980449676514
1821,0.14842183329164982,0.007324000645894557,2.110602617263794,11.999180912971497
1822,0.14962665550410748,0.008572700491640717,2.10683536529541,11.998560667037964
1823,0.14887094125151634,0.007819989754352719,2.1030733585357666,12.00202226638794
1824,0.14867070503532887,0.007618370931595564,2.099316120147705,12.00591766834259
1825,0.14852241426706314,0.007516735757235438,2.0955636501312256,12.005004525184631
1826,0.14858259819447994,0.007636685448233038,2.091815948486328,12.00277554988861
1827,0.14825472608208656,0.007378368463832885,2.0880727767944336,11.999563455581665
1828,0.14769807644188404,0.006861394504085183,2.0843350887298584,11.999333143234253
1829,0.14799615181982517,0.007190094620455056,2.0806026458740234,12.000003337860107
1830,0.14865118451416492,0.007852811308111995,2.0768749713897705,12.002962231636047
1831,0.14721202105283737,0.006446418818086386,2.0731523036956787,12.003408551216125
1832,0.1482306681573391,0.007500961073674262,2.0694351196289062,12.003535509109497
1833,0.14722186140716076,0.006566713796928525,2.0657224655151367,11.999792337417603
1834,0.1485293861478567,0.007919047900941223,2.062014579772949,11.999019503593445
1835,0.14752396009862423,0.006960699800401926,2.058312177658081,11.998014330863953
1836,0.14774761348962784,0.007184869144111872,2.054615020751953,12.001660108566284
1837,0.14812220819294453,0.007562750659417361,2.0509226322174072,12.00502359867096
1838,0.14691813476383686,0.006411045324057341,2.0472354888916016,12.003473281860352
1839,0.14926617220044136,0.008815328706987202,2.043552875518799,12.001531958580017
1840,0.14835092425346375,0.007953245367389172,2.0398757457733154,11.999892473220825
1841,0.14713204838335514,0.006768752413336188,2.036203622817993,12.000126242637634
1842,0.14768903143703938,0.0073569167871028185,2.032536268234253,12.000675201416016
1843,0.14752923138439655,0.007223431719467044,2.028874158859253,12.00170624256134
1844,0.14698480628430843,0.006716096948366612,2.025217294692993,12.001653671264648
1845,0.14840257167816162,0.008163322636391968,2.0215654373168945,12.002359390258789
1846,0.14755063131451607,0.0073645784868858755,2.017918586730957,12.00068712234497
1847,0.14884965308010578,0.008718919067177922,2.0142767429351807,11.998796820640564
1848,0.14766035415232182,0.007571517373435199,2.0106396675109863,11.998244285583496
1849,0.14688200689852238,0.006808947829995304,2.0070080757141113,12.000298261642456
1850,0.1469649113714695,0.006884622678626329,2.0033814907073975,12.004647850990295
1851,0.1476254165172577,0.007583130209241062,1.9997601509094238,12.0044686794281
1852,0.14760327339172363,0.007628452556673437,1.9961435794830322,12.001339077949524
1853,0.14744983986020088,0.007528486079536378,1.9925320148468018,11.999603629112244
1854,0.14711163565516472,0.007223151158541441,1.9889254570007324,11.999923586845398
1855,0.146424463018775,0.006578228087164462,1.9853236675262451,11.999300241470337
1856,0.14705062471330166,0.007229275244753808,1.981727123260498,12.000407934188843
1857,0.1481629665941,0.008353698649443686,1.978135585784912,12.0027916431427
1858,0.14603880047798157,0.006273151433560997,1.974549412727356,12.002015590667725
1859,0.14775575138628483,0.00801799533655867,1.970968246459961,12.00280773639679
1860,0.14728031493723392,0.0075931817991659045,1.9673919677734375,12.001322031021118
1861,0.14721529372036457,0.007586164749227464,1.963820457458496,11.99909234046936
1862,0.14686493016779423,0.0072654628893360496,1.9602538347244263,11.999693870544434
1863,0.1467099841684103,0.007151792990043759,1.9566922187805176,11.999127388000488
1864,0.14686470851302147,0.0073187052621506155,1.9531359672546387,12.00146472454071
1865,0.1471851859241724,0.007666930207051337,1.9495848417282104,12.002241015434265
1866,0.1479296088218689,0.008436179487034678,1.9460384845733643,12.003304719924927
1867,0.1465834118425846,0.007165113522205502,1.9424972534179688,11.999333143234253
1868,0.14631405845284462,0.00693081907229498,1.9389609098434448,11.99936318397522
1869,0.14567428641021252,0.006288834090810269,1.935429334640503,12.003116011619568
1870,0.1462885718792677,0.0069055071217007935,1.9319026470184326,12.006404161453247
1871,0.1471675019711256,0.007837514858692884,1.928381085395813,12.004617691040039
1872,0.14635434187948704,0.007108973921276629,1.9248645305633545,11.999672412872314
1873,0.14695780910551548,0.007762250956147909,1.9213531017303467,11.998203158378601
1874,0.14722554944455624,0.00804895191686228,1.9178466796875,11.999813437461853
1875,0.1465039048343897,0.0073581968899816275,1.9143449068069458,12.000226378440857
1876,0.14626800082623959,0.0071468299720436335,1.9108481407165527,12.001269340515137
1877,0.1476346030831337,0.008539970323909074,1.9073565006256104,12.00210690498352
1878,0.1467946209013462,0.007743811118416488,1.903869867324829,12.001211524009705
1879,0.14794031716883183,0.008911392418667674,1.9003878831863403,12.002504825592041
1880,0.14736143685877323,0.008362651104107499,1.8969111442565918,12.002967715263367
1881,0.14626654610037804,0.00732460746075958,1.8934388160705566,12.000755310058594
1882,0.14621553756296635,0.007296980242244899,1.8899714946746826,12.001884698867798
1883,0.14645588025450706,0.007579626515507698,1.8865091800689697,12.001116394996643
1884,0.14700153097510338,0.008154590963386,1.883051872253418,12.00164270401001
1885,0.14645562320947647,0.0076604586793109775,1.8795995712280273,11.999917268753052
1886,0.1454830840229988,0.006721227429807186,1.8761518001556396,12.000034093856812
1887,0.14741950668394566,0.008681300154421479,1.8727092742919922,12.001111626625061
1888,0.14610563404858112,0.007392514613457024,1.8692717552185059,12.002040386199951
1889,0.1458700057119131,0.0071822230238467455,1.8658387660980225,12.002939939498901
1890,0.14669188484549522,0.008043189183808863,1.8624109029769897,12.002458810806274
1891,0.1467129085212946,0.008101538405753672,1.858987808227539,12.002149224281311
1892,0.14688780717551708,0.008337909646797925,1.85556960105896,11.999420404434204
1893,0.14576663449406624,0.007256870856508613,1.8521562814712524,11.998820543289185
1894,0.14602792263031006,0.007532802177593112,1.848747968673706,12.0007643699646
1895,0.14692197367548943,0.008411591174080968,1.845344066619873,12.00569474697113
1896,0.14647605642676353,0.008021671616006643,1.8419451713562012,12.003493905067444
1897,0.1460831742733717,0.007705381547566503,1.8385512828826904,11.999228119850159
1898,0.14728891849517822,0.008959407277870923,1.8351622819900513,11.99778938293457
1899,0.14545822888612747,0.007155537838116288,1.8317780494689941,11.998491644859314
1900,0.1471730787307024,0.008856081694830209,1.8283987045288086,12.003300905227661
1901,0.14619986340403557,0.007906225509941578,1.8250242471694946,12.004339575767517
1902,0.1460561491549015,0.0077960598282516,1.8216543197631836,12.004355192184448
1903,0.14504077285528183,0.006850494304671884,1.8182891607284546,12.000739216804504
1904,0.14666529558598995,0.008523132069967687,1.8149288892745972,11.999287962913513
1905,0.14453890547156334,0.006445994251407683,1.8115735054016113,11.99771785736084
1906,0.14601539075374603,0.007919337425846606,1.8082234859466553,12.00138235092163
1907,0.14524376764893532,0.007147153024561703,1.8048781156539917,12.004783868789673
1908,0.1467074528336525,0.008632008160930127,1.801537275314331,12.006007671356201
1909,0.1459620948880911,0.00798793532885611,1.7982009649276733,11.999215364456177
1910,0.14489057287573814,0.006965659849811345,1.7948695421218872,11.997622013092041
1911,0.14574040658771992,0.007839327678084373,1.7915432453155518,11.998565196990967
1912,0.14500300772488117,0.007085246848873794,1.7882215976715088,12.003555059432983
1913,0.14457052573561668,0.006663303647655994,1.7849045991897583,12.005817651748657
1914,0.1459629125893116,0.00812434044200927,1.7815924882888794,12.002265214920044
1915,0.145352927967906,0.007563589548226446,1.7782851457595825,12.000649213790894
1916,0.1459970884025097,0.008231953368522227,1.7749826908111572,12.0015310049057
1917,0.14594279415905476,0.008210452855564654,1.7716845273971558,12.00154995918274
1918,0.14603829197585583,0.008393028983846307,1.768391489982605,11.996135354042053
1919,0.14576799608767033,0.008134891337249428,1.7651031017303467,11.998207330703735
1920,0.14385171048343182,0.00620273151434958,1.7618197202682495,12.003078818321228
1921,0.14490283653140068,0.007233251410070807,1.7585413455963135,12.00841748714447
1922,0.14539847895503044,0.007810082985088229,1.7552670240402222,12.003573060035706
1923,0.14483932964503765,0.007337855058722198,1.751997470855713,11.99815022945404
1924,0.14490635879337788,0.007425983145367354,1.748732566833496,11.999305725097656
1925,0.1445461343973875,0.00706397119211033,1.7454724311828613,12.002744317054749
1926,0.1447272803634405,0.007273721334058791,1.7422170639038086,12.00313913822174
1927,0.14468794874846935,0.007286835345439613,1.738966464996338,12.001145124435425
1928,0.1438706126064062,0.006521776493173093,1.7357211112976074,11.999162912368774
1929,0.14416895434260368,0.006840555754024535,1.7324801683425903,12.000360131263733
1930,0.14484137669205666,0.007544616237282753,1.7292438745498657,12.0004323720932
1931,0.14403625763952732,0.006764789286535233,1.726012110710144,12.001134872436523
1932,0.14378021843731403,0.006550331658218056,1.7227849960327148,12.000203728675842
1933,0.14493209682404995,0.0077017153380438685,1.7195625305175781,12.003475666046143
1934,0.14475577883422375,0.007563667022623122,1.7163450717926025,12.002866268157959
1935,0.1446693390607834,0.007510049326810986,1.7131317853927612,12.002797484397888
1936,0.14375560730695724,0.006664132117293775,1.7099233865737915,11.999224662780762
1937,0.1443321518599987,0.007289752014912665,1.7067197561264038,11.997520565986633
1938,0.1441115029156208,0.007087282370775938,1.7035210132598877,11.99890124797821
1939,0.14379930682480335,0.006770386011339724,1.700326681137085,12.002565622329712
1940,0.14483642391860485,0.0078260701848194,1.6971373558044434,12.0038982629776
1941,0.14442073740065098,0.007465729722753167,1.693952202796936,12.001548767089844
1942,0.1447172723710537,0.007802592299412936,1.6907716989517212,12.000696778297424
1943,0.14429117552936077,0.007423093658871949,1.6875957250595093,11.999212503433228
1944,0.1444648951292038,0.007622067292686552,1.6844244003295898,11.999858617782593
1945,0.14467275142669678,0.007848227862268686,1.681257724761963,12.001194834709167
1946,0.14451546221971512,0.007717828033491969,1.678095817565918,12.001667976379395
1947,0.14303027465939522,0.006269744306337088,1.674938678741455,12.001114845275879
1948,0.143761171028018,0.0069958060048520565,1.6717864274978638,12.004750370979309
1949,0.14420132897794247,0.007466113311238587,1.6686384677886963,12.004883527755737
1950,0.1448739469051361,0.008203360135667026,1.6654951572418213,12.001563787460327
1951,0.1440003104507923,0.00739696342498064,1.662355899810791,11.997979164123535
1952,0.14363777078688145,0.007076191599480808,1.6592214107513428,11.996936678886414
1953,0.14388279989361763,0.007291788817383349,1.6560919284820557,12.00300931930542
1954,0.14338278584182262,0.006805745419114828,1.6529669761657715,12.004737377166748
1955,0.14486442133784294,0.008322519424837083,1.6498467922210693,12.004343509674072
1956,0.14407261088490486,0.007599473814480007,1.6467307806015015,12.000583171844482
1957,0.1440267376601696,0.00759281130740419,1.6436195373535156,11.999773502349854
1958,0.1449124552309513,0.008465659688226879,1.6405127048492432,12.004167199134827
1959,0.14252978190779686,0.00615666015073657,1.6374104022979736,11.9999018907547
1960,0.1434643343091011,0.007132550759706646,1.6343128681182861,11.998865604400635
1961,0.1425960808992386,0.006297066225670278,1.6312203407287598,11.998681902885437
1962,0.1436693426221609,0.007364462362602353,1.6281319856643677,12.00235652923584
1963,0.14408249221742153,0.007786119123920798,1.625048279762268,12.004589438438416
1964,0.14374132454395294,0.00749597029061988,1.6219687461853027,12.002567291259766
1965,0.14341478422284126,0.007228556787595153,1.6188938617706299,11.99972927570343
1966,0.14312661066651344,0.006960579485166818,1.6158232688903809,12.00078010559082
1967,0.1442767959088087,0.008126492786686867,1.612757682800293,12.002272486686707
1968,0.14458864368498325,0.008467567211482674,1.609696388244629,12.002411484718323
1969,0.1438434813171625,0.007797240512445569,1.6066399812698364,11.997984051704407
1970,0.14566082134842873,0.009605489787645638,1.6035878658294678,12.00194537639618
1971,0.14366708882153034,0.007638774695806205,1.600540280342102,12.002291321754456
1972,0.14419171400368214,0.008177475712727755,1.5974969863891602,12.003927111625671
1973,0.14452091977000237,0.008579404908232391,1.5944581031799316,11.999693751335144
1974,0.1438115257769823,0.007904309371951967,1.5914251804351807,11.999297022819519
1975,0.14509002678096294,0.00917800929164514,1.5883967876434326,12.00280511379242
1976,0.1434413082897663,0.00754759123083204,1.5853726863861084,12.003999471664429
1977,0.14245538413524628,0.006621367239858955,1.5823532342910767,12.001048684120178
1978,0.14313705451786518,0.007342539262026548,1.5793378353118896,12.0001140832901
1979,0.14308205246925354,0.0072888448485173285,1.5763270854949951,12.002993822097778
1980,0.1426619589328766,0.006895242433529347,1.5733203887939453,12.00335144996643
1981,0.14283046685159206,0.007141137786675245,1.5703182220458984,11.99861478805542
1982,0.14357124269008636,0.007920056930743158,1.5673203468322754,11.997798442840576
1983,0.14301366358995438,0.0073843259597197175,1.5643270015716553,11.998607158660889
1984,0.1433463841676712,0.007725266623310745,1.5613384246826172,12.000773549079895
1985,0.14215463772416115,0.006549515237566084,1.5583537817001343,12.002158761024475
1986,0.14283502660691738,0.007244765933137387,1.5553737878799438,12.003652691841125
1987,0.14319815672934055,0.007646831276360899,1.5523979663848877,12.002735137939453
1988,0.14273083768785,0.007246154185850173,1.549426555633545,11.99904215335846
1989,0.14163075760006905,0.006173803354613483,1.5464595556259155,11.999236226081848
1990,0.1426858901977539,0.007226943736895919,1.543497085571289,12.002397894859314
1991,0.14313543401658535,0.007707117416430265,1.540539026260376,12.002293109893799
1992,0.14331751875579357,0.0079347308492288,1.5375854969024658,12.000693678855896
1993,0.14362174458801746,0.008295438077766448,1.5346360206604004,11.997995018959045
1994,0.14242899045348167,0.007113273022696376,1.531691074371338,11.999881148338318
1995,0.14320169761776924,0.007895586837548763,1.5287504196166992,12.001860857009888
1996,0.14249277487397194,0.0072084887069649994,1.5258139371871948,12.002614974975586
1997,0.14334789849817753,0.008077364589553326,1.5228822231292725,12.00417149066925
1998,0.1420987993478775,0.006881999026518315,1.519954800605774,12.001725316047668
1999,0.14225534908473492,0.007091364648658782,1.5170319080352783,11.999366641044617
2000,0.14233977533876896,0.007213470817077905,1.514113426208496,11.998517155647278
2001,0.14315416105091572,0.008022209513001144,1.5111994743347168,12.001995921134949
2002,0.14120562933385372,0.006087525689508766,1.5082895755767822,12.003521203994751
2003,0.14254127070307732,0.007450019824318588,1.5053837299346924,12.003741383552551
2004,0.1423801314085722,0.007346989004872739,1.5024821758270264,12.000832438468933
2005,0.14195371977984905,0.006975809694267809,1.4995849132537842,11.998206496238708
2006,0.14180667139589787,0.006850190809927881,1.4966925382614136,11.998955965042114
2007,0.14165016263723373,0.00670189771335572,1.493804693222046,12.001022100448608
2008,0.14300362393260002,0.00807177391834557,1.4909212589263916,12.002264022827148
2009,0.14259949140250683,0.007704891497269273,1.488041639328003,12.001418590545654
2010,0.14147810451686382,0.0066361865028738976,1.4851666688919067,11.999025464057922
2011,0.14136493392288685,0.006534078565891832,1.4822958707809448,12.000789761543274
2012,0.1425592005252838,0.007723495946265757,1.4794292449951172,12.004141569137573
2013,0.142527274787426,0.007729512290097773,1.476567029953003,12.003209471702576
2014,0.14254372008144855,0.00782129098661244,1.473708987236023,11.998533964157104
2015,0.1411007046699524,0.00641004485078156,1.4708553552627563,11.998210668563843
2016,0.14277701638638973,0.008071245392784476,1.4680062532424927,12.002571105957031
2017,0.14216244406998158,0.007480006024707109,1.4651613235473633,12.003082633018494
2018,0.1412045881152153,0.006578304688446224,1.4623209238052368,12.00030779838562
2019,0.14197859168052673,0.0073985804338008165,1.4594846963882446,11.998516917228699
2020,0.14234614744782448,0.007768321724142879,1.4566526412963867,12.00113034248352
2021,0.14148344658315182,0.006941241852473468,1.4538248777389526,12.000396013259888
2022,0.14218760654330254,0.007671841944102198,1.4510014057159424,12.000575542449951
2023,0.14121770486235619,0.006708395841997117,1.4481821060180664,12.00274908542633
2024,0.14286713860929012,0.008363584813196212,1.4453670978546143,12.00498878955841
2025,0.1420004814863205,0.007565802603494376,1.442556619644165,12.000911712646484
2026,0.141323896124959,0.0069423154927790165,1.4397499561309814,11.998408436775208
2027,0.14189943112432957,0.007521432475186884,1.4369481801986694,12.00085198879242
2028,0.1408971194177866,0.00653357821283862,1.4341504573822021,12.002203702926636
2029,0.14132959209382534,0.006977319833822548,1.4313565492630005,12.003870725631714
2030,0.14220786280930042,0.007909425592515618,1.4285671710968018,12.001277208328247
2031,0.14120193012058735,0.006945504923351109,1.4257820844650269,11.999860405921936
2032,0.14187846519052982,0.007659026596229523,1.4230014085769653,11.998942494392395
2033,0.1417633257806301,0.007562792452517897,1.420224905014038,11.999829173088074
2034,0.14108166843652725,0.006891313008964062,1.4174526929855347,12.001583099365234
2035,0.14292071387171745,0.008737523865420371,1.414684534072876,12.003634929656982
2036,0.1413048356771469,0.007165671151597053,1.4119205474853516,12.001996040344238
2037,0.14152547158300877,0.007416523236315697,1.409160852432251,12.001734495162964
2038,0.1414787508547306,0.007393163570668548,1.4064052104949951,12.002153873443604
2039,0.14138921536505222,0.007326729595661163,1.403653860092163,12.002594828605652
2040,0.14112403988838196,0.007114896026905626,1.4009068012237549,12.00000786781311
2041,0.14129053615033627,0.007322721357923001,1.3981637954711914,11.998618006706238
2042,0.1405789479613304,0.006638802296947688,1.3954254388809204,11.998589515686035
2043,0.14187928847968578,0.0079284772509709,1.3926911354064941,12.002390265464783
2044,0.142346715554595,0.008420251426286995,1.389960765838623,12.002686023712158
2045,0.14057009480893612,0.006706384534481913,1.3872345685958862,11.999136686325073
2046,0.14114094898104668,0.007287256186828017,1.3845125436782837,12.00085735321045
2047,0.1419813223183155,0.008109727990813553,1.3817949295043945,12.005364775657654
2048,0.14226118475198746,0.00842156115686521,1.37908136844635,12.004880785942078
2049,0.14169111661612988,0.007923836179543287,1.3763720989227295,12.000355958938599
2050,0.14023899845778942,0.006515340181067586,1.3736670017242432,11.998699069023132
2051,0.14169767312705517,0.007966527598910034,1.3709659576416016,12.002148985862732
2052,0.14097812213003635,0.007267019420396537,1.3682689666748047,12.002841711044312
2053,0.14099903032183647,0.0073455978417769074,1.365576148033142,11.999767184257507
2054,0.1408329103142023,0.007206043344922364,1.3628876209259033,11.999799370765686
2055,0.14204037189483643,0.008423206047154963,1.3602032661437988,12.001513600349426
2056,0.1402291487902403,0.006607773131690919,1.3575232028961182,12.00461459159851
2057,0.14035207405686378,0.006803768337704241,1.3548469543457031,11.999983787536621
2058,0.14101401716470718,0.007489357085432857,1.352174997329712,12.000291347503662
2059,0.14087082631886005,0.007348337268922478,1.3495073318481445,12.002741575241089
2060,0.14066591300070286,0.007152252364903688,1.3468436002731323,12.004522562026978
2061,0.14154311642050743,0.008095733704976737,1.3441838026046753,12.000554919242859
2062,0.14059285074472427,0.0071903051575645804,1.341528058052063,11.998726725578308
2063,0.14027319476008415,0.006877057021483779,1.338876724243164,12.000737190246582
2064,0.14057334326207638,0.007197675877250731,1.3362295627593994,12.001337766647339
2065,0.14045302383601665,0.007111847400665283,1.333586573600769,12.000531435012817
2066,0.14081567153334618,0.007496622274629772,1.3309476375579834,12.000957727432251
2067,0.14121254347264767,0.007908654224593192,1.328312635421753,12.002076506614685
2068,0.13994883373379707,0.006691843620501459,1.3256819248199463,12.000017285346985
2069,0.1409445535391569,0.0077040938776917756,1.3230550289154053,12.000991463661194
2070,0.14054473862051964,0.007324655365664512,1.3204320669174194,12.001576781272888
2071,0.14024452306330204,0.00705710070906207,1.3178131580352783,12.000929355621338
2072,0.1411018054932356,0.007955244567710906,1.3151986598968506,11.999457836151123
2073,0.14020556025207043,0.0070789739256724715,1.3125882148742676,12.000070452690125
2074,0.13974098302423954,0.006616511382162571,1.3099819421768188,12.002465605735779
2075,0.1403762400150299,0.00726907595526427,1.3073794841766357,12.003337264060974
2076,0.13952881284058094,0.006456698407419026,1.3047809600830078,12.002431154251099
2077,0.14036443457007408,0.007339503790717572,1.3021866083145142,12.000306963920593
2078,0.14054068736732006,0.00753912451909855,1.2995960712432861,12.000560760498047
2079,0.1400588620454073,0.0070771503378637135,1.2970099449157715,12.001161336898804
2080,0.14062601514160633,0.007679639616981149,1.2944276332855225,12.000210285186768
2081,0.14029551669955254,0.007385691860690713,1.2918497323989868,11.999133110046387
2082,0.13992767594754696,0.007020193268544972,1.289275884628296,12.00147294998169
2083,0.1402849555015564,0.007393241045065224,1.286705732345581,12.002466201782227
2084,0.13958769477903843,0.006740866811014712,1.284139633178711,12.000543236732483
2085,0.14072798751294613,0.00790169631363824,1.2815775871276855,12.001052021980286
2086,0.14042886160314083,0.007621004129759967,1.2790194749832153,12.001766443252563
2087,0.13955142349004745,0.006765245459973812,1.2764652967453003,12.002152681350708
2088,0.14013614505529404,0.007382581359706819,1.2739150524139404,12.001441955566406
2089,0.13996358029544353,0.00724165647989139,1.2713689804077148,12.000823736190796
2090,0.14070578292012215,0.008023246889933944,1.268826961517334,11.999427080154419
2091,0.13931813649833202,0.006657886668108404,1.2662888765335083,11.999736309051514
2092,0.14047785103321075,0.007835386146325618,1.2637548446655273,12.000492215156555
2093,0.13945775665342808,0.006837304215878248,1.2612247467041016,12.000820517539978
2094,0.1406806167215109,0.0080757507821545,1.258698582649231,12.00178849697113
2095,0.14015829004347324,0.0075937374494969845,1.256176471710205,12.000279068946838
2096,0.1402433179318905,0.0076910899369977415,1.2536582946777344,12.001564979553223
2097,0.14012397453188896,0.007591375499032438,1.2511439323425293,12.002116322517395
2098,0.1399957425892353,0.007488560571800917,1.2486335039138794,12.002085089683533
2099,0.1390499211847782,0.006581128283869475,1.2461271286010742,12.000752329826355
2100,0.13990466482937336,0.007445035153068602,1.2436245679855347,12.002338647842407
2101,0.14076891541481018,0.008328698109835386,1.2411260604858398,12.002895951271057
2102,0.14029910787940025,0.007913306122645736,1.2386313676834106,11.999948978424072
2103,0.14021918550133705,0.007871654175687581,1.2361407279968262,11.99861228466034
2104,0.13971085287630558,0.007386653276626021,1.233654260635376,11.998766303062439
2105,0.1391199417412281,0.006791496300138533,1.2311714887619019,12.001673221588135
2106,0.14108330756425858,0.008777039940468967,1.2286927700042725,12.001934289932251
2107,0.13888882473111153,0.006618957209866494,1.2262177467346191,12.000769138336182
2108,0.13985911756753922,0.00761482072994113,1.2237470149993896,12.000682950019836
2109,0.140650762245059,0.008379671373404562,1.2212799787521362,12.005829334259033
2110,0.13922349363565445,0.006989568180870265,1.218816876411438,12.004575967788696
2111,0.13907669484615326,0.006919811596162617,1.2163574695587158,11.99933111667633
2112,0.13947566039860249,0.007377052854280919,1.2139018774032593,11.995959043502808
2113,0.1392494272440672,0.007128655444830656,1.2114503383636475,12.000626921653748
2114,0.14004943147301674,0.00793138873996213,1.2090027332305908,12.002801775932312
2115,0.14013537019491196,0.008063057612162083,1.2065590620040894,12.000672936439514
2116,0.1402609683573246,0.00822214043000713,1.2041194438934326,11.99976360797882
2117,0.13941896334290504,0.007398446497973055,1.2016838788986206,12.000367999076843
2118,0.13904952630400658,0.007036543975118548,1.1992520093917847,12.002046823501587
2119,0.13841324672102928,0.00641573203029111,1.1968237161636353,12.002928137779236
2120,0.13964278064668179,0.007669990067370236,1.194399118423462,12.002880334854126
2121,0.1388826910406351,0.006972313218284398,1.1919784545898438,11.999059557914734
2122,0.1389635019004345,0.0070889859343878925,1.1895617246627808,11.99789035320282
2123,0.13880576379597187,0.006936109275557101,1.187149167060852,11.999816417694092
2124,0.1389361098408699,0.007037296425551176,1.184740424156189,12.005141139030457
2125,0.13907225988805294,0.007233101699966937,1.1823354959487915,12.001580357551575
2126,0.13940823450684547,0.007583532016724348,1.179934024810791,12.00253677368164
2127,0.1389074344187975,0.007144812727347016,1.177537202835083,11.998725175857544
2128,0.13881343975663185,0.0070510528748854995,1.175144076347351,12.001095175743103
2129,0.1394156478345394,0.007665330718737096,1.1727547645568848,12.002277374267578
2130,0.1388214472681284,0.0071075441665016115,1.1703693866729736,12.001021146774292
2131,0.13956016674637794,0.007868817367125303,1.1679877042770386,12.001147508621216
2132,0.1386723890900612,0.007009996741544455,1.1656097173690796,12.000629544258118
2133,0.1383824422955513,0.006729148037265986,1.1632351875305176,12.002094745635986
2134,0.13887473940849304,0.007245138578582555,1.1608645915985107,12.002095699310303
2135,0.13869043812155724,0.007099790207576007,1.1584978103637695,12.000567317008972
2136,0.13922823034226894,0.007659486785996705,1.156134843826294,12.000739693641663
2137,0.1386328488588333,0.0070949235232546926,1.1537760496139526,12.000016570091248
2138,0.13972505182027817,0.008208632410969585,1.151421070098877,12.000221252441406
2139,0.13817595690488815,0.006663872045464814,1.1490696668624878,12.00213897228241
2140,0.13821964897215366,0.006751756474841386,1.1467220783233643,12.000067830085754
2141,0.13925433158874512,0.007783037261106074,1.1443778276443481,12.00275194644928
2142,0.1387988142669201,0.007359209004789591,1.1420373916625977,12.001923680305481
2143,0.13979406654834747,0.008346501621417701,1.1397005319595337,12.005056023597717
2144,0.1389213390648365,0.007516510377172381,1.137367844581604,12.003115057945251
2145,0.13913226872682571,0.007763983914628625,1.1350388526916504,12.001789927482605
2146,0.14028115384280682,0.008965440443716943,1.132713794708252,11.998857975006104
2147,0.1387146171182394,0.0074271862977184355,1.13039231300354,11.998351216316223
2148,0.139221528545022,0.007953195949085057,1.1280745267868042,11.998758792877197
2149,0.13871610164642334,0.0074485468794591725,1.125760555267334,12.000995397567749
2150,0.13845884799957275,0.0071988378767855465,1.1234502792358398,12.002551078796387
2151,0.13852734491229057,0.007275757030583918,1.1211435794830322,12.004015803337097
2152,0.13798515126109123,0.006780845404136926,1.1188405752182007,12.001590490341187
2153,0.1378733217716217,0.006694117793813348,1.1165412664413452,12.00137972831726
2154,0.13885037414729595,0.007694021624047309,1.1142460107803345,12.001389622688293
2155,0.1382996141910553,0.007172895420808345,1.1119544506072998,12.000717520713806
2156,0.1392351184040308,0.00812902650795877,1.1096667051315308,12.000942826271057
2157,0.139150258153677,0.00804496166529134,1.1073825359344482,12.003147602081299
2158,0.13827525079250336,0.007210180861875415,1.1051019430160522,12.001405239105225
2159,0.13909912109375,0.008060460444539785,1.1028249263763428,12.001041293144226
2160,0.13832015730440617,0.007320867443922907,1.100551724433899,11.999377489089966
2161,0.13917207904160023,0.008176190196536481,1.0982822179794312,12.001306772232056
2162,0.13822562620043755,0.007263595296535641,1.0960166454315186,12.000186920166016
2163,0.1380480881780386,0.007101920433342457,1.093754768371582,12.00086224079132
2164,0.13843658939003944,0.007509834074880928,1.0914963483810425,12.001179218292236
2165,0.13780678808689117,0.006885832000989467,1.0892415046691895,12.002854228019714
2166,0.1387164555490017,0.007797661237418652,1.086990475654602,12.004889011383057
2167,0.13751020096242428,0.006659842445515096,1.0847429037094116,12.000293016433716
2168,0.13819941505789757,0.007375671062618494,1.0824989080429077,11.999875664710999
2169,0.13728191889822483,0.006490447500254959,1.080258846282959,11.998888492584229
2170,0.13888419046998024,0.008099377329926938,1.0780224800109863,12.00045919418335
2171,0.13738998025655746,0.0066453085746616125,1.0757899284362793,11.998677611351013
2172,0.13777516782283783,0.007020590710453689,1.073561191558838,12.001896977424622
2173,0.13907009549438953,0.00831843598280102,1.0713356733322144,12.003830552101135
2174,0.13763504661619663,0.006935348967090249,1.0691137313842773,12.000856041908264
2175,0.13819744437932968,0.007535996730439365,1.0668954849243164,11.999249458312988
2176,0.13775658421218395,0.007105618016794324,1.064680814743042,12.000415802001953
2177,0.1390561442822218,0.008398529782425612,1.0624698400497437,12.003291845321655
2178,0.13792423903942108,0.007293693604879081,1.0602625608444214,12.002792000770569
2179,0.1373241525143385,0.00674741918919608,1.0580589771270752,11.999614953994751
2180,0.13820817321538925,0.007660259841941297,1.055859088897705,11.998932600021362
2181,0.13821643963456154,0.007677979709114879,1.053662657737732,12.000183582305908
2182,0.13807739317417145,0.0075598652474582195,1.0514696836471558,12.000283002853394
2183,0.1386977694928646,0.008183799334801733,1.0492804050445557,12.002116441726685
2184,0.13885105401277542,0.008378189464565367,1.0470945835113525,12.000192284584045
2185,0.1384660042822361,0.007993525243364275,1.0449144840240479,12.002333879470825
2186,0.13728955015540123,0.00686960673192516,1.0427378416061401,11.99925684928894
2187,0.13801186345517635,0.007576473348308355,1.0405645370483398,12.00297474861145
2188,0.1383356936275959,0.007908321742434055,1.0383946895599365,12.004343152046204
2189,0.13818916864693165,0.007816045719664544,1.0362282991409302,12.001084327697754
2190,0.13724250718951225,0.00690876500448212,1.0340652465820312,11.999309420585632
2191,0.13820376060903072,0.007889904838521034,1.0319057703018188,11.9994797706604
2192,0.1384580358862877,0.008128421381115913,1.0297499895095825,12.003211855888367
2193,0.13743640296161175,0.007144055038224906,1.027597427368164,12.001637697219849
2194,0.1382862851023674,0.008029494958464056,1.0254483222961426,12.00023102760315
2195,0.13734296895563602,0.007118350826203823,1.023302674293518,11.999159574508667
2196,0.13828257471323013,0.008071324205957353,1.0211604833602905,11.999964594841003
2197,0.13787653483450413,0.007658866990823299,1.0190218687057495,12.002744793891907
2198,0.13734550401568413,0.007136487518437207,1.016886591911316,12.004015445709229
2199,0.13846918009221554,0.008278159599285573,1.0147550106048584,12.004347205162048
2200,0.137581380084157,0.0074564151000231504,1.0126266479492188,11.99987006187439
2201,0.13732171431183815,0.007244221109431237,1.010501742362976,11.997247815132141
2202,0.13805771246552467,0.007990702230017632,1.00838041305542,11.998320817947388
2203,0.1366074811667204,0.006557431654073298,1.0062627792358398,11.998742580413818
2204,0.1371062956750393,0.007011703273747116,1.0041487216949463,12.005310893058777
2205,0.1386215854436159,0.008553796564228833,1.0020380020141602,12.004740953445435
2206,0.1369599662721157,0.006945736065972596,0.9999306201934814,12.001492857933044
2207,0.1375106368213892,0.007540025457274169,0.997826874256134,11.999234676361084
2208,0.1377563700079918,0.007776417187415063,0.995726466178894,12.0022691488266
2209,0.13679197616875172,0.006847727170679718,0.9936296939849854,12.000795602798462
2210,0.13732712715864182,0.00741297600325197,0.9915363192558289,11.999878764152527
2211,0.13705480471253395,0.007152221165597439,0.9894464612007141,12.00081205368042
2212,0.13634794764220715,0.0064715000917203724,0.9873600602149963,12.000285029411316
2213,0.1374252401292324,0.0075492640025913715,0.9852771759033203,12.002320647239685
2214,0.13749486580491066,0.007658837421331555,0.9831976890563965,12.000405550003052
2215,0.13667119480669498,0.006863779621198773,0.9811217188835144,11.999619960784912
2216,0.13613827899098396,0.006343169487081468,0.9790490865707397,12.000462293624878
2217,0.1373237445950508,0.007525722088757902,0.9769799113273621,12.002822399139404
2218,0.13680458441376686,0.007017824798822403,0.9749141931533813,12.003762006759644
2219,0.1378697883337736,0.008124580257572234,0.9728519916534424,12.00166916847229
2220,0.13635537959635258,0.006644860142841935,0.9707934260368347,12.000258922576904
2221,0.13708103820681572,0.007393594190943986,0.9687382578849792,12.000006675720215
2222,0.1367116253823042,0.007057445356622338,0.9666861295700073,11.99873173236847
2223,0.13630777783691883,0.006677296129055321,0.9646377563476562,11.99841046333313
2224,0.13685401156544685,0.00722144654719159,0.9625928401947021,12.000664114952087
2225,0.13851029239594936,0.00885332329198718,0.9605511426925659,12.005146265029907
2226,0.1367400735616684,0.007120432157535106,0.9585130214691162,12.003451347351074
2227,0.13731771521270275,0.007735476945526898,0.9564782381057739,12.001745343208313
2228,0.13704080320894718,0.007484975270926952,0.9544468522071838,12.001136064529419
2229,0.13764487765729427,0.008111430506687611,0.9524192214012146,12.000925779342651
2230,0.13754631206393242,0.008039514941629022,0.9503947496414185,12.000285387039185
2231,0.13779007829725742,0.00830115337157622,0.9483736753463745,12.000519275665283
2232,0.13628051429986954,0.006824795680586249,0.9463559985160828,11.999216079711914
2233,0.1364977080374956,0.007057761482428759,0.9443416595458984,11.999653100967407
2234,0.13647880032658577,0.007034864916931838,0.9423307180404663,12.002063035964966
2235,0.1365627758204937,0.0071332211955450475,0.9403231739997864,12.00263249874115
2236,0.1370585486292839,0.007662687392439693,0.9383190870285034,12.001267433166504
2237,0.1358392909169197,0.006459698313847184,0.9363184571266174,12.001640915870667
2238,0.1359461471438408,0.006582636677194387,0.9343213438987732,12.00203013420105
2239,0.13660872355103493,0.007270170375704765,0.9323275089263916,12.001528143882751
2240,0.13674247823655605,0.007432714162860066,0.9303370118141174,12.000639796257019
2241,0.13668255880475044,0.0073998874286189675,0.9283497333526611,11.99991762638092
2242,0.1365869790315628,0.007301540055777878,0.926365852355957,12.002178430557251
2243,0.13714134879410267,0.007883223588578403,0.9243851900100708,12.00142765045166
2244,0.13754460215568542,0.008313001657370478,0.9224079847335815,12.000752449035645
2245,0.1359081082046032,0.006688572291750461,0.9204343557357788,12.001519441604614
2246,0.1364335622638464,0.007229706679936498,0.918464183807373,12.001921892166138
2247,0.13539007119834423,0.006216068111825734,0.9164972901344299,12.000903010368347
2248,0.13658461719751358,0.007444729912094772,0.9145336747169495,11.999455451965332
2249,0.13644330389797688,0.007323182886466384,0.9125732183456421,11.999439358711243
2250,0.13610067032277584,0.00699124118546024,0.9106162190437317,12.000327229499817
2251,0.1363307535648346,0.007216790341772139,0.9086624383926392,12.002734065055847
2252,0.13716374337673187,0.008077145146671683,0.9067119359970093,12.001948237419128
2253,0.13671213015913963,0.007660646748263389,0.9047648310661316,12.000383973121643
2254,0.13680159859359264,0.007759399595670402,0.9028211832046509,12.001399040222168
2255,0.13613342493772507,0.007110390055458993,0.9008809328079224,12.001423120498657
2256,0.13728713057935238,0.008263900759629905,0.8989437818527222,12.003379583358765
2257,0.13670161738991737,0.007716368359979242,0.8970099091529846,12.00151526927948
2258,0.13654191605746746,0.007588077161926776,0.8950791358947754,12.00030505657196
2259,0.13576910458505154,0.006862343056127429,0.8931519985198975,11.997524738311768
2260,0.13646819442510605,0.00755386333912611,0.8912279605865479,12.000205397605896
2261,0.1365867517888546,0.007694649801123887,0.8893073797225952,11.999903559684753
2262,0.1366305761039257,0.007738572487141937,0.8873902559280396,12.001810550689697
2263,0.1371693592518568,0.00829325639642775,0.885476291179657,12.002133965492249
2264,0.13565185852348804,0.006800137984100729,0.8835654854774475,12.001606822013855
2265,0.13632298074662685,0.007486212300136685,0.8816578388214111,12.002019166946411
2266,0.13686367124319077,0.008045156602747738,0.8797533512115479,12.002098202705383
2267,0.13552273251116276,0.006749004009179771,0.8778524398803711,11.999520659446716
2268,0.1359846256673336,0.0072287729708477855,0.8759548664093018,11.999630689620972
2269,0.1378516685217619,0.009118165355175734,0.8740604519844055,11.999290108680725
2270,0.13517478480935097,0.006450870132539421,0.8721691370010376,12.000222563743591
2271,0.13565547205507755,0.006949346570763737,0.8702812194824219,12.00033152103424
2272,0.13613078370690346,0.007418456138111651,0.8683966398239136,12.002836108207703
2273,0.1355648022145033,0.0068689839681610465,0.8665152192115784,12.003067255020142
2274,0.13688500970602036,0.008216871356125921,0.8646368384361267,12.002177476882935
2275,0.13544795662164688,0.006841583643108606,0.8627618551254272,11.997875571250916
2276,0.13645166344940662,0.007842834515031427,0.86089026927948,11.999992847442627
2277,0.13726700469851494,0.00863722013309598,0.8590219020843506,12.00395667552948
2278,0.13564276322722435,0.007044115161988884,0.85715651512146,12.002708315849304
2279,0.13639733754098415,0.007870503060985357,0.8552943468093872,11.997389554977417
2280,0.1358398273587227,0.007308639236725867,0.8534352779388428,11.99968409538269
2281,0.13546373695135117,0.006930611678399146,0.8515797853469849,12.00173306465149
2282,0.1352608297020197,0.006733182643074542,0.8497272729873657,12.003037929534912
2283,0.1360613778233528,0.007565325475297868,0.847878098487854,12.00172734260559
2284,0.1354023963212967,0.0069555623340420425,0.8460322022438049,11.998651623725891
2285,0.1354641690850258,0.007039963151328266,0.8441892862319946,11.998231768608093
2286,0.1353260725736618,0.006905450369231403,0.8423498272895813,11.999712705612183
2287,0.1366819404065609,0.008234464330598712,0.8405133485794067,12.00423514842987
2288,0.13611026853322983,0.007696627464611083,0.8386800289154053,12.002684473991394
2289,0.13535980135202408,0.006988152803387493,0.8368497490882874,12.000315427780151
2290,0.13546005450189114,0.007118817535229027,0.8350228071212769,11.999101281166077
2291,0.13607103936374187,0.007699725101701915,0.8331992626190186,12.00393259525299
2292,0.13692164421081543,0.0085618692683056,0.8313788175582886,12.004599213600159
2293,0.13569740764796734,0.0074030194082297385,0.8295615911483765,11.999877572059631
2294,0.13504206761717796,0.006772824504878372,0.8277473449707031,11.99917721748352
2295,0.13488868437707424,0.006632545962929726,0.8259360790252686,11.999678134918213
2296,0.13542527705430984,0.007172407174948603,0.8241280913352966,12.001159191131592
2297,0.1355708371847868,0.007321081589907408,0.8223233819007874,12.002652406692505
2298,0.13667164370417595,0.008452775480691344,0.8205218315124512,12.001365184783936
2299,0.13553820550441742,0.0073444017907604575,0.8187234401702881,12.000657320022583
2300,0.1357502117753029,0.007561838545370847,0.8169281482696533,12.001909375190735
2301,0.1344474758952856,0.00630002556135878,0.8151360154151917,11.999609112739563
2302,0.13636192679405212,0.008220126677770168,0.8133469820022583,12.00083315372467
2303,0.13560672104358673,0.0074641568353399634,0.8115612268447876,12.002695083618164
2304,0.13554461114108562,0.007439463690388948,0.8097784519195557,12.000736594200134
2305,0.1350279599428177,0.006964991334825754,0.8079988956451416,11.998298406600952
2306,0.13558499328792095,0.0075493783806450665,0.8062223196029663,11.997339725494385
2307,0.13515380769968033,0.0070980393211357296,0.8044488430023193,12.001128435134888
2308,0.13557942397892475,0.007502701017074287,0.8026784658432007,12.00499427318573
2309,0.13428588397800922,0.006263018934987485,0.8009111285209656,12.001375794410706
2310,0.1346783135086298,0.0066914764465764165,0.7991470098495483,11.999537229537964
2311,0.13606964983046055,0.00809506728546694,0.797386109828949,12.000072479248047
2312,0.13501422107219696,0.007034814858343452,0.7956280708312988,12.002312779426575
2313,0.13496534898877144,0.0069989783223718405,0.7938733100891113,12.002764225006104
2314,0.13522417657077312,0.007263394596520811,0.7921216487884521,12.00395679473877
2315,0.13598261214792728,0.008049716707319021,0.7903730273246765,12.002916693687439
2316,0.1350958477705717,0.00719226710498333,0.7886275053024292,12.001731038093567
2317,0.13465229608118534,0.006807769299484789,0.7868847846984863,11.997568249702454
2318,0.13485008291900158,0.007011323410551995,0.7851454019546509,11.998730659484863
2319,0.13515806943178177,0.007306984509341419,0.7834089994430542,12.001699686050415
2320,0.13535339012742043,0.0074732808861881495,0.7816759347915649,12.006335139274597
2321,0.13488970138132572,0.007050824468024075,0.7799457311630249,12.003942251205444
2322,0.13565043359994888,0.007859735982492566,0.7782184481620789,12.000851511955261
2323,0.1359421405941248,0.008180549775715917,0.7764942646026611,11.999664783477783
2324,0.13454403541982174,0.006814329419285059,0.774773359298706,11.998197793960571
2325,0.13394908607006073,0.006232292042113841,0.7730554342269897,11.998624086380005
2326,0.13513939268887043,0.007407041091937572,0.771340548992157,12.001895308494568
2327,0.13486547395586967,0.007116055057849735,0.769628643989563,12.005313634872437
2328,0.13577900826931,0.00806789199123159,0.767919659614563,12.00319218635559
2329,0.13563250750303268,0.007940298353787512,0.7662139534950256,12.003007292747498
2330,0.13515773229300976,0.0074914328288286924,0.764510989189148,12.002119064331055
2331,0.13577828370034695,0.008123928215354681,0.762811005115509,12.00262451171875
2332,0.13578598201274872,0.008184365986380726,0.7611142992973328,11.99904751777649
2333,0.13586368784308434,0.008283521339762956,0.7594206929206848,11.99859631061554
2334,0.13523784279823303,0.007664825359825045,0.7577301859855652,11.999571919441223
2335,0.1350810993462801,0.007501167478039861,0.75604248046875,12.001950979232788
2336,0.13547728024423122,0.007907988678198308,0.7543575763702393,12.002572059631348
2337,0.13470644690096378,0.0071536938776262105,0.7526756525039673,12.002599954605103
2338,0.13416720926761627,0.006626477814279497,0.7509967088699341,12.003076791763306
2339,0.1345996856689453,0.0071124505484476686,0.7493210434913635,11.999402403831482
2340,0.1357139740139246,0.008251238032244146,0.7476483583450317,11.998625636100769
2341,0.13530308380723,0.007844267063774168,0.745978832244873,11.999903082847595
2342,0.1339898258447647,0.0065237999078817666,0.7443122863769531,12.002290487289429
2343,0.13475993648171425,0.007316711824387312,0.7426484227180481,12.00167441368103
2344,0.1347996722906828,0.007371713290922344,0.7409874796867371,12.001808404922485
2345,0.13576178438961506,0.008348470728378743,0.7393293380737305,12.002002596855164
2346,0.1350483689457178,0.007647974940482527,0.7376742362976074,12.002365827560425
2347,0.13470538519322872,0.0073347046272829175,0.7360223531723022,12.001045942306519
2348,0.13452696055173874,0.007166614173911512,0.7343735098838806,12.00166130065918
2349,0.13530977815389633,0.007959016365930438,0.732727587223053,12.002348899841309
2350,0.13501399755477905,0.007716028660070151,0.7310847043991089,11.998712539672852
2351,0.13492252118885517,0.007649007602594793,0.7294445633888245,11.997907161712646
2352,0.1348575297743082,0.007561242149677128,0.7278072834014893,12.001821637153625
2353,0.13445080630481243,0.007179132255259901,0.726172924041748,12.00099515914917
2354,0.13564337603747845,0.008378588652703911,0.724541425704956,12.001937747001648
2355,0.13446917943656445,0.0072283060871995986,0.7229130268096924,12.001174569129944
2356,0.13511485792696476,0.007861768186558038,0.7212876081466675,12.004021286964417
2357,0.13544237799942493,0.008243775984738022,0.7196652293205261,12.000195384025574
2358,0.13428509421646595,0.007122261624317616,0.7180459499359131,11.99823772907257
2359,0.135076766833663,0.007879182987380773,0.7164294123649597,12.003329277038574
2360,0.13473726622760296,0.007566255459096283,0.714815616607666,12.002285718917847
2361,0.1350097991526127,0.007882067351602018,0.713204562664032,11.999568700790405
2362,0.13538368605077267,0.00827066705096513,0.7115963697433472,11.999705910682678
2363,0.134132232517004,0.007011626788880676,0.7099913358688354,12.002069473266602
2364,0.13354837708175182,0.0064669951680116355,0.7083892226219177,11.999749064445496
2365,0.13398085162043571,0.006890914111863822,0.7067903280258179,12.002203941345215
2366,0.13519929349422455,0.0080950724077411,0.7051941156387329,12.005228281021118
2367,0.13582110963761806,0.008762794197537005,0.7036004662513733,12.002231359481812
2368,0.13367237709462643,0.006675295473542064,0.702009916305542,11.997698783874512
2369,0.13480676338076591,0.007803476764820516,0.7004221677780151,11.99990689754486
2370,0.13488218933343887,0.007865500170737505,0.6988372802734375,12.002832055091858
2371,0.1345974039286375,0.007600244309287518,0.6972554922103882,12.002460956573486
2372,0.1343303695321083,0.007367254002019763,0.6956765651702881,12.000635504722595
2373,0.13525801710784435,0.008308333868626505,0.6941003799438477,12.000868082046509
2374,0.1344776339828968,0.007519899983890355,0.6925270557403564,12.003246665000916
2375,0.13444307073950768,0.007511899806559086,0.6909565925598145,12.002161026000977
2376,0.1351761557161808,0.00825964636169374,0.6893889307975769,12.002262353897095
2377,0.13473198749125004,0.007816260913386941,0.6878241300582886,12.003749012947083
2378,0.1337516140192747,0.006896917999256402,0.6862622499465942,11.999207615852356
2379,0.13459510914981365,0.007772669545374811,0.6847032308578491,11.997541189193726
2380,0.13446676172316074,0.007641064410563558,0.6831471920013428,11.999422788619995
2381,0.13419635221362114,0.007323992263991386,0.6815940141677856,12.005642414093018
2382,0.1347283460199833,0.007893264933954924,0.6800435185432434,12.003464818000793
2383,0.13499856181442738,0.008182557707186788,0.6784956455230713,12.00310492515564
2384,0.1352686807513237,0.008504336990881711,0.6769508123397827,11.999484181404114
2385,0.13453234359622002,0.007786191476043314,0.6754087209701538,11.999207019805908
2386,0.13454206101596355,0.0078038356732577085,0.6738696098327637,11.999953508377075
2387,0.13514281623065472,0.008348984061740339,0.6723333597183228,12.007050275802612
2388,0.13527078181505203,0.008539601694792509,0.670799732208252,12.002318739891052
2389,0.13530218414962292,0.00861869950313121,0.6692689657211304,11.999079823493958
2390,0.13461833633482456,0.00797006324864924,0.6677408218383789,11.997087001800537
2391,0.133888253942132,0.007205158122815192,0.6662155389785767,12.002094268798828
2392,0.13411451317369938,0.007427282631397247,0.6646932363510132,12.004030227661133
2393,0.1339641846716404,0.0072996889357455075,0.6631737947463989,12.003276467323303
2394,0.13334150612354279,0.006707794440444559,0.6616569757461548,12.00171434879303
2395,0.1349188406020403,0.0082941057626158,0.6601431369781494,12.002330780029297
2396,0.13416737504303455,0.007572967326268554,0.6586319208145142,12.00080943107605
2397,0.13402883894741535,0.007467237068340182,0.6571237444877625,11.99903678894043
2398,0.1334979310631752,0.006922030937857926,0.6556180119514465,12.001972317695618
2399,0.13410156592726707,0.0075221313163638115,0.6541150212287903,12.003828883171082
2400,0.1344822496175766,0.007949383347295225,0.6526148319244385,12.000672101974487
2401,0.1346293557435274,0.008137305499985814,0.6511174440383911,11.998088002204895
2402,0.13313371129333973,0.006646681809797883,0.6496229767799377,11.999080419540405
2403,0.1347310971468687,0.008213885186705738,0.6481313109397888,12.0035902261734
2404,0.1342200506478548,0.007729693490546197,0.6466423869132996,12.00239360332489
2405,0.134307274594903,0.007842731312848628,0.6451561450958252,12.001298666000366
2406,0.13349514454603195,0.007053140550851822,0.6436726450920105,12.00052809715271
2407,0.13341978564858437,0.006999865465331823,0.6421917676925659,11.999800562858582
2408,0.1345596257597208,0.00814067228930071,0.6407135725021362,12.001181721687317
2409,0.13365432992577553,0.007247623638249934,0.6392380595207214,12.00143277645111
2410,0.13323227688670158,0.006848131131846458,0.6377654075622559,12.000649571418762
2411,0.13391204737126827,0.0075331139378249645,0.6362956166267395,12.001598119735718
2412,0.13322588987648487,0.006866592273581773,0.6348284482955933,12.00110149383545
2413,0.13386294059455395,0.007521124789491296,0.6333639025688171,12.000817894935608
2414,0.13375480473041534,0.007452703197486699,0.6319022178649902,11.998308420181274
2415,0.13367671519517899,0.007367186073679477,0.6304433941841125,12.000509858131409
2416,0.13367972522974014,0.00736623362172395,0.6289871335029602,12.002362251281738
2417,0.13352543860673904,0.0072429615538567305,0.6275333762168884,12.000714540481567
2418,0.13380927219986916,0.0075517246732488275,0.6260822415351868,11.999672770500183
2419,0.13292616605758667,0.006665537948720157,0.6246339678764343,12.001429319381714
2420,0.13352232612669468,0.007260656915605068,0.6231885552406311,12.002978801727295
2421,0.13387970440089703,0.007643995224498212,0.6217458248138428,12.00182557106018
2422,0.1332175936549902,0.007004622370004654,0.6203057765960693,12.000991344451904
2423,0.1334164272993803,0.0072209087666124105,0.6188682317733765,12.000683784484863
2424,0.13350065052509308,0.007323581667151302,0.6174332499504089,12.000273942947388
2425,0.1336336750537157,0.007478434534277767,0.6160010099411011,11.999523401260376
2426,0.13366892375051975,0.007519257487729192,0.6145716309547424,12.00039541721344
2427,0.13279054313898087,0.00665600219508633,0.6131449341773987,12.000309467315674
2428,0.13257860392332077,0.006458723277319223,0.6117209196090698,12.000267148017883
2429,0.1336030662059784,0.007467812625691295,0.6102995276451111,12.003226161003113
2430,0.1334207635372877,0.0073223544750362635,0.6088806390762329,12.000960350036621
2431,0.13429206050932407,0.008220534888096154,0.6074643135070801,11.999688625335693
2432,0.13410055078566074,0.008032012498006225,0.6060507893562317,12.000803470611572
2433,0.1330187078565359,0.006940554128959775,0.604640007019043,12.003175616264343
2434,0.1347065307199955,0.00862992025213316,0.6032320261001587,12.00442910194397
2435,0.13301263377070427,0.006994577764999121,0.6018266081809998,11.999979138374329
2436,0.1330547221004963,0.007065241108648479,0.6004235744476318,11.99852466583252
2437,0.13305052928626537,0.007070163439493626,0.5990230441093445,11.999013900756836
2438,0.13315195217728615,0.007164844428189099,0.597625195980072,12.001085877418518
2439,0.13257219642400742,0.006617445847950876,0.5962302088737488,11.999245405197144
2440,0.13340682722628117,0.007450294506270438,0.5948379635810852,12.000815391540527
2441,0.13296552002429962,0.007013245252892375,0.5934482216835022,12.001779556274414
2442,0.13387543708086014,0.00791792938252911,0.5920610427856445,12.003690242767334
2443,0.1328166052699089,0.0069040144444443285,0.590676486492157,12.000582695007324
2444,0.13290858268737793,0.00700771645642817,0.58929443359375,12.000792741775513
2445,0.13302196189761162,0.007121903472580016,0.5879149436950684,12.002091407775879
2446,0.13393533043563366,0.008051871205680072,0.5865381360054016,12.001808166503906
2447,0.13362043164670467,0.007769227318931371,0.585163950920105,11.999956488609314
2448,0.1332558263093233,0.007425316667649895,0.5837924480438232,11.999258756637573
2449,0.13254540413618088,0.006712517293635756,0.5824236273765564,12.000865578651428
2450,0.13234398886561394,0.006521742849145085,0.5810572504997253,12.00116741657257
2451,0.13281817734241486,0.0070066883927211165,0.5796933770179749,12.001455664634705
2452,0.13234741985797882,0.006552378355991095,0.5783320665359497,12.001172661781311
2453,0.13333306461572647,0.007557139091659337,0.5769734382629395,12.000619292259216
2454,0.1324477531015873,0.006689253379590809,0.5756174325942993,12.000232815742493
2455,0.13292190246284008,0.0071700047119520605,0.5742639899253845,12.000925898551941
2456,0.13337241671979427,0.007630755892023444,0.5729131102561951,12.001253247261047
2457,0.13300088420510292,0.007272780290804803,0.5715646743774414,12.001245975494385
2458,0.13270843774080276,0.007013950846157968,0.5702188014984131,11.999229907989502
2459,0.13295606337487698,0.007270730857271701,0.5688754320144653,11.999658226966858
2460,0.1320546343922615,0.006376040924806148,0.567534863948822,12.000325083732605
2461,0.13267121277749538,0.006966621498577297,0.5661967396736145,12.004262804985046
2462,0.13267436437308788,0.007000437704846263,0.5648611187934875,12.002531886100769
2463,0.1336029376834631,0.007962160685565323,0.5635279417037964,12.000550031661987
2464,0.13335177674889565,0.007752360892482102,0.5621973276138306,11.997744679450989
2465,0.13378266617655754,0.008185760059859604,0.5608693957328796,11.998821496963501
2466,0.13312409818172455,0.007502071268390864,0.559544026851654,12.00265896320343
2467,0.1331874467432499,0.00758016511099413,0.5582211017608643,12.002507328987122
2468,0.13276542536914349,0.007183311914559454,0.556900680065155,12.00131094455719
2469,0.13255507871508598,0.00700522999977693,0.5555826425552368,11.999402642250061
2470,0.1336190178990364,0.008065254660323262,0.5542672276496887,12.00110924243927
2471,0.13261839747428894,0.007068971637636423,0.5529543161392212,12.001988530158997
2472,0.132992347702384,0.0074594629113562405,0.5516439080238342,12.001644849777222
2473,0.13277265802025795,0.007254265539813787,0.5503360629081726,12.001503705978394
2474,0.13376753591001034,0.008246543002314866,0.5490307211875916,12.003069043159485
2475,0.13419797271490097,0.008723438251763582,0.5477277636528015,11.999725937843323
2476,0.133827717974782,0.008377133286558092,0.546427309513092,11.998631358146667
2477,0.13236062787473202,0.006928013113792986,0.5451294779777527,11.998132109642029
2478,0.13453874923288822,0.009031372028402984,0.5438340902328491,12.006904125213623
2479,0.13418902270495892,0.008746426261495799,0.5425412654876709,12.001718521118164
2480,0.1334474515169859,0.00803141575306654,0.5412508249282837,12.000353336334229
2481,0.1338643543422222,0.008470594533719122,0.5399630069732666,11.999413251876831
2482,0.13356227800250053,0.00815220782533288,0.538677453994751,12.002329587936401
2483,0.1320401094853878,0.006669144320767373,0.5373944640159607,11.99970257282257
2484,0.13237427175045013,0.006981239537708461,0.5361140370368958,12.003189444541931
2485,0.13294309191405773,0.007535825716331601,0.5348359942436218,12.005890965461731
2486,0.13350016251206398,0.008153523958753794,0.5335604548454285,12.001103639602661
2487,0.13324717059731483,0.007913404726423323,0.5322872400283813,12.001089334487915
2488,0.13397319801151752,0.008645383000839502,0.5310167670249939,12.00176465511322
2489,0.13159688748419285,0.00629001425113529,0.5297486782073975,12.000938892364502
2490,0.13213370740413666,0.0068427640944719315,0.5284828543663025,12.000611782073975
2491,0.1327026467770338,0.00743193191010505,0.5272196531295776,11.999852061271667
2492,0.13332409225404263,0.008038924250286072,0.5259588956832886,12.002557754516602
2493,0.13232322968542576,0.007040273281745613,0.5247006416320801,12.003595113754272
2494,0.13285209238529205,0.007571592868771404,0.523444652557373,12.004605650901794
2495,0.13346690125763416,0.008222048520110548,0.522191047668457,12.002294540405273
2496,0.13257989659905434,0.0073785679414868355,0.5209398865699768,11.9991934299469
2497,0.1325115319341421,0.007307529100216925,0.5196912884712219,12.000709414482117
2498,0.13225221075117588,0.007077643123921007,0.5184451341629028,11.999011874198914
2499,0.13238520734012127,0.007203768414910883,0.5172014832496643,12.000942468643188
2500,0.13336786814033985,0.008171971305273473,0.515960156917572,12.003629922866821
2501,0.1321839839220047,0.007015150680672377,0.5147212147712708,12.002162456512451
2502,0.13232849538326263,0.007154970138799399,0.513484537601471,12.003868341445923
2503,0.13335276767611504,0.008196772425435483,0.5122502446174622,12.003349423408508
2504,0.13302967138588428,0.007938927272334695,0.5110183954238892,11.998056292533875
2505,0.13254627399146557,0.007485420035663992,0.5097891092300415,11.996296644210815
2506,0.13176969811320305,0.0066923132399097085,0.508562445640564,11.999176263809204
2507,0.13368039391934872,0.008564973715692759,0.5073379874229431,12.004204392433167
2508,0.13250787556171417,0.007415096741169691,0.5061157941818237,12.003162264823914
2509,0.13319255970418453,0.008109786605928093,0.5048959255218506,12.003381729125977
2510,0.13171055912971497,0.006654287397395819,0.5036784410476685,12.001949191093445
2511,0.13300880044698715,0.007966114149894565,0.5024632215499878,12.001806020736694
2512,0.13163041695952415,0.006615608115680516,0.5012506246566772,12.000230431556702
2513,0.1317377220839262,0.006717549986205995,0.5000404715538025,12.00197696685791
2514,0.13250596821308136,0.007520512095652521,0.49883267283439636,11.999713063240051
2515,0.1315334104001522,0.006562981754541397,0.49762725830078125,11.99941599369049
2516,0.1329224519431591,0.00792878435458988,0.4964240491390228,12.00294280052185
2517,0.132227236405015,0.007251743983943015,0.49522316455841064,12.002326250076294
2518,0.13234383426606655,0.007392332481686026,0.4940246343612671,12.001125812530518
2519,0.1320385280996561,0.007101420487742871,0.4928283989429474,12.000882744789124
2520,0.13322355039417744,0.008324986905790865,0.4916346073150635,11.998222351074219
2521,0.13256537541747093,0.007669981219805777,0.4904434084892273,11.999096035957336
2522,0.1319839470088482,0.0070808984455652535,0.48925453424453735,12.001050353050232
2523,0.13251197710633278,0.00760421808809042,0.4880678653717041,12.002708196640015
2524,0.13105173781514168,0.006166853941977024,0.4868833124637604,12.001605153083801
2525,0.1326067205518484,0.007728683645837009,0.48570096492767334,12.002102971076965
2526,0.13138848543167114,0.006527575722429901,0.4845210313796997,12.001570582389832
2527,0.13131924159824848,0.0064861029968596995,0.48334363102912903,11.999970197677612
2528,0.13197673298418522,0.007153007260058075,0.48216864466667175,12.00020432472229
2529,0.1321785245090723,0.0073684550588950515,0.4809960424900055,12.00001084804535
2530,0.13195117563009262,0.007147884170990437,0.47982558608055115,12.000503659248352
2531,0.13291270472109318,0.008122004510369152,0.47865742444992065,12.000412821769714
2532,0.1329072155058384,0.008130108239129186,0.47749143838882446,12.000219702720642
2533,0.13144334219396114,0.006640123843681067,0.4763277769088745,12.003994226455688
2534,0.13223119266331196,0.007442465866915882,0.47516652941703796,12.003706574440002
2535,0.1322102379053831,0.00745174934854731,0.47400760650634766,12.00184166431427
2536,0.13116440549492836,0.006441876583267003,0.4728509783744812,11.999402046203613
2537,0.13158420287072659,0.006874433078337461,0.4716967046260834,11.999280571937561
2538,0.13196051865816116,0.0072506769793108106,0.47054463624954224,12.000439643859863
2539,0.13109411671757698,0.0064059667638503015,0.4693947732448578,11.999420523643494
2540,0.13232936337590218,0.007633584784343839,0.4682472050189972,12.001330971717834
2541,0.13288786448538303,0.008210201805923134,0.46710190176963806,12.000664710998535
2542,0.13182611390948296,0.007170763157773763,0.46595895290374756,11.999576330184937
2543,0.131581861525774,0.00692107412032783,0.4648182988166809,12.001260757446289
2544,0.1330377347767353,0.008370783179998398,0.46367985010147095,12.003015518188477
2545,0.13196058571338654,0.007318987511098385,0.4625437259674072,12.001616358757019
2546,0.13117774203419685,0.006545997748617083,0.46140989661216736,12.00176453590393
2547,0.13246846944093704,0.00785483536310494,0.4602782726287842,12.00108551979065
2548,0.1315774116665125,0.00699282280402258,0.4591488242149353,11.99931001663208
2549,0.13294237852096558,0.00834921159548685,0.4580215811729431,12.001295328140259
2550,0.13328469172120094,0.008700430684257299,0.45689675211906433,12.001529574394226
2551,0.13252163864672184,0.007964126649312675,0.45577412843704224,11.999977469444275
2552,0.1319704484194517,0.007431520731188357,0.45465371012687683,11.999239325523376
2553,0.13206090033054352,0.007499650935642421,0.4535355865955353,12.002589702606201
2554,0.13145723938941956,0.006879307620692998,0.45241960883140564,12.00537383556366
2555,0.13153128698468208,0.006969440670218319,0.45130592584609985,12.004878759384155
2556,0.13125655427575111,0.00675557047361508,0.4501943290233612,11.99990439414978
2557,0.13097212836146355,0.006495094043202698,0.449084997177124,11.998618721961975
2558,0.13248716108500957,0.008006043790373951,0.4479779899120331,12.000134348869324
2559,0.1315780133008957,0.007095009146723896,0.4468732476234436,12.001427412033081
2560,0.13280528597533703,0.00831222051056102,0.4457707405090332,12.003536105155945
2561,0.13156011141836643,0.0070923277526162565,0.44467031955718994,12.002108573913574
2562,0.13162321038544178,0.007158224354498088,0.44357216358184814,12.002926588058472
2563,0.13147717528045177,0.007034339418169111,0.44247615337371826,12.001807451248169
2564,0.13197467103600502,0.007544805703219026,0.44138234853744507,12.001604557037354
2565,0.1313832700252533,0.006990841415245086,0.44029080867767334,11.998952150344849
2566,0.1314237155020237,0.007045640668366104,0.43920159339904785,11.998605847358704
2567,0.13131790608167648,0.0069443779066205025,0.4381144642829895,11.999238729476929
2568,0.1322432979941368,0.007847916334867477,0.4370294511318207,12.002508759498596
2569,0.13126004673540592,0.006865354138426483,0.43594658374786377,12.003522753715515
2570,0.13142484612762928,0.0070194520521909,0.43486592173576355,12.005673885345459
2571,0.132235798984766,0.00784627755638212,0.43378740549087524,12.005165100097656
2572,0.13289225473999977,0.008577217173296958,0.43271109461784363,11.99879252910614
2573,0.13179679214954376,0.007515982957556844,0.43163710832595825,11.99644410610199
2574,0.13107384741306305,0.0067886371980421245,0.43056535720825195,11.997956275939941
2575,0.13257272727787495,0.008225396275520325,0.42949578166007996,12.005237698554993
2576,0.131197240203619,0.00688901002286002,0.4284282326698303,12.002395391464233
2577,0.13233104534447193,0.008049688767641783,0.42736268043518066,12.000773191452026
2578,0.1320998277515173,0.007832252129446715,0.4262993335723877,12.000458598136902
2579,0.13181359693408012,0.007528809073846787,0.4252381920814514,12.003240942955017
2580,0.13136640563607216,0.007083500095177442,0.424179345369339,12.004111528396606
2581,0.13130565546453,0.007071336323861033,0.4231226146221161,12.000309824943542
2582,0.13108492828905582,0.006872489000670612,0.42206814885139465,11.999176144599915
2583,0.13250220380723476,0.00828281237045303,0.42101582884788513,12.000923991203308
2584,0.1310095675289631,0.006806482735555619,0.4199654161930084,12.000343322753906
2585,0.132345549762249,0.008135315321851522,0.41891708970069885,12.002106428146362
2586,0.13130120001733303,0.007098495494574308,0.41787075996398926,12.002400279045105
2587,0.13075086288154125,0.006582648318726569,0.4168267250061035,11.99999451637268
2588,0.13260415941476822,0.008444128674454987,0.415785014629364,12.000218391418457
2589,0.13104471564292908,0.006898162013385445,0.4147455096244812,11.99990999698639
2590,0.1322240922600031,0.008069709059782326,0.4137080907821655,12.00173044204712
2591,0.1320679970085621,0.007934436784125865,0.41267257928848267,12.000683546066284
2592,0.1322383712977171,0.00812394917011261,0.41163891553878784,11.99980354309082
2593,0.13175101019442081,0.00761726638302207,0.41060757637023926,12.002767086029053
2594,0.13118982501327991,0.007075821573380381,0.409578412771225,12.001822352409363
2595,0.13191484287381172,0.007784135115798563,0.40855151414871216,12.00451934337616
2596,0.13151361420750618,0.007392643950879574,0.4075267016887665,12.004570722579956
2597,0.131752735003829,0.007696411688812077,0.4065037965774536,11.999128818511963
2598,0.13173487596213818,0.007730745943263173,0.4054831266403198,11.994930148124695
2599,0.1323566921055317,0.008311215206049383,0.4044645130634308,12.000083684921265
2600,0.1317905355244875,0.007708761899266392,0.4034479260444641,12.004729747772217
2601,0.13210497424006462,0.008027957286685705,0.402445524930954,12.005256295204163
2602,0.13128936663269997,0.007270417059771717,0.4014439582824707,12.000451445579529
2603,0.13322272151708603,0.009205661248415709,0.40044331550598145,12.001262903213501
2604,0.13179324567317963,0.007760671025607735,0.39946088194847107,12.003796935081482
2605,0.13167889788746834,0.0076697912300005555,0.39847779273986816,12.002433180809021
2606,0.13182584941387177,0.007840070058591664,0.397494375705719,12.001083731651306
2607,0.13097457587718964,0.007031203713268042,0.39652860164642334,11.997808814048767
2608,0.1305444799363613,0.006606785696931183,0.3955612778663635,11.998208403587341
2609,0.13246224634349346,0.008521976647898555,0.3945925831794739,11.99943494796753
2610,0.13140899501740932,0.007462495181243867,0.3936308026313782,12.001019477844238
2611,0.1314471047371626,0.007483104127459228,0.3926674425601959,12.003732919692993
2612,0.13248609751462936,0.00851418578531593,0.39170289039611816,12.005488753318787
2613,0.130899827927351,0.006943032261915505,0.39073774218559265,12.004942297935486
2614,0.1308955978602171,0.006985193118453026,0.3897719383239746,12.001268863677979
2615,0.13146779499948025,0.007586173480376601,0.38880589604377747,11.999356508255005
2616,0.13167245127260685,0.007800934894476086,0.3878398537635803,11.999312281608582
2617,0.13131821900606155,0.007460158783942461,0.38687393069267273,11.998932361602783
2618,0.13168702460825443,0.007819512160494924,0.3859083354473114,12.000842809677124
2619,0.13175087235867977,0.00787599541945383,0.3849433660507202,12.002544283866882
2620,0.13283392786979675,0.00896912522148341,0.38397884368896484,12.002501606941223
2621,0.1316373012959957,0.007807888207025826,0.3830261826515198,11.999915361404419
2622,0.13183234073221684,0.008015757717657834,0.3820732533931732,11.999585270881653
2623,0.13183054700493813,0.008008906617760658,0.38112032413482666,12.001044034957886
2624,0.13135737366974354,0.007556847354862839,0.3801758885383606,11.999876856803894
2625,0.1306918039917946,0.006874716724269092,0.37923091650009155,12.002478003501892
2626,0.13196780905127525,0.00816638331161812,0.37828564643859863,12.00185739994049
2627,0.13238832540810108,0.008612370758783072,0.37734201550483704,12.000253796577454
2628,0.13093785382807255,0.007171185745391995,0.37639838457107544,12.000268697738647
2629,0.13203552179038525,0.008237265981733799,0.3754549026489258,12.00437068939209
2630,0.13090156763792038,0.0071502276114188135,0.3745199143886566,12.000614166259766
2631,0.131601145491004,0.007876989373471588,0.3735845685005188,11.998831510543823
2632,0.1307758241891861,0.007034371141344309,0.37264931201934814,12.001496076583862
2633,0.1312543749809265,0.00751918024616316,0.37171438336372375,12.001805424690247
2634,0.13069571554660797,0.006982738676015288,0.3707795739173889,12.000518560409546
2635,0.13111510314047337,0.007421686896122992,0.36984527111053467,11.999496459960938
2636,0.1317295879125595,0.008043392677791417,0.3689117431640625,11.9997079372406
2637,0.13077093660831451,0.007090091414283961,0.3679789900779724,12.00010597705841
2638,0.13191128335893154,0.008214249275624752,0.3670470118522644,12.002656698226929
2639,0.13081651367247105,0.007149911602027714,0.36611613631248474,12.000544309616089
2640,0.1300960499793291,0.006439363583922386,0.3651862144470215,12.000482320785522
2641,0.13066035881638527,0.006994828465394676,0.3642575740814209,12.0022953748703
2642,0.13145566545426846,0.007796244928613305,0.3633301258087158,12.002611994743347
2643,0.1301063932478428,0.006471164058893919,0.3624040186405182,12.001119494438171
2644,0.13117360696196556,0.007564913481473923,0.3614793121814728,11.999390363693237
2645,0.13028660975396633,0.006669335241895169,0.36055606603622437,12.001171708106995
2646,0.13028472661972046,0.006684804335236549,0.3596342206001282,12.00035834312439
2647,0.13120639510452747,0.00762332376325503,0.3587140440940857,11.999593377113342
2648,0.13076604902744293,0.007172166719101369,0.3577953577041626,12.001592993736267
2649,0.13086246885359287,0.007286263338755816,0.35687828063964844,12.000742673873901
2650,0.13107652217149734,0.0075126769952476025,0.3559628129005432,12.0004221200943
2651,0.13128803111612797,0.0077561778598465025,0.3550489842891693,11.998136758804321
2652,0.13036563247442245,0.0068055547890253365,0.3541368246078491,12.001871109008789
2653,0.1306154727935791,0.007051288906950504,0.3532264530658722,12.00319230556488
2654,0.13073798082768917,0.007182720291893929,0.3523177206516266,12.003208637237549
2655,0.13134175166487694,0.007830390415620059,0.35141080617904663,11.999725580215454
2656,0.13156479969620705,0.008052461431361735,0.35050562024116516,12.000728487968445
2657,0.130418473854661,0.006893648416735232,0.34960222244262695,12.002880811691284
2658,0.1307318788021803,0.0072266298229806125,0.3487005829811096,12.001824498176575
2659,0.13121352531015873,0.007751997618470341,0.34780067205429077,11.998352408409119
2660,0.13076448254287243,0.007318343501538038,0.3469025790691376,11.997712016105652
2661,0.13121618703007698,0.007757132698316127,0.3460063934326172,11.99989926815033
2662,0.13058103248476982,0.007121120928786695,0.34511202573776245,12.000879287719727
2663,0.13083786703646183,0.007365536002907902,0.344219446182251,12.003013849258423
2664,0.1313142292201519,0.007860585465095937,0.343328595161438,12.002035975456238
2665,0.12975530698895454,0.006318154803011566,0.34243959188461304,12.001275897026062
2666,0.13099618814885616,0.007570065907202661,0.3415525555610657,12.001060247421265
2667,0.13120752573013306,0.00778241065563634,0.3406673073768616,12.001844763755798
2668,0.13174906931817532,0.008342267130501568,0.3397837281227112,12.00089681148529
2669,0.13079883903265,0.0074377284036017954,0.3389020562171936,11.997209191322327
2670,0.13055464997887611,0.0071756839752197266,0.33802226185798645,11.999874830245972
2671,0.1316122580319643,0.008213604218326509,0.33714425563812256,12.002721190452576
2672,0.13125635869801044,0.007855464878957719,0.33626824617385864,12.00382137298584
2673,0.13033058680593967,0.006967556779272854,0.33539414405822754,12.000909328460693
2674,0.13028585724532604,0.006931479787454009,0.33452174067497253,12.000916361808777
2675,0.13078015111386776,0.007430276600643992,0.333651065826416,12.001336693763733
2676,0.1301842052489519,0.006847750744782388,0.3327823579311371,12.000863194465637
2677,0.13034209050238132,0.0070095512783154845,0.3319155275821686,12.001338720321655
2678,0.1313470657914877,0.008020981738809496,0.33105042576789856,12.001558184623718
2679,0.131014259532094,0.00769886514171958,0.3301871120929718,12.001352667808533
2680,0.12936258874833584,0.0060789736453443766,0.32932570576667786,11.999036073684692
2681,0.13049352169036865,0.007192562392447144,0.3284662663936615,12.001630067825317
2682,0.13181873224675655,0.008478794014081359,0.3276086151599884,12.006385564804077
2683,0.1307803113013506,0.007516702346038073,0.32675275206565857,11.999608159065247
2684,0.13048063404858112,0.0072734723798930645,0.325898677110672,11.994817733764648
2685,0.1298465058207512,0.006616089434828609,0.32504647970199585,11.997995495796204
2686,0.13054384291172028,0.0072461823001503944,0.32419610023498535,12.00557017326355
2687,0.1309211440384388,0.007627520360983908,0.3233475983142853,12.006015181541443
2688,0.13142219744622707,0.008170595101546496,0.3225007951259613,12.002659678459167
2689,0.13059169985353947,0.0073702716617845,0.321655809879303,12.000487208366394
2690,0.13051987439393997,0.007341712072957307,0.3208126425743103,11.997003674507141
2691,0.13191449269652367,0.008699152851477265,0.3199714124202728,12.001562595367432
2692,0.13080191053450108,0.00758363661589101,0.3191320300102234,12.002695441246033
2693,0.1323547475039959,0.009127651515882462,0.3182944655418396,12.004415512084961
2694,0.13087116554379463,0.007712912338320166,0.3174585998058319,11.998367071151733
2695,0.13082867674529552,0.007660738250706345,0.3166245222091675,12.00016963481903
2696,0.13096755370497704,0.007755828904919326,0.31579214334487915,12.005380749702454
2697,0.1308510024100542,0.007683193602133542,0.31496161222457886,12.001819491386414
2698,0.13145037554204464,0.008318974054418504,0.3141328990459442,11.99900734424591
2699,0.1308897901326418,0.007768661482259631,0.31330615282058716,11.998807191848755
2700,0.13037490658462048,0.007214744633529335,0.312481164932251,12.003535032272339
2701,0.1299796737730503,0.006857713975477964,0.31165793538093567,12.000537991523743
2702,0.12979786656796932,0.006710563990054652,0.3108363151550293,11.997894406318665
2703,0.1305860374122858,0.007482519489713013,0.3100164532661438,12.000335574150085
2704,0.12970894947648048,0.006615056307055056,0.3091984689235687,12.00019109249115
2705,0.13181468285620213,0.008683538704644889,0.3083822727203369,12.004732251167297
2706,0.1307264044880867,0.007607777835801244,0.3075679838657379,12.004294991493225
2707,0.13058211281895638,0.007505475310608745,0.3067554235458374,12.000908851623535
2708,0.13003773801028728,0.006996852229349315,0.30594462156295776,11.998144388198853
2709,0.12977431528270245,0.006739377859048545,0.30513548851013184,11.998358488082886
2710,0.13076168112456799,0.0077081259223632514,0.3043281137943268,12.001027703285217
2711,0.1290015820413828,0.005954502848908305,0.303522527217865,12.001185774803162
2712,0.13036868162453175,0.00731220212765038,0.30271872878074646,12.00292956829071
2713,0.131009204313159,0.007943658623844385,0.3019166588783264,12.004638195037842
2714,0.12922729179263115,0.0062297440599650145,0.30111631751060486,11.998638391494751
2715,0.12932811491191387,0.0063269176171161234,0.30031776428222656,11.999801874160767
2716,0.13141247257590294,0.008374763885512948,0.29952093958854675,12.004250168800354
2717,0.13093039020895958,0.007926008780486882,0.2987259030342102,12.001712322235107
2718,0.13003183901309967,0.007083756499923766,0.29793256521224976,11.996876120567322
2719,0.13062987104058266,0.007676512643229216,0.2971409857273102,11.998195052146912
2720,0.129703126847744,0.006689555826596916,0.2963511645793915,12.005006313323975
2721,0.13084012642502785,0.007837192621082067,0.2955630421638489,12.004730820655823
2722,0.12956283055245876,0.006618621468078345,0.29477658867836,11.99964451789856
2723,0.12948866933584213,0.006567065080162138,0.29399192333221436,11.998168587684631
2724,0.12978192418813705,0.006848511286079884,0.2932089865207672,12.000132441520691
2725,0.13051597960293293,0.007559943886008114,0.29242780804634094,12.003175854682922
2726,0.13136948831379414,0.0084165328880772,0.29164832830429077,12.003647565841675
2727,0.12998148798942566,0.007066101010423154,0.2908705174922943,12.000668406486511
2728,0.12973057851195335,0.006849339290056378,0.29009443521499634,11.998029589653015
2729,0.13105133920907974,0.008146412495989352,0.2893200218677521,12.00117290019989
2730,0.13151301443576813,0.008620293869171292,0.28854721784591675,12.000725150108337
2731,0.13048673607409,0.007621309487149119,0.28777623176574707,11.998767137527466
2732,0.13042440824210644,0.007556439901236445,0.28700703382492065,11.999790072441101
2733,0.13041237369179726,0.0075153596117161214,0.2862394452095032,12.003462314605713
2734,0.13039186783134937,0.007520712912082672,0.2854735255241394,12.00164246559143
2735,0.13047299534082413,0.007618780597113073,0.28470927476882935,12.000712633132935
2736,0.13153868168592453,0.008666830253787339,0.2839468717575073,12.003238558769226
2737,0.13007678091526031,0.007199677231255919,0.28318604826927185,12.0045245885849
2738,0.1305915955454111,0.007767673523630947,0.2824268341064453,11.99996554851532
2739,0.12973058968782425,0.006946792855160311,0.2816692888736725,11.996710658073425
2740,0.12968331761658192,0.006880312168505043,0.2809135317802429,11.999387264251709
2741,0.1298626121133566,0.007041862409096211,0.28015947341918945,12.00191617012024
2742,0.1301094237715006,0.007301167119294405,0.2794070839881897,12.001418828964233
2743,0.13072839193046093,0.007929920277092606,0.2786562144756317,12.001191139221191
2744,0.12957249023020267,0.006793224602006376,0.2779070734977722,12.000019788742065
2745,0.130616445094347,0.007818746787961572,0.27715960144996643,12.002610802650452
2746,0.12997350841760635,0.007198225997854024,0.27641382813453674,12.00111448764801
2747,0.12961015850305557,0.006871135032270104,0.2756696939468384,11.998233079910278
2748,0.13037346117198467,0.007636620139237493,0.27492719888687134,11.998757243156433
2749,0.1295933499932289,0.006852132442872971,0.2741863429546356,11.999935865402222
2750,0.1300370804965496,0.007297932868823409,0.2734471261501312,12.000468015670776
2751,0.13021691516041756,0.007487767725251615,0.2727094888687134,12.000205278396606
2752,0.1301566269248724,0.007408962992485613,0.2719736397266388,12.002793073654175
2753,0.12989033944904804,0.007134491461329162,0.27123942971229553,12.004345774650574
2754,0.13045883551239967,0.007717123196925968,0.2705068588256836,12.00366485118866
2755,0.13026396185159683,0.007573833572678268,0.2697758078575134,11.999237060546875
2756,0.1298682913184166,0.007200901280157268,0.2690463662147522,11.997693061828613
2757,0.12911872006952763,0.0064398780814372,0.26831862330436707,11.999565958976746
2758,0.12928368151187897,0.006592454097699374,0.26759251952171326,12.001530289649963
2759,0.13012921065092087,0.007438078697305173,0.26686790585517883,12.002245426177979
2760,0.1293100044131279,0.006629397918004543,0.2661450505256653,12.001915693283081
2761,0.13055703043937683,0.007884768769145012,0.26542383432388306,12.001802682876587
2762,0.13082203455269337,0.008177750569302589,0.26470428705215454,11.999724388122559
2763,0.1288596484810114,0.006239575159270316,0.2639862895011902,11.998021245002747
2764,0.12878177128732204,0.006161844590678811,0.26326984167099,11.998723149299622
2765,0.13021396845579147,0.0075756548321805894,0.26255500316619873,12.001276731491089
2766,0.12993785552680492,0.0072937418590299785,0.261841744184494,12.002569913864136
2767,0.12973753176629543,0.007119675865396857,0.26113009452819824,12.00065565109253
2768,0.13016975857317448,0.007541467959526926,0.2604200541973114,12.002409100532532
2769,0.13038770481944084,0.007759075378999114,0.2597115933895111,12.003151416778564
2770,0.1291144471615553,0.006517338508274406,0.25900471210479736,12.000706315040588
2771,0.13032172434031963,0.007739185879472643,0.2582995295524597,11.99995470046997
2772,0.1301288940012455,0.007540426042396575,0.257595956325531,12.001250982284546
2773,0.1294186171144247,0.006851980637293309,0.25689390301704407,11.999769806861877
2774,0.12983576767146587,0.0072909328155219555,0.2561933994293213,11.998290061950684
2775,0.12869149260222912,0.006131787085905671,0.25549447536468506,12.000476241111755
2776,0.12984882853925228,0.00727407616795972,0.25479716062545776,12.002678394317627
2777,0.1296446155756712,0.007081504096277058,0.254101425409317,12.002209782600403
2778,0.1295732893049717,0.007036116905510426,0.2534072697162628,12.00031042098999
2779,0.13035782985389233,0.007823962369002402,0.252714604139328,12.000672578811646
2780,0.131189975887537,0.008668509603012353,0.25202348828315735,12.000123620033264
2781,0.13073369301855564,0.008219046925660223,0.25133398175239563,12.000130653381348
2782,0.12903165258467197,0.006528863974381238,0.25064611434936523,11.999633073806763
2783,0.12921128049492836,0.006674399948678911,0.2499598115682602,12.00372862815857
2784,0.12974714115262032,0.007219490886200219,0.24927499890327454,12.003489971160889
2785,0.13044670037925243,0.00793154677376151,0.24859173595905304,12.002923965454102
2786,0.12976117990911007,0.007299348246306181,0.24790993332862854,11.998273611068726
2787,0.13062203116714954,0.008160111727192998,0.24722976982593536,11.99896252155304
2788,0.129758533090353,0.007284248888026923,0.24655115604400635,12.000877737998962
2789,0.1299352180212736,0.007448017422575504,0.2458740770816803,12.002846121788025
2790,0.13121505826711655,0.00875115511007607,0.24519899487495422,12.00119161605835
2791,0.12978327833116055,0.007344228506553918,0.24452516436576843,11.999380111694336
2792,0.13048981502652168,0.008043652516789734,0.2438529133796692,12.000763535499573
2793,0.1290075033903122,0.006561009155120701,0.24318230152130127,12.00146746635437
2794,0.13008958473801613,0.007618852076120675,0.24251317977905273,12.004560351371765
2795,0.13018840551376343,0.007732217549346387,0.24184566736221313,12.00377345085144
2796,0.13066083006560802,0.008236083725932986,0.24117961525917053,12.001295447349548
2797,0.1302748415619135,0.007888964959420264,0.24051488935947418,11.998072743415833
2798,0.13121405616402626,0.008816603745799512,0.23985162377357483,11.9998939037323
2799,0.13107983581721783,0.008686335931997746,0.23918993771076202,12.000160217285156
2800,0.13084838166832924,0.008448986918665469,0.2385297417640686,12.001410245895386
2801,0.13105622306466103,0.008677924401126802,0.2378711849451065,11.999959111213684
2802,0.1296377908438444,0.007240772771183401,0.23721399903297424,12.002488136291504
2803,0.13005893118679523,0.007665625249501318,0.23655831813812256,12.002772808074951
2804,0.12933610379695892,0.006973060313612223,0.23590415716171265,12.00040054321289
2805,0.12982681207358837,0.0074751387583091855,0.2352515310049057,11.999916076660156
2806,0.13066294975578785,0.008320719469338655,0.23460042476654053,11.999622583389282
2807,0.13061395473778248,0.008256151748355478,0.23395073413848877,12.001829624176025
2808,0.12960176169872284,0.007264692801982164,0.2333025336265564,12.000404596328735
2809,0.12999053858220577,0.007628430612385273,0.23265577852725983,12.003555297851562
2810,0.13014360889792442,0.00782384566264227,0.23201045393943787,11.999966263771057
2811,0.13048871792852879,0.00818026129854843,0.23136664927005768,11.999479413032532
2812,0.12971793673932552,0.007403383904602379,0.23072434961795807,12.000731110572815
2813,0.12881756946444511,0.006522707873955369,0.23008355498313904,11.99940299987793
2814,0.1301758587360382,0.0078612343640998,0.22944426536560059,12.002018451690674
2815,0.13095494359731674,0.008640094136353582,0.2288065254688263,12.002678751945496
2816,0.13081593997776508,0.00851459224941209,0.22817014157772064,12.001964926719666
2817,0.1297242622822523,0.007443579845130444,0.22753524780273438,12.000533103942871
2818,0.1300864741206169,0.007789240218698978,0.22690171003341675,12.002822160720825
2819,0.12866489216685295,0.0063886926509439945,0.22626963257789612,12.00135052204132
2820,0.12905926443636417,0.0068003173801116645,0.22563911974430084,12.000255823135376
2821,0.12995957396924496,0.0077252277988009155,0.22501008212566376,11.998424887657166
2822,0.12844897620379925,0.006220086361281574,0.2243824303150177,11.998506665229797
2823,0.12967936880886555,0.007411743339616805,0.22375628352165222,12.00300645828247
2824,0.1294439174234867,0.0071771423681639135,0.22313158214092255,12.003546237945557
2825,0.12871221266686916,0.006482211232651025,0.22250831127166748,12.000491857528687
2826,0.12965678796172142,0.007435463834553957,0.2218865156173706,12.000246047973633
2827,0.13032022304832935,0.00810996105428785,0.22126606106758118,11.999760270118713
2828,0.12983129732310772,0.007612647081259638,0.2206471562385559,12.00121819972992
2829,0.13044688291847706,0.008222765231039375,0.22002969682216644,12.002382278442383
2830,0.13044153526425362,0.008216282993089408,0.21941371262073517,12.003111839294434
2831,0.13014772720634937,0.007942393480334431,0.21879912912845612,12.001734614372253
2832,0.13026786595582962,0.008084703760687262,0.21818581223487854,12.000130534172058
2833,0.12954778410494328,0.0073904411983676255,0.21757394075393677,11.99816083908081
2834,0.1292532291263342,0.007084918092004955,0.21696354448795319,11.999867677688599
2835,0.1300580147653818,0.007878845557570457,0.21635466814041138,12.001562476158142
2836,0.12917700223624706,0.0070056289550848305,0.21574720740318298,12.00139033794403
2837,0.13004916161298752,0.007842398539651185,0.21514107286930084,12.005535244941711
2838,0.12991641834378242,0.0077376439003273845,0.21453642845153809,12.003341436386108
2839,0.12973572500050068,0.007596203533466905,0.21393318474292755,12.000019192695618
2840,0.1290976796299219,0.006988609267864376,0.21333134174346924,11.997576117515564
2841,0.13055411726236343,0.008434158866293728,0.21273091435432434,11.99926483631134
2842,0.12940280698239803,0.0072667510830797255,0.21213194727897644,12.001473903656006
2843,0.12966987863183022,0.007527850742917508,0.21153438091278076,12.002668619155884
2844,0.1293360535055399,0.007212126161903143,0.21093806624412537,12.001454949378967
2845,0.12908273749053478,0.006986020249314606,0.2103431522846222,11.999329090118408
2846,0.12928964011371136,0.007195716316346079,0.20974966883659363,11.999643087387085
2847,0.13019694574177265,0.00808213697746396,0.20915760099887848,12.002323627471924
2848,0.12990224175155163,0.007781503954902291,0.20856696367263794,12.003507137298584
2849,0.12945178523659706,0.007355343666858971,0.20797781646251678,12.001666784286499
2850,0.12898890301585197,0.006921556894667447,0.2073899358510971,11.999345064163208
2851,0.12861845642328262,0.006558983761351556,0.20680341124534607,11.999144196510315
2852,0.12894669361412525,0.006876205676235259,0.20621827244758606,12.00083076953888
2853,0.129317969083786,0.007251771981827915,0.20563453435897827,12.000985503196716
2854,0.12839517556130886,0.006335657846648246,0.2050521969795227,12.00089967250824
2855,0.12869572639465332,0.006618163431994617,0.204471156001091,12.00328528881073
2856,0.12917114235460758,0.007102515432052314,0.20389144122600555,12.002971410751343
2857,0.1288223136216402,0.006782154901884496,0.20331309735774994,12.00070309638977
2858,0.12896204181015491,0.006940073799341917,0.20273622870445251,11.999460816383362
2859,0.12849586829543114,0.006479328207205981,0.20216073095798492,11.999493718147278
2860,0.12847425043582916,0.006457396666519344,0.20158658921718597,12.000099062919617
2861,0.1294330395758152,0.007419469766318798,0.20101386308670044,12.000343561172485
2862,0.12924565374851227,0.007213268778286874,0.20044246315956116,12.002796173095703
2863,0.12925327196717262,0.007237771525979042,0.19987237453460693,12.001677870750427
2864,0.12962324544787407,0.007608633954077959,0.1993035078048706,12.002157926559448
2865,0.12925054877996445,0.007244532753247768,0.1987360715866089,12.00186574459076
2866,0.1297536138445139,0.007760114269331098,0.198170006275177,12.001180410385132
2867,0.12912242487072945,0.007146528456360102,0.19760525226593018,11.999984741210938
2868,0.13020669296383858,0.008247510879300535,0.19704186916351318,11.998876690864563
2869,0.12934534810483456,0.007380656024906784,0.19647979736328125,11.999989867210388
2870,0.12833206541836262,0.006358466867823154,0.19591915607452393,12.00144112110138
2871,0.12945573404431343,0.007476071885321289,0.19535988569259644,12.002606630325317
2872,0.12950201332569122,0.007552679977379739,0.19480186700820923,12.000131368637085
2873,0.12896260619163513,0.007055337191559374,0.1942451000213623,11.996482372283936
2874,0.13029413297772408,0.008349370444193482,0.19368970394134521,12.000786900520325
2875,0.12891960702836514,0.006961379840504378,0.19313564896583557,12.002687215805054
2876,0.12833189964294434,0.006380416452884674,0.192582905292511,12.002565622329712
2877,0.1290969531983137,0.007153508078772575,0.19203148782253265,12.002313375473022
2878,0.12947478145360947,0.007548047520685941,0.191481351852417,12.001192331314087
2879,0.1297159604728222,0.0078112108167260885,0.19093254208564758,11.999542474746704
2880,0.1305010560899973,0.00859984417911619,0.19038504362106323,11.999736428260803
2881,0.12931629084050655,0.007413843355607241,0.18983888626098633,12.00040602684021
2882,0.13033638522028923,0.00842753128381446,0.18929404020309448,12.001591801643372
2883,0.12886912003159523,0.00695939757861197,0.1887504756450653,12.002221941947937
2884,0.12803256697952747,0.006150225934106857,0.1882081925868988,12.000026106834412
2885,0.12900642678141594,0.007118623470887542,0.18766722083091736,12.001113414764404
2886,0.12848708778619766,0.006609306379687041,0.18712757527828217,12.000651001930237
2887,0.1290943268686533,0.007222910935524851,0.1865893006324768,12.000552892684937
2888,0.12906116619706154,0.007191110635176301,0.18605227768421173,12.000953674316406
2889,0.12985043600201607,0.00798410054994747,0.18551647663116455,12.001117587089539
2890,0.12929348275065422,0.007436833169776946,0.18498197197914124,12.000683307647705
2891,0.12986295856535435,0.008012408507056534,0.1844487488269806,12.000606536865234
2892,0.12995600327849388,0.008075850666500628,0.18391689658164978,12.004098653793335
2893,0.13017243705689907,0.00831318850396201,0.18338626623153687,12.002538800239563
2894,0.13023914024233818,0.008404016611166298,0.18285681307315826,12.000655889511108
2895,0.12958531081676483,0.007777966384310275,0.18232868611812592,11.998406171798706
2896,0.12974464520812035,0.007910825486760587,0.18180182576179504,12.001580357551575
2897,0.1298985667526722,0.008063259010668844,0.1812763512134552,12.002254724502563
2898,0.1296082567423582,0.007782268279697746,0.18075215816497803,12.0018470287323
2899,0.12920979224145412,0.00737525726435706,0.18022917211055756,12.00322437286377
2900,0.12914130464196205,0.007307389052584767,0.17970746755599976,12.003684401512146
2901,0.12873588129878044,0.006927219976205379,0.17918695509433746,12.00167965888977
2902,0.12853429280221462,0.006749717518687248,0.17866770923137665,11.99979019165039
2903,0.12946486100554466,0.007677704968955368,0.1781497299671173,12.000566124916077
2904,0.1277176383882761,0.005940720613580197,0.17763304710388184,12.000059127807617
2905,0.128545755520463,0.006755229667760432,0.17711767554283142,12.001935124397278
2906,0.12880375608801842,0.006990497116930783,0.1766035258769989,12.004722476005554
2907,0.12831897102296352,0.006532207073178142,0.17609061300754547,12.002586245536804
2908,0.12946061044931412,0.007686138269491494,0.17557890713214874,12.001868605613708
2909,0.1293597798794508,0.007619190262630582,0.17506840825080872,11.998990893363953
2910,0.12937243096530437,0.007645242440048605,0.17455922067165375,11.998160004615784
2911,0.1291560959070921,0.007421192363835871,0.17405125498771667,11.999439358711243
2912,0.12916037812829018,0.0074092167196795344,0.17354455590248108,12.001572012901306
2913,0.12889005988836288,0.00711320189293474,0.17303910851478577,12.004646897315979
2914,0.12949472106993198,0.007751783588901162,0.17253485321998596,12.0017591714859
2915,0.12848290242254734,0.006752534885890782,0.17203176021575928,12.001005291938782
2916,0.12928194180130959,0.00753604166675359,0.17152990400791168,12.003060460090637
2917,0.12915486842393875,0.007435868959873915,0.17102926969528198,12.000870704650879
2918,0.12926754355430603,0.007570381625555456,0.17052997648715973,11.999186396598816
2919,0.12960864417254925,0.007921442796941847,0.17003192007541656,11.998688578605652
2920,0.12860294617712498,0.0069392629084177315,0.1695350706577301,11.996833562850952
2921,0.12847148440778255,0.006793527631089091,0.16903941333293915,11.998756408691406
2922,0.12858195789158344,0.006857703265268356,0.1685449481010437,12.003880500793457
2923,0.1291752401739359,0.007429286488331854,0.16805166006088257,12.006543755531311
2924,0.12937926687300205,0.007653012580703944,0.16755959391593933,12.005066156387329
2925,0.12937480211257935,0.007672890496905893,0.16706863045692444,12.003122925758362
2926,0.12957926094532013,0.007916749978903681,0.16657894849777222,11.999672651290894
2927,0.12905612774193287,0.00741601997287944,0.16609054803848267,11.997920513153076
2928,0.12925744615495205,0.00760976952733472,0.16560333967208862,11.999164819717407
2929,0.1301913559436798,0.008538296446204185,0.16511736810207367,12.000188946723938
2930,0.12840984016656876,0.006764745572581887,0.16463249921798706,11.999877095222473
2931,0.12899227812886238,0.007344925019424409,0.16414877772331238,12.00058662891388
2932,0.12994319945573807,0.008293034974485636,0.1636662483215332,12.001350283622742
2933,0.129094410687685,0.007451466517522931,0.16318491101264954,12.001110076904297
2934,0.12914998270571232,0.007512880663853139,0.16270487010478973,12.00100564956665
2935,0.12868396751582623,0.007064138189889491,0.16222599148750305,11.999757170677185
2936,0.1286434903740883,0.007021903991699219,0.1617482602596283,12.000410676002502
2937,0.12933880276978016,0.007697303895838559,0.16127170622348785,12.002878546714783
2938,0.13016282953321934,0.008523070020601153,0.16079634428024292,12.003180146217346
2939,0.1285000517964363,0.006882959045469761,0.16032207012176514,12.001387357711792
2940,0.12867197208106518,0.007079622882883996,0.15984895825386047,11.999386429786682
2941,0.12827272526919842,0.006689438072498888,0.15937700867652893,11.998952031135559
2942,0.12858662381768227,0.007009318273048848,0.15890637040138245,11.99882447719574
2943,0.1289138961583376,0.007320621341932565,0.15843689441680908,12.000890970230103
2944,0.12869575433433056,0.007116317166946828,0.15796849131584167,11.999975323677063
2945,0.1290102917701006,0.007414834457449615,0.1575012505054474,12.002044796943665
2946,0.12981436401605606,0.008222771051805466,0.15703512728214264,12.002124547958374
2947,0.1286081951111555,0.0070290451985783875,0.1565702110528946,12.001345038414001
2948,0.12855671718716621,0.006990230875089765,0.15610648691654205,12.000542283058167
2949,0.1293871682137251,0.00781584793003276,0.15564392507076263,12.001488089561462
2950,0.12880793027579784,0.0072463100659660995,0.15518248081207275,12.000979781150818
2951,0.12940621003508568,0.007869007531553507,0.15472212433815002,11.998998522758484
2952,0.12980180606245995,0.008256627421360463,0.15426293015480042,12.000255227088928
2953,0.12928489781916142,0.007718613371253014,0.15380491316318512,12.00282371044159
2954,0.12799885123968124,0.006459233118221164,0.15334805846214294,12.000614166259766
2955,0.1286917496472597,0.007162992376834154,0.15289229154586792,11.999983549118042
2956,0.12899189069867134,0.0074607705464586616,0.15243767201900482,12.000674486160278
2957,0.12915854156017303,0.007616169808898121,0.15198421478271484,12.00225305557251
2958,0.12845678441226482,0.006942681677173823,0.1515318900346756,11.999878168106079
2959,0.12856711447238922,0.007060459640342742,0.15108069777488708,11.999585032463074
2960,0.1285473369061947,0.007026752165984362,0.15063068270683289,12.001428008079529
2961,0.1282621342688799,0.006728783424478024,0.15018177032470703,12.003153800964355
2962,0.12890022061765194,0.007392767118290067,0.14973385632038116,12.001011848449707
2963,0.12866190820932388,0.0071643757983110845,0.14928707480430603,12.000466108322144
2964,0.1297445371747017,0.008258662652224302,0.14884145557880402,11.999746203422546
2965,0.12883324548602104,0.007349069986958057,0.1483970582485199,12.000020980834961
2966,0.12942502461373806,0.007937763177324086,0.14795370399951935,12.000772833824158
2967,0.1286036279052496,0.007132228929549456,0.14751145243644714,11.999628782272339
2968,0.12809559423476458,0.006628545495914295,0.14707036316394806,11.999634742736816
2969,0.1290423460304737,0.007540520455222577,0.14663031697273254,12.003552436828613
2970,0.12787115946412086,0.006359177816193551,0.14619140326976776,12.005007147789001
2971,0.1288565043359995,0.007395695196464658,0.14575353264808655,12.000327467918396
2972,0.12843810580670834,0.006996135867666453,0.14531682431697845,11.99888026714325
2973,0.12851140461862087,0.007057472073938698,0.1448812335729599,12.00051236152649
2974,0.12819842249155045,0.006760219985153526,0.1444467306137085,11.999374151229858
2975,0.1282381061464548,0.006792345142457634,0.14401327073574066,12.000562906265259
2976,0.12867687456309795,0.007238175603561103,0.143580824136734,12.00028920173645
2977,0.128545256331563,0.00709943997208029,0.1431494653224945,12.001432418823242
2978,0.12870499677956104,0.0072675072005949914,0.1427192986011505,12.00102984905243
2979,0.12872824631631374,0.007295063289348036,0.14229029417037964,12.001028299331665
2980,0.12941431067883968,0.007952978718094528,0.1418624222278595,12.004271149635315
2981,0.12900867126882076,0.0075834906892850995,0.1414356231689453,12.00108277797699
2982,0.12835944071412086,0.006951835588552058,0.14100974798202515,11.999750971794128
2983,0.12847481667995453,0.007093603955581784,0.14058491587638855,11.997536659240723
2984,0.1294556725770235,0.00803487072698772,0.14016123116016388,12.001919031143188
2985,0.1285464484244585,0.0071331378421746194,0.13973863422870636,12.00159239768982
2986,0.12805108167231083,0.006661719700787216,0.13931705057621002,11.999619483947754
2987,0.12822183221578598,0.0068223338457755744,0.13889655470848083,12.00105369091034
2988,0.12979615852236748,0.008389308932237327,0.13847716152668,12.002208232879639
2989,0.1300262026488781,0.00860508787445724,0.13805890083312988,12.004052758216858
2990,0.13018007390201092,0.008797263260930777,0.13764165341854095,12.00063955783844
2991,0.12940633110702038,0.008052179706282914,0.1372254490852356,11.998189806938171
2992,0.12835490889847279,0.007008543703705072,0.1368103325366974,11.997826099395752
2993,0.12958374805748463,0.008163578808307648,0.13639622926712036,12.00562071800232
2994,0.12896769680082798,0.00758345820941031,0.1359831988811493,12.002441167831421
2995,0.1294009666889906,0.008026805939152837,0.1355711668729782,12.001845002174377
2996,0.12869610264897346,0.007356648158747703,0.1351601779460907,11.998785734176636
2997,0.1296541653573513,0.008300286368466914,0.13475029170513153,12.000638127326965
2998,0.1290788035839796,0.007713131722994149,0.13434146344661713,12.002226114273071
2999,0.12949887104332447,0.008137038676068187,0.13393372297286987,12.002249836921692
3000,0.12801230140030384,0.006669302296359092,0.1335269808769226,12.000773191452026
3001,0.12937493436038494,0.008047689334489405,0.1331213414669037,11.999603152275085
3002,0.1286285724490881,0.007292078749742359,0.13271668553352356,12.000932693481445
3003,0.1291639246046543,0.007833210751414299,0.13231301307678223,12.000758409500122
3004,0.12813962064683437,0.0067967986688017845,0.13191039860248566,12.002372145652771
3005,0.12889675050973892,0.007549829257186502,0.13150879740715027,12.003183364868164
3006,0.12807996198534966,0.006769951607566327,0.13110826909542084,11.999893188476562
3007,0.12852534279227257,0.0072111309273168445,0.13070885837078094,12.000712752342224
3008,0.12858443893492222,0.007257714227307588,0.13031044602394104,12.002362132072449
3009,0.12858161330223083,0.00726844830205664,0.12991298735141754,12.001403570175171
3010,0.12817170657217503,0.006919900944922119,0.12951652705669403,11.995664238929749
3011,0.12828018888831139,0.006974678777623922,0.1291210651397705,12.00143015384674
3012,0.12842698767781258,0.007095046923495829,0.12872664630413055,12.004467606544495
3013,0.1289034653455019,0.007577371608931571,0.12833330035209656,12.004276275634766
3014,0.12906047329306602,0.007764142181258649,0.12794099748134613,12.001692533493042
3015,0.1286731529980898,0.00741158495657146,0.1275496482849121,11.998607397079468
3016,0.1280736494809389,0.0067993097472935915,0.12715938687324524,12.000275015830994
3017,0.12900335714221,0.00770508439745754,0.12677013874053955,12.003057479858398
3018,0.12861337512731552,0.00734374881722033,0.1263817995786667,12.00058102607727
3019,0.12791459076106548,0.006685146479867399,0.12599439918994904,11.996950387954712
3020,0.12837671302258968,0.00714286242146045,0.12560802698135376,11.997777581214905
3021,0.128879239782691,0.00760855752741918,0.12522274255752563,12.001845598220825
3022,0.12859288975596428,0.007311783847399056,0.1248384565114975,12.003272652626038
3023,0.1292322799563408,0.00794727000175044,0.12445516139268875,12.004045963287354
3024,0.12917612865567207,0.007920999138150364,0.1240728422999382,12.001440525054932
3025,0.1282512377947569,0.007017860421910882,0.12369149923324585,11.999646663665771
3026,0.12862936966121197,0.007394449145067483,0.12331116199493408,12.000181078910828
3027,0.12801443971693516,0.00677308498416096,0.12293178588151932,12.001203656196594
3028,0.12863044254481792,0.007375943416263908,0.12255334854125977,12.002897024154663
3029,0.1285670269280672,0.007347573642618954,0.12217596918344498,11.999769687652588
3030,0.1282842420041561,0.0070698545896448195,0.1217995434999466,11.99963915348053
3031,0.12855614349246025,0.007334110443480313,0.12142416834831238,12.000779509544373
3032,0.12880125269293785,0.007578198041301221,0.12104970216751099,12.001255989074707
3033,0.12833318673074245,0.0071124566602520645,0.1206761971116066,12.001396775245667
3034,0.1293719168752432,0.00815819128183648,0.120303675532341,12.001068949699402
3035,0.12857978977262974,0.007386311190202832,0.11993210762739182,11.99941599369049
3036,0.12903284467756748,0.007835718104615808,0.119561567902565,12.00015127658844
3037,0.1286861039698124,0.007448144548106939,0.119191974401474,12.004604458808899
3038,0.128776703029871,0.007567263150122017,0.1188233271241188,12.002120852470398
3039,0.12918080389499664,0.007992721279151738,0.11845569312572479,12.00035274028778
3040,0.12855593115091324,0.007364143792074174,0.1180889755487442,12.001090049743652
3041,0.12747433129698038,0.006286747462581843,0.11772328615188599,12.001035332679749
3042,0.12818211503326893,0.0069924877607263625,0.1173584908246994,12.001604676246643
3043,0.12841223739087582,0.007268418034072965,0.11699457466602325,11.997387647628784
3044,0.12804409302771091,0.006912577257025987,0.1166316345334053,11.996520519256592
3045,0.1286480836570263,0.007475989405065775,0.11626968532800674,12.000940203666687
3046,0.12922157905995846,0.00802417699014768,0.11590871214866638,12.00383198261261
3047,0.12845299392938614,0.007271389418747276,0.11554871499538422,12.002611994743347
3048,0.12872222997248173,0.007565659238025546,0.11518966406583786,12.000467658042908
3049,0.12835348956286907,0.007195972139015794,0.11483151465654373,12.000920534133911
3050,0.12817490473389626,0.007040945696644485,0.1144743263721466,11.998921871185303
3051,0.1281773541122675,0.007034337962977588,0.11411802470684052,12.000183820724487
3052,0.1281740367412567,0.0070271075819619,0.11376263946294785,12.000930428504944
3053,0.1276512872427702,0.006509407714474946,0.1134081482887268,12.00077998638153
3054,0.12849678844213486,0.007362580043263733,0.11305469274520874,12.000366449356079
3055,0.12713291868567467,0.006007861957186833,0.11270212382078171,11.99980354309082
3056,0.12889812886714935,0.0077460051397792995,0.11235050857067108,12.002861976623535
3057,0.12793544121086597,0.006811577011831105,0.11199980974197388,12.000386953353882
3058,0.12760773487389088,0.006503108073957264,0.11165004968643188,11.998812794685364
3059,0.12821892090141773,0.007112280931323767,0.11130122095346451,11.99936318397522
3060,0.1284160353243351,0.007292024441994727,0.11095333099365234,12.001448392868042
3061,0.12879961170256138,0.007675038476008922,0.1106063649058342,12.001851439476013
3062,0.1281880121678114,0.007057979586534202,0.11026032269001007,12.002743124961853
3063,0.12861395813524723,0.007504499692004174,0.1099151223897934,12.001031279563904
3064,0.12928372994065285,0.008214450848754495,0.10957081615924835,11.997357368469238
3065,0.12848630547523499,0.007398666464723647,0.10922741889953613,11.999536633491516
3066,0.12828492745757103,0.007188198738731444,0.10888499021530151,12.00078809261322
3067,0.12911692261695862,0.008004106290172786,0.1085435077548027,12.00273847579956
3068,0.12811277620494366,0.007021035358775407,0.10820295661687851,12.00097119808197
3069,0.12851744703948498,0.007427522796206176,0.10786324739456177,12.001129388809204
3070,0.12824874557554722,0.00716134556569159,0.10752448439598083,12.001215696334839
3071,0.1285677384585142,0.0074671232723630965,0.10718655586242676,12.002875089645386
3072,0.1288879606872797,0.0078035498154349625,0.10684949159622192,12.001591920852661
3073,0.12872922234237194,0.0077047874219715595,0.10651332885026932,11.995930433273315
3074,0.128302788361907,0.007270536094438285,0.10617806017398834,11.997047543525696
3075,0.12833160907030106,0.007274133909959346,0.10584379732608795,11.999904036521912
3076,0.12755723297595978,0.006452287256252021,0.10551039129495621,12.004984498023987
3077,0.1287490762770176,0.007651419960893691,0.1051778644323349,12.004588007926941
3078,0.12990505062043667,0.008819815120659769,0.10484619438648224,12.003677606582642
3079,0.12883412651717663,0.007799664628691971,0.10451541841030121,11.998931407928467
3080,0.1278112754225731,0.006779187882784754,0.1041855663061142,11.999023675918579
3081,0.1288616731762886,0.007803754066117108,0.10385655611753464,12.001935720443726
3082,0.12841422110795975,0.007389129634248093,0.10352841019630432,11.99898111820221
3083,0.12743904814124107,0.006423870858270675,0.10320112854242325,11.998317003250122
3084,0.12833556905388832,0.0072823960217647254,0.102874755859375,12.002442717552185
3085,0.12872028537094593,0.007627117796801031,0.10254925489425659,12.006767868995667
3086,0.1291318330913782,0.008108855341561139,0.10222462564706802,12.000073313713074
3087,0.12873312085866928,0.007742691377643496,0.10190088301897049,11.997142314910889
3088,0.12762195616960526,0.006600271328352392,0.10157801955938339,12.000590682029724
3089,0.12855741567909718,0.007537449477240443,0.10125599056482315,12.000741004943848
3090,0.12808864749968052,0.007074646302498877,0.10093487054109573,12.000465393066406
3091,0.12940161116421223,0.008371886622626334,0.10061458498239517,12.002358198165894
3092,0.12901476956903934,0.008005805662833154,0.10029514133930206,12.000601410865784
3093,0.12935380078852177,0.00836350693134591,0.09997659921646118,11.999053001403809
3094,0.12738699465990067,0.006360017461702228,0.09965889155864716,12.003038883209229
3095,0.12914090417325497,0.008121708873659372,0.09934208542108536,12.002577781677246
3096,0.12936057150363922,0.00835333886789158,0.09902606904506683,12.001697778701782
3097,0.1281433440744877,0.007172269106376916,0.09871089458465576,11.99839699268341
3098,0.13020102493464947,0.009209952084347606,0.09839659184217453,12.00071108341217
3099,0.12937989830970764,0.008396345365326852,0.09808319061994553,12.000272274017334
3100,0.1276477910578251,0.006640552077442408,0.09777060151100159,12.00295352935791
3101,0.12869289703667164,0.007699816196691245,0.09745890647172928,12.00184941291809
3102,0.12803786620497704,0.007068118022289127,0.09714796394109726,11.999826908111572
3103,0.12851890176534653,0.007547670160420239,0.09683790802955627,12.000285506248474
3104,0.12852945365011692,0.0075745960348285735,0.09652870148420334,11.99895715713501
3105,0.12825189903378487,0.007266123255249113,0.09622029960155487,12.002357721328735
3106,0.1278302874416113,0.006852475111372769,0.09591405093669891,12.001867294311523
3107,0.12814722768962383,0.007141585578210652,0.09560845047235489,12.004956245422363
3108,0.1287044696509838,0.007718728098552674,0.09530352801084518,12.003270626068115
3109,0.12830375880002975,0.007366467267274857,0.09499961882829666,11.998729944229126
3110,0.12821569107472897,0.0072960457764565945,0.09469781070947647,11.997267007827759
3111,0.12953438609838486,0.008611727273091674,0.09439671039581299,11.997869372367859
3112,0.12889120914041996,0.00792229495709762,0.09409627318382263,12.002795577049255
3113,0.1291269864886999,0.008135521900840104,0.09379635751247406,12.005350589752197
3114,0.12810960784554482,0.0071521688951179385,0.09349700808525085,12.002247214317322
3115,0.12871870212256908,0.007786714704707265,0.0931982696056366,12.000001192092896
3116,0.12900044210255146,0.008072345226537436,0.09290021657943726,11.99990975856781
3117,0.1285291723906994,0.007595751027110964,0.0926029309630394,12.000739693641663
3118,0.12877335399389267,0.007846836291719228,0.09230633825063705,12.000345468521118
3119,0.1293782778084278,0.008449943270534277,0.09201045334339142,12.000823378562927
3120,0.12846888229250908,0.007544413208961487,0.0917152613401413,12.000732421875
3121,0.12928404659032822,0.008349995652679354,0.09142075479030609,12.001984596252441
3122,0.1281573735177517,0.00723527348600328,0.09112697839736938,12.001083016395569
3123,0.12790908850729465,0.0069694166304543614,0.09083392471075058,12.003133535385132
3124,0.12836026586592197,0.007450663368217647,0.09054163843393326,12.000418663024902
3125,0.12846453115344048,0.007575437310151756,0.09025011956691742,11.998659610748291
3126,0.12736304849386215,0.006479185132775456,0.08995931595563889,11.998427152633667
3127,0.12778352200984955,0.006879906228277832,0.08966930210590363,12.000692367553711
3128,0.12845214270055294,0.007543160405475646,0.08938007056713104,12.001518726348877
3129,0.12760981358587742,0.006692476745229214,0.08909155428409576,12.002642512321472
3130,0.12760809808969498,0.006669308582786471,0.08880375325679779,12.005075573921204
3131,0.12846100330352783,0.007562310551293194,0.08851666748523712,12.001352548599243
3132,0.12715785019099712,0.006285045586992055,0.08823034167289734,11.999050259590149
3133,0.129189383238554,0.008300497953314334,0.087944895029068,12.000943660736084
3134,0.1290210671722889,0.008162373909726739,0.08766023814678192,11.998209238052368
3135,0.12773321196436882,0.006872953672427684,0.08737636357545853,11.998649716377258
3136,0.1287598330527544,0.007854599913116544,0.08709319680929184,12.003430604934692
3137,0.12856781296432018,0.00769945333013311,0.08681073784828186,12.000025391578674
3138,0.12842601351439953,0.007571672438643873,0.08652906119823456,11.998905301094055
3139,0.1272900067269802,0.006417480413801968,0.08624814450740814,12.001004695892334
3140,0.12935585714876652,0.008464101527351886,0.0859680324792862,12.003207921981812
3141,0.12732308357954025,0.0064330658060498536,0.08568863570690155,12.003313422203064
3142,0.12895475514233112,0.008068238035775721,0.08541002869606018,12.003241777420044
3143,0.12855690345168114,0.007706721255090088,0.08513223379850388,11.999886512756348
3144,0.12889178283512592,0.00805998221039772,0.08485520631074905,11.998325228691101
3145,0.12880752235651016,0.007968341116793454,0.08457893878221512,11.99933922290802
3146,0.12889064475893974,0.008033050806261599,0.08430340141057968,12.001456022262573
3147,0.12780174054205418,0.00695749995065853,0.08402859419584274,12.00039553642273
3148,0.1285601668059826,0.0077091537532396615,0.0837545394897461,12.001346826553345
3149,0.12814193405210972,0.007280886056832969,0.08348125964403152,12.002623915672302
3150,0.12831101939082146,0.007459629443474114,0.08320873230695724,12.001930475234985
3151,0.12839920446276665,0.0075600502314046025,0.08293700218200684,12.000978589057922
3152,0.12883635610342026,0.007978852023370564,0.08266599476337433,12.003084897994995
3153,0.12789259478449821,0.0070709543651901186,0.08239568769931793,11.999768614768982
3154,0.12842622585594654,0.007625067431945354,0.08212617039680481,11.997990131378174
3155,0.12753920815885067,0.006724147999193519,0.08185743540525436,11.999648809432983
3156,0.12773345597088337,0.006902458902914077,0.08158949762582779,12.001510739326477
3157,0.12823359109461308,0.007401522772852331,0.0813223123550415,12.001885175704956
3158,0.1279743704944849,0.007111031503882259,0.08105579018592834,12.005278468132019
3159,0.12813543900847435,0.007296972558833659,0.0807899460196495,12.00305700302124
3160,0.13003623858094215,0.00925767602166161,0.08052484691143036,11.997331619262695
3161,0.12913248501718044,0.008345733454916626,0.08026052266359329,11.998414754867554
3162,0.12870052829384804,0.00791170890443027,0.07999701052904129,11.9988853931427
3163,0.12858490832149982,0.007750140968710184,0.07973422110080719,12.003743171691895
3164,0.12826129794120789,0.0074382153688929975,0.07947220653295517,12.002836227416992
3165,0.12861796095967293,0.00780868181027472,0.07921082526445389,12.001717329025269
3166,0.12769302166998386,0.006921397929545492,0.0789501741528511,11.998212218284607
3167,0.1285251434892416,0.007739588851109147,0.07869032025337219,11.999865412712097
3168,0.12731707468628883,0.006476626382209361,0.07843121886253357,12.005613923072815
3169,0.12860607728362083,0.0077944493386894464,0.07817281782627106,12.002990365028381
3170,0.1286409329622984,0.00787699519423768,0.07791509479284286,11.998478889465332
3171,0.12833019718527794,0.007568214787170291,0.0776580274105072,11.99854028224945
3172,0.12929541803896427,0.008510505373124033,0.07740171253681183,12.001089811325073
3173,0.12847617082297802,0.0076923578744754195,0.07714620977640152,12.001235246658325
3174,0.12811744958162308,0.007322910358197987,0.07689143717288971,12.002562880516052
3175,0.12900183536112309,0.008215967332944274,0.0766373798251152,12.001949667930603
3176,0.12748726084828377,0.006740014534443617,0.0763840302824974,11.998340964317322
3177,0.12763449735939503,0.006864259659778327,0.07613137364387512,12.000893115997314
3178,0.12886027805507183,0.008090856834314764,0.07587937265634537,12.001063108444214
3179,0.12835100479424,0.007583447848446667,0.07562804222106934,12.00112783908844
3180,0.12862780317664146,0.00786863366374746,0.07537751644849777,12.000539422035217
3181,0.12813009321689606,0.007359149865806103,0.07512772083282471,12.001966953277588
3182,0.12785432115197182,0.007087467412929982,0.07487866282463074,12.00180697441101
3183,0.12742038443684578,0.006665458087809384,0.0746302530169487,12.00086259841919
3184,0.12803664803504944,0.007300264551304281,0.07438253611326218,11.999255895614624
3185,0.12801427021622658,0.00729155185399577,0.07413554191589355,11.998136639595032
3186,0.1286225002259016,0.007873002730775625,0.07388924062252045,12.001060485839844
3187,0.1287480965256691,0.007994784507900476,0.07364363968372345,12.00168788433075
3188,0.1296264659613371,0.00887431320734322,0.07339873164892197,12.001816868782043
3189,0.12895325012505054,0.008215280366130173,0.07315453886985779,12.000642776489258
3190,0.1299234088510275,0.00917678140103817,0.07291104644536972,12.001751899719238
3191,0.12790093570947647,0.007190273667220026,0.07266824692487717,11.998398184776306
3192,0.1277034729719162,0.006974239717237651,0.07242610305547714,12.000497102737427
3193,0.12905011139810085,0.008306665404234082,0.07218463718891144,12.002160549163818
3194,0.12832113169133663,0.007598229916766286,0.07194388657808304,12.000346660614014
3195,0.12827767059206963,0.007556797529105097,0.07170380651950836,12.000383734703064
3196,0.12819884531199932,0.007478405721485615,0.0714644193649292,12.000579833984375
3197,0.12801134400069714,0.007281790138222277,0.07122565805912018,12.001729846000671
3198,0.12727675680071115,0.0065587450517341495,0.07098767161369324,12.000813603401184
3199,0.12765238247811794,0.006902339402586222,0.07075037062168121,12.004254460334778
3200,0.12745094671845436,0.006736009439919144,0.07051369547843933,12.000980257987976
3201,0.1284423228353262,0.007783646055031568,0.07027770578861237,11.995590209960938
3202,0.127358665689826,0.006683997227810323,0.07004240155220032,11.997425079345703
3203,0.12904623709619045,0.008321312780026346,0.06980779021978378,12.002684831619263
3204,0.12791192531585693,0.0071768423076719046,0.06957381963729858,12.003934383392334
3205,0.12839865498244762,0.00767135905334726,0.06934049725532532,12.003389477729797
3206,0.12892687134444714,0.008231421175878495,0.06910786777734756,12.000437378883362
3207,0.12804799899458885,0.007359172392170876,0.06887587904930115,12.000007271766663
3208,0.12863664329051971,0.007957095222081989,0.06864462047815323,11.999310612678528
3209,0.12896216474473476,0.008261364244390279,0.06841403245925903,12.00166630744934
3210,0.12822830863296986,0.007550853013526648,0.06818406283855438,11.999561667442322
3211,0.12825141847133636,0.0075625256286002696,0.06795474886894226,12.000934839248657
3212,0.12875301577150822,0.008062364649958909,0.06772603839635849,12.001339197158813
3213,0.12819222174584866,0.007520000945078209,0.06749801337718964,11.99972414970398
3214,0.12885382398962975,0.008172767760697752,0.0672706738114357,12.000835299491882
3215,0.1272410098463297,0.006576187210157514,0.06704401969909668,11.999438643455505
3216,0.12862001173198223,0.007935147208627313,0.06681802868843079,12.001668691635132
3217,0.12707414012402296,0.006393752933945507,0.06659270823001862,12.001445889472961
3218,0.12797346152365208,0.00730100175132975,0.0663679912686348,12.000878095626831
3219,0.12853778153657913,0.007853803224861622,0.06614390015602112,12.002254366874695
3220,0.12769834697246552,0.007035494199953973,0.06592047959566116,12.000365257263184
3221,0.12864329665899277,0.007971088867634535,0.06569765508174896,12.001523613929749
3222,0.12723503075540066,0.006589954369701445,0.06547549366950989,11.999032020568848
3223,0.1278423760086298,0.007200568448752165,0.06525398790836334,11.998926877975464
3224,0.12814624793827534,0.007494207879062742,0.06503310799598694,12.000171422958374
3225,0.12903054431080818,0.008377218444366008,0.06481292843818665,12.000519871711731
3226,0.12748531252145767,0.006809945392888039,0.06459341943264008,12.002943396568298
3227,0.12862013466656208,0.007945931050926447,0.06437454372644424,12.003046154975891
3228,0.12833542376756668,0.00766137900063768,0.06415627151727676,12.00324833393097
3229,0.12875478900969028,0.008114069525618106,0.06393860280513763,12.000133633613586
3230,0.12841961160302162,0.007782006519846618,0.06372156739234924,12.000038862228394
3231,0.12755664438009262,0.0069098141975700855,0.06350516527891159,12.00117814540863
3232,0.1277346983551979,0.007132160535547882,0.0632893368601799,11.996964693069458
3233,0.12812577933073044,0.007497425307519734,0.06307414919137955,11.99976134300232
3234,0.12743570283055305,0.006782820855733007,0.0628596842288971,12.002428531646729
3235,0.12795337475836277,0.00728525611339137,0.06264585256576538,12.00416612625122
3236,0.1287733092904091,0.008139066572766751,0.06243259832262993,12.000991821289062
3237,0.12795211747288704,0.007320283853914589,0.06221996247768402,12.00096344947815
3238,0.12791180610656738,0.007283372629899532,0.06200795993208885,12.00083577632904
3239,0.12735659629106522,0.006721938436385244,0.06179661676287651,12.00166940689087
3240,0.1277387011796236,0.0071101177600212395,0.061585817486047745,12.001272797584534
3241,0.12828323431313038,0.0076732218149118125,0.061375610530376434,11.99962592124939
3242,0.12812639400362968,0.0075256311683915555,0.06116601824760437,11.998910427093506
3243,0.12744010798633099,0.006779166928026825,0.060957081615924835,12.005137205123901
3244,0.12908674590289593,0.008430007146671414,0.060748811811208725,12.00492525100708
3245,0.12698655389249325,0.006370364630129188,0.06054113060235977,12.001078248023987
3246,0.1278374157845974,0.007250827155075967,0.060334060341119766,11.998324871063232
3247,0.12832829728722572,0.007728212105575949,0.06012757867574692,11.999881386756897
3248,0.1283589657396078,0.00776810955721885,0.05992165580391884,11.999164462089539
3249,0.12796952947974205,0.007371643034275621,0.0597163662314415,12.000072360038757
3250,0.12720196321606636,0.006561935180798173,0.059511683881282806,12.004491686820984
3251,0.1287544947117567,0.008116011682432145,0.05930766463279724,12.004541039466858
3252,0.1287724394351244,0.008144989900756627,0.059104204177856445,12.00364089012146
3253,0.12828370556235313,0.007656875241082162,0.058901384472846985,12.00378155708313
3254,0.12835896387696266,0.007780092884786427,0.05869913846254349,11.999188303947449
3255,0.12917192466557026,0.00860886980080977,0.058497440069913864,11.997808337211609
3256,0.12852206826210022,0.007959325856063515,0.05829638987779617,11.99797797203064
3257,0.1287747584283352,0.008185909071471542,0.058095965534448624,12.000789165496826
3258,0.12815846502780914,0.007551235670689493,0.057896096259355545,12.002826929092407
3259,0.12751148082315922,0.006895458966027945,0.05769677832722664,12.003905534744263
3260,0.12821817584335804,0.007638163457158953,0.05749805271625519,12.000503301620483
3261,0.12729701586067677,0.006720416771713644,0.057299911975860596,12.000360131263733
3262,0.12815187126398087,0.0075386026292108,0.05710238963365555,12.00422489643097
3263,0.12801430374383926,0.007474120473489165,0.05690545216202736,11.997113227844238
3264,0.12808717973530293,0.007534099684562534,0.05670911818742752,11.9985990524292
3265,0.12838643975555897,0.007807733316440135,0.056513428688049316,12.001357674598694
3266,0.12794885877519846,0.00735020253341645,0.05631822347640991,12.003547430038452
3267,0.1288281548768282,0.008222012140322477,0.05612361058592796,12.004491090774536
3268,0.1278771311044693,0.007307654537726194,0.05592953413724899,12.001018285751343
3269,0.12727670930325985,0.006734674738254398,0.055736079812049866,11.998467683792114
3270,0.12820124253630638,0.007642603013664484,0.05554322153329849,12.000320792198181
3271,0.12810564041137695,0.007537393539678305,0.05535092577338219,12.001474142074585
3272,0.12763720005750656,0.0070800125831738114,0.055159199982881546,12.00056004524231
3273,0.12731471471488476,0.0067778960801661015,0.05496799945831299,11.998714208602905
3274,0.1281259972602129,0.007570497284177691,0.054777342826128006,12.000772714614868
3275,0.12876801192760468,0.008214400499127805,0.05458729714155197,12.000774145126343
3276,0.12811165116727352,0.007558013487141579,0.05439788103103638,12.000966429710388
3277,0.12797412648797035,0.007403159863315523,0.054209060966968536,12.002887845039368
3278,0.12737740762531757,0.006802353716921061,0.05402080714702606,12.003484606742859
3279,0.12864353880286217,0.008103539294097573,0.05383303388953209,12.00016725063324
3280,0.12738047912716866,0.006862813315819949,0.0536457821726799,11.99812138080597
3281,0.12783129699528217,0.007271017238963395,0.053459104150533676,12.002569198608398
3282,0.12859457544982433,0.0080703612184152,0.05327300354838371,11.999148845672607
3283,0.12793139927089214,0.0074156305636279285,0.05308746173977852,11.998489618301392
3284,0.12724127806723118,0.0066876308410428464,0.05290248990058899,12.00246262550354
3285,0.12794022262096405,0.007386428187601268,0.05271809548139572,12.0026615858078
3286,0.1283972505480051,0.007861408521421254,0.05253426358103752,12.001050233840942
3287,0.12800761125981808,0.00747753435280174,0.052350953221321106,12.000656962394714
3288,0.12818735465407372,0.007673071988392621,0.05216819792985916,11.999260187149048
3289,0.12880565039813519,0.008252574596554041,0.0519859716296196,12.003322005271912
3290,0.12774385139346123,0.0071766008622944355,0.051804304122924805,12.004920959472656
3291,0.1284427735954523,0.00792494765482843,0.05162321776151657,12.000159859657288
3292,0.1281545478850603,0.007660969975404441,0.051442623138427734,11.997915148735046
3293,0.1274508237838745,0.006961618724744767,0.05126257240772247,11.997658252716064
3294,0.1274615041911602,0.006959597754757851,0.051083095371723175,11.999107599258423
3295,0.1276403870433569,0.007085284392815083,0.05090421438217163,12.004606127738953
3296,0.12856215424835682,0.007963186246342957,0.05072586610913277,12.009170889854431
3297,0.12770556285977364,0.007178885512985289,0.05054798722267151,12.002120018005371
3298,0.12759588286280632,0.007104741351213306,0.05037062615156174,11.998743891716003
3299,0.12844901159405708,0.007962444331496954,0.05019380524754524,11.998463153839111
3300,0.12802179157733917,0.007532298564910889,0.0500175766646862,11.998932003974915
3301,0.12739382311701775,0.00689485325710848,0.04984191060066223,12.00005555152893
3302,0.12820302695035934,0.007683131727389991,0.049666743725538254,12.002323150634766
3303,0.1272314302623272,0.006714834657032043,0.04949205741286278,12.002167463302612
3304,0.12744835577905178,0.006927671434823424,0.04931790009140968,12.002750635147095
3305,0.1265793452039361,0.006071337615139782,0.049144282937049866,12.001656651496887
3306,0.12794699519872665,0.007455583952832967,0.048971228301525116,12.000170111656189
3307,0.127403162419796,0.006911125732585788,0.04879874363541603,12.000405192375183
3308,0.12792270071804523,0.007430955884046853,0.048626746982336044,12.000548124313354
3309,0.1283379290252924,0.007851536385715008,0.04845524579286575,12.000184178352356
3310,0.12729826755821705,0.00680316670332104,0.04828424006700516,12.001226305961609
3311,0.12786012515425682,0.0073904169257730246,0.04811379313468933,11.998857259750366
3312,0.12764142826199532,0.007161577988881618,0.047943875193595886,12.000041484832764
3313,0.12717768736183643,0.006682825740426779,0.047774478793144226,12.001711964607239
3314,0.1277472097426653,0.007214652432594448,0.04760560020804405,12.005650281906128
3315,0.12750636041164398,0.007038398587610573,0.04743719473481178,11.999359369277954
3316,0.12705845572054386,0.006604250404052436,0.04726928845047951,11.998151540756226
3317,0.12767906859517097,0.007199621119070798,0.047101929783821106,12.000843286514282
3318,0.1274750605225563,0.006972161936573684,0.04693508893251419,12.003355264663696
3319,0.12826333940029144,0.007756338978651911,0.046768754720687866,12.003931522369385
3320,0.1282582525163889,0.007773468503728509,0.04660292714834213,12.001875638961792
3321,0.12789269909262657,0.007448617601767182,0.046437591314315796,11.997970700263977
3322,0.12740587256848812,0.006969051260966808,0.04627279192209244,11.997409701347351
3323,0.12712734006345272,0.006656454061158001,0.04610849544405937,12.000980138778687
3324,0.12714406661689281,0.006683400657493621,0.045944731682538986,12.0001220703125
3325,0.12799139134585857,0.007509566145017743,0.045781463384628296,12.002401471138
3326,0.12809683196246624,0.00759925611782819,0.04561862722039223,12.004139423370361
3327,0.12762770056724548,0.007155838189646602,0.045456260442733765,12.001729965209961
3328,0.12878316640853882,0.008334293030202389,0.045294441282749176,11.999593615531921
3329,0.12692270427942276,0.006462001707404852,0.04513314738869667,12.000937461853027
3330,0.12734471447765827,0.006907895964104682,0.04497240111231804,11.998709559440613
3331,0.1286020129919052,0.008139232988469303,0.04481212794780731,12.001466274261475
3332,0.12860959395766258,0.00812220451189205,0.04465227574110031,12.00408673286438
3333,0.12675640173256397,0.006300597568042576,0.044492900371551514,12.001087665557861
3334,0.12785475701093674,0.0074310265481472015,0.04433403164148331,11.998039364814758
3335,0.1271511260420084,0.0067163106868974864,0.04417567700147629,11.999306082725525
3336,0.12829270027577877,0.007833523908630013,0.044017866253852844,12.00190019607544
3337,0.12840265594422817,0.007939769595395774,0.0438605472445488,12.002428650856018
3338,0.12804243713617325,0.007568090804852545,0.043703675270080566,12.003731369972229
3339,0.127977654337883,0.007553078350611031,0.04354730248451233,11.998910546302795
3340,0.12726752646267414,0.006827730743680149,0.043391332030296326,12.000588297843933
3341,0.1276904046535492,0.0072384505765512586,0.04323587939143181,12.001959681510925
3342,0.12810509093105793,0.007641282572876662,0.04308091104030609,12.003300309181213
3343,0.1273239478468895,0.006924848596099764,0.042926475405693054,11.996983647346497
3344,0.1279449313879013,0.007525808352511376,0.04277247563004494,11.99914002418518
3345,0.12796984612941742,0.007494913937989622,0.04261896014213562,12.004874467849731
3346,0.12740052677690983,0.006973602692596614,0.04246597737073898,12.000226974487305
3347,0.12863215990364552,0.00819297379348427,0.04231344535946846,12.00160527229309
3348,0.12786810658872128,0.007428186654578894,0.042161375284194946,12.00183093547821
3349,0.12910402566194534,0.008649194031022489,0.04200972616672516,12.00347363948822
3350,0.12875565327703953,0.008357257349416614,0.04185856878757477,11.997981190681458
3351,0.1277307067066431,0.0073212862480431795,0.04170788824558258,11.999234199523926
3352,0.1279242280870676,0.007495558413211256,0.04155772924423218,12.001309514045715
3353,0.12756601721048355,0.007137763663195074,0.041408028453588486,12.001417636871338
3354,0.12760517187416553,0.0071787728811614215,0.04125874489545822,12.001381278038025
3355,0.12880364246666431,0.008356879523489624,0.04110995680093765,12.00356662273407
3356,0.12898346967995167,0.00855163880623877,0.040961626917123795,12.002221465110779
3357,0.1274041123688221,0.00702545972308144,0.04081375524401665,11.99705195426941
3358,0.12679807469248772,0.006412932125385851,0.040666330605745316,11.997848272323608
3359,0.12840951047837734,0.007996247382834554,0.040519408881664276,12.00080692768097
3360,0.12718112207949162,0.006758318282663822,0.04037293419241905,12.00190782546997
3361,0.1276389416307211,0.007233971147798002,0.04022692143917084,12.000270247459412
3362,0.12815147824585438,0.007742034154944122,0.04008130729198456,12.000863432884216
3363,0.12776913680136204,0.007347819278948009,0.039936140179634094,12.002195835113525
3364,0.1268344633281231,0.006412172457203269,0.03979148343205452,12.002437949180603
3365,0.12810339406132698,0.007687500212341547,0.03964729607105255,12.001942038536072
3366,0.12762354128062725,0.0072468778234906495,0.039503566920757294,11.998162984848022
3367,0.12794597633183002,0.0075711889658123255,0.03936024382710457,11.998118877410889
3368,0.12751572206616402,0.007134377025067806,0.03921740874648094,11.99891710281372
3369,0.12791187688708305,0.007510975992772728,0.039074987173080444,12.001015067100525
3370,0.12774210795760155,0.007307191495783627,0.03893301635980606,12.00455892086029
3371,0.12751249596476555,0.00709377380553633,0.03879154473543167,12.00308096408844
3372,0.12799734249711037,0.007586929074022919,0.03865044564008713,12.0023912191391
3373,0.1278842743486166,0.007511435716878623,0.038509808480739594,11.998774290084839
3374,0.1268663452938199,0.006518550595501438,0.038369618356227875,11.996410250663757
3375,0.12778867408633232,0.007398034154903144,0.038229867815971375,12.000834584236145
3376,0.12770395912230015,0.007307305466383696,0.038090601563453674,12.001574993133545
3377,0.1280446033924818,0.0076513517415151,0.0379517488181591,12.001373887062073
3378,0.12739851791411638,0.007009752036537975,0.037813324481248856,12.001063466072083
3379,0.12822764739394188,0.007813039817847311,0.03767535462975502,12.003785848617554
3380,0.12786019872874022,0.007456145831383765,0.03753780201077461,12.002867817878723
3381,0.1266519743949175,0.006292269768891856,0.037400685250759125,11.998570322990417
3382,0.12784969806671143,0.007471625111065805,0.037264011800289154,12.000543594360352
3383,0.12771873362362385,0.007347085396759212,0.037127785384655,12.00003707408905
3384,0.12853466533124447,0.008159550081472844,0.03699200227856636,12.000519514083862
3385,0.12918364256620407,0.008820886199828237,0.036856621503829956,11.999419331550598
3386,0.1274046842008829,0.007048079569358379,0.03672163188457489,11.998939275741577
3387,0.12636059522628784,0.00600025150924921,0.036587104201316833,11.999447226524353
3388,0.12724239751696587,0.006838599336333573,0.0364530086517334,12.003927111625671
3389,0.12779413349926472,0.007397235021926463,0.03631937876343727,12.003370881080627
3390,0.12742684967815876,0.007055743655655533,0.03618614748120308,12.000924825668335
3391,0.12686296179890633,0.006504434975795448,0.03605327755212784,11.999799966812134
3392,0.12773852795362473,0.007384558499325067,0.0359208770096302,11.999476552009583
3393,0.12771185114979744,0.007332566368859261,0.035788893699645996,12.002140045166016
3394,0.12772881984710693,0.007338990515563637,0.035657357424497604,12.003325819969177
3395,0.1276279240846634,0.007272796938195825,0.03552618622779846,11.99998664855957
3396,0.12824477069079876,0.007904734346084297,0.035395435988903046,11.998608589172363
3397,0.12757274322211742,0.007219254854135215,0.03526516258716583,12.000083923339844
3398,0.1282193847000599,0.007854146300815046,0.035135336220264435,12.001388669013977
3399,0.12846174091100693,0.008086190035101026,0.035005904734134674,12.002549290657043
3400,0.1278248056769371,0.007442976988386363,0.034876804798841476,12.003306269645691
3401,0.1273545753210783,0.007014240196440369,0.03474811092019081,11.999285817146301
3402,0.1270222757011652,0.00665450724773109,0.034619882702827454,12.002157330513
3403,0.12772535346448421,0.00732892903033644,0.03449209779500961,12.005150318145752
3404,0.12831913493573666,0.007968990132212639,0.03436470776796341,12.00064992904663
3405,0.12748988345265388,0.007171445118729025,0.034237753599882126,11.99760639667511
3406,0.12828300148248672,0.007927252270746976,0.03411117568612099,12.001464128494263
3407,0.12748692370951176,0.007123537303414196,0.03398502618074417,12.002354145050049
3408,0.12710478529334068,0.00677686498966068,0.03385923057794571,11.9989333152771
3409,0.12896358035504818,0.008628564944956452,0.03373381122946739,11.999767899513245
3410,0.12811200320720673,0.007767969917040318,0.03360879793763161,12.000794529914856
3411,0.1284550465643406,0.008063106390181929,0.03348424658179283,12.005709767341614
3412,0.12779106013476849,0.007393217470962554,0.03336011990904808,12.006424069404602
3413,0.1273946464061737,0.00704505987232551,0.033236391842365265,12.001722574234009
3414,0.12699847389012575,0.006688899535220116,0.0331130251288414,11.997844576835632
3415,0.12752224691212177,0.007209738017991185,0.03299003466963768,11.998260855674744
3416,0.12686341628432274,0.006536031898576766,0.03286745399236679,11.999871373176575
3417,0.12831340543925762,0.007970340957399458,0.032745279371738434,12.001561284065247
3418,0.12832895293831825,0.007982200535479933,0.0326235331594944,12.002052068710327
3419,0.12819574028253555,0.007847422442864627,0.032502174377441406,12.00233006477356
3420,0.1270380076020956,0.006697179458569735,0.03238122537732124,12.001701712608337
3421,0.12767339870333672,0.007322990044485778,0.03226067125797272,12.002780675888062
3422,0.12797627225518227,0.0076238097390159965,0.03214046359062195,12.003106117248535
3423,0.12723507918417454,0.006936837395187467,0.03202060982584953,11.997804045677185
3424,0.12793427519500256,0.007636761176399887,0.03190112113952637,11.997851014137268
3425,0.1282404065132141,0.007909486768767238,0.031782038509845734,12.001310467720032
3426,0.12856531329452991,0.00821972923586145,0.03166339918971062,12.00289511680603
3427,0.12665829434990883,0.006342671811580658,0.03154512867331505,12.000017523765564
3428,0.12715100310742855,0.006816859764512628,0.031427282840013504,12.001987099647522
3429,0.12729875277727842,0.006963084335438907,0.031309835612773895,12.002257585525513
3430,0.12704198993742466,0.006729709333740175,0.031192753463983536,12.000035762786865
3431,0.1281809564679861,0.007878652249928564,0.031075995415449142,11.999154686927795
3432,0.12768779695034027,0.00737391720758751,0.030959585681557655,12.000428795814514
3433,0.12757545616477728,0.007243464060593396,0.030843587592244148,12.00235629081726
3434,0.12698935717344284,0.006631088617723435,0.030727973207831383,12.005099534988403
3435,0.12786962278187275,0.007525779597926885,0.030612757429480553,12.003772020339966
3436,0.12754462473094463,0.007231659721583128,0.030497925356030464,12.00079882144928
3437,0.12820617482066154,0.007899311080109328,0.030383482575416565,12.000303268432617
3438,0.12737260945141315,0.007103780517354608,0.03026939183473587,11.99661374092102
3439,0.12746860459446907,0.0071999491774477065,0.030155660584568977,11.996710419654846
3440,0.12726799212396145,0.0069492500624619424,0.030042273923754692,12.001832365989685
3441,0.12855160981416702,0.00822620972758159,0.029929269105196,12.002610921859741
3442,0.1276381630450487,0.007316141505725682,0.029816649854183197,12.0023854970932
3443,0.1276157796382904,0.007284826133400202,0.029704438522458076,12.003391027450562
3444,0.12833439372479916,0.007999449560884386,0.02959258481860161,12.003901839256287
3445,0.12652158457785845,0.00622492196271196,0.029481062665581703,12.00018560886383
3446,0.12727406434714794,0.006991753354668617,0.029369914904236794,11.99886155128479
3447,0.1278838813304901,0.007596570649184287,0.029259134083986282,11.99947214126587
3448,0.1275326181203127,0.00725053291535005,0.029148725792765617,11.999060034751892
3449,0.12717491202056408,0.006870244047604501,0.029038673266768456,12.001428365707397
3450,0.12744075804948807,0.0071501125348731875,0.028928978368639946,12.000136017799377
3451,0.1268148422241211,0.006511281128041446,0.028819646686315536,12.00153660774231
3452,0.12816795893013477,0.007825756445527077,0.028710676357150078,12.005509734153748
3453,0.12679487094283104,0.006501764350105077,0.028602056205272675,12.000708937644958
3454,0.12832056730985641,0.008054472040385008,0.028493786230683327,11.99811589717865
3455,0.12720575276762247,0.006906611379235983,0.02838589996099472,12.00152850151062
3456,0.1279258131980896,0.007628794759511948,0.028278399258852005,12.001423597335815
3457,0.12746918946504593,0.007184166577644646,0.028171218931674957,12.000331401824951
3458,0.12659962847828865,0.006319298874586821,0.02806437760591507,11.999968886375427
3459,0.12764674052596092,0.0073485414031893015,0.02795788273215294,12.001862049102783
3460,0.12815304100513458,0.007867391686886549,0.027851762250065804,12.000713467597961
3461,0.12796342745423317,0.007679967093281448,0.02774597518146038,12.000600337982178
3462,0.12842793203890324,0.00815218803472817,0.027640538290143013,11.999934196472168
3463,0.127322006970644,0.007032242079731077,0.027535490691661835,12.001441359519958
3464,0.1273811301216483,0.007066569873131812,0.027430787682533264,12.00402557849884
3465,0.12761608511209488,0.007331886328756809,0.027326416224241257,12.001093626022339
3466,0.1281128078699112,0.007856050040572882,0.027222391217947006,11.998453617095947
3467,0.12713954411447048,0.006863296614028513,0.027118688449263573,12.000506401062012
3468,0.12799131963402033,0.007700457121245563,0.027015309780836105,12.002071261405945
3469,0.12794465571641922,0.007675217231735587,0.026912299916148186,12.00003182888031
3470,0.12794346548616886,0.007629315252415836,0.026809675619006157,12.004605650901794
3471,0.12862161733210087,0.008323981484863907,0.026707420125603676,12.003056645393372
3472,0.1281925793737173,0.007938324240967631,0.026605458930134773,11.998820424079895
3473,0.12787742726504803,0.0076292253215797246,0.02650381438434124,11.998316764831543
3474,0.1276956293731928,0.0074115454917773604,0.026402518153190613,12.00200629234314
3475,0.12723137252032757,0.006951002811547369,0.026301570236682892,12.00173544883728
3476,0.12678899988532066,0.006529353326186538,0.026200922206044197,11.999764204025269
3477,0.12878595292568207,0.008527277503162622,0.026100629940629005,11.999767184257507
3478,0.12757288105785847,0.007288880879059434,0.02600068412721157,12.002399563789368
3479,0.12681746669113636,0.006532677449285984,0.025901097804307938,12.002577900886536
3480,0.12738462444394827,0.0071124304085969925,0.025801828131079674,12.001417756080627
3481,0.12801416777074337,0.007767973642330617,0.02570287138223648,11.998916745185852
3482,0.1273890258744359,0.007134636281989515,0.025604255497455597,11.999834775924683
3483,0.12813367694616318,0.007847930130083114,0.025505980476737022,12.003069162368774
3484,0.1274078069254756,0.0071591431624256074,0.025408025830984116,11.99945855140686
3485,0.1277969740331173,0.0075360568589530885,0.02531038038432598,12.000781536102295
3486,0.12715719919651747,0.006897625396959484,0.025213077664375305,12.000744462013245
3487,0.12771855480968952,0.00745313212973997,0.0251160915941,12.001426696777344
3488,0.12859476916491985,0.008320548047777265,0.025019459426403046,12.002402901649475
3489,0.1276215398684144,0.007351192180067301,0.024923164397478104,12.002112030982971
3490,0.12781199999153614,0.0075654315878637135,0.024827197194099426,11.999829888343811
3491,0.1271735392510891,0.00694417767226696,0.02473149448633194,11.998204827308655
3492,0.1269361488521099,0.006700101483147591,0.024636100977659225,11.998969078063965
3493,0.12867587246000767,0.00841634941753,0.024541057646274567,12.001411437988281
3494,0.1272887196391821,0.007003025151789188,0.024446338415145874,12.004123330116272
3495,0.12689573131501675,0.006629606592468917,0.024351950734853745,12.00226104259491
3496,0.127686969935894,0.007448678778018802,0.024257875978946686,11.999571681022644
3497,0.12731677666306496,0.00707141391467303,0.02416415885090828,12.000372290611267
3498,0.126088697463274,0.005833496863488108,0.024070745334029198,12.001449823379517
3499,0.12733793444931507,0.007095798384398222,0.023977626115083694,12.00023627281189
3500,0.12701004557311535,0.006778128677979112,0.023884791880846024,11.99930739402771
3501,0.12732550874352455,0.007084235723596066,0.023792266845703125,12.000335097312927
3502,0.12748165242373943,0.007229645678307861,0.02370007522404194,12.001500606536865
3503,0.1279588621109724,0.007707153563387692,0.023608198389410973,12.00156283378601
3504,0.12684283591806889,0.006602430599741638,0.02351665310561657,12.000524044036865
3505,0.12712176144123077,0.006848908378742635,0.023425426334142685,12.003860116004944
3506,0.1272119451314211,0.00695378304226324,0.02333448827266693,12.002481818199158
3507,0.1277860812842846,0.007546429056674242,0.023243840783834457,12.000721335411072
3508,0.1278306171298027,0.007626044505741447,0.02315349504351616,11.99730384349823
3509,0.12841166742146015,0.008193476416636258,0.02306346595287323,11.998755812644958
3510,0.12845759838819504,0.008219891518820077,0.02297375164926052,12.000796914100647
3511,0.12779667042195797,0.007538359262980521,0.022884350270032883,12.002946853637695
3512,0.12749060988426208,0.007245414541102946,0.022795293480157852,12.001724362373352
3513,0.12673642858862877,0.006481218675617129,0.02270648442208767,12.002814531326294
3514,0.12664183788001537,0.006428204185795039,0.022617967799305916,11.998745441436768
3515,0.128338523209095,0.008122574945446104,0.022529780864715576,11.999065399169922
3516,0.12849323265254498,0.008253579493612051,0.022441893815994263,12.001523494720459
3517,0.12847949378192425,0.008237994916271418,0.022354312241077423,12.001795768737793
3518,0.12799053080379963,0.007761713583022356,0.02226700447499752,12.000614881515503
3519,0.12799234129488468,0.007766112394165248,0.022179987281560898,12.00044298171997
3520,0.12821262329816818,0.007963224372360855,0.022093264386057854,12.002846956253052
3521,0.12782848440110683,0.0076021780259907246,0.022006861865520477,12.00062382221222
3522,0.12751614954322577,0.007290016917977482,0.02192080393433571,12.000692963600159
3523,0.12750816717743874,0.007273150549735874,0.021835006773471832,12.001666784286499
3524,0.12735087983310223,0.007125676027499139,0.021749477833509445,12.000770926475525
3525,0.12726318277418613,0.007070987776387483,0.021664230152964592,11.997555494308472
3526,0.1271510235965252,0.006930739851668477,0.021579265594482422,12.000449657440186
3527,0.12742526456713676,0.007190943870227784,0.021494658663868904,12.001937627792358
3528,0.12785567995160818,0.007627257262356579,0.02141033671796322,12.001431941986084
3529,0.12791823782026768,0.0076878275140188634,0.02132626622915268,12.001715183258057
3530,0.12733592838048935,0.0070813033962622285,0.021242499351501465,12.004220128059387
3531,0.12679015193134546,0.0065796576091088355,0.021159011870622635,11.999890685081482
3532,0.12649998906999826,0.006307928473688662,0.02107582986354828,11.998130440711975
3533,0.12772227078676224,0.007521514140535146,0.020992936566472054,11.999083042144775
3534,0.12725484650582075,0.007039120770059526,0.020910313352942467,12.000662565231323
3535,0.12792276963591576,0.0077062181662768126,0.020827963948249817,12.000827550888062
3536,0.12775751296430826,0.007544286374468356,0.02074592001736164,12.000576853752136
3537,0.1275913119316101,0.007353278168011457,0.020664136856794357,12.00313937664032
3538,0.1272396221756935,0.007016762334387749,0.0205826498568058,12.00170361995697
3539,0.12774262018501759,0.007516081270296127,0.020501431077718735,12.002152919769287
3540,0.12704195082187653,0.006850983016192913,0.020420532673597336,11.998676419258118
3541,0.12756947055459023,0.007357489550486207,0.020339906215667725,12.000858426094055
3542,0.12783144041895866,0.007619235839229077,0.020259538665413857,12.000961184501648
3543,0.12767092138528824,0.0074638426303863525,0.020179448649287224,12.000528931617737
3544,0.12774785421788692,0.007548078312538564,0.020099658519029617,11.999878287315369
3545,0.1265924060717225,0.00638199393870309,0.020020142197608948,12.001021385192871
3546,0.12704028189182281,0.006833091436419636,0.01994088850915432,12.000778317451477
3547,0.1274661561474204,0.007278838544152677,0.019861875101923943,11.998870134353638
3548,0.12721414677798748,0.007019136741291732,0.01978314481675625,11.999718189239502
3549,0.12896621972322464,0.008755049027968198,0.019704695791006088,12.001412272453308
3550,0.1281311735510826,0.007932755979709327,0.019626518711447716,12.000215649604797
3551,0.1287903804332018,0.008573599334340543,0.019548634067177773,12.002129554748535
3552,0.12792292051017284,0.007706931792199612,0.019471049308776855,12.00212848186493
3553,0.12696589715778828,0.006757484807167202,0.01939374767243862,12.001447558403015
3554,0.12666889186948538,0.0064937343704514205,0.019316667690873146,11.998199224472046
3555,0.12721256911754608,0.007023765181656927,0.019239842891693115,11.999640822410583
3556,0.12656995374709368,0.006369578011799604,0.019163277000188828,12.000874400138855
3557,0.12680407986044884,0.006606676732189953,0.019086964428424835,12.000653386116028
3558,0.12820999510586262,0.00801625766325742,0.019010938704013824,12.000363230705261
3559,0.12654696963727474,0.006336357560940087,0.018935194239020348,12.002126216888428
3560,0.12760334461927414,0.007375273387879133,0.01885972172021866,12.003947496414185
3561,0.12836468778550625,0.008145347295794636,0.018784524872899055,12.00314998626709
3562,0.1275087259709835,0.007320938224438578,0.018709566444158554,12.000069379806519
3563,0.12826693337410688,0.00810790213290602,0.018634865060448647,11.997268438339233
3564,0.12677955068647861,0.006613535049837083,0.018560441210865974,11.99804139137268
3565,0.12839636020362377,0.008204340934753418,0.018486274406313896,12.000715851783752
3566,0.12765706330537796,0.0074612037860788405,0.018412340432405472,12.001173734664917
3567,0.12819283828139305,0.007992250379174948,0.018338676542043686,12.001720428466797
3568,0.1270211562514305,0.0067978739971295,0.018265295773744583,12.004063248634338
3569,0.12709248438477516,0.006895487895235419,0.018192194402217865,12.00150740146637
3570,0.1271799048408866,0.006998746510362253,0.018119320273399353,11.999996542930603
3571,0.12837300449609756,0.008201254182495177,0.01804671436548233,11.999128460884094
3572,0.1277584172785282,0.007566482236143202,0.01797431707382202,12.001219272613525
3573,0.1275269351899624,0.007341520686168224,0.017902188003063202,12.00063943862915
3574,0.1272698286920786,0.007082323718350381,0.017830317839980125,12.000920534133911
3575,0.12778721563518047,0.00761349662207067,0.017758717760443687,11.999613404273987
3576,0.12851030565798283,0.008336098922882229,0.017687369138002396,11.999733686447144
3577,0.12790955416858196,0.007722098845988512,0.01761627569794655,12.001129269599915
3578,0.12696564383804798,0.006781378178857267,0.017545443028211594,12.000881314277649
3579,0.12759301625192165,0.007386445126030594,0.017474859952926636,12.003182530403137
3580,0.1275205109268427,0.0073297577910125256,0.01740451157093048,12.001671195030212
3581,0.12774003855884075,0.007570266316179186,0.01733439601957798,11.999643206596375
3582,0.12679295241832733,0.006644106702879071,0.017264526337385178,11.997620463371277
3583,0.1283770576119423,0.008173851005267352,0.01719489134848118,12.00312626361847
3584,0.12780193798244,0.00760698807425797,0.01712554134428501,12.0023695230484
3585,0.12742569483816624,0.007237962679937482,0.0170564204454422,12.001717209815979
3586,0.1272993367165327,0.007133138715289533,0.016987573355436325,11.999632596969604
3587,0.1274042408913374,0.007208101626019925,0.016918960958719254,12.002695441246033
3588,0.1268869899213314,0.0067252779845148325,0.01685059443116188,11.999320983886719
3589,0.1278465911746025,0.007698471425101161,0.016782443970441818,11.998029470443726
3590,0.12689235527068377,0.006725917861331254,0.016714533790946007,11.999929428100586
3591,0.12797481566667557,0.007780811167322099,0.016646871343255043,12.002753734588623
3592,0.12707283720374107,0.0068711290950886905,0.01657945290207863,12.003591775894165
3593,0.1271204687654972,0.0069402887602336705,0.016512306407094002,12.001505970954895
3594,0.12733753211796284,0.007149707002099603,0.016445383429527283,12.002337455749512
3595,0.12776696681976318,0.007599889941047877,0.016378704458475113,12.00032925605774
3596,0.12830023653805256,0.008138525183312595,0.016312245279550552,11.999859094619751
3597,0.12801375798881054,0.007838876044843346,0.016246017068624496,12.001242518424988
3598,0.12787049263715744,0.007711556740105152,0.016180025413632393,11.999713778495789
3599,0.12677503004670143,0.006621722946874797,0.0161142498254776,11.999216914176941
3600,0.12673298455774784,0.006565460003912449,0.01604873314499855,12.000703930854797
3601,0.12844583950936794,0.008248339523561299,0.015983492136001587,12.003766536712646
3602,0.1272352896630764,0.007054111396428198,0.015918495133519173,12.002199530601501
3603,0.1278257966041565,0.007664523785933852,0.015853719785809517,12.000273704528809
3604,0.1278375005349517,0.00768853141926229,0.015789134427905083,11.999108076095581
3605,0.12749057449400425,0.007339985633734614,0.015724757686257362,11.999334573745728
3606,0.12738005630671978,0.007209826668258756,0.015660597011446953,12.001362800598145
3607,0.12818719074130058,0.008020016539376229,0.015596680343151093,12.001121163368225
3608,0.12925996258854866,0.009096118388697505,0.01553303748369217,12.00085163116455
3609,0.1279586497694254,0.007804649765603244,0.015469643287360668,11.999930500984192
3610,0.1280618067830801,0.007869745371863246,0.015406476333737373,12.00380003452301
3611,0.12676586024463177,0.006605047034099698,0.015343514271080494,12.000738143920898
3612,0.12769323401153088,0.007540519291069359,0.015280737541615963,11.999990940093994
3613,0.1284815613180399,0.008350464864633977,0.015218203887343407,11.997892022132874
3614,0.127887150272727,0.007745574868749827,0.015155894681811333,11.99900209903717
3615,0.12819663807749748,0.008020651817787439,0.015093815512955189,12.00250506401062
3616,0.12793590873479843,0.00774685014039278,0.015031972900032997,12.003874063491821
3617,0.12785988301038742,0.007673702493775636,0.014970356598496437,12.003648400306702
3618,0.12744797579944134,0.007291406276635826,0.014908974058926105,12.000747919082642
3619,0.1275686863809824,0.00742291595088318,0.01484780665487051,11.99972951412201
3620,0.12806283123791218,0.007921700074803084,0.014786884188652039,11.999326467514038
3621,0.1284437458962202,0.008299824723508209,0.014726148918271065,11.999666213989258
3622,0.12858899496495724,0.00842773012118414,0.014665614813566208,12.001460909843445
3623,0.1277154292911291,0.00755812629358843,0.014605293050408363,12.00112533569336
3624,0.12740254402160645,0.007232637144625187,0.01454518549144268,12.002445697784424
3625,0.12890767119824886,0.008751325600314885,0.0144853126257658,12.001149535179138
3626,0.12700889259576797,0.006885227106977254,0.014425670728087425,11.99794089794159
3627,0.12833293341100216,0.008206780534237623,0.014366284012794495,11.998249411582947
3628,0.12868518009781837,0.008523788128513843,0.014307104051113129,12.001832246780396
3629,0.1275796853005886,0.0074331434443593025,0.01424809917807579,12.000406384468079
3630,0.12754035647958517,0.007372416148427874,0.014189295470714569,12.002605080604553
3631,0.12641742452979088,0.006232655956409872,0.014130710624158382,12.004346132278442
3632,0.12682520598173141,0.006674934295006096,0.014072326943278313,12.00095510482788
3633,0.12763184681534767,0.00750317849451676,0.014014163054525852,11.998852849006653
3634,0.12755811028182507,0.0074052526033483446,0.013956235721707344,12.00132954120636
3635,0.12771517410874367,0.007564535073470324,0.013898537494242191,12.001165509223938
3636,0.12718681525439024,0.007044556026812643,0.013841047883033752,12.000385046005249
3637,0.1276228204369545,0.007476321479771286,0.013783765956759453,12.000866413116455
3638,0.12724274583160877,0.007105084543582052,0.013726668432354927,12.00003981590271
3639,0.12741154246032238,0.00728148635243997,0.013669736683368683,11.999336004257202
3640,0.12700186483561993,0.006854141771327704,0.013613037765026093,12.001159191131592
3641,0.12742651626467705,0.00727725267643109,0.013556590303778648,12.001369953155518
3642,0.12688847444951534,0.006755519250873476,0.013500350527465343,11.99979543685913
3643,0.12833676300942898,0.008194906229618937,0.013444311916828156,12.000741958618164
3644,0.12799433805048466,0.007852836104575545,0.013388484716415405,12.000762104988098
3645,0.12778248079121113,0.0076160686439834535,0.013332872651517391,12.003308653831482
3646,0.12708451598882675,0.006945898407138884,0.01327743660658598,12.000584483146667
3647,0.1268625110387802,0.006722903635818511,0.013222163543105125,12.000738978385925
3648,0.1270488277077675,0.006923863431438804,0.013167107477784157,11.999329328536987
3649,0.12722111865878105,0.007073399145156145,0.013112243264913559,12.001659870147705
3650,0.12753470428287983,0.007388184545561671,0.01305761095136404,12.001594543457031
3651,0.12719650752842426,0.007056681148242205,0.013003185391426086,12.000979542732239
3652,0.12710160575807095,0.00693907868117094,0.012948960065841675,12.0033038854599
3653,0.12794387247413397,0.007801671628840268,0.012894970364868641,12.001325488090515
3654,0.12728188559412956,0.007137967390008271,0.012841165997087955,12.001551270484924
3655,0.12743274122476578,0.007321355165913701,0.012787522748112679,11.998351454734802
3656,0.1272489307448268,0.007121192407794297,0.012734053656458855,12.000040173530579
3657,0.12683739140629768,0.006708001659717411,0.012680795043706894,12.000258326530457
3658,0.12785539217293262,0.007700208050664514,0.012627771124243736,12.002891063690186
3659,0.12699545919895172,0.006827791570685804,0.012574943713843822,12.004191994667053
3660,0.1273388508707285,0.007215623569209129,0.012522289529442787,11.999800562858582
3661,0.12711850181221962,0.0069768973044119775,0.012469831854104996,12.001690983772278
3662,0.1269204830750823,0.006781596515793353,0.012417572550475597,12.001471161842346
3663,0.12651082035154104,0.0063929203897714615,0.012365494854748249,11.999425053596497
3664,0.12793475203216076,0.007821716426406056,0.01231359038501978,11.998990178108215
3665,0.12715430557727814,0.0070294373435899615,0.012261894531548023,12.000224828720093
3666,0.12796551920473576,0.007794592645950615,0.012210443615913391,12.004882454872131
3667,0.12730699963867664,0.007145502488128841,0.012159198522567749,12.00399100780487
3668,0.12800896167755127,0.00784766161814332,0.012108098715543747,12.004022002220154
3669,0.1272209919989109,0.007119897112715989,0.012057161889970303,11.998052597045898
3670,0.12837384641170502,0.008279588539153337,0.012006393633782864,11.997419714927673
3671,0.12715774774551392,0.0070507483324036,0.011955853551626205,11.998744368553162
3672,0.12699915934354067,0.006867776333820075,0.01190551184117794,12.001233220100403
3673,0.12798915430903435,0.00782714132219553,0.011855361983180046,12.004346251487732
3674,0.1267137322574854,0.006544408155605197,0.011805374175310135,12.005127191543579
3675,0.1277836188673973,0.007615710492245853,0.011755597777664661,12.005035519599915
3676,0.1281258687376976,0.00799983338220045,0.011706028133630753,12.000897645950317
3677,0.12704654969274998,0.006941750121768564,0.011656627058982849,11.998823523521423
3678,0.12676113657653332,0.006683217477984726,0.011607395485043526,11.996184825897217
3679,0.1278101410716772,0.007689879625104368,0.011558356694877148,12.000468015670776
3680,0.1279217628762126,0.007757989107631147,0.011509478092193604,12.004868388175964
3681,0.12744198739528656,0.007309107226319611,0.011460795998573303,12.001827716827393
3682,0.12775789573788643,0.007643767690751702,0.011412292718887329,12.000000596046448
3683,0.12685533426702023,0.006725722458213568,0.011363975703716278,12.00159752368927
3684,0.12785891816020012,0.007715500425547361,0.011315866373479366,12.003026127815247
3685,0.1283021029084921,0.00816016981843859,0.011267924681305885,12.002925992012024
3686,0.12833218090236187,0.008230429666582495,0.011220136657357216,11.998955368995667
3687,0.12704375572502613,0.006963567400816828,0.01117253489792347,11.996846795082092
3688,0.12757685966789722,0.007455976097844541,0.011125118471682072,12.00096344947815
3689,0.12766248546540737,0.007530102739110589,0.011077873408794403,12.002160787582397
3690,0.12732915580272675,0.00719732086872682,0.011030822992324829,12.002153038978577
3691,0.12660298123955727,0.006493895722087473,0.010983949527144432,11.999924898147583
3692,0.12817907240241766,0.008077515347395092,0.01093725860118866,11.999218821525574
3693,0.12730803713202477,0.007212923956103623,0.010890737175941467,11.998620867729187
3694,0.1272215787321329,0.007064009725581855,0.010844381526112556,12.004912614822388
3695,0.12739859521389008,0.007264172949362546,0.010798188857734203,12.002644538879395
3696,0.12797063775360584,0.007866039872169495,0.010752138681709766,11.999707698822021
3697,0.12783403415232897,0.007740651024505496,0.01070629432797432,11.998632311820984
3698,0.12705485336482525,0.00691775867016986,0.01066064927726984,12.00304889678955
3699,0.12727034278213978,0.007136441417969763,0.010615184903144836,12.002775192260742
3700,0.12776516936719418,0.007641814940143377,0.01056988351047039,12.001765966415405
3701,0.12688066251575947,0.006783774239011109,0.010524754412472248,11.999164462089539
3702,0.12800034880638123,0.007866722880862653,0.010479786433279514,12.002882957458496
3703,0.1279922043904662,0.00784160936018452,0.010434966534376144,12.004624605178833
3704,0.12652660999447107,0.00642163900192827,0.010390318930149078,12.000106811523438
3705,0.1284996885806322,0.008407784800510854,0.010345865972340107,11.998844742774963
3706,0.127754058688879,0.0076501110452227294,0.010301567614078522,12.000093698501587
3707,0.12715649046003819,0.007070471649058163,0.010257430374622345,11.998344659805298
3708,0.12733220495283604,0.007226672430988401,0.010213482193648815,12.00033974647522
3709,0.12762961722910404,0.007507167290896177,0.010169703513383865,12.00207531452179
3710,0.12597698345780373,0.005852225760463625,0.010126085951924324,12.002349853515625
3711,0.1275678128004074,0.007442069880198687,0.01008261926472187,12.00249171257019
3712,0.12869598902761936,0.008567691955249757,0.010039322078227997,12.002790570259094
3713,0.12686925381422043,0.006778697483241558,0.009996204636991024,11.999059557914734
3714,0.1283451970666647,0.008262577117420733,0.009953226894140244,11.998309016227722
3715,0.12677574157714844,0.00669751048553735,0.009910423308610916,11.997913002967834
3716,0.12706415820866823,0.006942954263649881,0.009867792949080467,12.002252697944641
3717,0.12732308357954025,0.007186554081272334,0.00982532650232315,12.003827929496765
3718,0.12734088767319918,0.007225282839499414,0.00978299230337143,12.001777172088623
3719,0.12796668708324432,0.0078728660591878,0.009740842506289482,11.999641299247742
3720,0.12769024167209864,0.007600128126796335,0.009698882699012756,11.99931263923645
3721,0.12779930606484413,0.007688368496019393,0.009657053276896477,12.001436829566956
3722,0.12779837660491467,0.007705154828727245,0.009615380316972733,11.999706983566284
3723,0.1270356336608529,0.006940946273971349,0.009573854506015778,11.999895215034485
3724,0.12759597040712833,0.007499907107558101,0.009532507508993149,12.00007426738739
3725,0.12856356799602509,0.008429780951701105,0.009491316974163055,12.00388765335083
3726,0.12820769660174847,0.008107699803076684,0.009450314566493034,12.000549674034119
3727,0.12748687528073788,0.007379140239208937,0.009409446269273758,12.00136423110962
3728,0.1276366375386715,0.007546090811956674,0.009368720464408398,11.999685883522034
3729,0.12715883739292622,0.007055258145555854,0.009328125976026058,12.001029968261719
3730,0.12807951495051384,0.007954919245094061,0.009287705644965172,12.003172039985657
3731,0.1274717152118683,0.00736502674408257,0.009247468784451485,12.001421928405762
3732,0.12646430358290672,0.0063797252951189876,0.009207365103065968,11.999250650405884
3733,0.12777666188776493,0.007705404830630869,0.009167410433292389,11.997958660125732
3734,0.1285687042400241,0.008454732480458915,0.009127623401582241,12.002269864082336
3735,0.1286990363150835,0.00858159689232707,0.009088005870580673,12.00265657901764
3736,0.12791560404002666,0.00780713465064764,0.009048525243997574,12.001798510551453
3737,0.12777715921401978,0.007712595222983509,0.009009182453155518,11.997447490692139
3738,0.1279413951560855,0.007824639731552452,0.008969989605247974,12.002705812454224
3739,0.12729261256754398,0.007185996859334409,0.008930969052016735,12.001731038093567
3740,0.1269425842911005,0.006839623500127345,0.008892080746591091,12.001404285430908
3741,0.12813224829733372,0.008040855871513486,0.008853347972035408,12.000286221504211
3742,0.12742354720830917,0.0073497165576554835,0.008814765140414238,11.998568892478943
3743,0.12788077630102634,0.00777244265191257,0.008776327595114708,12.002057313919067
3744,0.12758804019540548,0.00749627745244652,0.008738068863749504,12.000438570976257
3745,0.12755378521978855,0.007448009680956602,0.008699942380189896,12.001877903938293
3746,0.12701487727463245,0.0069348742836155,0.00866195373237133,11.999338746070862
3747,0.12818409968167543,0.008070410520303994,0.008624105714261532,12.002744913101196
3748,0.12772155366837978,0.0076092935632914305,0.008586421608924866,12.002640128135681
3749,0.12819434702396393,0.008094728691503406,0.008548902347683907,12.001412868499756
3750,0.12727556005120277,0.0071884848875924945,0.008511519059538841,12.00019657611847
3751,0.12682520784437656,0.0067608539829961956,0.008474272675812244,11.997961521148682
3752,0.1277180928736925,0.007629148894920945,0.00843713991343975,12.000457644462585
3753,0.1280250009149313,0.007923010329250246,0.008400187827646732,12.001799464225769
3754,0.12767391838133335,0.007562183192931116,0.008363373577594757,12.002810716629028
3755,0.12758681178092957,0.007510321913287044,0.008326707407832146,11.999322652816772
3756,0.12671968527138233,0.006656489917077124,0.008290174417197704,11.998029470443726
3757,0.12694253027439117,0.006830941361840814,0.008253785781562328,12.002905249595642
3758,0.12731856852769852,0.007222115178592503,0.00821754802018404,12.00142788887024
3759,0.1275354716926813,0.007453711121343076,0.008181443437933922,11.99999487400055
3760,0.1283172182738781,0.008234128879848868,0.008145472966134548,12.000163674354553
3761,0.12789336591959,0.007792651886120439,0.008109655231237411,12.001962184906006
3762,0.1287927683442831,0.008663616026751697,0.008073979988694191,12.004841446876526
3763,0.12765006441622972,0.007565669482573867,0.008038448169827461,12.000401377677917
3764,0.12665392272174358,0.006601797940675169,0.008003040216863155,11.997209668159485
3765,0.12698445841670036,0.006927660608198494,0.007967770099639893,11.997712135314941
3766,0.1277160383760929,0.007610755041241646,0.007932632230222225,12.002596259117126
3767,0.1281384788453579,0.008023961214348674,0.007897634990513325,12.003554582595825
3768,0.12801163643598557,0.007926791382487863,0.007862785831093788,12.000622034072876
3769,0.1277546463534236,0.007659940223675221,0.00782807357609272,12.00164270401001
3770,0.12737422995269299,0.007308458618354052,0.007793503347784281,11.998783707618713
3771,0.12791884131729603,0.007822209328878671,0.007759056985378265,12.001904487609863
3772,0.12727714143693447,0.007189403520897031,0.007724744733422995,12.001049280166626
3773,0.12721922993659973,0.007143852126318961,0.007690568454563618,11.999847412109375
3774,0.12951839342713356,0.009441583941224962,0.00765653233975172,12.000024795532227
3775,0.12784052826464176,0.007767889183014631,0.007622636388987303,11.9996417760849
3776,0.1274297833442688,0.007325587153900415,0.0075888605788350105,12.002831101417542
3777,0.12761196680366993,0.0075205094763077796,0.0075552258640527725,12.001591086387634
3778,0.12774150632321835,0.007667302910704166,0.007521713152527809,11.999898910522461
3779,0.12826606072485447,0.008200944808777422,0.007488335017114878,11.9990234375
3780,0.12723481841385365,0.007159591594245285,0.007455101702362299,12.000068187713623
3781,0.1285833604633808,0.008466270111966878,0.007421981543302536,12.004286766052246
3782,0.1271347999572754,0.007055904367007315,0.007389004807919264,12.000500917434692
3783,0.1265460718423128,0.006485499208793044,0.007356143556535244,11.998701572418213
3784,0.12767941411584616,0.007606312108691782,0.007323416415601969,11.999987006187439
3785,0.12751524336636066,0.007434797647874802,0.007290832698345184,12.000753998756409
3786,0.12734231911599636,0.007243553351145238,0.007258388213813305,12.002618789672852
3787,0.12798033840954304,0.007891020271927118,0.007226072251796722,12.00170612335205
3788,0.12848784029483795,0.00840133719611913,0.007193868048489094,12.00145673751831
3789,0.12699472717940807,0.006943113578017801,0.007161776535212994,11.997999668121338
3790,0.1270143110305071,0.006945002998691052,0.00712981540709734,11.99980115890503
3791,0.1269768662750721,0.0068787147756665945,0.007097984664142132,12.00271725654602
3792,0.12729131430387497,0.007204206951428205,0.00706628430634737,12.001644730567932
3793,0.12721065618097782,0.007160465756896883,0.007034720852971077,11.997984528541565
3794,0.12716866843402386,0.0071051595150493085,0.007003282196819782,11.999348163604736
3795,0.12735944986343384,0.0072561498382128775,0.006971963681280613,12.003358364105225
3796,0.12789148092269897,0.007800940307788551,0.006940778344869614,12.002113699913025
3797,0.12747181579470634,0.007405516924336553,0.0069097066298127174,11.999720335006714
3798,0.12689894251525402,0.006830944854300469,0.006878764368593693,11.999921441078186
3799,0.12723968923091888,0.007160750858020037,0.006847936660051346,12.001046180725098
3800,0.12648173328489065,0.006401419814210385,0.006817213259637356,12.001214385032654
3801,0.12737175822257996,0.007295012357644737,0.006786635145545006,12.000888228416443
3802,0.12712793052196503,0.007029971806332469,0.0067562018521130085,12.003039836883545
3803,0.12827383168041706,0.00819445971865207,0.006725887302309275,12.001211643218994
3804,0.12781201116740704,0.007750509888865054,0.006695663556456566,11.999455094337463
3805,0.12823573872447014,0.008143087790813297,0.006665562745183706,12.002599954605103
3806,0.12757227011024952,0.007488473202101886,0.006635594181716442,12.001744389533997
3807,0.12768486142158508,0.007619351323228329,0.006605726201087236,11.999945759773254
3808,0.12720372527837753,0.007165640883613378,0.006575993727892637,11.997232913970947
3809,0.1279417835175991,0.00787146232323721,0.006546396296471357,12.000486135482788
3810,0.12749332934617996,0.007388647994957864,0.006516890600323677,12.00395154953003
3811,0.12635510321706533,0.006257944565732032,0.006487519480288029,12.003228664398193
3812,0.12849528156220913,0.008428486238699406,0.0064582834020257,12.000221729278564
3813,0.1283459421247244,0.00827469618525356,0.006429157219827175,12.000695705413818
3814,0.12836908735334873,0.008296498272102326,0.006400138605386019,12.000858902931213
3815,0.1276407428085804,0.007601339719258249,0.006371228955686092,11.99756920337677
3816,0.12831823155283928,0.008246233279351145,0.0063424366526305676,12.000857591629028
3817,0.1273016408085823,0.007222051324788481,0.006313766352832317,12.001645803451538
3818,0.12784026376903057,0.007746062648948282,0.006285199895501137,12.003135442733765
3819,0.12649366445839405,0.006404321815352887,0.006256753578782082,12.002677917480469
3820,0.12742090597748756,0.007359212031587958,0.006228446029126644,11.999941229820251
3821,0.12790464609861374,0.007832611096091568,0.006200243718922138,12.001003503799438
3822,0.12754478584975004,0.007501636049710214,0.006172157824039459,11.998143315315247
3823,0.12733804620802402,0.007277247961610556,0.0061441767029464245,11.999935984611511
3824,0.1271836580708623,0.007105709053575993,0.006116313859820366,12.001679182052612
3825,0.12805506773293018,0.007962442934513092,0.006088556256145239,12.003174304962158
3826,0.1269164802506566,0.006843200244475156,0.006060897372663021,12.001267313957214
3827,0.12739846855401993,0.0073467844049446285,0.006033365614712238,11.999135375022888
3828,0.12855737283825874,0.008478641335386783,0.006005940493196249,12.001867532730103
3829,0.1280166432261467,0.007966068049427122,0.005978651810437441,11.9990793466568
3830,0.12767303735017776,0.007587565633002669,0.005951477214694023,12.002596139907837
3831,0.12756964191794395,0.007477787497919053,0.005924401804804802,12.003261089324951
3832,0.1270335614681244,0.006979726778808981,0.005897411145269871,11.999486565589905
3833,0.12621245812624693,0.006178385112434626,0.005870526656508446,11.997536778450012
3834,0.12716189585626125,0.007094857573974878,0.0058437613770365715,12.000860571861267
3835,0.1274946564808488,0.007380292052403092,0.005817111115902662,12.005619645118713
3836,0.12713524885475636,0.007068859238643199,0.005790567956864834,12.000848531723022
3837,0.12726960889995098,0.007200142077635974,0.005764134228229523,12.001183032989502
3838,0.12730678357183933,0.007256757467985153,0.005737828090786934,11.999265313148499
3839,0.12738687172532082,0.007346308615524322,0.005711632780730724,11.998344898223877
3840,0.12775829806923866,0.007679075875785202,0.005685525946319103,12.002237200737
3841,0.1276296116411686,0.007558098761364818,0.005659525748342276,12.001492142677307
3842,0.12780580297112465,0.007741829438600689,0.005633620545268059,12.00076413154602
3843,0.12751815933734179,0.007482875837013125,0.005607815459370613,11.997920632362366
3844,0.1283079944550991,0.008252618135884404,0.005582117475569248,11.999955892562866
3845,0.12678450904786587,0.0067090814700350165,0.005556536838412285,12.001986622810364
3846,0.12729049567133188,0.007199813204351813,0.005531083792448044,12.00353741645813
3847,0.12910053692758083,0.00899936689529568,0.005505728535354137,12.004611492156982
3848,0.127471923828125,0.0074241370894014835,0.005480458959937096,11.999298572540283
3849,0.12732569128274918,0.007278639415744692,0.005455276928842068,11.999250054359436
3850,0.12637394946068525,0.0063331309938803315,0.005430206190794706,11.99865174293518
3851,0.12793049775063992,0.007874048838857561,0.005405256524682045,12.000239849090576
3852,0.12812060676515102,0.008053653233218938,0.005380422342568636,12.001315116882324
3853,0.12732098251581192,0.007267912849783897,0.005355668254196644,11.999951601028442
3854,0.12726145144551992,0.007180405256804079,0.005330986343324184,12.002773523330688
3855,0.1266159862279892,0.006564872921444476,0.005306427367031574,11.999805092811584
3856,0.12710200622677803,0.007027207757346332,0.0052819810807704926,12.002198100090027
3857,0.1284537147730589,0.00837709370534867,0.0052576554007828236,12.002404689788818
3858,0.1279826583340764,0.007931547472253442,0.005233412608504295,11.999877572059631
3859,0.1279777456074953,0.007914397632703185,0.005209270864725113,12.001125812530518
3860,0.12729733996093273,0.007233079872094095,0.005185240879654884,12.001241087913513
3861,0.12747872062027454,0.007420489389915019,0.005161298904567957,12.000662088394165
3862,0.12756892293691635,0.007521728693973273,0.005137452390044928,11.999582409858704
3863,0.12775637954473495,0.0077128493576310575,0.005113695282489061,11.999239683151245
3864,0.1285736858844757,0.008503523946274072,0.0050900280475616455,12.00192642211914
3865,0.1277878563851118,0.007729421660769731,0.005066459067165852,12.000777006149292
3866,0.1271587535738945,0.007098202942870557,0.00504300557076931,12.001012444496155
3867,0.12698838487267494,0.006932989286724478,0.005019664764404297,12.00051999092102
3868,0.12701797299087048,0.006926806061528623,0.004996409174054861,12.004120230674744
3869,0.12627267092466354,0.006206109595950693,0.004973238799721003,12.001683473587036
3870,0.12675614655017853,0.006699993216898292,0.004950173199176788,12.000665426254272
3871,0.12680031545460224,0.00674590963171795,0.004927207715809345,12.000513672828674
3872,0.12813293375074863,0.008100772509351373,0.0049043321050703526,11.99831211566925
3873,0.12716873176395893,0.007127105607651174,0.0048815542832016945,11.999281287193298
3874,0.1280875001102686,0.007990942220203578,0.004858877509832382,12.004796862602234
3875,0.12657686974853277,0.006502664647996426,0.004836289677768946,12.00258469581604
3876,0.12711617164313793,0.007100618036929518,0.00481377961114049,11.996741771697998
3877,0.12732325680553913,0.00727413414278999,0.00479135662317276,12.000121355056763
3878,0.12682615034282207,0.006771260465029627,0.004769055638462305,12.000720143318176
3879,0.1274144919589162,0.007344304991420358,0.0047468445263803005,12.002272367477417
3880,0.1270748395472765,0.007019452808890492,0.004724721424281597,12.0008145570755
3881,0.12748540937900543,0.007440173765644431,0.004702684469521046,11.999821186065674
3882,0.1279426459223032,0.007876874238718301,0.004680724814534187,12.001896619796753
3883,0.1264352509751916,0.006375368917360902,0.004658866673707962,12.00132966041565
3884,0.12773557752370834,0.00768071977654472,0.004637119360268116,12.00084900856018
3885,0.12751684337854385,0.0074633524636738,0.004615468438714743,12.000734090805054
3886,0.1271851621568203,0.00713279249612242,0.00459388829767704,12.000643134117126
3887,0.12737401202321053,0.007354481553193182,0.004572394769638777,11.99738097190857
3888,0.12843817751854658,0.008397947996854782,0.0045509980991482735,11.999472379684448
3889,0.12757469154894352,0.007491183409001678,0.0045296913012862206,12.00382113456726
3890,0.12784910388290882,0.007769651478156447,0.004508467856794596,12.003436923027039
3891,0.12721496261656284,0.007167518720962107,0.004487332887947559,12.00025725364685
3892,0.12668030709028244,0.006623950612265617,0.004466289654374123,12.001169681549072
3893,0.1289700958877802,0.008919819665607065,0.004445347469300032,12.000582456588745
3894,0.12814894132316113,0.00811546458862722,0.004424485377967358,11.998923301696777
3895,0.12821288406848907,0.008169869659468532,0.004403711296617985,11.999898076057434
3896,0.12813381850719452,0.00807595084188506,0.004383031744509935,12.00140392780304
3897,0.12777639739215374,0.007717994973063469,0.004362446255981922,12.001477837562561
3898,0.1280997171998024,0.008055880549363792,0.004341931082308292,12.000042080879211
3899,0.12744014151394367,0.0073996385908685625,0.004321486689150333,11.99972915649414
3900,0.1276208572089672,0.007571286696474999,0.004301134496927261,12.000656485557556
3901,0.1272477749735117,0.007176949875429273,0.004280878696590662,12.002801537513733
3902,0.12733936682343483,0.0072911197785288095,0.004260717891156673,12.000564336776733
3903,0.12722085416316986,0.007182577974162996,0.004240642301738262,11.999587297439575
3904,0.12747438065707684,0.007406802964396775,0.00422064121812582,12.002537250518799
3905,0.12682330701500177,0.0067628269898705184,0.004200722090899944,12.001847863197327
3906,0.1279132142663002,0.007861091755330563,0.004180877935141325,12.001031756401062
3907,0.1271846927702427,0.007159236061852425,0.004161128308624029,11.998384952545166
3908,0.12757336907088757,0.007548985944595188,0.0041414652951061726,11.998296976089478
3909,0.12784329801797867,0.007816581812221557,0.004121875390410423,11.998549699783325
3910,0.12813760712742805,0.00807103468105197,0.0041023846715688705,12.002555131912231
3911,0.1276661241427064,0.00757830566726625,0.00408298522233963,12.004699468612671
3912,0.12747015245258808,0.007381499570328742,0.0040636626072227955,12.004802227020264
3913,0.1271171998232603,0.007087426609359682,0.004044423811137676,11.998932957649231
3914,0.12709233071655035,0.00705389044014737,0.004025248344987631,11.999819159507751
3915,0.12726128287613392,0.0072292215772904456,0.004006152506917715,11.999200105667114
3916,0.1264302097260952,0.006408442975953221,0.003987140487879515,11.998189687728882
3917,0.126511100679636,0.0064652604050934315,0.003968202043324709,12.000616312026978
3918,0.1276895608752966,0.007629472354892641,0.003949349746108055,12.002059936523438
3919,0.12800881266593933,0.007933392946142703,0.003930587787181139,12.00361180305481
3920,0.1281962152570486,0.008147372340317816,0.0039119110442698,12.000972747802734
3921,0.12780411913990974,0.007760243723168969,0.0038933176547288895,12.000494599342346
3922,0.1274686623364687,0.007435649400576949,0.00387481227517128,11.99942684173584
3923,0.12794913351535797,0.007889745524153113,0.0038563734851777554,12.002082824707031
3924,0.1273913010954857,0.007365962606854737,0.003837995696812868,11.998696208000183
3925,0.12675433419644833,0.0067006852477788925,0.0038196700625121593,12.001545071601868
3926,0.128109872341156,0.00804714806145057,0.0038014438468962908,12.002470850944519
3927,0.1267323326319456,0.00667216518195346,0.003783309832215309,12.002233386039734
3928,0.12759176269173622,0.0075283689657226205,0.003765275701880455,12.002574563026428
3929,0.1275529321283102,0.007503269938752055,0.0037473172415047884,12.001218914985657
3930,0.12741597183048725,0.0073827741434797645,0.003729431191459298,11.999590516090393
3931,0.1269784551113844,0.00695972063113004,0.0037116180174052715,11.998162150382996
3932,0.1271293144673109,0.0071037778980098665,0.003693866077810526,11.998860359191895
3933,0.12730708345770836,0.007252458191942424,0.003676176071166992,12.001786470413208
3934,0.12761449627578259,0.007552456925623119,0.0036585666239261627,12.002545356750488
3935,0.12737627886235714,0.007330241031013429,0.0036410416942089796,12.00096309185028
3936,0.1268462836742401,0.006798924878239632,0.003623605240136385,12.001112461090088
3937,0.12673474848270416,0.0066829913994297385,0.003606253769248724,12.001569628715515
3938,0.1269542444497347,0.006920580170117319,0.003588979598134756,11.999777674674988
3939,0.12812701053917408,0.00808350119041279,0.0035717678256332874,12.000779271125793
3940,0.12725984118878841,0.007219773251563311,0.0035546193830668926,12.000452876091003
3941,0.12719358690083027,0.007150096265831962,0.003537519834935665,12.000811576843262
3942,0.12737272307276726,0.0073111181845888495,0.003520506899803877,12.00264048576355
3943,0.12678497657179832,0.006751499138772488,0.0035035796463489532,11.999844789505005
3944,0.12704742886126041,0.007019172597210854,0.003486736910417676,11.999338865280151
3945,0.1268475390970707,0.006799644266720861,0.0034699724055826664,12.001320004463196
3946,0.1273907609283924,0.0073458991246297956,0.0034532786812633276,12.001033067703247
3947,0.12791996449232101,0.007899992633610964,0.0034366475883871317,11.998560547828674
3948,0.1275842823088169,0.007553583825938404,0.003420088905841112,11.999650120735168
3949,0.12844360060989857,0.008372025738935918,0.003403596580028534,12.003754019737244
3950,0.12662842869758606,0.006580466288141906,0.003387168515473604,12.001409411430359
3951,0.1277633011341095,0.007722546171862632,0.003370806109160185,12.000705003738403
3952,0.12699375487864017,0.006975834374316037,0.003354527521878481,11.998437881469727
3953,0.12822365202009678,0.008173051697667688,0.003338332986459136,12.001721858978271
3954,0.12741218693554401,0.007363463053479791,0.003322212491184473,12.001550436019897
3955,0.12766703590750694,0.00761921308003366,0.0033061658032238483,12.001476287841797
3956,0.1264777798205614,0.006443647725973278,0.0032901717349886894,12.000123381614685
3957,0.12599388137459755,0.005965436110273004,0.0032742340117692947,11.999570608139038
3958,0.12711750715970993,0.007092463143635541,0.0032583640422672033,11.99924647808075
3959,0.12835189700126648,0.008293454244267195,0.00324256788007915,12.002602100372314
3960,0.126958342269063,0.006890813761856407,0.0032268573995679617,12.003526329994202
3961,0.1269699763506651,0.006930074188858271,0.0032112232875078917,12.000779151916504
3962,0.12708488665521145,0.007050950138363987,0.0031956429593265057,12.000198602676392
3963,0.12694323062896729,0.006924670364242047,0.003180145751684904,11.998676180839539
3964,0.1273705866187811,0.007346922473516315,0.0031647069845348597,11.999202013015747
3965,0.1267729103565216,0.006737342337146401,0.0031493166461586952,12.000407814979553
3966,0.12734725512564182,0.007287291518878192,0.0031339777633547783,12.002862572669983
3967,0.12760117463767529,0.007544560008682311,0.0031187194399535656,12.002542853355408
3968,0.1274053519591689,0.007352572516538203,0.0031035414431244135,12.002174496650696
3969,0.1270441021770239,0.007006885774899274,0.0030884533189237118,12.000633478164673
3970,0.12784330360591412,0.0078047437709756196,0.0030734403990209103,12.00078272819519
3971,0.1276342561468482,0.007587530824821442,0.0030584712512791157,12.001614093780518
3972,0.12719491962343454,0.00716735003516078,0.0030435589142143726,11.99971354007721
3973,0.12711980286985636,0.0071151889860630035,0.003028689883649349,11.997432947158813
3974,0.12730225175619125,0.007275292242411524,0.0030138781294226646,11.999682188034058
3975,0.12732230313122272,0.007270438596606255,0.0029991441406309605,12.002187728881836
3976,0.12700331024825573,0.00692095811245963,0.002984493039548397,12.005250930786133
3977,0.12752312421798706,0.007462014444172382,0.0029699215665459633,12.003141283988953
3978,0.12734880484640598,0.007305501028895378,0.002955412957817316,12.001375198364258
3979,0.127670556306839,0.007664197764825076,0.002940969541668892,11.997695088386536
3980,0.12717880681157112,0.007127827149815857,0.0029265766497701406,12.002171516418457
3981,0.12842416763305664,0.008382865868043154,0.0029122375417500734,12.001218438148499
3982,0.12735728453844786,0.007332451525144279,0.002897942904382944,11.9995858669281
3983,0.1269958559423685,0.006976139731705189,0.002883726265281439,11.999088168144226
3984,0.1279442124068737,0.007884027843829244,0.0028695783112198114,12.003149151802063
3985,0.12708480097353458,0.00703022995730862,0.0028554974123835564,12.002602100372314
3986,0.1274198703467846,0.007372897758614272,0.00284148589707911,12.001856088638306
3987,0.12750338204205036,0.007468724681530148,0.0028275507502257824,12.000638365745544
3988,0.12813325971364975,0.008094600518234074,0.0028136579785495996,12.001052379608154
3989,0.12700731307268143,0.0069949551252648234,0.0027998127043247223,11.998436570167542
3990,0.12726594135165215,0.007245530548971146,0.002786030061542988,11.999255061149597
3991,0.12719846330583096,0.007150185061618686,0.0027723158709704876,12.002055525779724
3992,0.12699293065816164,0.006943954213056713,0.0027586643118411303,12.002139210700989
3993,0.12742993235588074,0.007377955480478704,0.0027450728230178356,12.002452969551086
3994,0.12698233872652054,0.006925819383468479,0.0027315407060086727,12.002920746803284
3995,0.12749523390084505,0.007487902301363647,0.002718082396313548,11.99801516532898
3996,0.12779125571250916,0.007781693595461547,0.002704688347876072,11.998251676559448
3997,0.12763246707618237,0.007607924460899085,0.0026913422625511885,11.999763131141663
3998,0.12691913824528456,0.006883153575472534,0.0026780476327985525,12.00092089176178
3999,0.12676939368247986,0.006709573674015701,0.0026648046914488077,12.00331723690033
