step,loss_total,simple,proto,aux
0,1.4177087545394897,1.0011886954307556,23.951662063598633,17.700342893600464
1,1.4067131131887436,0.9961045533418655,23.93458366394043,17.126275777816772
2,1.3955517411231995,0.9904417842626572,23.91728401184082,16.59371018409729
3,1.3896219581365585,0.989559568464756,23.89977264404297,16.106464385986328
4,1.370764046907425,0.9754185900092125,23.882080078125,15.652467250823975
5,1.3658454567193985,0.9751388356089592,23.86419677734375,15.206464886665344
6,1.357174351811409,0.9707737267017365,23.846134185791016,14.793923616409302
7,1.342648908495903,0.9601771086454391,23.82789421081543,14.419285535812378
8,1.341512143611908,0.9623092636466026,23.809471130371094,14.110818147659302
9,1.3337472230196,0.9577124044299126,23.79090690612793,13.812575817108154
10,1.3199323117733002,0.9467722773551941,23.772212982177734,13.54378867149353
11,1.3133508414030075,0.9426860511302948,23.75341796875,13.31305992603302
12,1.3034540563821793,0.9348055273294449,23.734529495239258,13.130321145057678
13,1.2955720126628876,0.9285915940999985,23.715566635131836,12.982478380203247
14,1.2874307036399841,0.9216663092374802,23.69655990600586,12.879877209663391
15,1.2809420973062515,0.9158734828233719,23.677541732788086,12.829319953918457
16,1.2702355831861496,0.9053380712866783,23.65852165222168,12.831223726272583
17,1.2608560621738434,0.8956545367836952,23.639543533325195,12.880605936050415
18,1.249489352107048,0.8838106393814087,23.620630264282227,12.947240948677063
19,1.2377512753009796,0.871538557112217,23.601842880249023,13.019430875778198
20,1.2264273911714554,0.8598785474896431,23.583227157592773,13.071661829948425
21,1.2100911289453506,0.843215823173523,23.5648136138916,13.122717261314392
22,1.1904458850622177,0.8234779462218285,23.54665756225586,13.15013599395752
23,1.1631128191947937,0.7961581498384476,23.52880096435547,13.166666984558105
24,1.1347171515226364,0.767927773296833,23.51129150390625,13.167646408081055
25,1.1075243204832077,0.7409068942070007,23.494173049926758,13.167572259902954
26,1.0717416107654572,0.7054214924573898,23.47750473022461,13.154504895210266
27,1.0218882262706757,0.6558181494474411,23.461313247680664,13.14569628238678
28,0.9782013967633247,0.6125211790204048,23.44561767578125,13.12240469455719
29,0.9261110126972198,0.5608214139938354,23.430419921875,13.098541498184204
30,0.8785855248570442,0.5138474255800247,23.41571044921875,13.058101415634155
31,0.8308218941092491,0.46676352247595787,23.401451110839844,13.004386901855469
32,0.7950866371393204,0.4318602532148361,23.38758087158203,12.935058951377869
33,0.768092930316925,0.40579860657453537,23.373987197875977,12.855445384979248
34,0.7455897554755211,0.38434260711073875,23.360519409179688,12.76419484615326
35,0.7230002731084824,0.36286545544862747,23.347000122070312,12.666481256484985
36,0.6892516985535622,0.330116655677557,23.33321762084961,12.580287218093872
37,0.663622297346592,0.30508771166205406,23.319089889526367,12.534369707107544
38,0.6362209841609001,0.2780294828116894,23.304555892944336,12.514596223831177
39,0.6080967932939529,0.2504986748099327,23.289657592773438,12.470154404640198
40,0.6003203764557838,0.24321219325065613,23.274456024169922,12.436362385749817
41,0.5735935345292091,0.21672062762081623,23.258960723876953,12.428330063819885
42,0.5562149360775948,0.19949734397232533,23.24297523498535,12.428786635398865
43,0.5449611023068428,0.1886697243899107,23.226173400878906,12.40296494960785
44,0.5265268459916115,0.17106949165463448,23.208396911621094,12.337339520454407
45,0.5146801993250847,0.16015166975557804,23.189777374267578,12.263077139854431
46,0.4922771118581295,0.13825018517673016,23.17052459716797,12.232169032096863
47,0.49275967478752136,0.139188127592206,23.150671005249023,12.206485033035278
48,0.4763776548206806,0.12313463352620602,23.130298614501953,12.194005012512207
49,0.465980164706707,0.11332772672176361,23.10845184326172,12.156792640686035
50,0.4578647240996361,0.10567219741642475,23.0853328704834,12.133921265602112
51,0.44093700870871544,0.0887472815811634,23.062030792236328,12.156942009925842
52,0.4321288801729679,0.08013216499239206,23.03782081604004,12.161852359771729
53,0.43017906323075294,0.07868657913058996,23.013357162475586,12.135892510414124
54,0.41686394438147545,0.06625941302627325,22.988990783691406,12.071463465690613
55,0.4234820455312729,0.07344514690339565,22.96358871459961,12.04010260105133
56,0.41099201887845993,0.06132295494899154,22.938642501831055,12.028264880180359
57,0.41744552180171013,0.06815079925581813,22.911701202392578,12.01777195930481
58,0.4009751155972481,0.05175475496798754,22.885726928710938,12.036309599876404
59,0.4337637200951576,0.08467066567391157,22.858123779296875,12.051182627677917
60,0.42218440771102905,0.07310862373560667,22.83218002319336,12.075399279594421
61,0.40310780331492424,0.053915285505354404,22.807655334472656,12.111596584320068
62,0.40210453420877457,0.05377165041863918,22.781164169311523,12.052125334739685
63,0.4049728661775589,0.05690490920096636,22.755878448486328,12.050918340682983
64,0.40931179374456406,0.06077568233013153,22.730892181396484,12.122719645500183
65,0.40566814690828323,0.056963367853313684,22.706764221191406,12.163715243339539
66,0.39138363301754,0.04313768679276109,22.683612823486328,12.140982270240784
67,0.4022943712770939,0.05497117480263114,22.65900421142578,12.073315382003784
68,0.4006268233060837,0.05347368214279413,22.635353088378906,12.07996153831482
69,0.39030909910798073,0.04350732546299696,22.61231803894043,12.067861080169678
70,0.3896353878080845,0.04287478094920516,22.58873176574707,12.08733057975769
71,0.38263437524437904,0.03627927973866463,22.56490707397461,12.070603251457214
72,0.390465434640646,0.04441242711618543,22.540729522705078,12.06457269191742
73,0.3769821971654892,0.03161787334829569,22.515413284301758,12.021019697189331
74,0.38096724450588226,0.03599021700210869,22.48835563659668,12.009347319602966
75,0.3809553310275078,0.03598607750609517,22.461318969726562,12.035606741905212
76,0.3770797923207283,0.032233073841780424,22.43301010131836,12.051661849021912
77,0.37736576795578003,0.03267906280234456,22.405147552490234,12.063522934913635
78,0.37528960034251213,0.030993876047432423,22.377248764038086,12.052324295043945
79,0.37675921991467476,0.03284905641339719,22.348709106445312,12.042308568954468
80,0.3753907084465027,0.03181892237626016,22.320762634277344,12.03641653060913
81,0.3693945072591305,0.02607446862384677,22.293201446533203,12.038803577423096
82,0.36931470036506653,0.026415996253490448,22.26458168029785,12.025289058685303
83,0.36827289685606956,0.02579132583923638,22.23496437072754,12.013192892074585
84,0.36887528747320175,0.02672311244532466,22.20453453063965,12.010683178901672
85,0.36159074679017067,0.019780145725235343,22.17395782470703,12.007103323936462
86,0.3675867095589638,0.025996050098910928,22.142772674560547,12.016294002532959
87,0.3653359040617943,0.024028502870351076,22.111103057861328,12.01963722705841
88,0.36479686573147774,0.02377830632030964,22.079055786132812,12.02280080318451
89,0.36065061390399933,0.01998613984324038,22.04672622680664,12.01972210407257
90,0.36216190829873085,0.021813938859850168,22.014184951782227,12.020612597465515
91,0.36140571162104607,0.021568587981164455,21.98149871826172,12.002213954925537
92,0.36483972519636154,0.025452758884057403,21.94872283935547,11.989975333213806
93,0.35901395604014397,0.019945744890719652,21.915912628173828,11.990908861160278
94,0.36185935884714127,0.022963788360357285,21.883092880249023,12.006463766098022
95,0.3584115169942379,0.019837146159261465,21.850303649902344,12.007134795188904
96,0.35702888295054436,0.018717199214734137,21.81757164001465,12.01359736919403
97,0.3553125262260437,0.017318667145445943,21.78522491455078,12.014161825180054
98,0.3546348214149475,0.016917074448429048,21.7529354095459,12.018839716911316
99,0.3560883700847626,0.01866209937725216,21.72072982788086,12.021897077560425
100,0.353878989815712,0.016888972488231957,21.688621520996094,12.010381698608398
101,0.35461897403001785,0.01804606372024864,21.656625747680664,12.000666618347168
102,0.35429373756051064,0.018030839622952044,21.624765396118164,12.001525044441223
103,0.3536689318716526,0.0177145543275401,21.59304428100586,12.002394676208496
104,0.35282644256949425,0.017101290519349277,21.56147003173828,12.011046648025513
105,0.35385996848344803,0.018455565441399813,21.530048370361328,12.010391354560852
106,0.3517489619553089,0.016721907421015203,21.49878692626953,12.003920316696167
107,0.35145074501633644,0.01672225329093635,21.467687606811523,12.005162477493286
108,0.3511250652372837,0.016704031266272068,21.43675422668457,12.005349516868591
109,0.34953704103827477,0.015400522854179144,21.405990600585938,12.007661819458008
110,0.3493557460606098,0.015526936040259898,21.37539291381836,12.007489085197449
111,0.3481898307800293,0.014756238786503673,21.344968795776367,11.998391151428223
112,0.3484213501214981,0.01530730735976249,21.314714431762695,11.996691226959229
113,0.34620650485157967,0.013365146005526185,21.284631729125977,11.999505162239075
114,0.34799041226506233,0.015443914802744985,21.255207061767578,11.999443173408508
115,0.34597478806972504,0.013682398945093155,21.225887298583984,12.0033518075943
116,0.3467651456594467,0.014714873279444873,21.19668197631836,12.00834608078003
117,0.3469649851322174,0.01526320946868509,21.167591094970703,12.002586960792542
118,0.34311284869909286,0.011661858996376395,21.138967514038086,12.006131410598755
119,0.3445443995296955,0.013387782964855433,21.11042022705078,12.005241394042969
120,0.34448128938674927,0.013663465506397188,21.081960678100586,11.999822497367859
121,0.3441273905336857,0.0135470200330019,21.0535945892334,12.004442930221558
122,0.34314197301864624,0.012888525612652302,21.025718688964844,11.999626398086548
123,0.3432801254093647,0.013274526223540306,20.997894287109375,12.002666711807251
124,0.34306550770998,0.013307413435541093,20.970129013061523,12.00568163394928
125,0.34315594658255577,0.013724162243306637,20.9427547454834,12.000425577163696
126,0.3414987623691559,0.012283924734219909,20.915895462036133,12.005588173866272
127,0.34315769001841545,0.014174755779094994,20.889020919799805,12.009273529052734
128,0.34345658868551254,0.014800285105593503,20.862531661987305,12.003098487854004
129,0.3411150723695755,0.012779307900927961,20.83629608154297,11.997281193733215
130,0.34172718971967697,0.013639443321153522,20.810009002685547,11.998767375946045
131,0.3405355364084244,0.012738493736833334,20.78369140625,11.996013879776001
132,0.3411795608699322,0.013589751906692982,20.75821876525879,12.000763416290283
133,0.3427162878215313,0.015319374273531139,20.73263931274414,12.007053017616272
134,0.3400364816188812,0.012897044885903597,20.708240509033203,12.00570297241211
135,0.3423738405108452,0.015539966290816665,20.683629989624023,11.99975836277008
136,0.34305742010474205,0.0164627704070881,20.660411834716797,11.999054312705994
137,0.34004032984375954,0.013621928286738694,20.638290405273438,12.003551006317139
138,0.33750706911087036,0.011281447601504624,20.616310119628906,12.006252527236938
139,0.34077560901641846,0.014803975238464773,20.594058990478516,12.003104329109192
140,0.34058480709791183,0.014843539334833622,20.572839736938477,12.001287460327148
141,0.33981217071413994,0.014207521337084472,20.552305221557617,12.008160948753357
142,0.33989910781383514,0.01454383006785065,20.53230857849121,12.003219604492188
143,0.3381239175796509,0.013018957106396556,20.51284408569336,11.997653007507324
144,0.3358812741935253,0.010973754688166082,20.493568420410156,11.997184038162231
145,0.3391204662621021,0.014276000205427408,20.473756790161133,12.010689854621887
146,0.3377727195620537,0.013129587983712554,20.454683303833008,12.009630799293518
147,0.337713573127985,0.013259264291264117,20.436050415039062,12.009381175041199
148,0.3357836939394474,0.01158694236073643,20.41747283935547,12.00220263004303
149,0.3386172764003277,0.014554342487826943,20.398649215698242,12.007645845413208
150,0.3368328921496868,0.012950665433891118,20.380168914794922,12.008053421974182
151,0.33847595751285553,0.014810480992309749,20.36168670654297,12.004862189292908
152,0.33656368032097816,0.013136512134224176,20.343708038330078,11.99900996685028
153,0.33625488355755806,0.012950650532729924,20.32601547241211,12.00440800189972
154,0.33527546748518944,0.012186487088911235,20.30838394165039,12.00051498413086
155,0.3363743722438812,0.013496065977960825,20.290733337402344,11.99709951877594
156,0.33475399762392044,0.012054628226906061,20.273210525512695,11.996727108955383
157,0.3373616077005863,0.014719285303726792,20.25535011291504,12.008883595466614
158,0.3365129269659519,0.014018807094544172,20.237873077392578,12.011539936065674
159,0.3343653753399849,0.01210010115755722,20.22062110900879,12.0059072971344
160,0.33366094902157784,0.011634447728283703,20.202653884887695,11.99999725818634
161,0.33569979667663574,0.013801773078739643,20.18382453918457,12.005979061126709
162,0.3341645486652851,0.01243868877645582,20.16553497314453,12.007052302360535
163,0.33407725021243095,0.0126116395695135,20.147403717041016,11.999159097671509
164,0.3322734907269478,0.01098199118860066,20.129444122314453,11.999706029891968
165,0.33449283242225647,0.013314611162059009,20.111631393432617,12.006191492080688
166,0.33300691097974777,0.012029497534967959,20.093236923217773,12.004504919052124
167,0.3318108730018139,0.011089444626122713,20.074281692504883,11.997861981391907
168,0.332899983972311,0.012342350441031158,20.05558204650879,12.000181674957275
169,0.33272119984030724,0.01230635354295373,20.036888122558594,12.004596710205078
170,0.334518738090992,0.014282270101830363,20.018375396728516,12.005271434783936
171,0.33224618434906006,0.012262034346349537,19.999773025512695,11.998642444610596
172,0.33262528479099274,0.012819682946428657,19.9813232421875,11.999237418174744
173,0.3310264125466347,0.011409521102905273,19.9628849029541,11.998805046081543
174,0.33061183243989944,0.011148339952342212,19.94416046142578,12.002189636230469
175,0.33355601504445076,0.014322336297482252,19.924680709838867,11.998687386512756
176,0.330745592713356,0.011688762460835278,19.905712127685547,11.999971389770508
177,0.3300919309258461,0.011162958107888699,19.8870906829834,12.005808234214783
178,0.32900695875287056,0.01029990310780704,19.867706298828125,12.002999782562256
179,0.3317246399819851,0.013258181745186448,19.847658157348633,11.998988032341003
180,0.3302698880434036,0.011983933974988759,19.82776641845703,12.000828742980957
181,0.3324003666639328,0.014255807735025883,19.807270050048828,12.00718641281128
182,0.33168715238571167,0.0137460419209674,19.787506103515625,12.006606101989746
183,0.32840729132294655,0.0107213887386024,19.7683048248291,12.000285744667053
184,0.32818786054849625,0.01072570716496557,19.74843406677246,11.997783064842224
185,0.32874731719493866,0.011409447877667844,19.728559494018555,12.005228161811829
186,0.3272576667368412,0.010117054043803364,19.70816421508789,12.005897521972656
187,0.3290301561355591,0.012126450659707189,19.687244415283203,12.003126740455627
188,0.3268180638551712,0.010145357402507216,19.666385650634766,12.000884890556335
189,0.32837434485554695,0.011904157348908484,19.645061492919922,12.00195860862732
190,0.3258657604455948,0.009663720382377505,19.623327255249023,11.996876835823059
191,0.32571737468242645,0.009709624690003693,19.601228713989258,11.99954640865326
192,0.32771826162934303,0.011868642177432775,19.578819274902344,12.00614333152771
193,0.3257811442017555,0.010193303227424622,19.556135177612305,12.002649188041687
194,0.3254685737192631,0.010140818892978132,19.533212661743164,11.999563574790955
195,0.32646729052066803,0.011324352235533297,19.510086059570312,12.004208087921143
196,0.3251689188182354,0.010291769751347601,19.486778259277344,12.00093686580658
197,0.32398175820708275,0.009348992956802249,19.46332550048828,11.99995219707489
198,0.3259408138692379,0.011498407111503184,19.439743041992188,12.004498839378357
199,0.32431798428297043,0.01011362369172275,19.41605567932129,12.004381656646729
200,0.32364169508218765,0.009686658275313675,19.39228057861328,12.003223896026611
201,0.32311956211924553,0.009418772300705314,19.36843490600586,12.001645565032959
202,0.3245397061109543,0.011054422706365585,19.34453010559082,12.00399911403656
203,0.3234557807445526,0.01022695330902934,19.320585250854492,12.00229799747467
204,0.32385773956775665,0.010877090913709253,19.29660415649414,12.001460552215576
205,0.32172559946775436,0.00898683920968324,19.272602081298828,12.001274704933167
206,0.32318319007754326,0.010705907712690532,19.24877166748047,11.9989572763443
207,0.32241373881697655,0.010159898782148957,19.22491455078125,12.000471353530884
208,0.3229481913149357,0.010891001904383302,19.201045989990234,12.00467312335968
209,0.32315003499388695,0.011309578665532172,19.177499771118164,12.006546378135681
210,0.32102756574749947,0.00945077568758279,19.154447555541992,12.003231883049011
211,0.3220099247992039,0.010656460770405829,19.13131332397461,12.004032969474792
212,0.324394553899765,0.013215059181675315,19.108108520507812,12.009842038154602
213,0.32297562062740326,0.012057886342518032,19.086095809936523,12.005678653717041
214,0.32854729890823364,0.017817710409872234,19.06462287902832,12.008336424827576
215,0.3290819115936756,0.018560953438282013,19.044445037841797,12.007652401924133
216,0.3198816850781441,0.009583530016243458,19.02547264099121,12.004343748092651
217,0.3226839564740658,0.012555250199511647,19.00600814819336,12.00686264038086
218,0.3200618252158165,0.010146209737285972,18.987157821655273,12.004404306411743
219,0.3187130093574524,0.0090201108250767,18.96780776977539,12.001482963562012
220,0.32160162180662155,0.01207248168066144,18.94801139831543,12.004902958869934
221,0.32006970420479774,0.01077072019688785,18.928691864013672,12.00120723247528
222,0.3238130584359169,0.014690899406559765,18.908933639526367,12.003283381462097
223,0.3207181878387928,0.011804216308519244,18.89016342163086,12.001234650611877
224,0.32091833278536797,0.012126299203373492,18.87210464477539,12.00709867477417
225,0.3190220147371292,0.010424409876577556,18.85420036315918,12.005560517311096
226,0.31928422302007675,0.010897054453380406,18.83651351928711,12.002204060554504
227,0.3180604577064514,0.009859062964096665,18.818939208984375,12.001201272010803
228,0.32244204729795456,0.014347365242429078,18.800748825073242,12.00872004032135
229,0.31906114518642426,0.011167807970196009,18.783092498779297,12.00624167919159
230,0.32141364365816116,0.013674259651452303,18.765480041503906,12.008459448814392
231,0.3175983875989914,0.010143303661607206,18.748363494873047,11.997146368026733
232,0.3183099329471588,0.010965279885567725,18.731555938720703,12.002908945083618
233,0.3174896575510502,0.010336079401895404,18.71459197998047,12.000766396522522
234,0.3186642751097679,0.011664156569167972,18.69745445251465,12.002557873725891
235,0.31649187207221985,0.009673344320617616,18.680591583251953,12.001261115074158
236,0.3183987997472286,0.011695516179315746,18.663515090942383,12.006813883781433
237,0.3176654689013958,0.011127000791020691,18.64678382873535,12.007062792778015
238,0.3176216296851635,0.011274577933363616,18.630334854125977,12.004370331764221
239,0.3175920471549034,0.01139933115337044,18.613508224487305,12.00576376914978
240,0.3157344348728657,0.009697915695142001,18.596073150634766,12.007579684257507
241,0.31634946912527084,0.010496659553609788,18.578880310058594,12.006402492523193
242,0.3167134262621403,0.011101005831733346,18.561527252197266,11.999714970588684
243,0.31668106466531754,0.011278002988547087,18.544471740722656,11.995835542678833
244,0.3156225457787514,0.010358606581576169,18.52764129638672,11.998753666877747
245,0.3147872984409332,0.00967902858974412,18.51049041748047,12.000336289405823
246,0.31519148498773575,0.01026132405968383,18.492883682250977,12.000133395195007
247,0.3157270736992359,0.010933246812783182,18.47577476501465,12.003608703613281
248,0.3144983723759651,0.009837345744017512,18.459035873413086,12.00706696510315
249,0.3164833225309849,0.011983098345808685,18.441627502441406,12.00839650630951
250,0.31526195257902145,0.011046598199754953,18.42361831665039,11.997917532920837
251,0.3129054605960846,0.008870531804859638,18.405941009521484,11.997552990913391
252,0.3167569786310196,0.012811146676540375,18.38776969909668,12.006814002990723
253,0.3151123709976673,0.011330037959851325,18.37027359008789,12.007959961891174
254,0.3129154294729233,0.00934023701120168,18.353425979614258,12.00409460067749
255,0.3148096911609173,0.011431904742494226,18.335935592651367,12.001843571662903
256,0.31277479976415634,0.009574474242981523,18.3188419342041,12.001192212104797
257,0.3149258978664875,0.011841489584185183,18.301132202148438,12.00730836391449
258,0.3131140507757664,0.01023781904950738,18.283967971801758,12.003655433654785
259,0.31390682607889175,0.011238147038966417,18.266633987426758,12.000235319137573
260,0.31410904973745346,0.011585496831685305,18.24984359741211,12.002512574195862
261,0.31163758412003517,0.009250619856175035,18.233686447143555,12.00501012802124
262,0.3115125559270382,0.009288868750445545,18.216825485229492,12.005543828010559
263,0.3126020021736622,0.010573219158686697,18.200380325317383,12.002499222755432
264,0.3140364848077297,0.012200471479445696,18.18326187133789,12.000341057777405
265,0.3136758543550968,0.01200460596010089,18.166791915893555,12.00033414363861
266,0.31063414737582207,0.00907774840015918,18.150907516479492,12.004732370376587
267,0.31205998733639717,0.0106396988267079,18.134294509887695,12.007734656333923
268,0.3100743778049946,0.008879104570951313,18.117727279663086,12.001799583435059
269,0.3106299862265587,0.009645826532505453,18.100505828857422,11.997910261154175
270,0.3098013959825039,0.0089249272714369,18.0830078125,12.004639744758606
271,0.31031258404254913,0.009642595308832824,18.064960479736328,12.002039551734924
272,0.3098507262766361,0.00937027856707573,18.046428680419922,12.001616358757019
273,0.3091731481254101,0.008888116048183292,18.027462005615234,12.001041531562805
274,0.3086666576564312,0.008578330860473216,18.008113861083984,12.000720143318176
275,0.3093322739005089,0.009464843082241714,17.98842430114746,11.998319029808044
276,0.3081318028271198,0.0084617382963188,17.96843719482422,11.998569130897522
277,0.3092294931411743,0.009711533028166741,17.948184967041016,12.003611087799072
278,0.30779410526156425,0.008495976915583014,17.927703857421875,12.00210976600647
279,0.30812662467360497,0.00898992590373382,17.907018661499023,12.006650686264038
280,0.30714042857289314,0.00819006230449304,17.88615608215332,12.008880734443665
281,0.3093625530600548,0.01068530953489244,17.865137100219727,12.002588748931885
282,0.3083367496728897,0.009915044414810836,17.84398651123047,11.9981849193573
283,0.30672604590654373,0.008513380191288888,17.82271957397461,11.99854826927185
284,0.3067653104662895,0.008750622335355729,17.801353454589844,12.000115871429443
285,0.3073481060564518,0.009529784845653921,17.7799072265625,12.00192666053772
286,0.3064241446554661,0.008781998476479203,17.758390426635742,12.005823850631714
287,0.3074260279536247,0.01003618777031079,17.736814498901367,12.00217068195343
288,0.30600516125559807,0.008862436981871724,17.715192794799805,11.999080657958984
289,0.30522847920656204,0.008278630091808736,17.69353485107422,12.001451134681702
290,0.3067411333322525,0.010004382696934044,17.67184829711914,12.001827597618103
291,0.30585572123527527,0.009304252685979009,17.65013885498047,12.005009174346924
292,0.30523545295000076,0.008895917038898915,17.628416061401367,12.005539178848267
293,0.3056265488266945,0.009542823419906199,17.606685638427734,12.001688361167908
294,0.3064985163509846,0.010636388673447073,17.584949493408203,12.00126314163208
295,0.30643948912620544,0.010777258430607617,17.56321907043457,12.00300407409668
296,0.3044063299894333,0.008980512211564928,17.541933059692383,12.000648975372314
297,0.3043850176036358,0.009176503110211343,17.52060890197754,12.000243782997131
298,0.30831698328256607,0.013258608640171587,17.499258041381836,12.006579637527466
299,0.30567382648587227,0.010855103493668139,17.478744506835938,12.003127455711365
300,0.3130055442452431,0.018312270054593682,17.4581241607666,12.011202812194824
301,0.3077198453247547,0.013275740784592927,17.438800811767578,12.005610585212708
302,0.306229654699564,0.011948884930461645,17.42050552368164,12.007572293281555
303,0.30405164510011673,0.009948519640602171,17.402246475219727,12.008065581321716
304,0.30564892664551735,0.011735793319530785,17.384431838989258,12.006883025169373
305,0.30509527027606964,0.01143246574793011,17.366775512695312,11.999505758285522
306,0.3028837777674198,0.009379217051900923,17.349285125732422,12.001171827316284
307,0.3085421919822693,0.01513730885926634,17.33138656616211,12.009103298187256
308,0.30195728316903114,0.008781797194387764,17.31405258178711,12.003496050834656
309,0.3114614523947239,0.018411980010569096,17.29629898071289,12.00864851474762
310,0.30853088200092316,0.01568489079363644,17.279159545898438,12.005440473556519
311,0.3069317936897278,0.014180220663547516,17.262310028076172,12.012847423553467
312,0.308120958507061,0.015558508690446615,17.245813369750977,12.010432839393616
313,0.3017524220049381,0.009462799120228738,17.22974967956543,11.999213099479675
314,0.302367877215147,0.010239393915981054,17.213146209716797,11.99970257282257
315,0.30194923654198647,0.009953793720342219,17.196331024169922,12.003214120864868
316,0.30050406605005264,0.008703076222445816,17.17905616760254,12.001043915748596
317,0.3025774210691452,0.010938612627796829,17.161375045776367,12.002505779266357
318,0.29964109137654305,0.008192425360903144,17.143329620361328,12.0015367269516
319,0.30117564275860786,0.009842592000495642,17.124963760375977,12.008342027664185
320,0.2995114363729954,0.008415100222919136,17.106407165527344,12.003227591514587
321,0.30107351392507553,0.010187826701439917,17.087589263916016,12.00097930431366
322,0.2992847263813019,0.0085246711387299,17.068540573120117,12.007466197013855
323,0.299307007342577,0.00875223579350859,17.049285888671875,12.006191372871399
324,0.3006124645471573,0.010310128214769065,17.02985191345215,12.00038194656372
325,0.2991015575826168,0.009002952778246254,17.0102596282959,11.999601006507874
326,0.29907025024294853,0.00914101063972339,16.99053382873535,12.002390623092651
327,0.29888787493109703,0.009196357044856995,16.970685958862305,11.998466610908508
328,0.3002657890319824,0.010700481361709535,16.950735092163086,12.005796074867249
329,0.29806071519851685,0.008718710159882903,16.930696487426758,12.003503799438477
330,0.29801833629608154,0.008841466624289751,16.910579681396484,12.007107496261597
331,0.2984388843178749,0.009490893979091197,16.89040184020996,12.004397749900818
332,0.2980790436267853,0.009345309052150697,16.870168685913086,12.00320589542389
333,0.2979136221110821,0.009385701036080718,16.849891662597656,12.00290036201477
334,0.2970949560403824,0.00883961928775534,16.829580307006836,11.995954394340515
335,0.29635922983288765,0.008289814519230276,16.80923843383789,11.997703552246094
336,0.29607146978378296,0.008168726868461818,16.788875579833984,12.001400113105774
337,0.29711509123444557,0.00938423752086237,16.768495559692383,12.004589080810547
338,0.29562287777662277,0.008058002043981105,16.748104095458984,12.008384346961975
339,0.29480982571840286,0.007475356920622289,16.72770881652832,12.005738377571106
340,0.29557912051677704,0.008478258328977972,16.707311630249023,12.002774834632874
341,0.29678816348314285,0.009878528420813382,16.686920166015625,12.004044890403748
342,0.295729149132967,0.009035968338139355,16.666532516479492,12.002787709236145
343,0.29403138160705566,0.007562721846625209,16.64615249633789,12.000713467597961
344,0.2955116853117943,0.00924742256756872,16.62578773498535,12.00063943862915
345,0.29635196179151535,0.010314130398910493,16.60543441772461,11.9983491897583
346,0.2942986376583576,0.00844769470859319,16.585098266601562,11.999995946884155
347,0.2942625321447849,0.008611978322733194,16.564781188964844,12.000274777412415
348,0.29372431710362434,0.00826256739674136,16.544485092163086,12.001690030097961
349,0.29443950206041336,0.009162281057797372,16.524211883544922,12.003510236740112
350,0.2937828227877617,0.008703211962711066,16.50395965576172,12.00400185585022
351,0.2931646555662155,0.008296176383737475,16.483732223510742,12.003116607666016
352,0.2927369326353073,0.008086000860203058,16.463529586791992,12.001565098762512
353,0.2932901196181774,0.008829424506984651,16.4433536529541,12.002715945243835
354,0.2921408787369728,0.007918617106042802,16.42320442199707,11.999022126197815
355,0.2945999465882778,0.01054486504290253,16.40308380126953,12.002424478530884
356,0.29333069175481796,0.009462539805099368,16.382991790771484,12.003824830055237
357,0.2924974374473095,0.008800482552032918,16.36292839050293,12.006767868995667
358,0.290884580463171,0.007415248139295727,16.3428955078125,12.00403881072998
359,0.29195157811045647,0.008730233530513942,16.322893142700195,11.999241828918457
360,0.2918512634932995,0.00881710572866723,16.302919387817383,12.000497102737427
361,0.2909828647971153,0.00817290140548721,16.282976150512695,11.998021006584167
362,0.29075251519680023,0.008114383090287447,16.263065338134766,12.000748991966248
363,0.29159918427467346,0.009121999144554138,16.24318504333496,12.004533886909485
364,0.29057445004582405,0.008345295034814626,16.223337173461914,11.999579191207886
365,0.29153698682785034,0.009441861999221146,16.203519821166992,12.005992412567139
366,0.28927522152662277,0.007403205381706357,16.183732986450195,12.003469228744507
367,0.2908869571983814,0.009201488282997161,16.163978576660156,12.004569292068481
368,0.28929830342531204,0.00784087076317519,16.144254684448242,12.00148892402649
369,0.29042864590883255,0.009172780904918909,16.124561309814453,12.001025080680847
370,0.2902265451848507,0.00915376900229603,16.104902267456055,12.002375721931458
371,0.28980471566319466,0.008938477374613285,16.08527374267578,12.00135087966919
372,0.2888542152941227,0.008157769625540823,16.065813064575195,12.003832697868347
373,0.28922567516565323,0.008739304728806019,16.046369552612305,12.002267956733704
374,0.28945738822221756,0.009186114242766052,16.026947021484375,12.000180959701538
375,0.28917109593749046,0.009075638721697032,16.00754165649414,12.002004861831665
376,0.28859494626522064,0.008728501270525157,15.98840045928955,11.998244404792786
377,0.28721649944782257,0.007526033732574433,15.969252586364746,11.999794363975525
378,0.28853365778923035,0.008984837390016764,15.950106620788574,12.004775881767273
379,0.28697679191827774,0.007588260690681636,15.930963516235352,12.007891058921814
380,0.28676214441657066,0.007575288298539817,15.911823272705078,12.006862044334412
381,0.2873549126088619,0.00840392109239474,15.892692565917969,12.002407908439636
382,0.2867487445473671,0.008034417289309204,15.873573303222656,11.99786102771759
383,0.28751860558986664,0.008938384242355824,15.854467391967773,12.003555536270142
384,0.2861749269068241,0.007800922554451972,15.835375785827637,12.002023816108704
385,0.2856103330850601,0.007444129849318415,15.81629753112793,12.00032365322113
386,0.2872958146035671,0.009323217789642513,15.797237396240234,12.000024199485779
387,0.28674711287021637,0.00892802537418902,15.7781982421875,12.003712058067322
388,0.28583281114697456,0.00824481004383415,15.759175300598145,11.99962592124939
389,0.28560273721814156,0.008142223057802767,15.740174293518066,12.005877494812012
390,0.2854194678366184,0.008213900029659271,15.721193313598633,11.999364018440247
391,0.28518909960985184,0.008132352319080383,15.702235221862793,12.003440976142883
392,0.28494131937623024,0.00807953329058364,15.68329906463623,12.00287914276123
393,0.2846662253141403,0.008034084166865796,15.664385795593262,11.998829245567322
394,0.28489116206765175,0.008408674446400255,15.64559268951416,12.002657294273376
395,0.28604432567954063,0.009753456222824752,15.626943588256836,12.00214421749115
396,0.28430770337581635,0.008192532870452851,15.608295440673828,12.00322151184082
397,0.2842613197863102,0.008340367523487657,15.58965015411377,12.002445340156555
398,0.2851260378956795,0.00936091534094885,15.571014404296875,12.005497813224792
399,0.28380872681736946,0.008264408446848392,15.552386283874512,12.002045512199402
400,0.28446493297815323,0.009111641847994179,15.533769607543945,12.001559972763062
401,0.28403501957654953,0.008871951547916979,15.515165328979492,12.001141786575317
402,0.2824251167476177,0.007491877593565732,15.496575355529785,11.996749877929688
403,0.2826288901269436,0.007852152280975133,15.47800064086914,11.999674558639526
404,0.2832172252237797,0.008592798374593258,15.459444046020508,12.002998948097229
405,0.2825913093984127,0.008158284705132246,15.440903663635254,12.00239872932434
406,0.2836495265364647,0.009327101986855268,15.422382354736328,12.00986135005951
407,0.2821619063615799,0.008106206194497645,15.403879165649414,12.001691579818726
408,0.28136998042464256,0.007517218531575054,15.385398864746094,11.9998779296875
409,0.2820664681494236,0.008380731858778745,15.366939544677734,12.001635313034058
410,0.2808556482195854,0.007366963429376483,15.348499298095703,12.000370144844055
411,0.283012930303812,0.00966555526247248,15.330084800720215,12.004652857780457
412,0.2818341851234436,0.008670396287925541,15.311774253845215,12.004604697227478
413,0.28149329125881195,0.008529312151949853,15.293478012084961,12.002920985221863
414,0.28169770911335945,0.008923988498281687,15.275198936462402,12.002174019813538
415,0.280896183103323,0.008337412611581385,15.256933212280273,11.998944520950317
416,0.28095028176903725,0.008591468213126063,15.238686561584473,11.997196078300476
417,0.28044136241078377,0.008231924090068787,15.220458984375,12.000485181808472
418,0.28025752678513527,0.008207922393921763,15.202247619628906,12.002713680267334
419,0.28013940900564194,0.008206927450373769,15.184059143066406,12.00918984413147
420,0.280412994325161,0.008687437744811177,15.165889739990234,12.00666618347168
421,0.2799077406525612,0.008381576859392226,15.147740364074707,12.00487732887268
422,0.27865657955408096,0.007388952188193798,15.129854202270508,11.996909141540527
423,0.27928468585014343,0.008161006611771882,15.111964225769043,12.000404596328735
424,0.2787678427994251,0.007815541233867407,15.094074249267578,12.001155972480774
425,0.2786196991801262,0.007807470683474094,15.07618522644043,12.00503921508789
426,0.27918044850230217,0.00853183469735086,15.058298110961914,12.006563425064087
427,0.27949216216802597,0.009095465647988021,15.040422439575195,11.999248266220093
428,0.2793855182826519,0.009145295538473874,15.022550582885742,12.001471757888794
429,0.2792900800704956,0.009225077577866614,15.004690170288086,12.001810669898987
430,0.2795036546885967,0.009575022733770311,14.986842155456543,12.006022572517395
431,0.2782713696360588,0.008551048871595412,14.969156265258789,12.002877593040466
432,0.2780204191803932,0.008502834010869265,14.951469421386719,12.00028920173645
433,0.27792471274733543,0.008616875507868826,14.933782577514648,11.99700117111206
434,0.2788753993809223,0.009699224785435945,14.916096687316895,12.001521110534668
435,0.27735409140586853,0.008340758155100048,14.898419380187988,12.00291395187378
436,0.2787131294608116,0.00982151017524302,14.880748748779297,12.008414030075073
437,0.27677658200263977,0.008060974709223956,14.86340045928955,12.00816035270691
438,0.2765633836388588,0.008056305872742087,14.846031188964844,12.004676938056946
439,0.27706607058644295,0.008768511412199587,14.828642845153809,12.001113057136536
440,0.276607982814312,0.008471892273519188,14.811241149902344,12.002369046211243
441,0.2771940752863884,0.009291896014474332,14.793828010559082,11.996390342712402
442,0.27607957646250725,0.008301898662466556,14.7767333984375,12.001034021377563
443,0.2755044251680374,0.007885942817665637,14.759599685668945,12.002249836921692
444,0.2758854106068611,0.008409233065322042,14.742436408996582,12.00518274307251
445,0.2761298902332783,0.00881866947747767,14.725542068481445,12.005580306053162
446,0.27571702376008034,0.008599735971074551,14.708597183227539,12.003132343292236
447,0.2758527509868145,0.008902605331968516,14.691606521606445,12.003408908843994
448,0.2747652903199196,0.007988343015313148,14.674579620361328,12.003116011619568
449,0.27562379837036133,0.009036671952344477,14.65764331817627,12.001069188117981
450,0.27425092831254005,0.00783764652442187,14.640924453735352,12.000404834747314
451,0.2739715352654457,0.007713952043559402,14.6241455078125,12.001612663269043
452,0.27487871795892715,0.00878932763589546,14.607317924499512,12.00162160396576
453,0.27457792311906815,0.008636728569399565,14.591036796569824,12.003082752227783
454,0.2762061282992363,0.010388065944425762,14.574658393859863,12.007148742675781
455,0.27479468286037445,0.009164011338725686,14.55897331237793,12.004095435142517
456,0.2771536819636822,0.011677113128826022,14.543130874633789,12.004526257514954
457,0.2745569162070751,0.009260484017431736,14.52817153930664,12.001472473144531
458,0.27855994179844856,0.013328109751455486,14.513564109802246,12.009619116783142
459,0.283176738768816,0.018030582228675485,14.499802589416504,12.01481306552887
460,0.2732217274606228,0.008331835793796927,14.486881256103516,12.002109050750732
461,0.2863456793129444,0.021428622771054506,14.473526954650879,12.018179297447205
462,0.29210108518600464,0.027189738349989057,14.461069107055664,12.03006637096405
463,0.276039183139801,0.01138451520819217,14.44948959350586,12.015978336334229
464,0.28250769153237343,0.01793253724463284,14.438220024108887,12.019297003746033
465,0.2922600992023945,0.02761875744909048,14.427505493164062,12.03662884235382
466,0.2851218096911907,0.020678822183981538,14.417470932006836,12.026828169822693
467,0.2719668187201023,0.007839370518922806,14.407886505126953,12.004858613014221
468,0.2818964682519436,0.017754109692759812,14.397531509399414,12.016704440116882
469,0.27718497067689896,0.013097092974931002,14.3875150680542,12.021272540092468
470,0.2778111360967159,0.013988386024720967,14.377388000488281,12.004886627197266
471,0.27865977212786674,0.01487112685572356,14.36716079711914,12.011704206466675
472,0.27287257462739944,0.009255176351871341,14.356925964355469,12.00481390953064
473,0.27461807429790497,0.011167873861268163,14.345987319946289,11.999032735824585
474,0.2722235396504402,0.00886411644751206,14.335161209106445,12.000781059265137
475,0.27415524795651436,0.01087731309235096,14.323982238769531,12.00381088256836
476,0.27428964152932167,0.010998131823725998,14.312875747680664,12.016275763511658
477,0.2723314166069031,0.009138164285104722,14.30189037322998,12.017435669898987
478,0.2711571604013443,0.008146241190843284,14.290277481079102,12.010814547538757
479,0.27262572199106216,0.009800652042031288,14.278100967407227,12.004406809806824
480,0.27026448771357536,0.007644494704436511,14.265421867370605,11.996578454971313
481,0.26995740085840225,0.00743406981928274,14.252290725708008,12.000042796134949
482,0.270678348839283,0.008306052535772324,14.238758087158203,11.99847161769867
483,0.2713124565780163,0.008971074596047401,14.224861145019531,12.00927722454071
484,0.2709572911262512,0.00878030271269381,14.210643768310547,12.0070561170578
485,0.2706633657217026,0.00863102066796273,14.196136474609375,12.007097721099854
486,0.2705235928297043,0.008697752316948026,14.181371688842773,12.001213669776917
487,0.2698352746665478,0.00813324237242341,14.16637897491455,12.003824234008789
488,0.2696135975420475,0.008083872846327722,14.151183128356934,12.001789689064026
489,0.270327840000391,0.00890495878411457,14.135805130004883,12.006483674049377
490,0.270731158554554,0.009471733530517668,14.120267868041992,12.005675554275513
491,0.26901354640722275,0.007950155180878937,14.104585647583008,12.00175416469574
492,0.2679074741899967,0.007042694836854935,14.08877944946289,11.997698545455933
493,0.26865946128964424,0.007937709160614759,14.07286262512207,11.99931252002716
494,0.2687421850860119,0.008134462521411479,14.056846618652344,12.003926515579224
495,0.26854127645492554,0.008058825857006013,14.040748596191406,12.007497310638428
496,0.2684798575937748,0.008165532140992582,14.02457332611084,12.00685977935791
497,0.2676386423408985,0.007511281408369541,14.008333206176758,12.004403948783875
498,0.2690744251012802,0.00912438437808305,13.992035865783691,12.002969026565552
499,0.26737960800528526,0.007659263850655407,13.975690841674805,11.996344566345215
500,0.2676028423011303,0.007977465749718249,13.959305763244629,12.003233075141907
501,0.26792750135064125,0.008443232625722885,13.942883491516113,12.005542635917664
502,0.2671459838747978,0.0078118831734173,13.926435470581055,12.00697648525238
503,0.267334159463644,0.008215525769628584,13.90995979309082,12.001903891563416
504,0.26700476184487343,0.008106429770123214,13.893465042114258,11.996369004249573
505,0.2662900649011135,0.007541391300037503,13.876956939697266,11.997910857200623
506,0.2665671743452549,0.007944768061861396,13.860435485839844,12.001804828643799
507,0.26623621582984924,0.007746512652374804,13.843908309936523,12.00506329536438
508,0.26631418988108635,0.007967846060637385,13.827374458312988,12.0072603225708
509,0.26584091410040855,0.007694838510360569,13.810836791992188,12.003772258758545
510,0.2657497711479664,0.007800113235134631,13.794297218322754,12.00066876411438
511,0.2654138207435608,0.00761378783499822,13.777762413024902,12.002240896224976
512,0.2644846998155117,0.006834919564425945,13.761232376098633,12.003745079040527
513,0.266695823520422,0.009190313634462655,13.744706153869629,12.005845665931702
514,0.2650063782930374,0.007661680807359517,13.728187561035156,12.006281852722168
515,0.2650488056242466,0.007902686716988683,13.711677551269531,12.002934455871582
516,0.26453324779868126,0.007581754995044321,13.69517707824707,11.999972820281982
517,0.2653835527598858,0.008596602536272258,13.678688049316406,12.0000079870224
518,0.2643980272114277,0.007771657488774508,13.662213325500488,12.00042450428009
519,0.2647290900349617,0.008181146811693907,13.645750045776367,12.009044885635376
520,0.26468487083911896,0.008340672822669148,13.62929916381836,12.005120873451233
521,0.26496415585279465,0.008791798958554864,13.612998008728027,12.00423789024353
522,0.26345356553792953,0.007522724510636181,13.596695899963379,11.996388792991638
523,0.26310283318161964,0.0072820865898393095,13.580399513244629,12.001675248146057
524,0.2636125460267067,0.00793202721979469,13.564108848571777,12.003943681716919
525,0.26395485177636147,0.008455010072793812,13.54782485961914,12.002159714698792
526,0.2632942609488964,0.007931302418000996,13.531547546386719,12.004748225212097
527,0.2631735987961292,0.00798343913629651,13.515277862548828,12.003738760948181
528,0.2624078616499901,0.0074008331866934896,13.499018669128418,12.00168490409851
529,0.2627929523587227,0.007962659350596368,13.482770919799805,12.000259399414062
530,0.26213913410902023,0.007450920122209936,13.466535568237305,12.002286791801453
531,0.26153724640607834,0.007012459158431739,13.450313568115234,12.002166032791138
532,0.26320061832666397,0.00881485571153462,13.434104919433594,12.004471898078918
533,0.26317595690488815,0.008963138796389103,13.417909622192383,12.003371715545654
534,0.26158520206809044,0.007570948044303805,13.401729583740234,11.999696731567383
535,0.2610413543879986,0.0072037611971609294,13.385567665100098,11.99819302558899
536,0.261150062084198,0.0074296967359259725,13.36941909790039,12.002617835998535
537,0.26223164051771164,0.008662594598717988,13.353287696838379,12.003618836402893
538,0.25914986059069633,0.005777358426712453,13.337174415588379,12.00007688999176
539,0.2601597383618355,0.006929583789315075,13.321075439453125,12.001941323280334
540,0.2604387365281582,0.007349451771005988,13.304994583129883,12.003933310508728
541,0.26090051978826523,0.007980296737514436,13.288930892944336,12.003092646598816
542,0.2616603896021843,0.008887798001524061,13.272884368896484,12.004374861717224
543,0.26017411798238754,0.007611134729813784,13.256856918334961,11.999441862106323
544,0.25956347212195396,0.007154644175898284,13.2408447265625,12.000039339065552
545,0.26002316176891327,0.007733262900728732,13.224853515625,12.004136323928833
546,0.2602727711200714,0.008155077986884862,13.208882331848145,12.002886772155762
547,0.26075005158782005,0.008800966083072126,13.192927360534668,12.001983046531677
548,0.26051129400730133,0.008765682578086853,13.176990509033203,11.997571587562561
549,0.2599300965666771,0.00829293136484921,13.161073684692383,12.002643465995789
550,0.26125824078917503,0.009780952124856412,13.145242691040039,12.002487063407898
551,0.2592315524816513,0.007898537733126432,13.129704475402832,12.003598093986511
552,0.258541714400053,0.007378485635854304,13.114150047302246,12.002173781394958
553,0.2586546279489994,0.00768142519518733,13.098581314086914,11.998739004135132
554,0.26104559376835823,0.010145899723283947,13.083032608032227,12.006938219070435
555,0.25794384628534317,0.007223262276966125,13.067909240722656,12.004150748252869
556,0.25939610973000526,0.008844336494803429,13.052733421325684,12.00244426727295
557,0.25869882106781006,0.008286179159767926,13.037727355957031,12.003536939620972
558,0.2574312090873718,0.007202990585938096,13.02295970916748,11.999862790107727
559,0.25999607145786285,0.009927937702741474,13.008111000061035,11.998703598976135
560,0.25899963825941086,0.009039121272508055,12.993188858032227,12.002863764762878
561,0.25712938979268074,0.00728924194118008,12.978801727294922,12.005213975906372
562,0.2592344358563423,0.00955858698580414,12.964296340942383,12.003288626670837
563,0.25678903982043266,0.007256171957124025,12.95042610168457,12.00286066532135
564,0.2611791044473648,0.011718403198756278,12.936386108398438,12.009683609008789
565,0.2585137076675892,0.009219454892445356,12.923110008239746,12.0063157081604
566,0.2600681632757187,0.0109728496754542,12.91024112701416,11.9992915391922
567,0.2597370743751526,0.01074769755359739,12.897984504699707,12.000953555107117
568,0.25723379850387573,0.008340281434357166,12.886327743530273,12.00302505493164
569,0.25621313974261284,0.007405662094242871,12.874281883239746,12.006466507911682
570,0.257413849234581,0.008770121610723436,12.862056732177734,12.00231671333313
571,0.2575801871716976,0.009007397631648928,12.850131034851074,12.007148265838623
572,0.26106495782732964,0.012624432914890349,12.837844848632812,12.006207585334778
573,0.2624397426843643,0.014151634415611625,12.826240539550781,12.00257134437561
574,0.2569018565118313,0.008787437051068991,12.815284729003906,11.99615752696991
575,0.2610015645623207,0.012958058738149703,12.803872108459473,12.000478863716125
576,0.2585464417934418,0.01055982377147302,12.793054580688477,12.005608081817627
577,0.25598080828785896,0.007988999888766557,12.782658576965332,12.01652204990387
578,0.2565275505185127,0.008732971444260329,12.772007942199707,12.007450938224792
579,0.25691887736320496,0.009289536392316222,12.761377334594727,12.001557230949402
580,0.25592243298888206,0.00842794741038233,12.75081729888916,11.998632669448853
581,0.25871333852410316,0.011239180690608919,12.739845275878906,12.007571697235107
582,0.2585325501859188,0.011166038573719561,12.729302406311035,12.007349252700806
583,0.25472303107380867,0.007521518389694393,12.71912956237793,12.001021981239319
584,0.2554353289306164,0.008327510498929769,12.70842456817627,12.002357959747314
585,0.2553560547530651,0.008320556429680437,12.697793006896973,12.00575852394104
586,0.255275122821331,0.008355263329576701,12.686676979064941,12.005308508872986
587,0.25507185235619545,0.008326978364493698,12.675125122070312,11.99936318397522
588,0.25473378226161003,0.00807757122674957,12.663378715515137,12.002243757247925
589,0.25527549535036087,0.00869542482541874,12.651263236999512,12.006744265556335
590,0.2541963830590248,0.007798626844305545,12.638898849487305,12.00087833404541
591,0.2545906715095043,0.008301247435156256,12.626473426818848,12.002469182014465
592,0.2549222372472286,0.008766342827584594,12.613751411437988,12.001838207244873
593,0.2532733157277107,0.0072720462922006845,12.600992202758789,11.999134302139282
594,0.25333763286471367,0.007457459112629294,12.587972640991211,12.00004529953003
595,0.2537330090999603,0.00792346941307187,12.574724197387695,12.006231188774109
596,0.2543211355805397,0.008661308966111392,12.56139087677002,12.004591464996338
597,0.2536395825445652,0.008155118790455163,12.547860145568848,12.000586748123169
598,0.2534959055483341,0.008138007251545787,12.534154891967773,12.001634955406189
599,0.252180065959692,0.006985124608036131,12.520376205444336,11.999118328094482
600,0.25591541081666946,0.010813741479068995,12.506450653076172,12.003716588020325
601,0.25346163287758827,0.008495886868331581,12.492396354675293,12.004179120063782
602,0.25288476049900055,0.008108256326522678,12.478227615356445,11.999423503875732
603,0.2532322518527508,0.008619392872788012,12.463956832885742,11.997330069541931
604,0.2538363002240658,0.009303006750997156,12.449594497680664,12.003734469413757
605,0.25341175869107246,0.009048040141351521,12.435369491577148,12.00100302696228
606,0.25327354669570923,0.009005967003758997,12.421050071716309,12.00570797920227
607,0.25286416709423065,0.00870462169405073,12.40665340423584,12.009301781654358
608,0.2528017796576023,0.008826013130601496,12.392189979553223,12.005387663841248
609,0.2513921298086643,0.007636744645424187,12.377664566040039,11.997874975204468
610,0.2528557516634464,0.009202339220792055,12.363085746765137,12.002256631851196
611,0.2505967952311039,0.0071053855353966355,12.348575592041016,12.000565886497498
612,0.25111850537359715,0.007798037026077509,12.334012985229492,11.998034000396729
613,0.25065380334854126,0.007441545370966196,12.319442749023438,12.001783013343811
614,0.2500573378056288,0.007005870807915926,12.304885864257812,12.000261664390564
615,0.2505401726812124,0.0076309797004796565,12.290285110473633,12.000634908676147
616,0.2520265281200409,0.009185225877445191,12.27564811706543,12.008482575416565
617,0.2510211728513241,0.008374107361305505,12.261011123657227,12.003696322441101
618,0.24980225786566734,0.007356339890975505,12.246343612670898,11.998248934745789
619,0.25024910271167755,0.007917689683381468,12.231653213500977,12.00148856639862
620,0.24993838742375374,0.007760115375276655,12.21694278717041,12.000885009765625
621,0.2509707175195217,0.008916716556996107,12.202215194702148,12.003185749053955
622,0.2506835162639618,0.008744433580432087,12.187475204467773,12.006433010101318
623,0.2508527673780918,0.009105664154049009,12.172727584838867,12.001983284950256
624,0.24955006688833237,0.007977035245858133,12.157970428466797,11.99933385848999
625,0.24975959956645966,0.008340147964190692,12.143209457397461,11.998736381530762
626,0.25005509331822395,0.008773008128628135,12.128446578979492,11.999762773513794
627,0.2498652283102274,0.008707733592018485,12.113683700561523,12.002066135406494
628,0.25046632066369057,0.009385493816807866,12.098922729492188,12.009160041809082
629,0.24868833273649216,0.007815122080501169,12.084163665771484,12.003157615661621
630,0.24871383979916573,0.007957027235534042,12.06941032409668,12.006271481513977
631,0.2480481006205082,0.007476464903447777,12.05466079711914,12.002503752708435
632,0.24830176308751106,0.007938236347399652,12.03991985321045,11.996433019638062
633,0.24863168224692345,0.00838228699285537,12.025186538696289,11.99975335597992
634,0.24794391728937626,0.007857478281948715,12.010462760925293,11.998181343078613
635,0.248245382681489,0.008263620198704302,11.995746612548828,12.002430438995361
636,0.24861744418740273,0.008734580420423299,11.981043815612793,12.007243156433105
637,0.2477200385183096,0.008029268472455442,11.966351509094238,12.002725839614868
638,0.24782005324959755,0.008283729141112417,11.951669692993164,12.00196361541748
639,0.24753750301897526,0.008165378705598414,11.937003135681152,12.00020968914032
640,0.24707402661442757,0.007834532414563,11.922347068786621,12.001603364944458
641,0.2482708804309368,0.00914402719354257,11.907705307006836,12.00498080253601
642,0.24755281396210194,0.008550499856937677,11.89307689666748,12.007155299186707
643,0.24660963006317616,0.007823532505426556,11.878461837768555,12.000148892402649
644,0.24693789333105087,0.008325413858983666,11.863861083984375,11.997387886047363
645,0.24626372195780277,0.007796078571118414,11.849275588989258,11.997488975524902
646,0.24676859937608242,0.00841817376203835,11.834704399108887,12.000338912010193
647,0.24572456255555153,0.007503377681132406,11.820149421691895,12.00196886062622
648,0.24632634781301022,0.008235148270614445,11.805606842041016,12.003513813018799
649,0.24651759676635265,0.008559594745747745,11.791081428527832,12.004719257354736
650,0.24584225565195084,0.008041820779908448,11.776572227478027,12.003472328186035
651,0.24457489885389805,0.0069495842908509076,11.762077331542969,12.000454425811768
652,0.24476282112300396,0.007277875381987542,11.747598648071289,12.000896215438843
653,0.24434863775968552,0.0070292093441821635,11.733135223388672,11.998807787895203
654,0.24553860165178776,0.008345416455995291,11.71868896484375,12.000629782676697
655,0.24531050771474838,0.008214102883357555,11.704257011413574,12.00538432598114
656,0.24450518377125263,0.007552791270427406,11.689841270446777,12.005398154258728
657,0.24425040371716022,0.007438352971803397,11.675443649291992,12.005761623382568
658,0.2461741790175438,0.00954761216416955,11.661060333251953,12.001596450805664
659,0.24482572823762894,0.008371232892386615,11.64669418334961,11.99875557422638
660,0.24416931346058846,0.007872256101109087,11.632343292236328,11.997362732887268
661,0.2439744807779789,0.007763904752209783,11.618009567260742,12.003048658370972
662,0.24456441216170788,0.00851778092328459,11.603692054748535,12.000972151756287
663,0.24446543492376804,0.00855541368946433,11.58938980102539,12.00161349773407
664,0.24311071448028088,0.00732307048747316,11.575103759765625,12.003660798072815
665,0.2431824542582035,0.007551146729383618,11.560834884643555,12.002296090126038
666,0.24470936134457588,0.00919165217783302,11.54658317565918,12.005188345909119
667,0.24483375623822212,0.009503124747425318,11.53234577178955,12.000717997550964
668,0.24249245412647724,0.007264452986419201,11.518125534057617,12.004674911499023
669,0.24408407509326935,0.00901855289703235,11.503921508789062,12.002630829811096
670,0.2413544412702322,0.006463934318162501,11.489733695983887,11.9993177652359
671,0.2440683003515005,0.009281678474508226,11.475561141967773,12.003101706504822
672,0.24273614212870598,0.008113290241453797,11.461405754089355,12.000880002975464
673,0.24297234043478966,0.008459863078314811,11.447267532348633,12.003981113433838
674,0.24197855778038502,0.007657484267838299,11.433144569396973,11.998962879180908
675,0.241333631798625,0.007171791396103799,11.419037818908691,11.997146487236023
676,0.2410730104893446,0.006975122960284352,11.404947280883789,12.004841566085815
677,0.24197734519839287,0.00802943209419027,11.390872955322266,12.003918647766113
678,0.24186448380351067,0.008004235511180013,11.376813888549805,12.009211301803589
679,0.2417199444025755,0.008033586840610951,11.362771987915039,12.005864143371582
680,0.2420818731188774,0.008558276109397411,11.348745346069336,12.0036141872406
681,0.2404709178954363,0.007143832975998521,11.334735870361328,11.997972965240479
682,0.24144836515188217,0.008258586516603827,11.320741653442383,11.998236536979675
683,0.240514624863863,0.007436819025315344,11.306764602661133,12.001016855239868
684,0.24013187550008297,0.007211480580735952,11.292801856994629,11.999237775802612
685,0.23997808061540127,0.007171810721047223,11.278854370117188,12.001772999763489
686,0.2400776669383049,0.007402265095151961,11.26492691040039,12.0026136636734
687,0.24163931421935558,0.009046606428455561,11.25101089477539,12.008260726928711
688,0.23976883105933666,0.007340192561969161,11.237112998962402,12.005751490592957
689,0.24029940366744995,0.008010962919797748,11.22322940826416,12.005615472793579
690,0.24066335335373878,0.008531282714102417,11.209362030029297,12.00384509563446
691,0.23889691941440105,0.006982196297030896,11.195509910583496,11.995962262153625
692,0.23966221697628498,0.007853697577957064,11.181674003601074,11.999178647994995
693,0.24022050760686398,0.008536995446775109,11.167855262756348,12.000496745109558
694,0.23980757966637611,0.00823664030758664,11.154050827026367,12.00304388999939
695,0.239682724699378,0.008218943432439119,11.140262603759766,12.006116390228271
696,0.23952691815793514,0.008217202150262892,11.126489639282227,12.004482626914978
697,0.23914905451238155,0.00797335262177512,11.112732887268066,12.00483787059784
698,0.23842793330550194,0.00741843821015209,11.098991394042969,12.00195825099945
699,0.23834837786853313,0.007467825373169035,11.08526611328125,12.002789378166199
700,0.23942895233631134,0.008707716770004481,11.071556091308594,12.000567317008972
701,0.2386562041938305,0.008079745748545974,11.057859420776367,11.999787211418152
702,0.2387346364557743,0.00826902111293748,11.044181823730469,12.002379894256592
703,0.23837711475789547,0.008042758738156408,11.030517578125,12.002918243408203
704,0.23804623819887638,0.007849124551285058,11.016868591308594,12.002843260765076
705,0.23678983189165592,0.0067491328227333724,11.003235816955566,12.000834465026855
706,0.23611157201230526,0.006189559819176793,10.989617347717285,12.002585053443909
707,0.23757443204522133,0.007772654702421278,10.976015090942383,12.00416362285614
708,0.23617690987884998,0.006523103453218937,10.962428092956543,12.002952575683594
709,0.23763903602957726,0.008101532293949276,10.94885540008545,12.004895329475403
710,0.23744259402155876,0.008080054365564138,10.935298919677734,12.000955581665039
711,0.23784291185438633,0.008616032311692834,10.921756744384766,12.000932097434998
712,0.23681692965328693,0.007760621083434671,10.908232688903809,11.997398495674133
713,0.2366847861558199,0.007744795992039144,10.894721031188965,11.99927830696106
714,0.23761348240077496,0.00882866163738072,10.8812255859375,11.997257351875305
715,0.23649382032454014,0.007780411513522267,10.867744445800781,12.003597259521484
716,0.23516135476529598,0.006566516007296741,10.854278564453125,12.005205631256104
717,0.23612100630998611,0.007622847682796419,10.840827941894531,12.00898802280426
718,0.2355831228196621,0.007268365356139839,10.827392578125,12.004083752632141
719,0.23612305894494057,0.007972138409968466,10.813971519470215,12.001120924949646
720,0.2351429369300604,0.007123061339370906,10.800565719604492,12.00142216682434
721,0.23612133413553238,0.008238517097197473,10.787176132202148,12.001106262207031
722,0.23640790581703186,0.008624911773949862,10.773798942565918,12.00450086593628
723,0.2348617147654295,0.00727582594845444,10.76076602935791,11.997823715209961
724,0.2357981540262699,0.008326823357492685,10.747713088989258,11.999420523643494
725,0.23584246449172497,0.008439080265816301,10.73464584350586,12.005693554878235
726,0.23508344031870365,0.00780772470170632,10.722094535827637,12.005477786064148
727,0.23791090957820415,0.010788366664201021,10.709481239318848,12.002773642539978
728,0.23635383322834969,0.0093912334414199,10.697608947753906,11.99865198135376
729,0.2357389610260725,0.008839928428642452,10.686262130737305,12.003641724586487
730,0.23650218918919563,0.0097173239919357,10.675337791442871,12.003149032592773
731,0.2346494235098362,0.007988294528331608,10.664854049682617,12.001259922981262
732,0.23491782322525978,0.008363215834833682,10.654325485229492,12.001136064529419
733,0.2353095207363367,0.008790041552856565,10.643533706665039,12.008414149284363
734,0.23500670865178108,0.008605379960499704,10.633176803588867,12.006957054138184
735,0.23740584962069988,0.011145445052534342,10.62286376953125,12.003177165985107
736,0.2385201882570982,0.012378678540699184,10.613056182861328,12.001094937324524
737,0.23401106521487236,0.007963046955410391,10.603766441345215,12.001036286354065
738,0.23547805845737457,0.0094748605042696,10.59408950805664,12.00623071193695
739,0.2337073776870966,0.00783711310941726,10.58473014831543,12.002297163009644
740,0.23738971538841724,0.011620429810136557,10.574991226196289,12.00193727016449
741,0.23594225011765957,0.0102796561550349,10.565681457519531,12.00057852268219
742,0.23371295630931854,0.008157549367751926,10.556674003601074,11.99886703491211
743,0.23345842584967613,0.007950523518957198,10.54751968383789,12.003270864486694
744,0.2350067626684904,0.009611354034859687,10.538220405578613,12.001320838928223
745,0.2340017408132553,0.00868298701243475,10.529131889343262,12.00274395942688
746,0.23591425642371178,0.010640491265803576,10.519983291625977,12.007393956184387
747,0.2349500898271799,0.009791421296540648,10.51103687286377,12.004830598831177
748,0.2328203096985817,0.0078053236939013,10.50228214263916,11.999216794967651
749,0.23264350928366184,0.007714766659773886,10.49333667755127,11.999537706375122
750,0.23506738804280758,0.01018770772498101,10.483992576599121,12.003976225852966
751,0.23424606211483479,0.009467642288655043,10.474945068359375,12.002897262573242
752,0.2327141258865595,0.008039016567636281,10.466145515441895,12.00136649608612
753,0.2313550878316164,0.006776524358429015,10.457002639770508,12.000854015350342
754,0.23326661624014378,0.008732893969863653,10.447464942932129,12.005907535552979
755,0.23319782689213753,0.008734035247471184,10.438163757324219,12.00821590423584
756,0.23386888951063156,0.009564699488691986,10.42884349822998,12.00157618522644
757,0.23520806804299355,0.010978661943227053,10.419771194458008,12.003170132637024
758,0.2320425733923912,0.007912825210951269,10.410943031311035,12.002032399177551
759,0.232788672670722,0.008772165921982378,10.401690483093262,11.999961018562317
760,0.23184436932206154,0.007927988306619227,10.392326354980469,11.999312281608582
761,0.23206502757966518,0.008210332947783172,10.38267993927002,12.002789735794067
762,0.2317480482161045,0.00797429244266823,10.372693061828613,12.004683136940002
763,0.2301211580634117,0.006481625896412879,10.362704277038574,12.001249074935913
764,0.2319529764354229,0.008408761583268642,10.352412223815918,12.002009749412537
765,0.23189573548734188,0.008426346117630601,10.341848373413086,12.005090594291687
766,0.232059670612216,0.008720355690456927,10.331071853637695,12.002859950065613
767,0.23226884752511978,0.009061887045390904,10.320075035095215,12.00062119960785
768,0.23185358941555023,0.0087604756699875,10.308881759643555,12.00042998790741
769,0.2336005326360464,0.010624439688399434,10.29751205444336,12.000097870826721
770,0.23362231440842152,0.010722979786805809,10.286014556884766,12.003919243812561
771,0.22956703044474125,0.0067969009396620095,10.274691581726074,12.00232207775116
772,0.23128940910100937,0.008605063543654978,10.26321029663086,12.00522518157959
773,0.23342093639075756,0.010882578906603158,10.251588821411133,12.00224781036377
774,0.2339825127273798,0.011563349165953696,10.2400484085083,12.00186836719513
775,0.23108146339654922,0.008763967198319733,10.228412628173828,12.003337264060974
776,0.22999192029237747,0.007839455967769027,10.216652870178223,11.998594284057617
777,0.23104081489145756,0.009004301391541958,10.20478343963623,11.998868584632874
778,0.23052453063428402,0.008588508004322648,10.192818641662598,12.000784516334534
779,0.23005556873977184,0.008214256667997688,10.180768966674805,12.003363251686096
780,0.22931224294006824,0.007567550870589912,10.168643951416016,12.005825519561768
781,0.22914368472993374,0.0075837543699890375,10.156452178955078,11.999541163444519
782,0.22983389906585217,0.008389051130507141,10.144201278686523,12.000284075737
783,0.22960892878472805,0.008261647599283606,10.131901741027832,12.002826690673828
784,0.22866522893309593,0.007430754718370736,10.119555473327637,12.003892660140991
785,0.22822817228734493,0.007119519519619644,10.107171058654785,12.003694653511047
786,0.22814265452325344,0.007198528153821826,10.09475326538086,11.999659895896912
787,0.22753005661070347,0.006720464443787932,10.082307815551758,11.99865186214447
788,0.22873849794268608,0.008035786740947515,10.06983757019043,12.000433802604675
789,0.22725761495530605,0.006672134099062532,10.057347297668457,12.001200914382935
790,0.22846315242350101,0.007969133672304451,10.044838905334473,12.004563808441162
791,0.22820127569139004,0.007853020215407014,10.032318115234375,12.00250792503357
792,0.22839367017149925,0.008214857371058315,10.019783973693848,11.998097896575928
793,0.2284049093723297,0.008328218013048172,10.007242202758789,12.00042712688446
794,0.22782499715685844,0.00785693881334737,9.994695663452148,12.002110719680786
795,0.22720034047961235,0.00733219925314188,9.982144355773926,12.004670262336731
796,0.2267724983394146,0.007098363188561052,9.969589233398438,11.997824788093567
797,0.2264509443193674,0.00689140590839088,9.957036018371582,11.998918533325195
798,0.2270990964025259,0.007640391355380416,9.944482803344727,12.00138795375824
799,0.2274688482284546,0.008053653058595955,9.931930541992188,12.009589910507202
800,0.2274428177624941,0.0081916629569605,9.91938304901123,12.005733370780945
801,0.22697795927524567,0.007907605962827802,9.906838417053223,12.000197529792786
802,0.22667545266449451,0.007762352179270238,9.894298553466797,11.997012257575989
803,0.2264435477554798,0.007635423447936773,9.881767272949219,11.999045848846436
804,0.2260472308844328,0.00730894401203841,9.869240760803223,12.004588603973389
805,0.22544396668672562,0.006823750329203904,9.856722831726074,12.00529944896698
806,0.22702297195792198,0.008539192844182253,9.844213485717773,12.004165530204773
807,0.22498220019042492,0.006716447009239346,9.83171272277832,11.994863510131836
808,0.2255873028188944,0.007397264591418207,9.819221496582031,11.999782919883728
809,0.22640473768115044,0.008291870937682688,9.806741714477539,12.004545450210571
810,0.225149467587471,0.007140532368794084,9.794270515441895,12.006623387336731
811,0.22542499750852585,0.007575773284770548,9.781810760498047,12.003112435340881
812,0.22601034678518772,0.008294921193737537,9.769360542297363,12.002182841300964
813,0.2262500859797001,0.008686959743499756,9.756921768188477,11.999391913414001
814,0.2261630743741989,0.00871504272799939,9.744495391845703,12.000308513641357
815,0.22515306435525417,0.00778273690957576,9.732080459594727,12.004953026771545
816,0.22591008618474007,0.008699883474037051,9.71967601776123,12.001344442367554
817,0.22499473951756954,0.007930928841233253,9.707284927368164,11.999096751213074
818,0.22403317131102085,0.007088278362061828,9.694906234741211,11.99958348274231
819,0.22470852732658386,0.007876127492636442,9.682539939880371,12.00070071220398
820,0.2249205131083727,0.008198998286388814,9.670186042785645,12.001965522766113
821,0.2248988226056099,0.00828786927741021,9.657845497131348,12.003250002861023
822,0.2238806150853634,0.0073870536289177835,9.645517349243164,12.003839492797852
823,0.22392626106739044,0.007584827777463943,9.633200645446777,12.000943064689636
824,0.22354748845100403,0.007330418739002198,9.62089729309082,12.000810384750366
825,0.22391353733837605,0.007801801839377731,9.608607292175293,12.002566814422607
826,0.22496782056987286,0.008953977259807289,9.596330642700195,12.005053758621216
827,0.22340847179293633,0.007579284370876849,9.584066390991211,11.998852491378784
828,0.2236484345048666,0.00793608435196802,9.571815490722656,11.999420046806335
829,0.22378250025212765,0.008177050505764782,9.559576988220215,12.000968098640442
830,0.22276785038411617,0.007304598111659288,9.54735279083252,11.99897289276123
831,0.223678357899189,0.008310995064675808,9.53514289855957,12.001593828201294
832,0.22320842556655407,0.007954722503200173,9.522944450378418,12.002427220344543
833,0.22244965098798275,0.007318858522921801,9.510759353637695,12.002320289611816
834,0.22291836701333523,0.00787593302084133,9.498586654663086,12.005657434463501
835,0.22339723631739616,0.008492046210449189,9.486428260803223,12.004091262817383
836,0.2223529815673828,0.0075977936503477395,9.474283218383789,12.00123655796051
837,0.22251954674720764,0.007877369411289692,9.462151527404785,12.002066254615784
838,0.2223125398159027,0.007806417241226882,9.450033187866211,12.000579476356506
839,0.22357160411775112,0.00920506234979257,9.43792724609375,11.998727321624756
840,0.2214062511920929,0.007164771610405296,9.425834655761719,11.998313546180725
841,0.22281458228826523,0.00863182998728007,9.413756370544434,12.00451922416687
842,0.22170688584446907,0.007656039961148053,9.401690483093262,12.003394722938538
843,0.22042887657880783,0.006517516449093819,9.38963794708252,12.001498937606812
844,0.22048424929380417,0.00671271828468889,9.37760066986084,11.999553322792053
845,0.22184842452406883,0.008176772971637547,9.365574836730957,12.001591086387634
846,0.2218551356345415,0.008295284875202924,9.353561401367188,12.002424716949463
847,0.2206009067595005,0.007181555149145424,9.341562271118164,12.000373601913452
848,0.22168013080954552,0.008379719220101833,9.329575538635254,12.000466465950012
849,0.22064678743481636,0.007445614377502352,9.31760311126709,12.002514600753784
850,0.2213638536632061,0.00826449174201116,9.305642127990723,12.004294872283936
851,0.22025848738849163,0.007302263285964727,9.293696403503418,12.001926183700562
852,0.22030282020568848,0.0074939889600500464,9.281763076782227,11.999120950698853
853,0.21940303221344948,0.006698383251205087,9.269842147827148,12.00062358379364
854,0.21968210861086845,0.007064478180836886,9.257935523986816,12.003828167915344
855,0.22025499492883682,0.0077206482528708875,9.246042251586914,12.007392406463623
856,0.21987299621105194,0.0075018544448539615,9.234161376953125,12.0029536485672
857,0.2196368332952261,0.00744149781530723,9.222293853759766,11.997239828109741
858,0.2195203173905611,0.007423559727612883,9.21043872833252,11.999237895011902
859,0.21927380561828613,0.007303865277208388,9.198596000671387,11.998398900032043
860,0.21960775554180145,0.0077295617666095495,9.186767578125,12.001052498817444
861,0.21947095915675163,0.007704343879595399,9.174952507019043,12.001709222793579
862,0.21893807500600815,0.007267000735737383,9.163148880004883,12.003958582878113
863,0.2190147116780281,0.007478384301066399,9.151358604431152,12.002274751663208
864,0.21883280761539936,0.007383488002233207,9.139582633972168,12.00534987449646
865,0.21885526552796364,0.0075643855961970985,9.127819061279297,12.001269578933716
866,0.2183372527360916,0.007156543200835586,9.116069793701172,12.002002120018005
867,0.21850201673805714,0.007437849242705852,9.104331016540527,12.00208568572998
868,0.21915540099143982,0.008218295814003795,9.092605590820312,12.001105666160583
869,0.21808920800685883,0.0072925747954286635,9.080894470214844,11.998769044876099
870,0.21695896983146667,0.0062788534560240805,9.069192886352539,11.998819589614868
871,0.2183626014739275,0.007756150094792247,9.05750846862793,12.003136992454529
872,0.21853465028107166,0.008012083009816706,9.0458345413208,12.006422638893127
873,0.21878966875374317,0.0083920230390504,9.034173965454102,12.005590677261353
874,0.21811440959572792,0.007878884265664965,9.022525787353516,12.001027703285217
875,0.217537023127079,0.007447129930369556,9.010890007019043,11.998099446296692
876,0.21735825203359127,0.0073890897911041975,8.999267578125,11.997649550437927
877,0.2184444423764944,0.008522020245436579,8.987658500671387,12.004583835601807
878,0.21801252104341984,0.008206836762838066,8.976061820983887,12.004506945610046
879,0.21860374510288239,0.008954028016887605,8.964478492736816,12.000494003295898
880,0.2175364289432764,0.007996895001269877,8.952906608581543,12.001046895980835
881,0.21893377974629402,0.009475055907387286,8.941347122192383,12.004525661468506
882,0.21778348833322525,0.008449305838439614,8.929801940917969,12.00361692905426
883,0.21733452379703522,0.008111041330266744,8.918269157409668,12.004079699516296
884,0.21728715859353542,0.008175905735697597,8.906747817993164,12.004378199577332
885,0.216898238286376,0.007954364467877895,8.89523983001709,11.999147534370422
886,0.21643036790192127,0.007587209925986826,8.883743286132812,12.00057315826416
887,0.21611896716058254,0.007361403258983046,8.872261047363281,12.003495693206787
888,0.21588166058063507,0.007269413385074586,8.860790252685547,12.00043511390686
889,0.2163068763911724,0.00781524769263342,8.849332809448242,11.999830722808838
890,0.21666886284947395,0.008283101953566074,8.837886810302734,12.000689506530762
891,0.21627267822623253,0.007989798788912594,8.826455116271973,12.00183379650116
892,0.21752149052917957,0.009339694399386644,8.815034866333008,12.003145813941956
893,0.21604991517961025,0.00800939166219905,8.80362606048584,12.000426411628723
894,0.21563838981091976,0.007715144427493215,8.792230606079102,12.000094294548035
895,0.21436529234051704,0.006547268305439502,8.78084945678711,12.000953555107117
896,0.21514981426298618,0.00738273118622601,8.769479751586914,12.007228970527649
897,0.2141829300671816,0.006532664760015905,8.758121490478516,12.006905794143677
898,0.2146825697273016,0.007179666979936883,8.74677562713623,12.003515481948853
899,0.21481499448418617,0.007452675374224782,8.735443115234375,12.000789403915405
900,0.2152077704668045,0.007955861336085945,8.724122047424316,12.001069188117981
901,0.21530587784945965,0.008154026640113443,8.712813377380371,12.002372026443481
902,0.2154126651585102,0.00837978208437562,8.701517105102539,12.001771926879883
903,0.2147322054952383,0.007856411510147154,8.69023323059082,11.997347235679626
904,0.2131889909505844,0.00643366581061855,8.678960800170898,11.996571898460388
905,0.21361257508397102,0.006904820096679032,8.667702674865723,12.003073692321777
906,0.2147197350859642,0.00812826573383063,8.656455993652344,12.002691626548767
907,0.2139413170516491,0.007460659951902926,8.645221710205078,12.00284492969513
908,0.21391231566667557,0.007538987323641777,8.63399887084961,12.003334403038025
909,0.21282955259084702,0.006601953646168113,8.62278938293457,11.99997079372406
910,0.21411306597292423,0.007919904659502208,8.611592292785645,12.007724165916443
911,0.2131214514374733,0.007068677979987115,8.6004056930542,12.00487208366394
912,0.2127996813505888,0.006896864448208362,8.589231491088867,12.001050591468811
913,0.21250916458666325,0.006725161452777684,8.578071594238281,12.00032913684845
914,0.21316666901111603,0.007504852372221649,8.566922187805176,11.999260187149048
915,0.21314596757292747,0.007569954264909029,8.555784225463867,12.00181794166565
916,0.21248730272054672,0.007023198646493256,8.544659614562988,12.001751184463501
917,0.21357409469783306,0.00822672143112868,8.53354549407959,12.001192092895508
918,0.2122029047459364,0.006976947013754398,8.522446632385254,12.000149846076965
919,0.21202312409877777,0.006912234588526189,8.511358261108398,11.999731183052063
920,0.21154391206800938,0.006494782806839794,8.500282287597656,12.00463080406189
921,0.21123087033629417,0.006289620068855584,8.489217758178711,12.004907608032227
922,0.21198131144046783,0.007167645148001611,8.478165626525879,12.003201365470886
923,0.2117297723889351,0.00705611112061888,8.467124938964844,12.000241994857788
924,0.21099182590842247,0.006441672565415502,8.456096649169922,11.998918652534485
925,0.21232862398028374,0.007869696477428079,8.445079803466797,12.000813126564026
926,0.212732195854187,0.008394145348574966,8.434075355529785,11.99972951412201
927,0.21283859387040138,0.008592937549110502,8.423083305358887,12.001482963562012
928,0.21339471451938152,0.009249465307220817,8.412102699279785,12.00242280960083
929,0.21370451897382736,0.009647117229178548,8.40113353729248,12.004607439041138
930,0.21268092840909958,0.008732952002901584,8.390176773071289,12.004621505737305
931,0.21330866776406765,0.009464908740483224,8.379232406616211,12.005144119262695
932,0.21192540600895882,0.008183542580809444,8.36829948425293,12.005887866020203
933,0.21204080991446972,0.00845649791881442,8.357378005981445,12.00105345249176
934,0.21098459511995316,0.00754884141497314,8.34646987915039,11.997105836868286
935,0.21099205501377583,0.007649600272998214,8.335572242736816,11.998673558235168
936,0.21071725524961948,0.007475788239389658,8.324687004089355,11.999459862709045
937,0.21114597283303738,0.007975567481480539,8.313813209533691,12.003227949142456
938,0.2098028063774109,0.006735378236044198,8.30295181274414,12.003791213035583
939,0.21055146679282188,0.007596716750413179,8.292101860046387,12.003374218940735
940,0.2121477648615837,0.009270331473089755,8.28126335144043,12.00648057460785
941,0.21082690358161926,0.008088331262115389,8.270437240600586,12.00342047214508
942,0.2102731205523014,0.00765459582908079,8.259622573852539,12.002229690551758
943,0.20946813002228737,0.007001983234658837,8.248819351196289,11.997795343399048
944,0.20984066277742386,0.007478976622223854,8.238027572631836,11.998141646385193
945,0.21074452251195908,0.008417105709668249,8.227249145507812,12.005492687225342
946,0.20978304743766785,0.007533781346864998,8.216480255126953,12.008447051048279
947,0.20896323956549168,0.006904107227455825,8.205724716186523,12.000188946723938
948,0.209675507619977,0.00773605378344655,8.19498062133789,11.998964786529541
949,0.2093393187969923,0.007526962028350681,8.184247970581055,11.996988534927368
950,0.2089411523193121,0.007207391259726137,8.173526763916016,11.999850153923035
951,0.20863663963973522,0.006995255593210459,8.162817001342773,12.001322150230408
952,0.20985756441950798,0.008299241366330534,8.152118682861328,12.003714323043823
953,0.20953447930514812,0.0080773068475537,8.14143180847168,12.00428569316864
954,0.20878922380506992,0.007447412412147969,8.130757331848145,12.003423690795898
955,0.20849190093576908,0.007252875715494156,8.120094299316406,12.00380802154541
956,0.2086659949272871,0.007514703786000609,8.109442710876465,12.005686640739441
957,0.20927284844219685,0.008281896414700896,8.09880256652832,12.000292420387268
958,0.20904644206166267,0.008175077789928764,8.088172912597656,11.998963832855225
959,0.2084400225430727,0.0076902908040210605,8.077556610107422,11.997416734695435
960,0.20827361941337585,0.00755247991764918,8.066950798034668,12.005163550376892
961,0.20944580622017384,0.0088238813332282,8.056357383728027,12.00583565235138
962,0.20857328362762928,0.008087050344329327,8.04577350616455,12.00285029411316
963,0.20797074213624,0.007608780171722174,8.035202026367188,12.000994682312012
964,0.20856729336082935,0.008351940894499421,8.024643898010254,11.996891856193542
965,0.20785165019333363,0.007684299547690898,8.014095306396484,12.00264060497284
966,0.20675786025822163,0.006671487586572766,8.003557205200195,12.005080819129944
967,0.20707024820148945,0.007098823494743556,7.993031978607178,12.00411057472229
968,0.20792175270617008,0.008080004248768091,7.982518196105957,12.001657485961914
969,0.20711597055196762,0.007402486342471093,7.972015857696533,11.999333620071411
970,0.20782733708620071,0.008191189845092595,7.96152400970459,12.002091526985168
971,0.20768492482602596,0.008088595932349563,7.951043605804443,12.008589744567871
972,0.20818771980702877,0.008726599102374166,7.940574645996094,12.005537509918213
973,0.20739684998989105,0.008109727408736944,7.930117607116699,11.998595595359802
974,0.20695206336677074,0.007794997771270573,7.919671058654785,11.996035814285278
975,0.20779931731522083,0.0086610596626997,7.909236907958984,12.004588842391968
976,0.20636129193007946,0.007345823454670608,7.898813724517822,12.002733707427979
977,0.20559271052479744,0.00669193803332746,7.888401031494141,12.001676797866821
978,0.2065764218568802,0.0077605232945643365,7.8780012130737305,12.003588914871216
979,0.20600978657603264,0.007280912424903363,7.867611408233643,12.005276560783386
980,0.20719608664512634,0.008549273596145213,7.857232570648193,12.00744879245758
981,0.2057534921914339,0.007256726559717208,7.846865177154541,12.002811431884766
982,0.2058812938630581,0.007516648503951728,7.836508750915527,11.999956250190735
983,0.20550265908241272,0.007262115250341594,7.826165199279785,11.997889637947083
984,0.20682693645358086,0.0086660364177078,7.815832138061523,12.000257849693298
985,0.20571868866682053,0.007633134082425386,7.805509567260742,12.00304651260376
986,0.20544622838497162,0.007504801615141332,7.795198440551758,11.998944878578186
987,0.2061925958842039,0.008330242009833455,7.78489875793457,12.00133740901947
988,0.20534095354378223,0.007560600701253861,7.774609088897705,12.003426790237427
989,0.2054875958710909,0.007790383300743997,7.764331817626953,12.005389332771301
990,0.20570243522524834,0.008141850819811225,7.754064083099365,12.001994729042053
991,0.20533502660691738,0.007868069980759174,7.743807792663574,12.002888083457947
992,0.20443237572908401,0.007123389572370797,7.733563423156738,11.99733591079712
993,0.20552951470017433,0.008291448699310422,7.723330020904541,12.000476717948914
994,0.2049632892012596,0.007806215435266495,7.713108062744141,12.002599835395813
995,0.2047457955777645,0.007677747751586139,7.702897071838379,12.003908276557922
996,0.20465715788304806,0.007697518332861364,7.692695617675781,12.003268957138062
997,0.20397262275218964,0.007130799349397421,7.682506561279297,12.001676082611084
998,0.2053673341870308,0.008624224283266813,7.672327518463135,12.001984596252441
999,0.20378433540463448,0.007167093630414456,7.662160396575928,11.999564290046692
1000,0.20349152758717537,0.00695328920846805,7.652003765106201,12.001820683479309
1001,0.2045557163655758,0.008154698763974011,7.641858100891113,11.998244166374207
1002,0.20336689054965973,0.007036124239675701,7.631723403930664,12.00135350227356
1003,0.20309100486338139,0.006843769282568246,7.62160062789917,12.003123044967651
1004,0.2047184556722641,0.008578133943956345,7.61148738861084,12.00254511833191
1005,0.20380653627216816,0.007781413791235536,7.601386070251465,12.001126527786255
1006,0.20418701879680157,0.008254267799202353,7.591294288635254,12.001981854438782
1007,0.20328412391245365,0.007422811875585467,7.58121395111084,12.00491726398468
1008,0.20328180864453316,0.007557673205155879,7.571144104003906,12.001270294189453
1009,0.20259298011660576,0.0069604727905243635,7.561086654663086,12.002164959907532
1010,0.20236564427614212,0.00684575765626505,7.55103874206543,12.000950694084167
1011,0.20390744507312775,0.008506117213983089,7.541001796722412,11.999131679534912
1012,0.20461232401430607,0.00928830448538065,7.530976295471191,12.001426100730896
1013,0.20316007919609547,0.007954922737553716,7.520961761474609,11.999553918838501
1014,0.20383033901453018,0.008677716774400324,7.51095724105835,12.004305243492126
1015,0.20268123410642147,0.007656242116354406,7.500964164733887,12.001535892486572
1016,0.20146935619413853,0.00655652757268399,7.490981101989746,12.00030243396759
1017,0.2033348772674799,0.008494534238707274,7.481010437011719,12.003024339675903
1018,0.2017486672848463,0.0069908830919303,7.471048355102539,12.004730343818665
1019,0.20229629799723625,0.007649822509847581,7.461097717285156,12.003550171852112
1020,0.20236383751034737,0.007852567301597446,7.451157093048096,11.999969720840454
1021,0.20192836038768291,0.007506157213356346,7.441228866577148,12.000992178916931
1022,0.20128116197884083,0.006971751630771905,7.431310176849365,11.999631643295288
1023,0.20283744297921658,0.008569278346840292,7.421402931213379,12.005414247512817
1024,0.20132089219987392,0.007194379752036184,7.411506652832031,12.001144409179688
1025,0.201473206281662,0.0074348486959934235,7.401620864868164,12.002215147018433
1026,0.20282709784805775,0.008899642911273986,7.391744613647461,12.001001834869385
1027,0.2016635797917843,0.007863540318794549,7.3818793296813965,11.998125314712524
1028,0.20118682831525803,0.007427434320561588,7.372025966644287,12.00391399860382
1029,0.20148909278213978,0.007842808845452964,7.362181663513184,12.002447009086609
1030,0.2020330000668764,0.008453773392830044,7.352349281311035,12.005573630332947
1031,0.20143789798021317,0.008008176286239177,7.342526435852051,12.00044596195221
1032,0.20062958262860775,0.007299667049665004,7.3327155113220215,12.000276327133179
1033,0.20139222964644432,0.008158372133038938,7.322914123535156,12.000472068786621
1034,0.2004858125001192,0.007347193721216172,7.31312370300293,12.000738382339478
1035,0.20152995735406876,0.008462707919534296,7.303343772888184,12.003381609916687
1036,0.20037059113383293,0.00739723612787202,7.293574333190918,12.003761172294617
1037,0.2004266381263733,0.0075567286112345755,7.283815383911133,12.003176093101501
1038,0.20100397616624832,0.008197906776331365,7.274067401885986,12.006539821624756
1039,0.20090180076658726,0.008225691213738173,7.264447212219238,12.003164172172546
1040,0.19972753711044788,0.007183584035374224,7.254822731018066,11.999572992324829
1041,0.2023736983537674,0.009929999010637403,7.245200157165527,11.999169826507568
1042,0.20075244456529617,0.008418032142799348,7.235650062561035,11.997791767120361
1043,0.1998052764683962,0.007539039070252329,7.226096153259277,12.000527739524841
1044,0.19963492825627327,0.0074203600524924695,7.216537952423096,12.004919648170471
1045,0.19939273782074451,0.007297166623175144,7.206976890563965,12.002580881118774
1046,0.1996794492006302,0.007665442069992423,7.197414875030518,12.00398576259613
1047,0.19995183125138283,0.008056229213252664,7.187851905822754,12.001708745956421
1048,0.20055142045021057,0.00873281410895288,7.178290367126465,12.003570556640625
1049,0.1989565957337618,0.0072560873231850564,7.168729782104492,12.001321077346802
1050,0.1992129310965538,0.007649555336683989,7.159171104431152,11.997166156768799
1051,0.19955305196344852,0.008070951036643237,7.149616718292236,11.99859368801117
1052,0.19982341676950455,0.008411652583163232,7.140067100524902,12.001109600067139
1053,0.1983274593949318,0.0069548654137179255,7.130521774291992,12.006738185882568
1054,0.19799640402197838,0.006750571890734136,7.1209821701049805,12.003601670265198
1055,0.19831838086247444,0.007194385281763971,7.111448287963867,12.000952005386353
1056,0.19999371469020844,0.008934559882618487,7.101921081542969,12.003995180130005
1057,0.19965151324868202,0.00869982928270474,7.092400074005127,12.002768754959106
1058,0.19918194971978664,0.008341349894180894,7.0828857421875,12.001174926757812
1059,0.1983650140464306,0.0076307018753141165,7.073378562927246,12.00005316734314
1060,0.19930939748883247,0.008667535788845271,7.063879489898682,12.00030767917633
1061,0.1994411088526249,0.008868124859873205,7.05438756942749,12.002910494804382
1062,0.1984734609723091,0.008015522733330727,7.044903755187988,12.000890254974365
1063,0.1981225349009037,0.007760071370285004,7.035429000854492,12.000817894935608
1064,0.19788441807031631,0.007605590391904116,7.025963306427002,12.001919746398926
1065,0.1989914570003748,0.008834611508063972,7.016505241394043,11.99917984008789
1066,0.19789416156709194,0.007797801692504436,7.00705623626709,12.002580761909485
1067,0.19815722666680813,0.00816598377423361,6.997615814208984,12.001508593559265
1068,0.19696519896388054,0.0070499039138667285,6.988184928894043,12.003344893455505
1069,0.19924548640847206,0.009415732172783464,6.978762626647949,12.004213333129883
1070,0.19695059768855572,0.007222444866783917,6.9693498611450195,12.00346577167511
1071,0.19666850566864014,0.007029034662991762,6.9599456787109375,12.004001498222351
1072,0.1975029669702053,0.007995928113814443,6.950551986694336,12.000152111053467
1073,0.19642914459109306,0.00705483672209084,6.941166877746582,11.996264576911926
1074,0.19664862379431725,0.007348334067501128,6.93179178237915,11.99823796749115
1075,0.19735782779753208,0.008106402470730245,6.922427177429199,12.002716302871704
1076,0.1962113082408905,0.007038373325485736,6.913071632385254,12.004222512245178
1077,0.19578665681183338,0.006724438688252121,6.903726100921631,12.002496123313904
1078,0.19723328202962875,0.008252853527665138,6.8943891525268555,12.003654479980469
1079,0.19550666399300098,0.006648035661783069,6.8850626945495605,12.000800013542175
1080,0.19735308550298214,0.0085704131051898,6.87574577331543,12.002521753311157
1081,0.19643169082701206,0.007749605108983815,6.866438865661621,12.00176990032196
1082,0.1967828869819641,0.008196183014661074,6.85714054107666,12.001530528068542
1083,0.1957140415906906,0.0072289498639293015,6.847853183746338,12.000656247138977
1084,0.19619743525981903,0.00778517359867692,6.83857536315918,12.002651572227478
1085,0.19594083726406097,0.007639863179065287,6.829307556152344,12.000790357589722
1086,0.19631972908973694,0.008097612706478685,6.820048809051514,12.002163648605347
1087,0.19580603018403053,0.0076570932869799435,6.8108015060424805,12.004092693328857
1088,0.19591907784342766,0.007876210554968566,6.801562786102295,12.002723813056946
1089,0.19573013857007027,0.007809312839526683,6.79233455657959,11.999748706817627
1090,0.19470242224633694,0.006850700417999178,6.783115863800049,12.00205671787262
1091,0.19516506977379322,0.007386145240161568,6.77390718460083,12.00398564338684
1092,0.19594747014343739,0.00829449633602053,6.764708518981934,12.00058901309967
1093,0.19473661668598652,0.007198900915682316,6.755519866943359,11.998252034187317
1094,0.19627633318305016,0.0088050527847372,6.746341228485107,12.000786900520325
1095,0.1946850959211588,0.00728274293942377,6.7371721267700195,12.003064036369324
1096,0.19466606341302395,0.007328480947762728,6.728013038635254,12.005745768547058
1097,0.19490240328013897,0.007697859313338995,6.718863487243652,12.001591086387634
1098,0.19466166384518147,0.007549814588855952,6.709723472595215,12.001462578773499
1099,0.1941132303327322,0.007086285040713847,6.700594425201416,12.002101063728333
1100,0.19432635232806206,0.00738436181563884,6.691474914550781,12.002724885940552
1101,0.19375035725533962,0.006922868895344436,6.682363986968994,12.000385403633118
1102,0.19424122013151646,0.007503283384721726,6.673264026641846,12.000530242919922
1103,0.1945325993001461,0.007897091330960393,6.664173126220703,11.999377608299255
1104,0.1949215866625309,0.008372472366318107,6.655092239379883,11.999819993972778
1105,0.1944956723600626,0.007996974687557667,6.646021842956543,12.003848195075989
1106,0.194302624091506,0.007889674219768494,6.636961936950684,12.00433349609375
1107,0.19433672912418842,0.008033095742575824,6.627910614013672,12.002453327178955
1108,0.1940329596400261,0.007812304247636348,6.618891716003418,12.003174185752869
1109,0.1943464819341898,0.00824584614019841,6.609880447387695,12.000183463096619
1110,0.19406773336231709,0.008013942337129265,6.600876808166504,12.004502534866333
1111,0.19350337982177734,0.007561210077255964,6.59188175201416,12.00233542919159
1112,0.1935056634247303,0.007672440377064049,6.582894325256348,12.000428199768066
1113,0.19368994794785976,0.007945147634018213,6.573915004730225,12.000565648078918
1114,0.19332973100245,0.007659159484319389,6.564944267272949,12.002113103866577
1115,0.19361787289381027,0.008045567898079753,6.55598258972168,12.001247763633728
1116,0.19287635572254658,0.007365159748587757,6.547028064727783,12.0040922164917
1117,0.1930971946567297,0.007712409249506891,6.538083553314209,12.00039553642273
1118,0.19249452278017998,0.007202729000709951,6.529146671295166,12.000033378601074
1119,0.19283977709710598,0.007579473138321191,6.520219802856445,12.005810737609863
1120,0.1912969183176756,0.006138459139037877,6.5113019943237305,12.004544615745544
1121,0.19161692075431347,0.006557971821166575,6.502392292022705,12.003503203392029
1122,0.19246777705848217,0.0075103340786881745,6.493492126464844,12.00225293636322
1123,0.19203544594347477,0.00721252104267478,6.4846014976501465,11.99769151210785
1124,0.19268548116087914,0.00790972460526973,6.475719928741455,12.001856327056885
1125,0.19237596727907658,0.007709066325332969,6.466846942901611,11.99984323978424
1126,0.19229096919298172,0.007694364001508802,6.457983016967773,12.001677989959717
1127,0.19152269698679447,0.007018435746431351,6.449129104614258,12.00129771232605
1128,0.19101479835808277,0.006583974929526448,6.440284729003906,12.002798199653625
1129,0.19247745163738728,0.008114467083942145,6.431449890136719,12.004848718643188
1130,0.1912502907216549,0.00697500491514802,6.422624111175537,12.004905104637146
1131,0.19166140258312225,0.007525637687649578,6.4138078689575195,11.99976897239685
1132,0.1909900326281786,0.006980421196203679,6.404999256134033,11.995962738990784
1133,0.19082525372505188,0.006878781481646001,6.396202564239502,11.998444676399231
1134,0.19056543707847595,0.006646806374192238,6.387414455413818,12.004449367523193
1135,0.19080528430640697,0.0069692510878667235,6.378634929656982,12.004968523979187
1136,0.19082221388816833,0.007074639375787228,6.369865417480469,12.004893183708191
1137,0.19114971905946732,0.00752131175249815,6.361104965209961,12.001736640930176
1138,0.19149699993431568,0.007957648020237684,6.352354049682617,12.00158178806305
1139,0.1915622614324093,0.008148403372615576,6.3436126708984375,11.99777340888977
1140,0.1905947420746088,0.00725051126210019,6.334880828857422,11.999542832374573
1141,0.19177656807005405,0.008491682936437428,6.326157569885254,12.002330780029297
1142,0.1907969694584608,0.007618838630151004,6.317445278167725,12.000368356704712
1143,0.1904542800039053,0.0073257830226793885,6.308741569519043,12.004108786582947
1144,0.19011803530156612,0.007067266560625285,6.300047874450684,12.005029559135437
1145,0.1908099167048931,0.007880404882598668,6.291362762451172,12.001588940620422
1146,0.1904522068798542,0.007624919875524938,6.282688140869141,12.000041007995605
1147,0.1909938994795084,0.008277086191810668,6.274021625518799,11.997659802436829
1148,0.19001858681440353,0.007335311849601567,6.265364646911621,12.002963185310364
1149,0.19096754305064678,0.008348389121238142,6.256717205047607,12.005199074745178
1150,0.19029348529875278,0.007794005912728608,6.2480788230896,12.001869678497314
1151,0.19003056176006794,0.00765284919179976,6.239449977874756,11.998321771621704
1152,0.19004582986235619,0.007760629174299538,6.230831146240234,11.997689127922058
1153,0.19008387252688408,0.007834781019482762,6.222221851348877,12.002687692642212
1154,0.1902868039906025,0.008063492830842733,6.213622093200684,12.008709192276001
1155,0.18966319598257542,0.007561987382359803,6.20503044128418,12.005090713500977
1156,0.19008129090070724,0.008108600275591016,6.19644832611084,12.000820994377136
1157,0.19013179279863834,0.008273765561170876,6.187876224517822,11.99792730808258
1158,0.18923009186983109,0.007416950480546802,6.179314613342285,12.001999735832214
1159,0.18838822841644287,0.006677454803138971,6.170760631561279,12.000317096710205
1160,0.18903301283717155,0.00742602109676227,6.162215709686279,11.998484134674072
1161,0.18931784108281136,0.007786244619637728,6.153680324554443,11.99947965145111
1162,0.1893900353461504,0.007929032552056015,6.14515495300293,12.000945806503296
1163,0.1878148429095745,0.006395995093043894,6.136638164520264,12.005247116088867
1164,0.1888866312801838,0.007550662208814174,6.12813138961792,12.005466103553772
1165,0.18881217762827873,0.007603021978866309,6.119633197784424,12.001282930374146
1166,0.18858096934854984,0.007451503479387611,6.111144065856934,12.001802802085876
1167,0.1891100127249956,0.008086111978627741,6.102664947509766,11.999725699424744
1168,0.18771009519696236,0.006726258550770581,6.094195365905762,12.004188776016235
1169,0.1887356862425804,0.0078514912747778,6.085734844207764,12.002685308456421
1170,0.18849554099142551,0.007722850306890905,6.077282905578613,11.99998688697815
1171,0.18829139322042465,0.007624740479514003,6.0688395500183105,11.997825503349304
1172,0.18756544589996338,0.006980063975788653,6.060407638549805,11.998130917549133
1173,0.18829062022268772,0.007742773159407079,6.05198335647583,12.002801299095154
1174,0.1884391438215971,0.007967106881551445,6.043568134307861,12.003636002540588
1175,0.18770872056484222,0.0073361186077818274,6.035161972045898,12.002098560333252
1176,0.18741638399660587,0.007123763614799827,6.0267653465271,12.002496719360352
1177,0.18818231858313084,0.007973032363224775,6.018378257751465,12.002550482749939
1178,0.18748526461422443,0.007383753370959312,6.010001182556152,12.000150322914124
1179,0.188247200101614,0.008236399793531746,6.001631736755371,11.999448776245117
1180,0.1872861087322235,0.007349939085543156,5.993271827697754,12.000345706939697
1181,0.18934475257992744,0.009410423692315817,5.984921455383301,12.008511900901794
1182,0.18871404603123665,0.008942101791035384,5.9765801429748535,12.000614881515503
1183,0.1878372561186552,0.008165772072970867,5.968247413635254,11.99890124797821
1184,0.18841138295829296,0.008806249417830259,5.959924221038818,12.000589847564697
1185,0.1873862687498331,0.00784424680750817,5.9516096115112305,12.002593159675598
1186,0.18846905417740345,0.008986894914414734,5.943305015563965,12.004910945892334
1187,0.1873566284775734,0.007959995768032968,5.935226917266846,12.00443720817566
1188,0.18753979168832302,0.008207069768104702,5.927135944366455,12.006136655807495
1189,0.18954262137413025,0.010282452800311148,5.919033527374268,12.006983518600464
1190,0.18702342547476292,0.00789823941886425,5.911271095275879,12.001247882843018
1191,0.19118010252714157,0.012110066949389875,5.9034647941589355,12.003538966178894
1192,0.18906643614172935,0.010090372175909579,5.896077632904053,12.001529097557068
1193,0.19794446788728237,0.01888086344115436,5.888640880584717,12.017719507217407
1194,0.20372561737895012,0.024638709146529436,5.881688594818115,12.027002692222595
1195,0.1896190196275711,0.010809065192006528,5.875204563140869,12.005791187286377
1196,0.2067037709057331,0.02776733716018498,5.868757247924805,12.024886727333069
1197,0.22916113957762718,0.05004574125632644,5.862761497497559,12.048779010772705
1198,0.2027614712715149,0.0238517876714468,5.857229709625244,12.033738851547241
1199,0.1889440417289734,0.010375578654929996,5.8520307540893555,12.004815816879272
1200,0.1919566486030817,0.013352704350836575,5.846534729003906,12.013859987258911
1201,0.18892192095518112,0.01033915433799848,5.841248035430908,12.017029404640198
1202,0.1905728206038475,0.012146839406341314,5.835870742797852,12.006727933883667
1203,0.19196276739239693,0.013491710764355958,5.830677509307861,12.0164293050766
1204,0.18708107434213161,0.008725890598725528,5.825716018676758,12.00980269908905
1205,0.1890819314867258,0.010741686215624213,5.820435523986816,12.01358962059021
1206,0.191645422950387,0.013076569535769522,5.815304756164551,12.04158091545105
1207,0.18753167241811752,0.00922209391137585,5.810293197631836,12.020665049552917
1208,0.19037261232733727,0.011989192222245038,5.804967880249023,12.033374309539795
1209,0.18754129856824875,0.009270906215533614,5.799389362335205,12.027649760246277
1210,0.18645204976201057,0.008509662002325058,5.793556213378906,12.000682830810547
1211,0.18697409518063068,0.008705697604455054,5.78753662109375,12.03930377960205
1212,0.18603216297924519,0.00805471622152254,5.781307220458984,12.016437530517578
1213,0.18625171296298504,0.008272554085124284,5.774890422821045,12.02302598953247
1214,0.18760178424417973,0.009678806003648788,5.768306255340576,12.023991584777832
1215,0.18682142160832882,0.009227475966326892,5.761571407318115,11.997823596000671
1216,0.1872687116265297,0.009510318515822291,5.754702568054199,12.021137118339539
1217,0.18693394400179386,0.009315527218859643,5.747715473175049,12.014126658439636
1218,0.1874719075858593,0.009835528559051454,5.740678787231445,12.022959589958191
1219,0.18648138642311096,0.009072801214642823,5.733539581298828,12.007319211959839
1220,0.18555430322885513,0.00826103991130367,5.726371765136719,12.002955079078674
1221,0.1862855050712824,0.008980465703643858,5.719306468963623,12.011197924613953
1222,0.187138844281435,0.009906921652145684,5.71214485168457,12.011047601699829
1223,0.18504447489976883,0.0077748235198669136,5.705272197723389,12.021693587303162
1224,0.18676621839404106,0.009596019459422678,5.698511123657227,12.018509149551392
1225,0.18554902262985706,0.00860537204425782,5.69186544418335,12.002500057220459
1226,0.18676607869565487,0.009854869567789137,5.685084342956543,12.006036400794983
1227,0.18535545840859413,0.008480025979224592,5.678425312042236,12.00911831855774
1228,0.18526386097073555,0.00845796795329079,5.671632766723633,12.008957147598267
1229,0.18585113622248173,0.009088881080970168,5.66490364074707,12.011322379112244
1230,0.1852327324450016,0.008643811277579516,5.658047676086426,12.000844717025757
1231,0.1853713784366846,0.008826590317767113,5.65117073059082,12.003308296203613
1232,0.18641052208840847,0.009941973723471165,5.644186019897461,12.002669095993042
1233,0.18325329385697842,0.006779092131182551,5.637104511260986,12.010315895080566
1234,0.18547316268086433,0.009074721252545714,5.6299357414245605,12.00990903377533
1235,0.18526920676231384,0.009020174096804112,5.622687816619873,12.00221586227417
1236,0.18507668934762478,0.008888571173883975,5.6153717041015625,12.003440856933594
1237,0.18477600440382957,0.008617515559308231,5.60799503326416,12.007854223251343
1238,0.18576318211853504,0.009624957980122417,5.600565433502197,12.013257503509521
1239,0.18465984053909779,0.008628301438875496,5.593087196350098,12.010066509246826
1240,0.18301980569958687,0.007113650266546756,5.58556604385376,12.00505006313324
1241,0.18395189195871353,0.008181179116945714,5.578009605407715,11.999061942100525
1242,0.18400068767368793,0.008274656254798174,5.570420742034912,12.002182722091675
1243,0.1842063944786787,0.00855899415910244,5.562804222106934,12.001935839653015
1244,0.18350336328148842,0.007904755475465208,5.555163383483887,12.004697442054749
1245,0.18317927420139313,0.007627745275385678,5.54749870300293,12.007654547691345
1246,0.18302382342517376,0.007568703906144947,5.539815902709961,12.005696415901184
1247,0.18432933650910854,0.0089381049037911,5.532118797302246,12.007004857063293
1248,0.1836412139236927,0.008374064462259412,5.524409294128418,12.002305746078491
1249,0.18207571282982826,0.006901693879626691,5.516688346862793,12.00071406364441
1250,0.1825470644980669,0.00745590403676033,5.508957862854004,12.000158071517944
1251,0.18276654742658138,0.007715938554611057,5.501220703125,12.00383996963501
1252,0.1826217658817768,0.007666664896532893,5.493477821350098,12.00203275680542
1253,0.18292993679642677,0.00803097733296454,5.485731601715088,12.004164695739746
1254,0.18317372165620327,0.008349997864570469,5.477982521057129,12.004390358924866
1255,0.182432409375906,0.007687712088227272,5.470231533050537,12.004238367080688
1256,0.18221965432167053,0.00757842801976949,5.4624786376953125,12.001644492149353
1257,0.1827533021569252,0.00819257809780538,5.4547271728515625,12.001345872879028
1258,0.1826336681842804,0.008157023170497268,5.446976661682129,12.000688791275024
1259,0.1822300087660551,0.007831299910321832,5.439227104187012,12.000643968582153
1260,0.18188871070742607,0.007561978534795344,5.431480884552002,12.001192808151245
1261,0.1811226923018694,0.006850029982160777,5.423737525939941,12.00352919101715
1262,0.1827862374484539,0.008612628618720919,5.415998935699463,12.001362204551697
1263,0.1819753497838974,0.007870154397096485,5.40826416015625,12.002255916595459
1264,0.18187194503843784,0.00781446392647922,5.400533676147461,12.00521457195282
1265,0.18232627771794796,0.008348531555384398,5.39280891418457,12.004966020584106
1266,0.18210146762430668,0.008214948233217001,5.385088920593262,12.003563165664673
1267,0.1817250084131956,0.00793790235184133,5.377374172210693,12.001336574554443
1268,0.18022744171321392,0.0065392583492212,5.369666576385498,11.999151825904846
1269,0.1816238183528185,0.008002285670954734,5.361965656280518,12.000187993049622
1270,0.1805713940411806,0.0070207074750214815,5.354269981384277,12.00079882144928
1271,0.18063484132289886,0.007165489252656698,5.346581935882568,12.000353455543518
1272,0.1806698441505432,0.007266526867169887,5.338900089263916,12.001432657241821
1273,0.18102865479886532,0.007708898338023573,5.331225872039795,12.000750064849854
1274,0.1798891630023718,0.00661554787075147,5.323558807373047,12.003803133964539
1275,0.18068307265639305,0.007464068476110697,5.31589937210083,12.006001830101013
1276,0.18034333363175392,0.007217297854367644,5.308247089385986,12.004356980323792
1277,0.18067559972405434,0.0076349941664375365,5.300602436065674,12.003458380699158
1278,0.17997504025697708,0.007049945765174925,5.292966365814209,11.99954342842102
1279,0.18019092828035355,0.007357674941886216,5.285336971282959,11.997989177703857
1280,0.18059611320495605,0.007844717591069639,5.277715682983398,11.997424602508545
1281,0.18010074459016323,0.007388820522464812,5.2701029777526855,12.001089811325073
1282,0.180568128824234,0.007907621969934553,5.262497901916504,12.003552794456482
1283,0.17865712009370327,0.006074220174923539,5.254900932312012,12.003389596939087
1284,0.17959770560264587,0.007083388860337436,5.247312545776367,12.004119515419006
1285,0.17999308928847313,0.007547787856310606,5.239732265472412,12.004798412322998
1286,0.17930343560874462,0.006983203405980021,5.23215913772583,11.99986469745636
1287,0.1789908166974783,0.006742010009475052,5.224594593048096,12.00028645992279
1288,0.18103368766605854,0.008858788933139294,5.217038154602051,12.000452041625977
1289,0.17864731885492802,0.006562869471963495,5.2094902992248535,11.998955130577087
1290,0.1797290164977312,0.007688226702157408,5.201950550079346,12.002128839492798
1291,0.17872021719813347,0.0067654449376277626,5.1944193840026855,12.001058220863342
1292,0.17890309169888496,0.0069913609768263996,5.186897277832031,12.004276037216187
1293,0.1790900994092226,0.007258108351379633,5.179383277893066,12.00381600856781
1294,0.1789445150643587,0.007197852653916925,5.171877384185791,12.002789378166199
1295,0.17960688471794128,0.007963199401274323,5.164379119873047,11.999989748001099
1296,0.17932392098009586,0.007777859107591212,5.15688943862915,11.997717380523682
1297,0.17829166539013386,0.006773824861738831,5.149408340454102,12.002376198768616
1298,0.17965949140489101,0.008242712880019099,5.141935348510742,11.999743103981018
1299,0.17972686514258385,0.008392733638174832,5.134471416473389,11.998942136764526
1300,0.17768644727766514,0.00640126591315493,5.127015113830566,12.001503348350525
1301,0.1788319293409586,0.007615242036990821,5.119568347930908,12.002100706100464
1302,0.1789557170122862,0.007775656064040959,5.1121296882629395,12.005876779556274
1303,0.17757965251803398,0.0065262719872407615,5.10469913482666,12.000638842582703
1304,0.17771458253264427,0.0066984224249608815,5.09727668762207,12.004339694976807
1305,0.17774087376892567,0.0068054747534915805,5.089862823486328,12.003677368164062
1306,0.17933985218405724,0.008507149643264711,5.082457065582275,12.000813484191895
1307,0.17817451991140842,0.007439626439008862,5.0750603675842285,11.998429536819458
1308,0.17795226350426674,0.00729518971638754,5.067670822143555,11.998036861419678
1309,0.17833496630191803,0.0077369516948238015,5.060291290283203,11.999510645866394
1310,0.17869863472878933,0.008150849724188447,5.052918434143066,12.001860499382019
1311,0.17849751375615597,0.008037160034291446,5.0455546379089355,12.000481367111206
1312,0.1783628035336733,0.007962315634358674,5.038199424743652,12.001849889755249
1313,0.17819699086248875,0.007853807823266834,5.030853271484375,12.003465414047241
1314,0.1765910554677248,0.006323964393232018,5.023514747619629,12.00319504737854
1315,0.17782375030219555,0.0076036525424569845,5.016185283660889,12.00582492351532
1316,0.17722228541970253,0.007115436426829547,5.008863925933838,12.001821637153625
1317,0.1773212719708681,0.007322616293095052,5.001550674438477,11.998315334320068
1318,0.17725586146116257,0.007287824526429176,4.9942450523376465,12.002558946609497
1319,0.17777887359261513,0.007898759620729834,4.986948490142822,12.001063108444214
1320,0.17705113999545574,0.0072174458764493465,4.979659080505371,12.003710508346558
1321,0.17717956379055977,0.007460631080903113,4.972378730773926,11.999515056610107
1322,0.1769364457577467,0.0073198057361878455,4.96510648727417,11.996557831764221
1323,0.17761981673538685,0.008027667994610965,4.95785665512085,12.00135862827301
1324,0.17625208385288715,0.006727255240548402,4.950616836547852,12.001866221427917
1325,0.1762089543044567,0.006738102005328983,4.94338321685791,12.003702402114868
1326,0.17735305801033974,0.007963090436533093,4.936156272888184,12.002840757369995
1327,0.1768175419420004,0.007529880502261221,4.928936958312988,11.999829411506653
1328,0.17730987071990967,0.008055950165726244,4.921724319458008,12.003667950630188
1329,0.1762963254004717,0.007144084025640041,4.914519309997559,12.000705122947693
1330,0.1766483634710312,0.007579130120575428,4.907321453094482,11.999602198600769
1331,0.17578919045627117,0.0067600790644064546,4.900130748748779,12.002780795097351
1332,0.17679177597165108,0.007844935404136777,4.892947196960449,12.001737475395203
1333,0.17539468221366405,0.006522214214783162,4.885847091674805,12.001399993896484
1334,0.17661675065755844,0.007790415023919195,4.87874698638916,12.003887295722961
1335,0.17718062549829483,0.008454390102997422,4.871647834777832,12.000976085662842
1336,0.17652256600558758,0.007879327866248786,4.864595413208008,11.999728798866272
1337,0.17537435330450535,0.006807855505030602,4.857540130615234,11.999110102653503
1338,0.17691244184970856,0.008420682162977755,4.850484848022461,11.99869155883789
1339,0.17601832933723927,0.007540621038060635,4.843428611755371,12.004342436790466
1340,0.17590754106640816,0.0075306849321350455,4.836372375488281,12.001314043998718
1341,0.17439767718315125,0.0060980279231444,4.829318046569824,12.000646948814392
1342,0.17575767077505589,0.007511867908760905,4.822264671325684,12.002315878868103
1343,0.1749640293419361,0.006803900760132819,4.815214157104492,12.000799059867859
1344,0.17501966655254364,0.006919606414157897,4.808167457580566,12.00183880329132
1345,0.17469785176217556,0.006681624974589795,4.801122665405273,12.000500321388245
1346,0.17529185488820076,0.007345507736317813,4.7940826416015625,12.000552654266357
1347,0.1743898242712021,0.0065178353688679636,4.787046432495117,12.000152826309204
1348,0.175305537879467,0.007489319192245603,4.780015468597412,12.001607060432434
1349,0.1755860187113285,0.00782746309414506,4.7729902267456055,12.002865433692932
1350,0.1748182699084282,0.0071357174892909825,4.765969276428223,12.002286434173584
1351,0.17448311671614647,0.006887988070957363,4.758954048156738,12.000559091567993
1352,0.17588606663048267,0.008358415332622826,4.751945495605469,12.00082015991211
1353,0.1750434096902609,0.007611074659507722,4.744943141937256,11.99829089641571
1354,0.1745254434645176,0.007136021100450307,4.737946033477783,12.000996351242065
1355,0.174790246412158,0.007433065969962627,4.730956077575684,12.004762291908264
1356,0.17599301971495152,0.008727003063540906,4.723972320556641,12.00262975692749
1357,0.17444215901196003,0.00723687355639413,4.716995716094971,12.003533124923706
1358,0.17371115647256374,0.006615395250264555,4.710026264190674,11.999550580978394
1359,0.17422358132898808,0.0071992589510045946,4.70306396484375,11.999368667602539
1360,0.1756613366305828,0.008663574932143092,4.696108341217041,12.003668069839478
1361,0.1744107361882925,0.0075118791428394616,4.689159393310547,12.00072693824768
1362,0.17413707822561264,0.007271239010151476,4.682218074798584,12.004365921020508
1363,0.17425179108977318,0.007483924797270447,4.675283432006836,12.001503705978394
1364,0.1742777731269598,0.00758851005230099,4.668356418609619,12.000569820404053
1365,0.17311035841703415,0.006491236679721624,4.66143798828125,12.000474572181702
1366,0.17392262443900108,0.0073719616630114615,4.6545257568359375,12.000540852546692
1367,0.17415109276771545,0.0076422488782554865,4.647622108459473,12.003262639045715
1368,0.1738984528928995,0.0074641937972046435,4.640726089477539,12.002700090408325
1369,0.17289552837610245,0.006553936749696732,4.6338372230529785,12.000321865081787
1370,0.17314458452165127,0.0068713988293893635,4.626955032348633,12.00036358833313
1371,0.1725761629641056,0.0063561873976141214,4.620081901550293,12.001915693283081
1372,0.17341361939907074,0.00724910554708913,4.613215446472168,12.003236293792725
1373,0.17394477874040604,0.007839206897187978,4.606357574462891,12.004199981689453
1374,0.17311981692910194,0.0071196124772541225,4.599506855010986,12.000514030456543
1375,0.1735160183161497,0.007573749462608248,4.5926642417907715,12.001562714576721
1376,0.1738037746399641,0.007933584623970091,4.585829257965088,12.001190185546875
1377,0.17196805030107498,0.006153546448331326,4.5790019035339355,12.00244915485382
1378,0.1738108992576599,0.008075854915659875,4.5721821784973145,12.001322627067566
1379,0.1732306107878685,0.007546863460447639,4.565370082855225,12.003005027770996
1380,0.173121839761734,0.0075231901137158275,4.558566570281982,12.001298785209656
1381,0.17245756648480892,0.006929344730451703,4.5517706871032715,12.001051664352417
1382,0.17272458598017693,0.007261800637934357,4.544981956481934,12.001296758651733
1383,0.17272747866809368,0.007357123540714383,4.538201808929443,11.998834252357483
1384,0.17239565961062908,0.0070529544609598815,4.531428813934326,12.00284230709076
1385,0.17225813306868076,0.00700282643083483,4.52466344833374,12.000867366790771
1386,0.17289661802351475,0.007712255115620792,4.517906188964844,12.000530481338501
1387,0.17232957109808922,0.007199489627964795,4.511157035827637,12.001851439476013
1388,0.17260833084583282,0.007571675523649901,4.504415035247803,11.999250531196594
1389,0.17365753650665283,0.008684646047186106,4.497681140899658,11.999608159065247
1390,0.17274263314902782,0.00783523399149999,4.490955352783203,11.99978506565094
1391,0.1718111876398325,0.0069347836542874575,4.4842376708984375,12.003402948379517
1392,0.17222223617136478,0.00738787540467456,4.477527141571045,12.005909442901611
1393,0.1721018310636282,0.007359032926615328,4.470824241638184,12.003455638885498
1394,0.17181165888905525,0.00714062200859189,4.464129447937012,12.002974390983582
1395,0.17199930921196938,0.007435883046127856,4.457442283630371,11.998900771141052
1396,0.17166082933545113,0.007159179192967713,4.45076322555542,11.999402284622192
1397,0.17209640704095364,0.007634119770955294,4.444091320037842,12.002137422561646
1398,0.17118074372410774,0.0068093742011114955,4.437427520751953,11.999709606170654
1399,0.1719663143157959,0.007633336179424077,4.430771350860596,12.002526998519897
1400,0.1726701520383358,0.008410157344769686,4.424122333526611,12.001877188682556
1401,0.1704101338982582,0.006241350958589464,4.417481422424316,11.99939739704132
1402,0.17119699157774448,0.007061897311359644,4.410848617553711,12.002661228179932
1403,0.17205515503883362,0.007992195314727724,4.404223918914795,12.00207245349884
1404,0.17196070961654186,0.007966691046021879,4.397606372833252,12.001796126365662
1405,0.17101876065135002,0.007099432812537998,4.390996932983398,12.000936269760132
1406,0.1714721266180277,0.007615870330482721,4.384395122528076,12.001230716705322
1407,0.1714584194123745,0.007637137779965997,4.377801895141602,12.004326701164246
1408,0.17019377648830414,0.00645999435801059,4.371214866638184,12.002163887023926
1409,0.17085354588925838,0.007214778277557343,4.364635467529297,11.999241709709167
1410,0.1703448761254549,0.006773483939468861,4.358063697814941,11.999075651168823
1411,0.1706351786851883,0.007082925090799108,4.351499557495117,12.0037260055542
1412,0.17055736854672432,0.007075427041854709,4.344944477081299,12.003250241279602
1413,0.17130525410175323,0.00790265592513606,4.338396072387695,12.001863837242126
1414,0.17091303132474422,0.007597588934004307,4.331855773925781,11.999688625335693
1415,0.17044434882700443,0.007201955420896411,4.325323581695557,11.998915910720825
1416,0.16989257372915745,0.006694221228826791,4.318798542022705,12.001037240028381
1417,0.17022321000695229,0.007061015989165753,4.312281608581543,12.003937840461731
1418,0.16991601325571537,0.006829533027485013,4.305771827697754,12.00287663936615
1419,0.17106372863054276,0.008066342037636787,4.299269199371338,12.00046956539154
1420,0.17043679766356945,0.0075185070163570344,4.292774677276611,11.999054789543152
1421,0.16968592628836632,0.00679812696762383,4.286287307739258,12.002493143081665
1422,0.17018215917050838,0.007342249620705843,4.279808044433594,12.004183173179626
1423,0.1701365578919649,0.007390620594378561,4.2733354568481445,12.001258969306946
1424,0.17034190148115158,0.00767414050642401,4.266870498657227,11.999905705451965
1425,0.17041683197021484,0.007827778812497854,4.260414123535156,11.998491406440735
1426,0.17056204192340374,0.007990105194039643,4.253965854644775,12.003228545188904
1427,0.17088697664439678,0.008368063543457538,4.247525215148926,12.004366517066956
1428,0.1688866764307022,0.006452341272961348,4.241091251373291,12.002342939376831
1429,0.16944215074181557,0.007094214495737106,4.2346649169921875,12.000128865242004
1430,0.16897732019424438,0.0067018718691542745,4.228245735168457,11.99929928779602
1431,0.16993489861488342,0.007696036482229829,4.221835136413574,12.00205135345459
1432,0.16998650506138802,0.007793428492732346,4.2154316902160645,12.003876447677612
1433,0.16991952620446682,0.007812546333298087,4.2090349197387695,12.001663446426392
1434,0.1706703007221222,0.008660613500978798,4.202645301818848,11.998323917388916
1435,0.16933869756758213,0.007410970632918179,4.196264266967773,11.996508598327637
1436,0.1692542340606451,0.007318884250707924,4.1898908615112305,12.003644466400146
1437,0.16942844539880753,0.007532361778430641,4.183525562286377,12.006082892417908
1438,0.17059089057147503,0.008780868200119585,4.177166938781738,12.003835797309875
1439,0.16882602497935295,0.007114766107406467,4.170815467834473,12.000311017036438
1440,0.16925946809351444,0.0076334510813467205,4.164472579956055,11.998129844665527
1441,0.16847620345652103,0.006851766433101147,4.15813684463501,12.004307508468628
1442,0.16891734302043915,0.007331355765927583,4.151808738708496,12.006790399551392
1443,0.1688386145979166,0.007372649677563459,4.145487308502197,12.001109600067139
1444,0.1687902007251978,0.007446965959388763,4.13917350769043,11.995150446891785
1445,0.16911885514855385,0.007795176352374256,4.132866859436035,11.999501347541809
1446,0.16926034353673458,0.007963886018842459,4.126568794250488,12.003076910972595
1447,0.16855763085186481,0.007331164786592126,4.120276927947998,12.00236988067627
1448,0.16767128743231297,0.006515510904137045,4.113993167877197,12.001585125923157
1449,0.16973085701465607,0.008629458141513169,4.107717037200928,12.00242304801941
1450,0.16923842392861843,0.00821896258275956,4.101449012756348,12.000497579574585
1451,0.16837815754115582,0.007384165946859866,4.095187187194824,12.004212617874146
1452,0.168074456974864,0.007167217903770506,4.088932991027832,12.00179123878479
1453,0.16872437298297882,0.007910078449640423,4.082686424255371,11.998743057250977
1454,0.16907185688614845,0.008308214717544615,4.076446533203125,11.99991774559021
1455,0.16908889450132847,0.008345120877493173,4.07021427154541,12.00416362285614
1456,0.16918786242604256,0.008488571911584586,4.063989639282227,12.005939960479736
1457,0.16847500763833523,0.007885565864853561,4.057772636413574,12.001171946525574
1458,0.16884250566363335,0.008352276403456926,4.051562786102295,11.99746024608612
1459,0.1681723166257143,0.007732719474006444,4.045360565185547,11.998599171638489
1460,0.16775158420205116,0.007364918536040932,4.03916597366333,11.99950098991394
1461,0.16805564612150192,0.007656505855266005,4.032978534698486,12.006935715675354
1462,0.1680895108729601,0.007785572030115873,4.026798248291016,12.0035959482193
1463,0.16731653176248074,0.0071028381353244185,4.020625114440918,12.000744819641113
1464,0.1675530057400465,0.007404613017570227,4.014459609985352,12.00037968158722
1465,0.1673954278230667,0.007302505488041788,4.00830078125,12.000991940498352
1466,0.1672744546085596,0.007225106353871524,4.002150058746338,12.002784729003906
1467,0.16724214144051075,0.007290423149242997,3.9960055351257324,11.99916684627533
1468,0.1675209403038025,0.007621786615345627,3.9898695945739746,12.000046491622925
1469,0.16776530630886555,0.007896374154370278,3.98374080657959,12.003152966499329
1470,0.16709529422223568,0.007278408971615136,3.9776196479797363,12.004069566726685
1471,0.16693147271871567,0.0072132034110836685,3.9715051651000977,12.000321984291077
1472,0.1678383331745863,0.008195094240363687,3.965397596359253,11.998926520347595
1473,0.16665094532072544,0.007076732174027711,3.9592976570129395,11.998124122619629
1474,0.16631855629384518,0.00675728969508782,3.953205108642578,12.002922177314758
1475,0.16629069484770298,0.006780958501622081,3.94711971282959,12.003853797912598
1476,0.16683834791183472,0.007396546192467213,3.9410414695739746,12.00313913822174
1477,0.1660814993083477,0.006729560729581863,3.9349703788757324,12.000224113464355
1478,0.16733688674867153,0.008042164612561464,3.9289069175720215,12.000565648078918
1479,0.16569332405924797,0.006431185407564044,3.9228503704071045,12.003363728523254
1480,0.1673042681068182,0.008131266629789025,3.9168009757995605,12.000499844551086
1481,0.1669349018484354,0.007807274523656815,3.910759210586548,12.002004027366638
1482,0.16615039855241776,0.007103023352101445,3.9047253131866455,12.000012278556824
1483,0.16610113345086575,0.007112817256711423,3.898697853088379,12.000133991241455
1484,0.16680587641894817,0.00786162749864161,3.8926777839660645,12.001747727394104
1485,0.16747176460921764,0.008593796577770263,3.886664390563965,12.001132845878601
1486,0.16679927334189415,0.007988673401996493,3.8806586265563965,12.000402092933655
1487,0.16562622413039207,0.006861886591650546,3.874659538269043,12.001774668693542
1488,0.16650264523923397,0.007808422378730029,3.8686676025390625,12.000755190849304
1489,0.1665585245937109,0.007893560745287687,3.8626832962036133,12.00381326675415
1490,0.16561686247587204,0.00702063029166311,3.856706142425537,12.002917885780334
1491,0.16535772010684013,0.006828341982327402,3.850736141204834,12.002202272415161
1492,0.1670284289866686,0.008550018887035549,3.844773054122925,12.00306785106659
1493,0.16613521426916122,0.007784457236994058,3.838817596435547,11.99625849723816
1494,0.16491195186972618,0.006590616074390709,3.8328697681427,11.999264359474182
1495,0.16514450684189796,0.006860777153633535,3.826927900314331,12.001445055007935
1496,0.16622212156653404,0.007975231390446424,3.820993185043335,12.00369644165039
1497,0.16661118902266026,0.008422615588642657,3.81506609916687,12.003790974617004
1498,0.1653644498437643,0.007255757111124694,3.809145927429199,12.001723647117615
1499,0.16588666290044785,0.007845444604754448,3.8032329082489014,12.00088918209076
1500,0.16623776964843273,0.008250155311543494,3.7973275184631348,12.001434206962585
1501,0.16556264646351337,0.007618558069225401,3.791428565979004,12.002980947494507
1502,0.16565242409706116,0.007769020972773433,3.7855372428894043,12.002803444862366
1503,0.16543227434158325,0.007622628647368401,3.7796525955200195,12.001312613487244
1504,0.1652347706258297,0.007467333634849638,3.773775339126587,12.002968668937683
1505,0.16560278832912445,0.007887551793828607,3.767904758453369,12.00361967086792
1506,0.1649877056479454,0.007360895746387541,3.7620415687561035,12.000640034675598
1507,0.16484149917960167,0.0072807936812750995,3.756185293197632,11.99988567829132
1508,0.16549703106284142,0.007989790115971118,3.750336170196533,12.000388145446777
1509,0.1650862004607916,0.0075941921677440405,3.744494915008545,12.004706144332886
1510,0.16533887386322021,0.007916780363302678,3.738659381866455,12.003550410270691
1511,0.16626952402293682,0.008940818428527564,3.7328310012817383,12.00003957748413
1512,0.16453378647565842,0.007281091762706637,3.7270100116729736,11.998259663581848
1513,0.1652650460600853,0.00803277111845091,3.7211971282958984,12.002030611038208
1514,0.16565489955246449,0.008416753727942705,3.715390205383301,12.008424997329712
1515,0.16523538902401924,0.008120499784126878,3.709589958190918,12.001899123191833
1516,0.16487043164670467,0.007836606411729008,3.7037971019744873,11.999585747718811
1517,0.1643895637243986,0.007415691623464227,3.698011875152588,11.999375581741333
1518,0.1645236276090145,0.00760148634435609,3.6922333240509033,11.999981045722961
1519,0.16580738686025143,0.008892787620425224,3.6864614486694336,12.004998922348022
1520,0.16431392170488834,0.00747827417217195,3.6806960105895996,12.002869367599487
1521,0.1640627719461918,0.007294677954632789,3.6749377250671387,12.001871705055237
1522,0.16397465392947197,0.007290074019692838,3.669186592102051,11.999271392822266
1523,0.1638634093105793,0.007221695443149656,3.663443088531494,12.000728726387024
1524,0.1644437536597252,0.00782075192546472,3.6577067375183105,12.00459349155426
1525,0.16351869143545628,0.006974091345909983,3.6519765853881836,12.002483606338501
1526,0.1642693653702736,0.007816925703082234,3.6462533473968506,11.998990654945374
1527,0.1634332649409771,0.007001442194450647,3.640537738800049,12.002644896507263
1528,0.16361559182405472,0.007212990545667708,3.634829044342041,12.005431175231934
1529,0.1637442708015442,0.007450614823028445,3.62912654876709,12.000239729881287
1530,0.16340132057666779,0.007173965743277222,3.6234312057495117,11.999304413795471
1531,0.1637768428772688,0.007619723794050515,3.6177425384521484,11.99796974658966
1532,0.16309130378067493,0.006940923922229558,3.612061023712158,12.00297737121582
1533,0.1624936517328024,0.00637469592038542,3.60638689994812,12.00550889968872
1534,0.16331547312438488,0.007261881371960044,3.6007192134857178,12.004640460014343
1535,0.16326408833265305,0.007317615440115333,3.5950584411621094,11.999589204788208
1536,0.16301739402115345,0.007150459394324571,3.589404821395874,11.997288823127747
1537,0.16409028880298138,0.008255615422967821,3.5837578773498535,11.999709844589233
1538,0.16406104154884815,0.008244949975050986,3.578117609024048,12.00349223613739
1539,0.16401557251811028,0.00828444876242429,3.572484254837036,12.000628590583801
1540,0.16293678991496563,0.007270145753864199,3.5668578147888184,11.999806880950928
1541,0.1627026814967394,0.0070752056199125946,3.5612387657165527,12.001509308815002
1542,0.16353849321603775,0.00791538052726537,3.55562686920166,12.00668489933014
1543,0.16364002041518688,0.008109565766062587,3.550020694732666,12.00302505493164
1544,0.1633367594331503,0.00789623730815947,3.544421434402466,11.999630808830261
1545,0.16299168579280376,0.0076116936397738755,3.5388293266296387,11.999170303344727
1546,0.16275863721966743,0.007425802410580218,3.5332441329956055,12.00003957748413
1547,0.16330648213624954,0.007994847605004907,3.527665615081787,12.003498435020447
1548,0.16255034878849983,0.0073006615857593715,3.5220935344696045,12.002875566482544
1549,0.16215635649859905,0.006994515308178961,3.516528606414795,11.999655961990356
1550,0.16200058534741402,0.006884018424898386,3.5109705924987793,12.000686168670654
1551,0.16244228929281235,0.007379618822596967,3.5054197311401367,12.000847935676575
1552,0.16190191730856895,0.006876745610497892,3.499875545501709,12.002641797065735
1553,0.16377241723239422,0.008832596999127418,3.494337320327759,11.999645113945007
1554,0.1625104397535324,0.007632322027347982,3.4888060092926025,11.999006032943726
1555,0.16248180344700813,0.007661818352062255,3.4832818508148193,11.998716711997986
1556,0.1618696916848421,0.0070735334302298725,3.477764368057251,12.001852035522461
1557,0.16264186426997185,0.007887559244409204,3.4722533226013184,12.003177523612976
1558,0.16258978098630905,0.007905295409727842,3.466749668121338,12.001699090003967
1559,0.1612175963819027,0.006612604018300772,3.461251974105835,11.999247670173645
1560,0.16215010173618793,0.007568426139187068,3.4557623863220215,12.002406001091003
1561,0.16135472804307938,0.006828018405940384,3.4502785205841064,12.002392649650574
1562,0.16139822639524937,0.006930375297088176,3.4448013305664062,12.001984119415283
1563,0.1620913315564394,0.007696648070123047,3.4393310546875,12.000137448310852
1564,0.1622886247932911,0.007969045313075185,3.4338674545288086,11.998090744018555
1565,0.16097956895828247,0.0066968476749025285,3.428410530090332,11.999862313270569
1566,0.16125480085611343,0.006996448733843863,3.4229602813720703,12.002874970436096
1567,0.1613510213792324,0.007151273661293089,3.4175167083740234,12.002458810806274
1568,0.16156682558357716,0.007449928729329258,3.4120800495147705,11.999610185623169
1569,0.16156869754195213,0.007505621935706586,3.4066500663757324,11.999657988548279
1570,0.1611897200345993,0.007149192795623094,3.4012269973754883,12.00282609462738
1571,0.1611932720988989,0.00720108108362183,3.39581036567688,12.003408908843994
1572,0.16088281013071537,0.006976935314014554,3.390399932861328,12.000188112258911
1573,0.1609465293586254,0.007089331920724362,3.3849964141845703,12.000723719596863
1574,0.160597275942564,0.00678663479629904,3.3795995712280273,12.00146496295929
1575,0.16140196844935417,0.007635433168616146,3.37420916557312,12.002444624900818
1576,0.16183502413332462,0.008098766673356295,3.3688254356384277,12.004800796508789
1577,0.16050921007990837,0.006868015800137073,3.363448143005371,12.00067150592804
1578,0.1605860125273466,0.007000013021752238,3.3580777645111084,12.000522494316101
1579,0.16105930134654045,0.007532637158874422,3.352714776992798,11.999951839447021
1580,0.15978343226015568,0.006295894214417785,3.347357749938965,12.001396298408508
1581,0.16125213541090488,0.007821090577635914,3.342007875442505,12.001097083091736
1582,0.16073682717978954,0.007346858619712293,3.3366644382476807,12.00233256816864
1583,0.16097817569971085,0.007665798009838909,3.331327199935913,11.999911069869995
1584,0.16150064952671528,0.00824210955761373,3.3259968757629395,11.999857544898987
1585,0.16075333580374718,0.00754007970681414,3.3206725120544434,12.000653624534607
1586,0.1611908320337534,0.008024372509680688,3.3153553009033203,12.001290917396545
1587,0.16049302741885185,0.007370765728410333,3.310044050216675,12.002182364463806
1588,0.15993747487664223,0.006866365089081228,3.3047397136688232,12.002371668815613
1589,0.16056739538908005,0.007567213848233223,3.2994422912597656,12.000576257705688
1590,0.1605883613228798,0.00762135157128796,3.2941513061523438,12.00255012512207
1591,0.16063774935901165,0.007744100876152515,3.2888667583465576,12.000498414039612
1592,0.16058799624443054,0.007763237808831036,3.2835891246795654,11.998887062072754
1593,0.16029025614261627,0.00751808169297874,3.2783172130584717,11.998900413513184
1594,0.15975533798336983,0.007025717117357999,3.273052453994751,11.99990999698639
1595,0.1611983049660921,0.008468137413728982,3.267793893814087,12.005222916603088
1596,0.15945925936102867,0.006807219237089157,3.2625417709350586,12.002662181854248
1597,0.15926181711256504,0.006665976485237479,3.2572968006134033,12.00228762626648
1598,0.16098798625171185,0.008449807355646044,3.2520580291748047,12.001760125160217
1599,0.16010806523263454,0.007650588813703507,3.246825933456421,11.998921990394592
1600,0.16108721680939198,0.008659886429086328,3.241600751876831,12.001132488250732
1601,0.15958810597658157,0.007224496221169829,3.2363812923431396,11.999979734420776
1602,0.1595616228878498,0.007255369913764298,3.231168746948242,11.999456882476807
1603,0.15868830494582653,0.006421188241802156,3.2259624004364014,12.000749468803406
1604,0.1591417957097292,0.0069151948555372655,3.220762252807617,12.001897931098938
1605,0.16013908945024014,0.007952002575621009,3.215568780899048,12.003140211105347
1606,0.1612438652664423,0.009129632322583348,3.2103817462921143,12.001041769981384
1607,0.16043555550277233,0.008373927499633282,3.2052013874053955,12.000962018966675
1608,0.15896002762019634,0.006954095675610006,3.2000274658203125,12.000566124916077
1609,0.15838676691055298,0.006400095589924604,3.1948604583740234,12.003806710243225
1610,0.1596436444669962,0.007708465098403394,3.189699172973633,12.003819584846497
1611,0.15874047577381134,0.006893547833897173,3.184544801712036,12.00014841556549
1612,0.15918824449181557,0.007372552005108446,3.179396867752075,12.002172827720642
1613,0.15849151089787483,0.006764764140825719,3.17425537109375,11.998419404029846
1614,0.15802541747689247,0.0063575064996257424,3.1691198348999023,11.997671484947205
1615,0.15938029065728188,0.007724642928224057,3.1639914512634277,12.00157344341278
1616,0.15809289179742336,0.006486038269940764,3.1588687896728516,12.001816511154175
1617,0.15904645062983036,0.007464232621714473,3.1537528038024902,12.004469156265259
1618,0.15819277614355087,0.0066849172580987215,3.1486432552337646,12.002143025398254
1619,0.1580535899847746,0.00660729716764763,3.1435399055480957,12.001089811325073
1620,0.15924941562116146,0.007853737159166485,3.1384429931640625,12.001124739646912
1621,0.16048825904726982,0.009166778647340834,3.133352279663086,11.998796105384827
1622,0.15870573371648788,0.00740015332121402,3.128349542617798,12.002208828926086
1623,0.15821442939341068,0.006943242740817368,3.1233456134796143,12.00377357006073
1624,0.15922603383660316,0.00799176428699866,3.118340015411377,12.005086898803711
1625,0.15883076190948486,0.007664662494789809,3.1133346557617188,12.003275752067566
1626,0.15781745500862598,0.006752241752110422,3.1083295345306396,11.998191952705383
1627,0.15869338810443878,0.007655282621271908,3.1033244132995605,12.000486731529236
1628,0.1586301252245903,0.007620407268404961,3.098320960998535,12.00265085697174
1629,0.15988190099596977,0.008951871190220118,3.0933196544647217,11.999683618545532
1630,0.15800533071160316,0.007135053281672299,3.088320732116699,11.99870753288269
1631,0.15748300589621067,0.0066584033775143325,3.083324432373047,11.999135851860046
1632,0.15883801877498627,0.008001488051377237,3.078331708908081,12.005321979522705
1633,0.15909692086279392,0.00831108185229823,3.0733423233032227,12.005241751670837
1634,0.15859046392142773,0.00789072149200365,3.068356513977051,12.001618027687073
1635,0.1587376669049263,0.008080566301941872,3.0633740425109863,12.002336263656616
1636,0.15819376520812511,0.0075844149105250835,3.058396339416504,12.002538919448853
1637,0.15757706388831139,0.0070170915278140455,3.0534234046936035,12.00257408618927
1638,0.1589873544871807,0.00846813467796892,3.048454523086548,12.00346827507019
1639,0.15826371684670448,0.007846178312320262,3.043490409851074,11.998264074325562
1640,0.1582076009362936,0.007827439927496016,3.0385310649871826,11.99948513507843
1641,0.15762036480009556,0.007287173881195486,3.0335769653320312,11.999742269515991
1642,0.1577127557247877,0.007407598779536784,3.02862811088562,12.001888036727905
1643,0.15739475935697556,0.007125152216758579,3.023684501647949,12.003276705741882
1644,0.15796318463981152,0.007779248000588268,3.0187463760375977,11.999647498130798
1645,0.15763826668262482,0.0074758242117241025,3.0138137340545654,12.00243067741394
1646,0.15759181417524815,0.007493490527849644,3.0088863372802734,12.000946402549744
1647,0.15805806778371334,0.008012726670131087,3.003964424133301,12.000569701194763
1648,0.15755482390522957,0.0075581600540317595,2.9990482330322266,12.0006183385849
1649,0.15759223513305187,0.007618738629389554,2.99413800239563,12.003212332725525
1650,0.15787905268371105,0.007953593274578452,2.9892330169677734,12.003313183784485
1651,0.1573846098035574,0.00750662962673232,2.9843339920043945,12.003464341163635
1652,0.15744168125092983,0.007637492322828621,2.9794411659240723,12.000978469848633
1653,0.15718387067317963,0.00744293601019308,2.9745538234710693,11.999539852142334
1654,0.15800890885293484,0.008324676600750536,2.969672203063965,11.998751401901245
1655,0.1570810917764902,0.007443518145009875,2.964796781539917,11.998960852622986
1656,0.15732487849891186,0.007683197385631502,2.9599273204803467,12.004241228103638
1657,0.1576305851340294,0.008041315188165754,2.955063819885254,12.003863453865051
1658,0.15724216774106026,0.007716206135228276,2.9502065181732178,12.002389907836914
1659,0.15692194364964962,0.0074673081981018186,2.94535493850708,12.00010895729065
1660,0.15590344183146954,0.006501610274426639,2.940509557723999,11.999673962593079
1661,0.15680906549096107,0.007423392846249044,2.9356703758239746,12.002897381782532
1662,0.15730439312756062,0.007976577442605048,2.9308369159698486,12.0019451379776
1663,0.1562060695141554,0.006946727924514562,2.926008701324463,11.999925971031189
1664,0.15643687546253204,0.007216070429421961,2.921187162399292,12.000893712043762
1665,0.15773574076592922,0.008552066632546484,2.9163715839385986,12.001996278762817
1666,0.1563909836113453,0.0072375169256702065,2.911562204360962,12.003785133361816
1667,0.15660090371966362,0.007522577536292374,2.9067587852478027,12.001074314117432
1668,0.15536296926438808,0.006366725778207183,2.9019618034362793,11.997662782669067
1669,0.1560700722038746,0.007089911203365773,2.8971710205078125,12.000845193862915
1670,0.15637211874127388,0.007411917671561241,2.892385721206665,12.003634929656982
1671,0.15526855178177357,0.00635423039784655,2.887606382369995,12.003826022148132
1672,0.15645427256822586,0.007602684083394706,2.882833480834961,12.002325773239136
1673,0.15629231557250023,0.007500164618249983,2.8780667781829834,12.001148462295532
1674,0.15617769584059715,0.007428490906022489,2.8733060359954834,12.001615166664124
1675,0.15534940734505653,0.006655810750089586,2.868551254272461,12.000808835029602
1676,0.15629686787724495,0.007658055983483791,2.863802433013916,12.000078678131104
1677,0.15692380256950855,0.008345982991158962,2.8590595722198486,11.998722791671753
1678,0.15608974359929562,0.007529402093496174,2.854322910308838,12.00171172618866
1679,0.15634174458682537,0.007779012725222856,2.849592685699463,12.006680846214294
1680,0.156410563737154,0.007952176383696496,2.8448684215545654,12.000970602035522
1681,0.15622388571500778,0.007830744609236717,2.8401498794555664,11.999164581298828
1682,0.15644214302301407,0.008093192707747221,2.835437297821045,11.999458193778992
1683,0.1564237605780363,0.008109949762001634,2.830730676651001,12.000650644302368
1684,0.15568535216152668,0.007389777107164264,2.8260302543640137,12.003527402877808
1685,0.15521192364394665,0.006957138830330223,2.8213353157043457,12.004143714904785
1686,0.15504240803420544,0.00685778574552387,2.8166472911834717,12.0018150806427
1687,0.15536836721003056,0.007220929430332035,2.811965227127075,12.00277853012085
1688,0.15514525398612022,0.0070662255748175085,2.8072891235351562,12.000613570213318
1689,0.15545173361897469,0.007403626979794353,2.802618980407715,12.00219190120697
1690,0.15584050305187702,0.007854267430957407,2.797954797744751,12.000669240951538
1691,0.15513481199741364,0.007212328840978444,2.7932965755462646,11.998952150344849
1692,0.15553752332925797,0.007649418781511486,2.7886438369750977,12.000166773796082
1693,0.15472099371254444,0.006865138653665781,2.7839977741241455,12.001587986946106
1694,0.15551968663930893,0.007703916286118329,2.7793571949005127,12.002220153808594
1695,0.1543052401393652,0.006533756328281015,2.7747225761413574,12.002425909042358
1696,0.15460288152098656,0.006868510216008872,2.770094394683838,12.003342986106873
1697,0.15549610555171967,0.007781540916766971,2.765472888946533,12.005983710289001
1698,0.15542961657047272,0.007794319768436253,2.7608563899993896,12.002673625946045
1699,0.15484208427369595,0.007267890381626785,2.756246328353882,12.001173734664917
1700,0.15486762672662735,0.007347430044319481,2.7516417503356934,12.000378012657166
1701,0.1551187876611948,0.007625632977578789,2.7470431327819824,12.002272844314575
1702,0.1544623263180256,0.00701649667462334,2.742450475692749,12.002132773399353
1703,0.15461533144116402,0.007216628990136087,2.7378640174865723,12.00200629234314
1704,0.15366846323013306,0.006318687926977873,2.733283519744873,12.001693964004517
1705,0.15507383085787296,0.007776543672662228,2.7287094593048096,12.001019477844238
1706,0.15371635369956493,0.00648091925540939,2.7241406440734863,11.999403238296509
1707,0.1554928421974182,0.008292480080854148,2.7195777893066406,12.000458598136902
1708,0.155452786013484,0.008281276561319828,2.7150206565856934,12.002130389213562
1709,0.15545370802283287,0.008321161847561598,2.7104692459106445,12.002785801887512
1710,0.15447840467095375,0.007362339703831822,2.7059237957000732,12.005682826042175
1711,0.15499326027929783,0.00793186150258407,2.701385259628296,12.004755020141602
1712,0.154874661937356,0.00788987654959783,2.696851968765259,12.001626968383789
1713,0.15486946888267994,0.007951071544084698,2.692324638366699,11.999515414237976
1714,0.15402919799089432,0.007153580256272107,2.6878035068511963,11.99975848197937
1715,0.1544349268078804,0.007584004837553948,2.683288097381592,12.00180447101593
1716,0.154016287997365,0.007196509221103042,2.6787784099578857,12.003199696540833
1717,0.15441354550421238,0.0076494585373438895,2.674274444580078,12.002134680747986
1718,0.15491389483213425,0.008200034673791379,2.669776678085327,12.001609921455383
1719,0.15405407175421715,0.007392548548523337,2.6652846336364746,12.000867486000061
1720,0.15306679345667362,0.006454151589423418,2.6607983112335205,12.000465989112854
1721,0.15410304814577103,0.007499048369936645,2.656317710876465,12.004082918167114
1722,0.15416401252150536,0.007619258889462799,2.651843309402466,12.00263226032257
1723,0.1532692313194275,0.006779481482226402,2.6473746299743652,12.001600623130798
1724,0.15517978556454182,0.008762921555899084,2.642911911010742,11.998774647712708
1725,0.15418370440602303,0.007803044572938234,2.6384551525115967,11.999611020088196
1726,0.15536131337285042,0.009015808114781976,2.6340034008026123,12.000547647476196
1727,0.15391947142779827,0.007616638904437423,2.6295576095581055,12.000725388526917
1728,0.1534091103821993,0.007140311878174543,2.625117778778076,12.00176203250885
1729,0.15321487747132778,0.00695815117796883,2.6206841468811035,12.004988551139832
1730,0.15359154343605042,0.007382450217846781,2.6162564754486084,12.004653096199036
1731,0.15324660763144493,0.007119035813957453,2.6118345260620117,12.000923037528992
1732,0.1533885896205902,0.007320691889617592,2.6074180603027344,11.999372005462646
1733,0.15332800708711147,0.007281798869371414,2.6030073165893555,12.00161349773407
1734,0.1531360261142254,0.0071263499557971954,2.598623275756836,12.002344846725464
1735,0.15424232557415962,0.008262325020041317,2.594242572784424,12.003757953643799
1736,0.15256460569798946,0.006682107341475785,2.5898656845092773,11.998384714126587
1737,0.1538574956357479,0.00801982480334118,2.585493326187134,11.998274087905884
1738,0.15498715452849865,0.009163861919660121,2.581125020980835,12.00120460987091
1739,0.15352257154881954,0.007743524736724794,2.576761245727539,12.001143217086792
1740,0.15406466647982597,0.008299571636598557,2.572402000427246,12.00410771369934
1741,0.1531651671975851,0.007440461602527648,2.568047046661377,12.00442385673523
1742,0.15351012162864208,0.00785642524715513,2.56369686126709,12.001673221588135
1743,0.15307886339724064,0.00747383147245273,2.5593514442443848,12.001152396202087
1744,0.15254652686417103,0.006988590757828206,2.5550103187561035,12.000783443450928
1745,0.15249809622764587,0.006952036521397531,2.5506751537323,12.003931164741516
1746,0.15327719785273075,0.007781496038660407,2.546344757080078,12.003225803375244
1747,0.15312501974403858,0.007713319733738899,2.542020082473755,11.999150395393372
1748,0.15304575115442276,0.007669437152799219,2.5377001762390137,11.999931454658508
1749,0.15220816992223263,0.00687650142936036,2.533385753631592,11.999781370162964
1750,0.15303684026002884,0.007754433900117874,2.529075860977173,11.999165296554565
1751,0.15247522853314877,0.00722893956117332,2.524770975112915,11.999858140945435
1752,0.1535717286169529,0.00834114319877699,2.520472288131714,12.002586483955383
1753,0.1531216986477375,0.007929053506813943,2.516178846359253,12.00308609008789
1754,0.1526604574173689,0.007519259466789663,2.5118906497955322,12.002229452133179
1755,0.1520349532365799,0.00695183826610446,2.507607936859131,12.000703930854797
1756,0.15149549208581448,0.006436441501136869,2.503330707550049,12.002574563026428
1757,0.1526946686208248,0.007669121841900051,2.499058961868286,12.003495931625366
1758,0.15270279347896576,0.007718051550909877,2.4947924613952637,12.003682017326355
1759,0.1520792879164219,0.007171948906034231,2.4905316829681396,12.000202536582947
1760,0.15076955035328865,0.005900944001041353,2.486276149749756,12.000584840774536
1761,0.15203412808477879,0.007204855093732476,2.4820265769958496,12.000901341438293
1762,0.15321673266589642,0.00844242371385917,2.4777815341949463,11.9996497631073
1763,0.15227992832660675,0.007567552907858044,2.4735424518585205,11.997695326805115
1764,0.15231100842356682,0.007621835567988455,2.469309091567993,11.999608755111694
1765,0.15206101909279823,0.007396742352284491,2.465081214904785,12.001346707344055
1766,0.15121297165751457,0.0065580118098296225,2.4608588218688965,12.004637122154236
1767,0.1520950347185135,0.0074643505504354835,2.4566421508789062,12.006426334381104
1768,0.15145370922982693,0.006878335552755743,2.4524309635162354,12.005106925964355
1769,0.15224932506680489,0.007740306493360549,2.448225736618042,12.002676725387573
1770,0.1522939708083868,0.007855251082219183,2.4440255165100098,11.999846696853638
1771,0.15204523876309395,0.007647193211596459,2.439830780029297,11.999974370002747
1772,0.15157540142536163,0.007234543969389051,2.4356417655944824,11.998444437980652
1773,0.15141325257718563,0.007076702022459358,2.4314582347869873,12.002197027206421
1774,0.15198292210698128,0.0076778280781582,2.4272801876068115,12.0032297372818
1775,0.15155851654708385,0.0073087860364466906,2.423107385635376,12.001865983009338
1776,0.15166091732680798,0.007495242985896766,2.418940544128418,11.997627019882202
1777,0.15052183717489243,0.0063804874662309885,2.4147789478302,11.999356508255005
1778,0.15161539614200592,0.007472492754459381,2.410623550415039,12.003666996955872
1779,0.15206297487020493,0.007941913499962538,2.406473159790039,12.005633234977722
1780,0.1515126246958971,0.007453025551512837,2.4023284912109375,12.003631830215454
1781,0.15158637426793575,0.007602493395097554,2.398189067840576,12.000199437141418
1782,0.15111266821622849,0.007186631206423044,2.3940553665161133,11.99854850769043
1783,0.1513354741036892,0.007438943372108042,2.389927387237549,11.999725818634033
1784,0.15135016664862633,0.007480984611902386,2.3858041763305664,12.001114130020142
1785,0.15080507099628448,0.006980312638916075,2.3816866874694824,12.000789403915405
1786,0.15110495127737522,0.007281818776391447,2.377575159072876,12.004738569259644
1787,0.15181061439216137,0.008032089855987579,2.373469352722168,12.00438380241394
1788,0.15101953968405724,0.0073180702165700495,2.3693690299987793,12.000778198242188
1789,0.15054313465952873,0.006913965858984739,2.3652734756469727,11.997643828392029
1790,0.15102025121450424,0.00739269022597,2.3611836433410645,12.001572608947754
1791,0.15042614936828613,0.006821954622864723,2.3570992946624756,12.003320455551147
1792,0.15109687484800816,0.007529109250754118,2.353020429611206,12.003756523132324
1793,0.1510918103158474,0.00761398725444451,2.3489468097686768,11.998835444450378
1794,0.15090112760663033,0.007472549972590059,2.344879388809204,11.997978687286377
1795,0.1515403762459755,0.008127668348606676,2.3408169746398926,12.000454068183899
1796,0.151109142228961,0.007745130744297057,2.3367602825164795,11.999641180038452
1797,0.15057555958628654,0.007201430678833276,2.3327085971832275,12.004704356193542
1798,0.15123998001217842,0.00791715580271557,2.328662633895874,12.003620028495789
1799,0.15088291466236115,0.007588481355924159,2.3246219158172607,12.004821419715881
1800,0.15053162537515163,0.007332186913117766,2.320586681365967,11.999357223510742
1801,0.14955524541437626,0.006407317763660103,2.316556930541992,11.998236298561096
1802,0.14962337166070938,0.0065084954258054495,2.312532901763916,11.99895465373993
1803,0.15014485642313957,0.007030206790659577,2.30851411819458,12.002950668334961
1804,0.14999299868941307,0.006901258428115398,2.3045008182525635,12.004673600196838
1805,0.1514064222574234,0.00836208532564342,2.3004932403564453,12.00394070148468
1806,0.15111389942467213,0.008159490826074034,2.296490430831909,11.998950719833374
1807,0.1507549248635769,0.007824031985364854,2.2924928665161133,12.000596642494202
1808,0.1511161271482706,0.008213752182200551,2.288501262664795,12.001736640930176
1809,0.15018165670335293,0.007324340054765344,2.2845146656036377,12.001217484474182
1810,0.15037806518375874,0.007549269939772785,2.280533790588379,12.00234591960907
1811,0.15084624290466309,0.008061756729148328,2.2765579223632812,12.001891016960144
1812,0.15011949092149734,0.007359453942626715,2.2725882530212402,12.003416180610657
1813,0.14933108910918236,0.006621667824219912,2.2686233520507812,12.00231921672821
1814,0.15058589912950993,0.007922017306555063,2.2646636962890625,12.0017249584198
1815,0.150240832939744,0.007632556022144854,2.260709285736084,12.000118732452393
1816,0.15012813732028008,0.00757241016253829,2.256760597229004,11.998812556266785
1817,0.1500822976231575,0.007532421208452433,2.2528176307678223,12.002170205116272
1818,0.15058515593409538,0.008065208850894123,2.248879909515381,12.003115177154541
1819,0.14988503977656364,0.00740410020807758,2.2449471950531006,12.003147006034851
1820,0.1496755350381136,0.007240854494739324,2.2410197257995605,12.002448916435242
1821,0.1495610848069191,0.007173625403083861,2.237097978591919,12.001648545265198
1822,0.14930708706378937,0.0069446066045202315,2.2331812381744385,12.003067016601562
1823,0.1495054867118597,0.007194637262728065,2.229269504547119,12.001815915107727
1824,0.15045678988099098,0.008203471777960658,2.2253634929656982,11.999968528747559
1825,0.1493934951722622,0.007193350757006556,2.2214627265930176,11.998552322387695
1826,0.14893829822540283,0.006734536378644407,2.2175674438476562,12.002809286117554
1827,0.14923256263136864,0.007076140842400491,2.213677406311035,12.001965165138245
1828,0.1492769755423069,0.007179145468398929,2.2097928524017334,11.999990224838257
1829,0.14906375855207443,0.007000938407145441,2.205913782119751,12.000368595123291
1830,0.14934491366147995,0.007299627468455583,2.2020397186279297,12.00248920917511
1831,0.14985966496169567,0.007836692093405873,2.1981711387634277,12.004126787185669
1832,0.14957870170474052,0.007601325516588986,2.194307327270508,12.003430724143982
1833,0.14897789433598518,0.007082549389451742,2.190448760986328,11.999086260795593
1834,0.15001045912504196,0.008152251655701548,2.1865954399108887,11.999225497245789
1835,0.1491713970899582,0.007349784718826413,2.1827476024627686,11.9994136095047
1836,0.1490333378314972,0.00722758041229099,2.178905487060547,12.001670598983765
1837,0.1490890495479107,0.0073212041752412915,2.1750681400299072,12.001716494560242
1838,0.14914308674633503,0.007407832716125995,2.171236515045166,12.002289295196533
1839,0.15022853761911392,0.008521460578776896,2.167409896850586,12.003298282623291
1840,0.14855187200009823,0.006886115006636828,2.163588523864746,12.002987742424011
1841,0.1487618237733841,0.007143679948057979,2.1597719192504883,12.002042770385742
1842,0.14986198395490646,0.008310229517519474,2.1559603214263916,11.999215126037598
1843,0.14857183769345284,0.007037932809907943,2.1521544456481934,12.001236319541931
1844,0.14930755086243153,0.007807331217918545,2.148353338241577,12.00166916847229
1845,0.14905325695872307,0.007605261460412294,2.1445581912994385,12.00024163722992
1846,0.14935894310474396,0.007979068497661501,2.140768051147461,11.997219681739807
1847,0.14872421324253082,0.007325277547352016,2.1369833946228027,12.002910614013672
1848,0.14864609017968178,0.0072985784499906,2.1332039833068848,12.001547455787659
1849,0.14868013933300972,0.0073663146467879415,2.129429340362549,12.001953601837158
1850,0.14886299334466457,0.007586774590890855,2.125659704208374,12.001962184906006
1851,0.14868695102632046,0.007480604050215334,2.1218953132629395,11.99873971939087
1852,0.14914140850305557,0.007942769851069897,2.118136167526245,12.001728177070618
1853,0.1502356454730034,0.009071377047803253,2.11438250541687,12.002044796943665
1854,0.14752766117453575,0.006385627086274326,2.1107239723205566,12.003479838371277
1855,0.1487533375620842,0.007638915267307311,2.1070616245269775,12.004380822181702
1856,0.15102974511682987,0.010004108247812837,2.103395938873291,11.999167919158936
1857,0.14891586266458035,0.007922045886516571,2.099870443344116,11.999511241912842
1858,0.15201077982783318,0.01098220847779885,2.0963284969329834,12.006528854370117
1859,0.14876838214695454,0.007836169330403209,2.0929605960845947,12.000260829925537
1860,0.15500623919069767,0.014119279687292874,2.0895614624023438,11.99913489818573
1861,0.15342711098492146,0.01256570778787136,2.0863633155822754,11.999777436256409
1862,0.14961188100278378,0.008748976862989366,2.0833215713500977,12.002969145774841
1863,0.15027493238449097,0.009422934148460627,2.080322265625,12.004877805709839
1864,0.1511649452149868,0.010368085466325283,2.077322483062744,12.002363443374634
1865,0.15054380521178246,0.009768617223016918,2.0744457244873047,12.00307321548462
1866,0.14942343905568123,0.008629954245407134,2.071662425994873,12.007686495780945
1867,0.1494658887386322,0.00873976422008127,2.0688722133636475,12.003740668296814
1868,0.1508542913943529,0.010203753015957773,2.066049098968506,11.999005198478699
1869,0.1504287775605917,0.009802837332244962,2.0633323192596436,11.999261856079102
1870,0.14868984185159206,0.008062445092946291,2.0607028007507324,12.002037048339844
1871,0.14798875525593758,0.007380874827504158,2.0579710006713867,12.002817273139954
1872,0.14962843246757984,0.00906392966862768,2.055147647857666,12.0013028383255
1873,0.1486423872411251,0.008119239355437458,2.0523483753204346,11.999966859817505
1874,0.1492702215909958,0.008729635505005717,2.0494656562805176,12.004593133926392
1875,0.14833945222198963,0.007846807653550059,2.0466136932373047,12.00265109539032
1876,0.14910541288554668,0.008668243885040283,2.0436835289001465,12.000033855438232
1877,0.14938342012465,0.008937037375289947,2.040705919265747,12.00393283367157
1878,0.1483816858381033,0.007956072920933366,2.0377070903778076,12.004854559898376
1879,0.14769386500120163,0.007361385796684772,2.0346455574035645,11.998602628707886
1880,0.14709856919944286,0.006762470060493797,2.0315380096435547,12.00207233428955
1881,0.1475007887929678,0.00717446394264698,2.0283806324005127,12.004252076148987
1882,0.14784024097025394,0.007567650929559022,2.0251781940460205,12.002081155776978
1883,0.1478795949369669,0.007624847523402423,2.0219364166259766,12.003538727760315
1884,0.14783349633216858,0.007645099249202758,2.0186595916748047,12.00018048286438
1885,0.14736250787973404,0.007225301873404533,2.0153517723083496,11.998368978500366
1886,0.14688477292656898,0.006780525203794241,2.0120158195495605,11.998409390449524
1887,0.1467327531427145,0.006653863121755421,2.0086560249328613,11.99923300743103
1888,0.14822891727089882,0.00814560055732727,2.005274772644043,12.003057360649109
1889,0.14849449880421162,0.008431711059529334,2.0018746852874756,12.004404425621033
1890,0.14740474335849285,0.007387896184809506,1.9984582662582397,12.00322675704956
1891,0.14735844917595387,0.007400022179353982,1.9950274229049683,12.000815033912659
1892,0.14754248037934303,0.007601141114719212,1.9915846586227417,12.002549409866333
1893,0.14782893285155296,0.007948855345603079,1.9881306886672974,11.999877452850342
1894,0.14750739000737667,0.007670580816920847,1.9846677780151367,11.999013543128967
1895,0.14842180348932743,0.008603910566307604,1.9811975955963135,12.00059187412262
1896,0.14744746126234531,0.007671867613680661,1.9777207374572754,11.999839186668396
1897,0.1467471793293953,0.006990731635596603,1.9742388725280762,12.001406192779541
1898,0.14762349613010883,0.007872350863181055,1.9707525968551636,12.004362106323242
1899,0.14640920795500278,0.006704151339363307,1.9672629833221436,12.003243207931519
1900,0.1479254551231861,0.00826233410043642,1.963770866394043,12.002541661262512
1901,0.1477099433541298,0.008098108577542007,1.9602768421173096,12.000906825065613
1902,0.14608653262257576,0.006544511939864606,1.9567818641662598,11.99742066860199
1903,0.14825799129903316,0.008721273567061871,1.9532867670059204,12.000385403633118
1904,0.14685394056141376,0.007321560347918421,1.9497915506362915,12.003446578979492
1905,0.14687326923012733,0.007387705845758319,1.9462969303131104,12.002259373664856
1906,0.14768747799098492,0.008217829221393913,1.9428033828735352,12.004161834716797
1907,0.14793599396944046,0.008534445543773472,1.9393110275268555,12.00084364414215
1908,0.14682303555309772,0.007488543633371592,1.935820460319519,11.997629165649414
1909,0.14738552644848824,0.00808218854945153,1.9323320388793945,11.998002290725708
1910,0.1464761421084404,0.007168087060563266,1.928846001625061,12.001960039138794
1911,0.1464064158499241,0.007092639629263431,1.9253623485565186,12.00601589679718
1912,0.146708644926548,0.007443983573466539,1.9218814373016357,12.004584908485413
1913,0.14664538204669952,0.007423865608870983,1.9184041023254395,12.003748178482056
1914,0.1455880794674158,0.006428995227906853,1.914929747581482,12.000978946685791
1915,0.1467127501964569,0.007588212611153722,1.9114588499069214,12.000995635986328
1916,0.14653845503926277,0.007463635003659874,1.907991647720337,11.999490857124329
1917,0.1471887081861496,0.008134282485116273,1.9045279026031494,12.000914931297302
1918,0.14608215913176537,0.007076642650645226,1.9010679721832275,11.999483585357666
1919,0.14704048819839954,0.008041954133659601,1.8976120948791504,12.002241849899292
1920,0.14582583867013454,0.006871081423014402,1.8941597938537598,12.00131630897522
1921,0.14642484672367573,0.00752783304778859,1.890711784362793,11.998990178108215
1922,0.1459732074290514,0.0071121903019957244,1.887267827987671,11.998834133148193
1923,0.14664773643016815,0.007789031718857586,1.8838286399841309,12.002042055130005
1924,0.1456930674612522,0.006851105543319136,1.8803937435150146,12.00380253791809
1925,0.14648199640214443,0.007676800305489451,1.8769627809524536,12.003556966781616
1926,0.14596891775727272,0.007230461924336851,1.873536467552185,12.000309348106384
1927,0.14585393853485584,0.007116474269423634,1.8701145648956299,12.003632068634033
1928,0.14608463644981384,0.007401495066005737,1.866697072982788,12.001617550849915
1929,0.14614982530474663,0.007514320139307529,1.8632841110229492,12.000266790390015
1930,0.1459568664431572,0.0073467749753035605,1.8598759174346924,12.001133680343628
1931,0.14629109390079975,0.00772473745746538,1.8564722537994385,12.000163674354553
1932,0.14571847952902317,0.007191957789473236,1.8530733585357666,11.999578952789307
1933,0.14682837016880512,0.008344214176759124,1.8496792316436768,11.998736381530762
1934,0.14584935270249844,0.007396392349619418,1.8462893962860107,11.999006628990173
1935,0.14563390612602234,0.007198517909273505,1.8429038524627686,12.000635147094727
1936,0.14634803123772144,0.007903802674263716,1.839523434638977,12.004899978637695
1937,0.14582275040447712,0.007365311495959759,1.8361475467681885,12.009596467018127
1938,0.14592666178941727,0.007551101152785122,1.8327760696411133,12.004780530929565
1939,0.14678248763084412,0.008460938057396561,1.8294098377227783,12.002745747566223
1940,0.14514897763729095,0.0069027431309223175,1.8260483741760254,11.998575687408447
1941,0.14565573632717133,0.00742871587863192,1.8226916790008545,12.00001072883606
1942,0.14600298181176186,0.007795899990014732,1.8193399906158447,12.001368641853333
1943,0.14600472711026669,0.007844468869734555,1.8159925937652588,12.000033378601074
1944,0.14585491456091404,0.007747685245703906,1.8126500844955444,11.99807345867157
1945,0.14599685184657574,0.007902677229139954,1.8093119859695435,12.000105738639832
1946,0.14543419890105724,0.007362195989117026,1.805978775024414,12.001221776008606
1947,0.14552300982177258,0.00746466004056856,1.8026502132415771,12.003185033798218
1948,0.14520328864455223,0.007138905697502196,1.7993261814117432,12.007112383842468
1949,0.14523326605558395,0.007205622328910977,1.7960073947906494,12.006757020950317
1950,0.14634360559284687,0.008374873956199735,1.7926933765411377,12.004179954528809
1951,0.14673654176294804,0.008841381873935461,1.7893840074539185,12.000132203102112
1952,0.14560506120324135,0.007756708771921694,1.7860796451568604,11.99875557422638
1953,0.1461559757590294,0.008309566415846348,1.7827801704406738,12.001860857009888
1954,0.14507232420146465,0.007291917048860341,1.7794853448867798,11.998555541038513
1955,0.14608128741383553,0.00831654982175678,1.7761948108673096,12.000279307365417
1956,0.14480647072196007,0.007053118955809623,1.772909164428711,12.002426266670227
1957,0.14529778063297272,0.007560313679277897,1.7696280479431152,12.004119157791138
1958,0.1456094216555357,0.007893314235843718,1.7663512229919434,12.00525963306427
1959,0.14585415460169315,0.008203943725675344,1.7630798816680908,12.001941442489624
1960,0.14573878422379494,0.008134770614560694,1.7598134279251099,12.000588297843933
1961,0.1449087057262659,0.0073342256946489215,1.75655198097229,12.000896334648132
1962,0.1449287999421358,0.007368791208136827,1.7532951831817627,12.002706050872803
1963,0.14485825039446354,0.007335183792747557,1.7500427961349487,12.002264022827148
1964,0.1449322272092104,0.007479985011741519,1.7467949390411377,11.998429417610168
1965,0.1445659790188074,0.007136411324609071,1.7435517311096191,11.999405026435852
1966,0.14551620371639729,0.008085030596703291,1.740313172340393,12.002804398536682
1967,0.14372697845101357,0.0063397480407729745,1.7370795011520386,12.001643657684326
1968,0.14465200155973434,0.0073094264371320605,1.7338504791259766,12.000407218933105
1969,0.1445996705442667,0.007286657113581896,1.7306262254714966,12.000675439834595
1970,0.14440893009305,0.007106425939127803,1.7274069786071777,12.002843856811523
1971,0.14516524225473404,0.007884902530349791,1.7241921424865723,12.003841876983643
1972,0.14387160539627075,0.0066393527667969465,1.7209820747375488,12.002243757247925
1973,0.14414669573307037,0.006965666369069368,1.7177766561508179,12.00032663345337
1974,0.14424822106957436,0.0070999019080773,1.7145757675170898,12.000256538391113
1975,0.14539633691310883,0.008277924847789109,1.7113797664642334,12.00046193599701
1976,0.1450777482241392,0.007994325656909496,1.7081878185272217,12.000154852867126
1977,0.1448397897183895,0.007789775496348739,1.7050009965896606,12.000000834465027
1978,0.1448675449937582,0.007864838698878884,1.701818585395813,11.998452186584473
1979,0.14333687163889408,0.006317713123280555,1.698641300201416,12.003274917602539
1980,0.14524677395820618,0.008233602973632514,1.6954686641693115,12.00584864616394
1981,0.14338290132582188,0.006449289037846029,1.6923003196716309,12.00106143951416
1982,0.14360531605780125,0.006716884963680059,1.6891365051269531,11.999706983566284
1983,0.1438101176172495,0.006936103804036975,1.6859779357910156,12.001423597335815
1984,0.14448023028671741,0.007604180660564452,1.6828237771987915,12.004781603813171
1985,0.14490786753594875,0.008120778482407331,1.679673671722412,11.999035716056824
1986,0.1443591434508562,0.0075951769249513745,1.6765283346176147,11.999868750572205
1987,0.14428088068962097,0.007540442398749292,1.673388123512268,12.000656247138977
1988,0.14465528167784214,0.007939139904920012,1.6702523231506348,12.001362323760986
1989,0.1436474584043026,0.0070033802767284214,1.6671208143234253,11.997286915779114
1990,0.14341499097645283,0.006780139461625367,1.663994312286377,11.999490976333618
1991,0.14303087629377842,0.006383016763720661,1.660872220993042,12.00391435623169
1992,0.14389468356966972,0.007276745222043246,1.657754898071289,12.004039406776428
1993,0.14435832388699055,0.007772122684400529,1.65464186668396,12.003978490829468
1994,0.14354361407458782,0.0070266423863358796,1.6515334844589233,12.000164151191711
1995,0.14362446032464504,0.007136682805139571,1.6484297513961792,12.000348567962646
1996,0.14364844374358654,0.007171567354816943,1.6453303098678589,12.002357244491577
1997,0.14381671510636806,0.007367413491010666,1.6422356367111206,12.002694487571716
1998,0.14486093819141388,0.008474589558318257,1.6391454935073853,11.999489545822144
1999,0.14251119643449783,0.006155754090286791,1.636060118675232,11.999484062194824
2000,0.14394795522093773,0.007612824672833085,1.6329796314239502,12.000533819198608
2001,0.1440698318183422,0.007761419110465795,1.6299033164978027,12.000938057899475
2002,0.14389150589704514,0.007610295957420021,1.6268315315246582,12.00128972530365
2003,0.14380456320941448,0.0075437105260789394,1.6237642765045166,12.002321243286133
2004,0.14387544244527817,0.00763400795403868,1.6207016706466675,12.0034419298172
2005,0.1441034898161888,0.007907081977464259,1.617643117904663,12.00199806690216
2006,0.14397652260959148,0.007814017590135336,1.6145890951156616,12.001661539077759
2007,0.14328972063958645,0.007165145769249648,1.611539602279663,12.0009183883667
2008,0.14479279331862926,0.008710283727850765,1.6084949970245361,11.999756097793579
2009,0.14363613910973072,0.00754820293514058,1.6054551601409912,12.003338813781738
2010,0.1436003427952528,0.007569212873931974,1.6024198532104492,12.000693321228027
2011,0.14406578242778778,0.008060273306909949,1.5993887186050415,12.0011625289917
2012,0.14376545324921608,0.007792969583533704,1.5963623523712158,12.00088632106781
2013,0.14362992718815804,0.007665265933610499,1.5933400392532349,12.00312626361847
2014,0.14266224205493927,0.006727350293658674,1.5903221368789673,12.003167152404785
2015,0.14328807219862938,0.0073893871158361435,1.5873090028762817,12.002560138702393
2016,0.14294452406466007,0.0070864479057490826,1.5843003988265991,12.00150728225708
2017,0.14347023144364357,0.007648002589121461,1.581296443939209,12.000926613807678
2018,0.142803642898798,0.007020689488854259,1.5782967805862427,11.999998927116394
2019,0.14342369325459003,0.007652366359252483,1.5753015279769897,12.001831412315369
2020,0.14262492209672928,0.006898616848047823,1.5723108053207397,12.000319719314575
2021,0.14277694188058376,0.0070911936345510185,1.569324254989624,11.999251008033752
2022,0.142126077786088,0.006443574384320527,1.5663422346115112,12.001908302307129
2023,0.1434768009930849,0.007836872420739383,1.5633647441864014,12.000628352165222
2024,0.14284603670239449,0.0072464446420781314,1.5603916645050049,11.9995676279068
2025,0.14355988800525665,0.007986600627191365,1.5574233531951904,11.999905586242676
2026,0.14321983605623245,0.007632875116541982,1.5544594526290894,12.004237055778503
2027,0.14224153943359852,0.006683989719022065,1.5514999628067017,12.004255294799805
2028,0.1419319361448288,0.006426776992157102,1.5485446453094482,12.00197172164917
2029,0.1427931934595108,0.0073201931663788855,1.5455936193466187,12.00170636177063
2030,0.14318894036114216,0.007753907993901521,1.542647123336792,12.000856637954712
2031,0.14260480366647243,0.007200329389888793,1.5397053956985474,12.000742554664612
2032,0.14383616484701633,0.008467528445180506,1.5367677211761475,12.000096201896667
2033,0.14352662861347198,0.008179378928616643,1.53383469581604,12.000890612602234
2034,0.14261855743825436,0.00729019584832713,1.530906081199646,12.001930356025696
2035,0.1428577657788992,0.007569259847514331,1.5279817581176758,12.000869274139404
2036,0.1428893320262432,0.007644163037184626,1.5250614881515503,11.999455571174622
2037,0.14246497116982937,0.007246016641147435,1.5221457481384277,11.999749898910522
2038,0.14290927723050117,0.007677020854316652,1.5192346572875977,12.00399124622345
2039,0.14372273907065392,0.008540085633285344,1.5163276195526123,12.001938104629517
2040,0.1413966678082943,0.006236645276658237,1.513425350189209,12.002577304840088
2041,0.14204766042530537,0.006925254769157618,1.5105273723602295,12.001713514328003
2042,0.14263981953263283,0.007556946715340018,1.5076336860656738,12.000654220581055
2043,0.14273473620414734,0.007651156221982092,1.504744291305542,12.003613948822021
2044,0.14274890907108784,0.00770815066061914,1.5018590688705444,12.002217054367065
2045,0.14180544205009937,0.006830189318861812,1.4989781379699707,11.998547434806824
2046,0.14233590848743916,0.007398237998131663,1.4961020946502686,11.997665286064148
2047,0.1428031511604786,0.0078794447472319,1.493229866027832,11.999140739440918
2048,0.14275768212974072,0.007837592740543187,1.4903619289398193,12.001647353172302
2049,0.14198164455592632,0.007081364921759814,1.4874986410140991,12.002529621124268
2050,0.14307239465415478,0.008201780205126852,1.4846395254135132,12.002422213554382
2051,0.1426809523254633,0.007846974476706237,1.4817851781845093,12.001612901687622
2052,0.14221524074673653,0.007407906756270677,1.47893488407135,12.00179898738861
2053,0.14239799045026302,0.007586753694340587,1.4760890007019043,12.005034923553467
2054,0.1406523585319519,0.005912473076023161,1.4732470512390137,12.000742077827454
2055,0.14281562343239784,0.008120355370920151,1.470409631729126,11.999117374420166
2056,0.1424710415303707,0.007793875760398805,1.467576503753662,12.00014054775238
2057,0.14288711547851562,0.008249961712863296,1.464747428894043,11.998968243598938
2058,0.14278624393045902,0.00816834403667599,1.4619228839874268,11.99986720085144
2059,0.14335450157523155,0.008748705964535475,1.4591023921966553,12.001477241516113
2060,0.14242847450077534,0.007842179446015507,1.4562865495681763,12.0023432970047
2061,0.14288621954619884,0.008302760659717023,1.453474760055542,12.004871249198914
2062,0.14177199639379978,0.007226811198052019,1.4506672620773315,12.003851771354675
2063,0.14212880097329617,0.007629449071828276,1.4478636980056763,12.002071857452393
2064,0.14172882214188576,0.0072808972909115255,1.4450645446777344,11.999728202819824
2065,0.141802329570055,0.007368846738245338,1.4422701597213745,12.001078486442566
2066,0.14211479388177395,0.007673174201045185,1.4394800662994385,12.004682302474976
2067,0.14151780866086483,0.007130824029445648,1.4366939067840576,12.002004742622375
2068,0.14259780198335648,0.008262951218057424,1.433911681175232,11.999573588371277
2069,0.14164120890200138,0.007343422854319215,1.4311341047286987,11.998644828796387
2070,0.14109181240200996,0.0068050429108552635,1.4283604621887207,12.000317096710205
2071,0.1415138877928257,0.007261349936015904,1.4255911111831665,11.99966287612915
2072,0.14066375605762005,0.006409235182218254,1.4228260517120361,12.002626538276672
2073,0.14168492518365383,0.007485731388442218,1.4200652837753296,11.99985420703888
2074,0.1414578277617693,0.007269475434441119,1.4173088073730469,12.001526594161987
2075,0.1418352611362934,0.007628423220012337,1.4145565032958984,12.006127834320068
2076,0.1423458307981491,0.008192358945962042,1.4118080139160156,12.003539562225342
2077,0.14064628072082996,0.006531890016049147,1.4090638160705566,12.002375483512878
2078,0.141651326790452,0.0075809358968399465,1.4063241481781006,12.000715017318726
2079,0.14143401011824608,0.007377902220468968,1.403588891029358,12.002022385597229
2080,0.14067598059773445,0.00666505703702569,1.4008574485778809,12.000235319137573
2081,0.14076918922364712,0.0067874754895456135,1.3981302976608276,12.000041246414185
2082,0.14162552170455456,0.007670519116800278,1.3954076766967773,12.00009298324585
2083,0.14127866178750992,0.007349105435423553,1.3926889896392822,12.000266909599304
2084,0.14073296450078487,0.0068066263338550925,1.3899744749069214,12.002659797668457
2085,0.1422716025263071,0.008385389228351414,1.3872638940811157,12.001357793807983
2086,0.14072559215128422,0.006873712583910674,1.3845570087432861,12.000631332397461
2087,0.1409140806645155,0.00706173072103411,1.3818550109863281,12.003380179405212
2088,0.1409613098949194,0.00712934136390686,1.3791569471359253,12.004040241241455
2089,0.14083162508904934,0.007052148692309856,1.3764630556106567,12.001485109329224
2090,0.14043028466403484,0.006701326929032803,1.373773217201233,11.999122858047485
2091,0.1413110252469778,0.007612071756739169,1.3710877895355225,11.998807907104492
2092,0.14105859585106373,0.007355227950029075,1.3684066534042358,12.001930594444275
2093,0.1420945655554533,0.008413624193053693,1.3657293319702148,12.002364993095398
2094,0.1410725638270378,0.007451835728716105,1.363055944442749,11.999017119407654
2095,0.1406008843332529,0.006990736932493746,1.360386848449707,12.000628113746643
2096,0.14098306186497211,0.007383162679616362,1.3577219247817993,12.002268075942993
2097,0.14134176075458527,0.007761836517602205,1.3550610542297363,12.002931594848633
2098,0.1417118813842535,0.008156432653777301,1.352404236793518,12.003141283988953
2099,0.14186484925448895,0.008356969861779362,1.349751591682434,12.001036763191223
2100,0.1419836189597845,0.008520550676621497,1.3471031188964844,11.99920392036438
2101,0.14126909524202347,0.00781369162723422,1.344459056854248,12.001081228256226
2102,0.14067098125815392,0.007261591323185712,1.341818928718567,11.999120235443115
2103,0.14199962466955185,0.008600128523539752,1.339182734489441,12.000767469406128
2104,0.14084970764815807,0.007453794940374792,1.3365505933761597,12.00304102897644
2105,0.14185154251754284,0.008479305543005466,1.3339225053787231,12.00330138206482
2106,0.14147092960774899,0.008164316706825048,1.3312982320785522,11.99936330318451
2107,0.14106501266360283,0.007758759020362049,1.3286783695220947,12.001947402954102
2108,0.140458595007658,0.0071733875665813684,1.326062560081482,12.002458572387695
2109,0.14006267674267292,0.006819656060542911,1.3234505653381348,12.00085163116455
2110,0.14084933884441853,0.007608573592733592,1.3208434581756592,12.003233194351196
2111,0.14014227502048016,0.006937132042367011,1.3182400465011597,12.002274751663208
2112,0.1404494233429432,0.00726833037333563,1.3156405687332153,12.002469062805176
2113,0.14112511835992336,0.007990170735865831,1.3130449056625366,12.000450372695923
2114,0.14032132551074028,0.007235436816699803,1.310452938079834,11.998136520385742
2115,0.13979285955429077,0.006710533343721181,1.3078652620315552,12.000367641448975
2116,0.14162909612059593,0.008558801375329494,1.3052817583084106,12.001748204231262
2117,0.14194457046687603,0.008892343263141811,1.30270254611969,12.002520561218262
2118,0.14096303097903728,0.007947734848130494,1.3001270294189453,12.001402854919434
2119,0.14024799689650536,0.007232642936287448,1.2975560426712036,12.003979802131653
2120,0.14219053462147713,0.009197413455694914,1.294988751411438,12.004323959350586
2121,0.14066928066313267,0.007748053234536201,1.2924253940582275,11.999697923660278
2122,0.13948057033121586,0.006584519520401955,1.2898659706115723,11.999739408493042
2123,0.14006755501031876,0.007205567380879074,1.2873104810714722,11.998888611793518
2124,0.14170867390930653,0.008833689498715103,1.2847590446472168,12.002739787101746
2125,0.14002001844346523,0.007178836560342461,1.2822116613388062,12.001906991004944
2126,0.14161858335137367,0.008794101944658905,1.2796683311462402,12.002779841423035
2127,0.1397105325013399,0.006924784160219133,1.277162790298462,12.001412034034729
2128,0.14021416567265987,0.0074232363840565085,1.274657964706421,12.004435420036316
2129,0.13971317373216152,0.006972975214011967,1.272153615951538,12.001866817474365
2130,0.14080428518354893,0.008113693620543927,1.2696504592895508,11.999408841133118
2131,0.14126861281692982,0.008606046088971198,1.267148733139038,11.999108076095581
2132,0.14071154594421387,0.008054364996496588,1.264648675918579,12.00106954574585
2133,0.14011967554688454,0.007477936684153974,1.262150764465332,12.002023220062256
2134,0.14068998023867607,0.008075115911196917,1.2596546411514282,12.001832365989685
2135,0.13985440880060196,0.0072340655024163425,1.2571616172790527,12.004873275756836
2136,0.14132190123200417,0.008749711036216468,1.2546706199645996,12.002548933029175
2137,0.14053153432905674,0.007998976216185838,1.2521823644638062,12.001073598861694
2138,0.14097353629767895,0.008460491080768406,1.2496966123580933,12.00160801410675
2139,0.13899659924209118,0.0065527838305570185,1.2472132444381714,11.9971684217453
2140,0.1405862681567669,0.00811542198061943,1.2447333335876465,12.002351641654968
2141,0.139440244063735,0.006967671448364854,1.24225652217865,12.005001068115234
2142,0.14089812710881233,0.008494801702909172,1.2397825717926025,12.000549793243408
2143,0.13975833542644978,0.007370266714133322,1.2373121976852417,12.001495361328125
2144,0.1408974900841713,0.008519960450939834,1.2348451614379883,12.002907991409302
2145,0.13989894837141037,0.007580893230624497,1.2323812246322632,11.999424576759338
2146,0.1397530436515808,0.007459161744918674,1.2299206256866455,11.999467849731445
2147,0.1393996886909008,0.007103329349774867,1.2274634838104248,12.002172470092773
2148,0.1401354856789112,0.007849521876778454,1.2250100374221802,12.003586411476135
2149,0.14046326652169228,0.0082257273606956,1.222559928894043,12.00119423866272
2150,0.13938877917826176,0.007173902471549809,1.2201132774353027,12.00137484073639
2151,0.1401233710348606,0.007937115791719407,1.2176704406738281,12.00095510482788
2152,0.1388539969921112,0.006673815601971,1.2152310609817505,12.002787351608276
2153,0.13935449346899986,0.007170231663621962,1.212795376777649,12.00563108921051
2154,0.13943957909941673,0.007321161916479468,1.2103633880615234,12.001478552818298
2155,0.13932400569319725,0.007268071640282869,1.2079349756240845,11.997658967971802
2156,0.1408981718122959,0.008842882758472115,1.2055103778839111,12.00001847743988
2157,0.13996737822890282,0.007937431335449219,1.2030893564224243,11.999905943870544
2158,0.13895431719720364,0.006950144132133573,1.200671911239624,11.999745845794678
2159,0.1388925351202488,0.006887008668854833,1.1982585191726685,12.002294540405273
2160,0.13968460075557232,0.007702277391217649,1.1958487033843994,12.002383947372437
2161,0.13923663832247257,0.007298718788661063,1.1934423446655273,12.000349998474121
2162,0.13988985121250153,0.007969061320181936,1.191039800643921,12.001039385795593
2163,0.13853396847844124,0.006627004884649068,1.18864107131958,12.002055764198303
2164,0.1394214741885662,0.007514258963055909,1.1862459182739258,12.004476070404053
2165,0.1390160657465458,0.007155828468967229,1.1838548183441162,12.002169132232666
2166,0.13975462317466736,0.007956738874781877,1.1814674139022827,11.998321294784546
2167,0.13890457339584827,0.007120362133719027,1.1790839433670044,11.999337553977966
2168,0.13946153223514557,0.007677884656004608,1.1767041683197021,12.001660704612732
2169,0.13809285312891006,0.006314457452390343,1.174328088760376,12.003511667251587
2170,0.13881531916558743,0.007084897893946618,1.1719555854797363,12.001086711883545
2171,0.13894041813910007,0.007256931101437658,1.1695868968963623,11.998762130737305
2172,0.13903752714395523,0.007357990485616028,1.1672221422195435,12.000731945037842
2173,0.1392094139009714,0.0075867033447138965,1.164860725402832,11.997410893440247
2174,0.1392466090619564,0.007638273295015097,1.1625030040740967,11.998330950737
2175,0.13970346376299858,0.008077716978732497,1.160149335861206,12.00242555141449
2176,0.13914716243743896,0.007528078218456358,1.157799482345581,12.004109263420105
2177,0.13862440548837185,0.007018319913186133,1.1554535627365112,12.005155086517334
2178,0.13989103771746159,0.008335740421898663,1.153111219406128,12.002418994903564
2179,0.13992228358983994,0.008405032567679882,1.1507725715637207,12.00095272064209
2180,0.13874631002545357,0.007270482077728957,1.1484376192092896,11.999145269393921
2181,0.1381528563797474,0.006686378386802971,1.146106243133545,12.000541925430298
2182,0.1388697288930416,0.007426114985719323,1.143778681755066,12.000582933425903
2183,0.13856115750968456,0.007141283247619867,1.1414549350738525,12.000532746315002
2184,0.13841302879154682,0.007010070024989545,1.1391350030899048,12.001160979270935
2185,0.13846305198967457,0.007073629531078041,1.1368186473846436,12.002123713493347
2186,0.13912203535437584,0.007761141925584525,1.1345062255859375,12.001583099365234
2187,0.1393472794443369,0.008007126103620976,1.132197380065918,12.001818299293518
2188,0.13875404372811317,0.007479197054635733,1.129892349243164,11.997592449188232
2189,0.13806156255304813,0.006793828099034727,1.1275910139083862,11.99918270111084
2190,0.13860441185534,0.007328164589125663,1.125293254852295,12.002331733703613
2191,0.13839442655444145,0.007127384538762271,1.1229991912841797,12.003705382347107
2192,0.1382508296519518,0.007020655495580286,1.1207088232040405,12.00230860710144
2193,0.13869000226259232,0.007489398529287428,1.1184221506118774,12.001638650894165
2194,0.1383905876427889,0.007229701732285321,1.1161390542984009,11.999949932098389
2195,0.13812753185629845,0.006986866821534932,1.1138598918914795,12.00020694732666
2196,0.13782787881791592,0.006698592856992036,1.1115844249725342,12.001344323158264
2197,0.13882749155163765,0.0077168678981252015,1.109312653541565,12.001749634742737
2198,0.13835830427706242,0.007282286940608174,1.1070445775985718,12.00055742263794
2199,0.1383234467357397,0.007276418094988912,1.1047800779342651,11.99992299079895
2200,0.13877025060355663,0.007755405851639807,1.102519154548645,11.998965501785278
2201,0.1385517604649067,0.007565247477032244,1.1002616882324219,11.998390078544617
2202,0.13761703856289387,0.006625891022849828,1.0980079174041748,12.001106977462769
2203,0.13807621784508228,0.007075278146658093,1.0957579612731934,12.004336476325989
2204,0.1381340455263853,0.007161143585108221,1.0935118198394775,12.003778576850891
2205,0.13820111379027367,0.007265228487085551,1.0912694931030273,12.00231921672821
2206,0.13954413309693336,0.008625483140349388,1.0890307426452637,12.002834439277649
2207,0.13877925276756287,0.007925015583168715,1.086795687675476,11.99862790107727
2208,0.13857216387987137,0.00773732119705528,1.0845640897750854,11.998920559883118
2209,0.13674631156027317,0.005915078101679683,1.0823357105255127,12.00078797340393
2210,0.13836777210235596,0.007528633170295507,1.0801113843917847,12.00380277633667
2211,0.13858105428516865,0.007768866722472012,1.077890396118164,12.003328561782837
2212,0.1378069892525673,0.0070363382692448795,1.075673222541809,12.001392245292664
2213,0.1381556261330843,0.007419040251988918,1.0734597444534302,12.00019896030426
2214,0.13829617388546467,0.007562262879218906,1.071250081062317,12.002141237258911
2215,0.13782295770943165,0.007121518661733717,1.069043755531311,12.001100420951843
2216,0.13803713954985142,0.007349152641836554,1.0668408870697021,12.00195848941803
2217,0.13842951133847237,0.007759144064038992,1.0646419525146484,12.002395033836365
2218,0.13736512511968613,0.006739329954143614,1.062446117401123,12.000133633613586
2219,0.13684329763054848,0.0062247784226201475,1.0602543354034424,12.001598238945007
2220,0.1381808388978243,0.007598912518005818,1.0580661296844482,12.000126719474792
2221,0.1379121858626604,0.007347872015088797,1.0558812618255615,12.000550508499146
2222,0.13769415579736233,0.007138445391319692,1.0537004470825195,12.00187087059021
2223,0.13820756413042545,0.00768074207007885,1.051522970199585,12.00115954875946
2224,0.1379445195198059,0.0074394140392541885,1.049349069595337,12.001161694526672
2225,0.1377109605818987,0.007249052810948342,1.0471785068511963,11.999012470245361
2226,0.13922931998968124,0.008764774887822568,1.0450117588043213,12.001442909240723
2227,0.1380067802965641,0.007549521513283253,1.0428485870361328,12.002877712249756
2228,0.13710367679595947,0.00664718053303659,1.0406889915466309,12.004961013793945
2229,0.13820957951247692,0.007817360514309257,1.0385324954986572,12.000689506530762
2230,0.1383723709732294,0.008021263813134283,1.0363796949386597,11.99873149394989
2231,0.13848048821091652,0.008113655960187316,1.0342307090759277,12.002452850341797
2232,0.1373470388352871,0.007032661407720298,1.0320851802825928,11.999353051185608
2233,0.13767218589782715,0.007347165490500629,1.0299433469772339,12.002558946609497
2234,0.1380628775805235,0.007778064580634236,1.0278050899505615,12.000676274299622
2235,0.13808356411755085,0.007827653549611568,1.0256702899932861,11.999921202659607
2236,0.13778571411967278,0.007545195578131825,1.0235388278961182,12.000512957572937
2237,0.13763182051479816,0.007422187307383865,1.0214108228683472,11.999552965164185
2238,0.13878975622355938,0.00858511117985472,1.0192863941192627,12.00117838382721
2239,0.137755224481225,0.007568146917037666,1.0171654224395752,12.001542448997498
2240,0.13695223815739155,0.006770573672838509,1.0150481462478638,12.003118753433228
2241,0.13817211240530014,0.008012392441742122,1.0129342079162598,12.003037929534912
2242,0.13796799257397652,0.007833244802895933,1.0108238458633423,12.002651333808899
2243,0.13715878129005432,0.007044149737339467,1.0087170600891113,12.002746343612671
2244,0.13728912360966206,0.007220261788461357,1.0066136121749878,12.000272989273071
2245,0.13765584118664265,0.007618040079250932,1.0045139789581299,11.999266386032104
2246,0.1373608447611332,0.007326952589210123,1.0024176836013794,12.000971555709839
2247,0.13866423815488815,0.008668226713780314,1.0003246068954468,11.999276638031006
2248,0.1372657585889101,0.007291156507562846,0.9982351064682007,11.99922513961792
2249,0.1379050388932228,0.007910498476121575,0.9961491823196411,12.003305315971375
2250,0.13803141564130783,0.00804905453696847,0.9940666556358337,12.004169821739197
2251,0.1376890018582344,0.007752566831186414,0.991987407207489,12.001656413078308
2252,0.13800294697284698,0.008093907963484526,0.989911675453186,12.000992774963379
2253,0.13692564889788628,0.007041556236799806,0.9878395795822144,12.000570058822632
2254,0.1373560819774866,0.00749546755105257,0.9857710599899292,12.000290751457214
2255,0.13652944192290306,0.006679312500637025,0.983705997467041,12.001307725906372
2256,0.13713923282921314,0.007282753300387412,0.9816446304321289,12.004003524780273
2257,0.13729671202600002,0.00749185960739851,0.9795862436294556,12.000899314880371
2258,0.13656252808868885,0.006778642535209656,0.9775313138961792,12.000857472419739
2259,0.1366441510617733,0.006870696321129799,0.9754794836044312,12.001866102218628
2260,0.13654537312686443,0.006820044131018221,0.9734311699867249,11.999102234840393
2261,0.13603678904473782,0.006332594261039048,0.9713864922523499,11.999033331871033
2262,0.13831455633044243,0.008607925206888467,0.9693453907966614,12.001318335533142
2263,0.13691192120313644,0.007227477326523513,0.9673076868057251,12.001137018203735
2264,0.13683081977069378,0.0071681191911920905,0.9652731418609619,12.000997066497803
2265,0.13712396286427975,0.007461752160452306,0.9632422924041748,12.002978920936584
2266,0.1375412605702877,0.007910765009000897,0.961214542388916,12.001835346221924
2267,0.1369192749261856,0.007318748743273318,0.959190309047699,12.000862717628479
2268,0.1378151886165142,0.008230724488385022,0.9571696519851685,12.001277208328247
2269,0.13687684759497643,0.007311180408578366,0.9551522135734558,12.001414775848389
2270,0.13711726292967796,0.007575295865535736,0.9531380534172058,12.00105905532837
2271,0.1366397924721241,0.007108182646334171,0.9511274099349976,12.002033710479736
2272,0.13711980171501637,0.007610471511725336,0.9491201043128967,12.001813292503357
2273,0.13690600357949734,0.007414477120619267,0.9471162557601929,12.002036929130554
2274,0.13773860223591328,0.00827133032726124,0.9451156258583069,12.001611948013306
2275,0.13718005269765854,0.007741242297925055,0.9431184530258179,12.000762939453125
2276,0.13726398348808289,0.007862466620281339,0.941124677658081,11.999027132987976
2277,0.13707884959876537,0.007655855850316584,0.9391342997550964,12.003165125846863
2278,0.1374918818473816,0.008085410168860108,0.9371470808982849,12.00350022315979
2279,0.13630053214728832,0.00691934151109308,0.9351633787155151,12.002955913543701
2280,0.13663180358707905,0.007273739029187709,0.933182954788208,12.002623438835144
2281,0.13626373000442982,0.006939774903003126,0.9312057495117188,12.001189827919006
2282,0.1370339524000883,0.007727159128990024,0.929232120513916,12.001447439193726
2283,0.13693886995315552,0.007655505556613207,0.9272618889808655,12.0010746717453
2284,0.13717473484575748,0.00792876840569079,0.9252949953079224,11.999301552772522
2285,0.13608845137059689,0.006846783973742276,0.9233313798904419,12.000835657119751
2286,0.13598774187266827,0.006733505229931325,0.9213711023330688,12.004052639007568
2287,0.13715406507253647,0.007954722095746547,0.9194140434265137,12.000520944595337
2288,0.136105602607131,0.006906856840942055,0.9174604415893555,12.002414584159851
2289,0.13606938160955906,0.006895571015775204,0.9155099987983704,12.001871705055237
2290,0.1375036370009184,0.008354821300599724,0.9135627746582031,12.00131869316101
2291,0.13739162497222424,0.008267061843071133,0.9116190671920776,12.000837326049805
2292,0.13660034351050854,0.007511874311603606,0.9096782803535461,11.999168753623962
2293,0.1364674512296915,0.007385242730379105,0.9077410697937012,12.0004802942276
2294,0.1358485110104084,0.006753869238309562,0.9058072566986084,12.003657221794128
2295,0.13622369058430195,0.00714607781264931,0.903876781463623,12.003884673118591
2296,0.13669285364449024,0.007675357279367745,0.9019493460655212,11.999800443649292
2297,0.13618618808686733,0.007187761948443949,0.900025486946106,11.999817728996277
2298,0.1366190519183874,0.00763443298637867,0.8981045484542847,12.000357627868652
2299,0.13613637164235115,0.007176889572292566,0.8961868286132812,11.999761819839478
2300,0.13735936768352985,0.008401090744882822,0.8942727446556091,12.001555442810059
2301,0.13612398132681847,0.007184787129517645,0.8923618197441101,12.001558065414429
2302,0.136213893070817,0.007294759445358068,0.8904542326927185,12.00145959854126
2303,0.1369395311921835,0.008014188206288964,0.8885501027107239,12.003984451293945
2304,0.13716676086187363,0.008280317240860313,0.8866488933563232,12.00199568271637
2305,0.1366402469575405,0.007810571405570954,0.8847507834434509,11.998216986656189
2306,0.13671126030385494,0.007864917803090066,0.8828562498092651,12.001778244972229
2307,0.1375353652983904,0.008696449513081461,0.8809646964073181,12.00292682647705
2308,0.13593565300107002,0.007126718002837151,0.8790761828422546,12.00181770324707
2309,0.13598148711025715,0.007199837011285126,0.8771911859512329,12.000974297523499
2310,0.13560509867966175,0.006844476738478988,0.8753092288970947,12.000753164291382
2311,0.13547398895025253,0.00672095431946218,0.8734309077262878,12.001872777938843
2312,0.13598189130425453,0.00727207405725494,0.8715556859970093,11.999426364898682
2313,0.13626306876540184,0.007583303144201636,0.8696836829185486,11.998293399810791
2314,0.1351222973316908,0.006453498615883291,0.8678146600723267,11.999065399169922
2315,0.1364489607512951,0.007750128104817122,0.8659490346908569,12.003934502601624
2316,0.1357435192912817,0.00707776885246858,0.864086389541626,12.00248897075653
2317,0.1357759889215231,0.00714862736640498,0.8622268438339233,12.00050950050354
2318,0.13630832731723785,0.007715685234870762,0.8603707551956177,11.998893737792969
2319,0.13650422170758247,0.007892071094829589,0.8585179448127747,12.002697348594666
2320,0.13575791008770466,0.007166439085267484,0.8566683530807495,12.002479076385498
2321,0.1362003069370985,0.0076290834113024175,0.8548217415809631,12.002301216125488
2322,0.13541276939213276,0.006853005033917725,0.8529782295227051,12.00299859046936
2323,0.1359155923128128,0.007392873638309538,0.8511379361152649,12.001134037971497
2324,0.13500566966831684,0.00650255469372496,0.8493008017539978,12.00101113319397
2325,0.13532131351530552,0.006854352861410007,0.8474670052528381,11.999229431152344
2326,0.1364616360515356,0.008013631915673614,0.8456363677978516,11.999164342880249
2327,0.1357682254165411,0.007308153610210866,0.8438091278076172,12.002198338508606
2328,0.1358923800289631,0.007467965653631836,0.8419848680496216,12.000457167625427
2329,0.1352441944181919,0.006819210480898619,0.8401636481285095,12.002334713935852
2330,0.13566401414573193,0.007267087115906179,0.8383454084396362,12.001347422599792
2331,0.13605249486863613,0.007682938012294471,0.8365302681922913,12.000425815582275
2332,0.1356659196317196,0.007282363309059292,0.8347183465957642,12.003637671470642
2333,0.13616866990923882,0.007840015459805727,0.8329095244407654,11.999956369400024
2334,0.13498371466994286,0.00666584400460124,0.831104040145874,12.000683426856995
2335,0.1356420498341322,0.007301224744878709,0.8293019533157349,12.004780769348145
2336,0.134840477257967,0.0065478632459416986,0.8275026679039001,12.001758813858032
2337,0.13568634539842606,0.00740757497260347,0.8257068395614624,12.002170324325562
2338,0.13537208549678326,0.007144819071982056,0.8239138126373291,11.998813509941101
2339,0.13573740795254707,0.00753881101263687,0.8221237063407898,11.99773633480072
2340,0.1367058176547289,0.008467060222756118,0.8203369975090027,12.003539204597473
2341,0.13532063737511635,0.0071254593203775585,0.8185604214668274,12.00095796585083
2342,0.1356820110231638,0.007498216698877513,0.8167864084243774,12.001593232154846
2343,0.13544059731066227,0.007275654992554337,0.8150148987770081,12.001479387283325
2344,0.13550951331853867,0.007365854340605438,0.8132458329200745,12.001120328903198
2345,0.13649900071322918,0.008374334778636694,0.8114794492721558,12.000987529754639
2346,0.1357654444873333,0.007668322592508048,0.8097154498100281,11.99999713897705
2347,0.1370508223772049,0.008983177947811782,0.8079542517662048,11.998810291290283
2348,0.13588829524815083,0.007811843475792557,0.8061956167221069,12.001449584960938
2349,0.13628751412034035,0.008226426725741476,0.8044397234916687,12.00166928768158
2350,0.1357184313237667,0.007675384258618578,0.8026865720748901,12.0016188621521
2351,0.13609042204916477,0.008072578930296004,0.8009361028671265,12.000848531723022
2352,0.13557979464530945,0.007562554033938795,0.7991886138916016,12.002536058425903
2353,0.13595024682581425,0.007936702808365226,0.7974438071250916,12.003910899162292
2354,0.13636868260800838,0.008396902703680098,0.7957058548927307,12.00147259235382
2355,0.13599900156259537,0.008063516579568386,0.79397052526474,11.999578475952148
2356,0.13521278649568558,0.00727770320372656,0.7922378778457642,12.001270771026611
2357,0.1343381367623806,0.006441236939281225,0.790507435798645,11.999183177947998
2358,0.1351955533027649,0.0073136945720762014,0.7887797355651855,11.999406218528748
2359,0.1356758438050747,0.007810925017111003,0.7870544791221619,11.9994375705719
2360,0.1355827208608389,0.007716327614616603,0.7853319048881531,12.001307725906372
2361,0.13619902357459068,0.008327901421580464,0.7836119532585144,12.003500580787659
2362,0.13477008044719696,0.00695121509488672,0.7818946838378906,11.99999213218689
2363,0.1357639841735363,0.007954286120366305,0.7801804542541504,12.000789523124695
2364,0.13536860793828964,0.007526396482717246,0.7784693837165833,12.005752086639404
2365,0.13543148338794708,0.007622081262525171,0.7767608165740967,12.00417971611023
2366,0.1346055343747139,0.00685469713062048,0.7750551700592041,12.000028729438782
2367,0.13500621356070042,0.007259659701958299,0.773352324962616,12.001303315162659
2368,0.1357315517961979,0.008016836596652865,0.7716520428657532,11.999819874763489
2369,0.13720684871077538,0.009509367868304253,0.7699545621871948,11.999793887138367
2370,0.13540389388799667,0.007730587967671454,0.7682600021362305,11.999070644378662
2371,0.13489006087183952,0.0072175111854448915,0.7665684223175049,12.000686764717102
2372,0.13478360697627068,0.007110831560567021,0.7648798227310181,12.002397894859314
2373,0.1352854110300541,0.007605357037391514,0.7631941437721252,12.004811525344849
2374,0.134705051779747,0.00708004436455667,0.7615112066268921,12.00098991394043
2375,0.13496903330087662,0.007364428543951362,0.7598313689231873,12.000629544258118
2376,0.13430042378604412,0.006687433458864689,0.7581545114517212,12.00314486026764
2377,0.13379322737455368,0.006223253905773163,0.75648033618927,12.000517129898071
2378,0.13546262681484222,0.00790012686047703,0.7548091411590576,12.001441240310669
2379,0.1347078327089548,0.007159156899433583,0.7531408071517944,12.001726984977722
2380,0.13509472832083702,0.007566841901279986,0.7514753937721252,12.00131344795227
2381,0.13392757065594196,0.006416887161321938,0.7498129606246948,12.001255750656128
2382,0.13435964658856392,0.006874663580674678,0.7481534481048584,12.00034511089325
2383,0.13558423332870007,0.008111321192700416,0.7464967966079712,12.000794529914856
2384,0.1349575649946928,0.007508563459850848,0.7448431253433228,12.000057220458984
2385,0.13492616638541222,0.007487245835363865,0.7431923747062683,12.000699877738953
2386,0.13430694118142128,0.0068721952848136425,0.7415446043014526,12.001929998397827
2387,0.1355369221419096,0.008102059888187796,0.739899754524231,12.003586649894714
2388,0.13508081249892712,0.007679508009459823,0.7382575869560242,12.001873016357422
2389,0.13512910529971123,0.007762513298075646,0.7366183996200562,12.000041007995605
2390,0.1354270838201046,0.008062485547270626,0.7349821329116821,12.00147795677185
2391,0.13515614345669746,0.007823802123311907,0.7333488464355469,11.99988567829132
2392,0.13494963012635708,0.007638056529685855,0.7317184209823608,11.999439239501953
2393,0.13454262353479862,0.007240772538352758,0.730090856552124,12.000094294548035
2394,0.13353752717375755,0.0062268833280541,0.728466272354126,12.002598404884338
2395,0.13509930297732353,0.007811079849489033,0.7268447279930115,12.001977801322937
2396,0.13460759073495865,0.007345319783780724,0.7252258062362671,12.001001715660095
2397,0.13426064513623714,0.007024029968306422,0.7236098647117615,12.000051975250244
2398,0.1355865690857172,0.008361460524611175,0.7219968438148499,12.000514268875122
2399,0.13488133810460567,0.007668770209420472,0.7203863859176636,12.0008704662323
2400,0.1343591120094061,0.007154655701015145,0.7187790274620056,12.00166666507721
2401,0.1347399614751339,0.00754585099639371,0.7171745300292969,12.002236723899841
2402,0.13453678227961063,0.0073491504881531,0.7155730724334717,12.003190517425537
2403,0.13410416804254055,0.006948575261048973,0.7139742970466614,12.001585006713867
2404,0.13394125550985336,0.006806459277868271,0.7123785018920898,12.00110125541687
2405,0.13421889767050743,0.007124727300833911,0.7107855081558228,11.998631954193115
2406,0.13576429337263107,0.00867141189519316,0.7091953158378601,12.000093221664429
2407,0.13515277951955795,0.0080671904142946,0.7076081037521362,12.000950932502747
2408,0.13500242866575718,0.007920255069620907,0.7060236930847168,12.002194046974182
2409,0.13499874249100685,0.007913825451396406,0.7044423222541809,12.004049301147461
2410,0.13420575857162476,0.007147227006498724,0.7028636336326599,12.002990126609802
2411,0.13394758105278015,0.006941357161849737,0.701287567615509,11.999335408210754
2412,0.1346845980733633,0.007681608782149851,0.699714720249176,12.000584244728088
2413,0.13408229313790798,0.00709874409949407,0.6981444358825684,12.000210523605347
2414,0.13462885282933712,0.007660717237740755,0.6965770125389099,12.000236511230469
2415,0.13366711884737015,0.006708084489218891,0.6950126886367798,12.000890970230103
2416,0.1346482764929533,0.007727304066065699,0.693450927734375,11.99864661693573
2417,0.134260855615139,0.007334406895097345,0.6918919682502747,12.000753164291382
2418,0.13388137891888618,0.0069362157373689115,0.6903359889984131,12.004180550575256
2419,0.1347630824893713,0.007844092440791428,0.6887824535369873,12.003117084503174
2420,0.1343861948698759,0.007483582885470241,0.6872318983078003,12.003029465675354
2421,0.13441322557628155,0.00755629560444504,0.6856842041015625,12.000008940696716
2422,0.1348204631358385,0.00798147136811167,0.6841394901275635,11.999759912490845
2423,0.13388670049607754,0.0070481469738297164,0.6825976371765137,12.001258254051208
2424,0.1353395227342844,0.008534013177268207,0.6810585260391235,11.999492645263672
2425,0.13402198068797588,0.007197371392976493,0.6795220375061035,12.002939105033875
2426,0.13388627208769321,0.007062765536829829,0.6780186295509338,12.004332423210144
2427,0.1342545747756958,0.00742780975997448,0.6765146255493164,12.006162285804749
2428,0.13504792749881744,0.008273072598967701,0.6750104427337646,12.002475261688232
2429,0.13508198782801628,0.008328180585522205,0.6735203862190247,12.001860857009888
2430,0.13550472259521484,0.008785178419202566,0.6720294952392578,11.999925136566162
2431,0.13383039832115173,0.007117602974176407,0.6705384254455566,12.000741362571716
2432,0.1338414791971445,0.007141101348679513,0.6690471172332764,12.000990986824036
2433,0.13411258906126022,0.00744228606345132,0.6675557494163513,11.999474883079529
2434,0.1333987470716238,0.00673214317066595,0.6660648584365845,12.000595569610596
2435,0.1351705566048622,0.008522103657014668,0.6645744442939758,12.000271201133728
2436,0.1338860671967268,0.007224378001410514,0.6630847454071045,12.003084301948547
2437,0.13369810953736305,0.007071889936923981,0.6615959405899048,12.001026511192322
2438,0.13399244844913483,0.00737037044018507,0.6601084470748901,12.002099633216858
2439,0.1342010386288166,0.007603508769534528,0.6586223840713501,12.00113070011139
2440,0.13408344984054565,0.007523041043896228,0.6571378707885742,11.998903274536133
2441,0.13423234969377518,0.007651530497241765,0.655655026435852,12.002427339553833
2442,0.13441604189574718,0.007854472438339144,0.6541738510131836,12.001983404159546
2443,0.13378694839775562,0.007239407335873693,0.6526944637298584,12.002060174942017
2444,0.13434587232768536,0.007812147116055712,0.6512169241905212,12.002156019210815
2445,0.13380583375692368,0.007316509203519672,0.6497411727905273,11.999191761016846
2446,0.1337138656526804,0.0072376258904114366,0.6482675671577454,11.999356627464294
2447,0.1349613331258297,0.008487206068821251,0.6467961668968201,12.000616788864136
2448,0.1333565879613161,0.006875003455206752,0.6453269124031067,12.00283169746399
2449,0.13345048762857914,0.006971554830670357,0.6438599228858948,12.00403368473053
2450,0.13354647904634476,0.007106182805728167,0.6423950791358948,12.001634955406189
2451,0.13428553566336632,0.007848800159990788,0.640932559967041,12.00274133682251
2452,0.13348466157913208,0.007086975791025907,0.6394723057746887,12.000296831130981
2453,0.13439878076314926,0.008017455984372646,0.6380144953727722,12.000118494033813
2454,0.13422691449522972,0.007854849740397185,0.6365591883659363,12.00064754486084
2455,0.13426299020648003,0.00789845222607255,0.6351064443588257,12.001347422599792
2456,0.1325970906764269,0.006272237456869334,0.6336559057235718,11.99882984161377
2457,0.1332041546702385,0.006860521447379142,0.6322078704833984,12.002155661582947
2458,0.1343730390071869,0.00803323567379266,0.6307623982429504,12.003218293190002
2459,0.13376399129629135,0.0074369244975969195,0.6293190717697144,12.003387808799744
2460,0.1327077243477106,0.006421106343623251,0.6278784275054932,12.000783681869507
2461,0.1333384606987238,0.007064799312502146,0.6264403462409973,12.000925779342651
2462,0.13395364582538605,0.00768424675334245,0.6250048279762268,12.001935243606567
2463,0.13376313634216785,0.007515410776250064,0.6235719323158264,12.001200795173645
2464,0.13303152844309807,0.006794619606807828,0.6221415996551514,12.001549482345581
2465,0.13338701613247395,0.007168702315539122,0.6207137107849121,12.001118183135986
2466,0.1335755754262209,0.007365100842434913,0.6192883253097534,12.00175952911377
2467,0.13389188796281815,0.0077008194057270885,0.6178655624389648,12.001241683959961
2468,0.13286565244197845,0.006691766669973731,0.6164453625679016,12.000943779945374
2469,0.13322517275810242,0.00705923733767122,0.6150278449058533,12.001566052436829
2470,0.1330471783876419,0.006890167423989624,0.613612949848175,12.00208842754364
2471,0.13391769863665104,0.007786786998622119,0.6122007369995117,12.000890493392944
2472,0.13403054513037205,0.00792581937275827,0.6107909679412842,11.99968159198761
2473,0.13210453279316425,0.005995986110065132,0.6093838214874268,12.001470685005188
2474,0.13361904211342335,0.0075033992470707744,0.6079791784286499,12.003585457801819
2475,0.13318550400435925,0.007111895771231502,0.6065769195556641,12.000784158706665
2476,0.13285998813807964,0.006795649998821318,0.6051772832870483,12.001256585121155
2477,0.13329396955668926,0.007257895078510046,0.6037803292274475,11.99982762336731
2478,0.13298317417502403,0.006950079463422298,0.6023861169815063,12.00092363357544
2479,0.13345027901232243,0.007398107904009521,0.6009945869445801,12.004222989082336
2480,0.13365646079182625,0.007635893009137362,0.5996054410934448,12.002451300621033
2481,0.13320443779230118,0.0071918065077625215,0.5982189178466797,12.003044486045837
2482,0.13263641484081745,0.006666110944934189,0.5968349575996399,12.000195741653442
2483,0.13269602321088314,0.006731817382387817,0.5954533815383911,12.000967502593994
2484,0.1331704445183277,0.007216429570689797,0.594074547290802,12.001327276229858
2485,0.1329901572316885,0.007054548768792301,0.592698335647583,12.0008624792099
2486,0.13424729369580746,0.00831707107136026,0.5913248062133789,12.001697897911072
2487,0.13404585793614388,0.008142809150740504,0.5899537801742554,12.000351548194885
2488,0.1331747118383646,0.007265967666171491,0.5885851979255676,12.002289533615112
2489,0.13256345316767693,0.006656232930254191,0.5872191190719604,12.003503441810608
2490,0.13368191570043564,0.007790226663928479,0.5858554244041443,12.003313660621643
2491,0.13346707075834274,0.007584108388982713,0.5844945907592773,12.003801584243774
2492,0.1335302498191595,0.007706779579166323,0.5831361413002014,11.999211430549622
2493,0.1325723621994257,0.006766080798115581,0.5817804336547852,11.998847723007202
2494,0.13303913548588753,0.007230086252093315,0.580427348613739,12.00047767162323
2495,0.13313627243041992,0.007334704510867596,0.5790767669677734,12.00108027458191
2496,0.13406207971274853,0.008247185964137316,0.5777287483215332,12.003760814666748
2497,0.1334624756127596,0.007681170245632529,0.5763831734657288,12.001747369766235
2498,0.13363326154649258,0.007852353854104877,0.5750400424003601,12.003051042556763
2499,0.13295117765665054,0.007188074931036681,0.573699414730072,12.00261116027832
2500,0.13287031091749668,0.007119348738342524,0.5723612904548645,12.002735376358032
2501,0.1323769874870777,0.006650156166870147,0.5710256695747375,12.001657724380493
2502,0.13403364829719067,0.00830565596697852,0.5696927309036255,12.003106832504272
2503,0.13226915709674358,0.00657778128515929,0.5683623552322388,12.000775575637817
2504,0.13272993825376034,0.007078677124809474,0.5670343041419983,11.998092412948608
2505,0.13274380192160606,0.00707531621446833,0.5657089948654175,12.001139760017395
2506,0.13239603117108345,0.006726235907990485,0.5643861293792725,12.002593398094177
2507,0.13327551260590553,0.007646301644854248,0.5630656480789185,11.999855756759644
2508,0.13339215144515038,0.007762664812617004,0.5617477893829346,12.001201152801514
2509,0.13287872821092606,0.007262964907567948,0.5604323744773865,12.001144170761108
2510,0.13273228891193867,0.007112943392712623,0.5591193437576294,12.00281548500061
2511,0.13236751779913902,0.006742665020283312,0.5578088760375977,12.004676699638367
2512,0.13205762952566147,0.00647260167170316,0.5565007328987122,12.002002358436584
2513,0.13245372846722603,0.006897358689457178,0.5551952123641968,12.000442028045654
2514,0.13292618840932846,0.007368499180302024,0.5538924336433411,12.001876831054688
2515,0.13280259259045124,0.007286092441063374,0.552591860294342,11.999058246612549
2516,0.13326100446283817,0.007740414410363883,0.5512941479682922,12.000765085220337
2517,0.13261242024600506,0.007105191645678133,0.5499986410140991,12.00072431564331
2518,0.132117772474885,0.006626299524214119,0.5487055778503418,12.000442028045654
2519,0.1331581138074398,0.007673105224967003,0.547415018081665,12.001085996627808
2520,0.13297800347208977,0.007508613751269877,0.5461267232894897,12.00081217288971
2521,0.13362283632159233,0.008143960672896355,0.544840931892395,12.003046989440918
2522,0.13218736462295055,0.006728660024236888,0.5435575842857361,12.002312898635864
2523,0.13236412405967712,0.0069437912898138165,0.5422768592834473,11.999756693840027
2524,0.13388972356915474,0.008477326889988035,0.5409983992576599,12.00024151802063
2525,0.13388286344707012,0.008445966173894703,0.5397226214408875,12.00396728515625
2526,0.1330831330269575,0.007681305112782866,0.5384490489959717,12.001734018325806
2527,0.13417678885161877,0.00878088059835136,0.5371780395507812,12.002412915229797
2528,0.13459659554064274,0.009246759640518576,0.5359092950820923,11.999074578285217
2529,0.13349766843020916,0.008122158527839929,0.5346431732177734,12.002907872200012
2530,0.1332370825111866,0.007858534634578973,0.533379316329956,12.004475831985474
2531,0.13357639126479626,0.00823480251710862,0.5321181416511536,12.00204074382782
2532,0.13281224109232426,0.0075202942825853825,0.5308593511581421,11.998335599899292
2533,0.13403103686869144,0.00873156898887828,0.5296029448509216,12.000343918800354
2534,0.1325704175978899,0.0072542320704087615,0.5283488035202026,12.003270149230957
2535,0.1327987853437662,0.007496542937587947,0.5270969271659851,12.003127455711365
2536,0.13235086761415005,0.007027910090982914,0.5258475542068481,12.00644826889038
2537,0.13204729557037354,0.006768018763978034,0.5246007442474365,12.003327131271362
2538,0.13270549103617668,0.0074636852950789034,0.5233564376831055,12.000824213027954
2539,0.13315766118466854,0.007937348273117095,0.5221145749092102,11.999917030334473
2540,0.13355822302401066,0.008377402904443443,0.5208749175071716,11.997207403182983
2541,0.13329817727208138,0.008095593308098614,0.5196376442909241,12.00062096118927
2542,0.13205347955226898,0.006869563716463745,0.5184027552604675,11.999988794326782
2543,0.13293313048779964,0.007748362084385008,0.5171703696250916,12.001306533813477
2544,0.13208285346627235,0.0069061824469827116,0.5159401893615723,12.00172734260559
2545,0.13273607939481735,0.007552557275630534,0.514712393283844,12.003640174865723
2546,0.13220048695802689,0.0070108219515532255,0.5134868621826172,12.00547981262207
2547,0.1322605013847351,0.007118886860553175,0.5122637748718262,12.001898050308228
2548,0.1326431054621935,0.007525037799496204,0.5110433101654053,12.000763893127441
2549,0.13311078026890755,0.007993796491064131,0.5098252296447754,12.001873850822449
2550,0.13296587578952312,0.007885079481638968,0.5086093544960022,11.999470591545105
2551,0.1329768244177103,0.00792858935892582,0.5073956847190857,11.997428178787231
2552,0.13309048861265182,0.008017184096388519,0.5061845183372498,12.001146078109741
2553,0.13343104533851147,0.00836377392988652,0.5049756765365601,12.001751780509949
2554,0.1319861151278019,0.006920893327333033,0.5037692785263062,12.002753257751465
2555,0.13227346539497375,0.007222879328764975,0.5025651454925537,12.002493977546692
2556,0.13150378689169884,0.006449423322919756,0.5013632774353027,12.00407350063324
2557,0.13385098241269588,0.00884535553632304,0.5001637935638428,12.000398993492126
2558,0.13208609260618687,0.007086838886607438,0.4989667236804962,12.000958800315857
2559,0.13239669241011143,0.007411315105855465,0.49777185916900635,12.000765919685364
2560,0.13213509880006313,0.007143894210457802,0.4965793490409851,12.002541303634644
2561,0.1322214026004076,0.007220142753794789,0.4953891932964325,12.004737377166748
2562,0.13216892257332802,0.007216564146801829,0.4942011833190918,12.001034617424011
2563,0.13230766914784908,0.007389879843685776,0.4930155873298645,11.998763799667358
2564,0.13243694603443146,0.007504625187721103,0.49183252453804016,12.001399874687195
2565,0.1324169859290123,0.00750677747419104,0.4906517267227173,12.000369668006897
2566,0.13234099373221397,0.007439776847604662,0.48947322368621826,12.000648856163025
2567,0.1319996863603592,0.007093872642144561,0.4882969856262207,12.002284526824951
2568,0.1323852874338627,0.007499995932448655,0.48712286353111267,12.00140655040741
2569,0.1327215861529112,0.00782693427754566,0.4859510660171509,12.003514409065247
2570,0.13259640894830227,0.007716194959357381,0.4847816228866577,12.00324022769928
2571,0.13204310275614262,0.007205705565866083,0.48361438512802124,12.000125646591187
2572,0.1324421502649784,0.007624540012329817,0.4824496805667877,11.999311685562134
2573,0.1311669833958149,0.006336557446047664,0.48128706216812134,12.001755714416504
2574,0.13098190911114216,0.006145011575426906,0.4801269471645355,12.003563165664673
2575,0.13204400613904,0.0072188544436357915,0.47896912693977356,12.003546476364136
2576,0.1317596510052681,0.006970648828428239,0.4778134226799011,12.001087307929993
2577,0.1325523778796196,0.007781839172821492,0.4766598641872406,12.000394344329834
2578,0.13247202895581722,0.007713782659266144,0.47550851106643677,12.000316143035889
2579,0.13273253850638866,0.007979021640494466,0.474359393119812,12.00099265575409
2580,0.1316536944359541,0.006912803626619279,0.47321265935897827,12.000876903533936
2581,0.1321479994803667,0.007412346254568547,0.4720684289932251,12.001497149467468
2582,0.13202964141964912,0.00729653617599979,0.47092655301094055,12.002384424209595
2583,0.13214505091309547,0.007411776634398848,0.4697868227958679,12.003541111946106
2584,0.13178648985922337,0.0070867445901967585,0.46864914894104004,12.001325845718384
2585,0.13201544992625713,0.007336124894209206,0.4675135612487793,12.000418901443481
2586,0.13138177432119846,0.006690508918836713,0.46638035774230957,12.002746343612671
2587,0.13179375790059566,0.007131222344469279,0.46524927020072937,12.001004338264465
2588,0.13152731023728848,0.006892623438034207,0.46412038803100586,11.999348759651184
2589,0.1315330769866705,0.006899254862219095,0.462993860244751,12.000388503074646
2590,0.13145739771425724,0.006814167834818363,0.46186965703964233,12.002453565597534
2591,0.13198999501764774,0.00737342907814309,0.46074777841567993,12.000908970832825
2592,0.13142416812479496,0.006838802190031856,0.45962801575660706,11.998908877372742
2593,0.13101378455758095,0.0064264374086633325,0.45851051807403564,12.000224113464355
2594,0.1313098855316639,0.006690976850222796,0.4573952555656433,12.004496097564697
2595,0.13110151514410973,0.006516209221445024,0.4562819302082062,12.002248883247375
2596,0.13149058260023594,0.006928351183887571,0.4551708698272705,12.001052260398865
2597,0.13234198093414307,0.007793523196596652,0.4540621042251587,12.000783801078796
2598,0.13179386034607887,0.007268852437846363,0.4529554843902588,11.999545931816101
2599,0.1332159899175167,0.00870003318414092,0.4518510103225708,11.99974501132965
2600,0.13140344060957432,0.00688807776896283,0.45074886083602905,12.000787734985352
2601,0.13072478957474232,0.006204573146533221,0.4496488571166992,12.002373218536377
2602,0.13180874660611153,0.007281281985342503,0.44855108857154846,12.00419557094574
2603,0.13236849382519722,0.00788647826993838,0.4474555552005768,12.000746250152588
2604,0.1322363894432783,0.0077737567480653524,0.4463621973991394,11.999901413917542
2605,0.13116993941366673,0.006727225845679641,0.44527101516723633,11.999000668525696
2606,0.13149714283645153,0.007037643808871508,0.4441819489002228,12.001768350601196
2607,0.13243999890983105,0.007961391122080386,0.44309499859809875,12.00476598739624
2608,0.13214457593858242,0.00770824309438467,0.4420100152492523,12.001623630523682
2609,0.13280829414725304,0.008390064700506628,0.4409274756908417,12.000895738601685
2610,0.13163806311786175,0.00721136515494436,0.4398471713066101,12.002822756767273
2611,0.13129118457436562,0.006893491663504392,0.4387688636779785,12.0010005235672
2612,0.13118649646639824,0.00681152252946049,0.4376928508281708,11.999805092811584
2613,0.13197064772248268,0.007599564152769744,0.4366191327571869,12.000489711761475
2614,0.1317854430526495,0.007402513467241079,0.43554750084877014,12.002745866775513
2615,0.13245545700192451,0.008071167103480548,0.43447792530059814,12.00395119190216
2616,0.1315638329833746,0.007236518955323845,0.4334101676940918,11.999321579933167
2617,0.131947573274374,0.007623186567798257,0.4323447048664093,12.000094175338745
2618,0.1319725438952446,0.00764254474779591,0.4312814772129059,12.001718521118164
2619,0.13286935910582542,0.00854596117278561,0.430220365524292,12.002119660377502
2620,0.13222436979413033,0.00794521695934236,0.42916139960289,11.998754382133484
2621,0.13188951835036278,0.007613194058649242,0.4281046986579895,11.999528527259827
2622,0.13179903849959373,0.007498483522795141,0.4270501136779785,12.003005743026733
2623,0.13165689446032047,0.0073673370643518865,0.42599743604660034,12.00295865535736
2624,0.1320637334138155,0.007783627661410719,0.42494696378707886,12.003063559532166
2625,0.13218780234456062,0.007951536390464753,0.4238986372947693,11.999728322029114
2626,0.1307911705225706,0.006533406558446586,0.42285260558128357,12.002923965454102
2627,0.13061102479696274,0.0063655387493781745,0.4218085706233978,12.002740144729614
2628,0.1313542127609253,0.007162570662330836,0.4207664132118225,11.998397946357727
2629,0.13166246563196182,0.0074672557529993355,0.41972649097442627,11.999794602394104
2630,0.13165641762316227,0.007471773191355169,0.41868865489959717,11.999775767326355
2631,0.13235844299197197,0.008167690073605627,0.41765299439430237,12.001422762870789
2632,0.1315164864063263,0.0073304371908307076,0.41661927103996277,12.001986026763916
2633,0.13130551017820835,0.007128623721655458,0.4155876338481903,12.002101302146912
2634,0.13167749904096127,0.007494673074688762,0.4145582318305969,12.003724455833435
2635,0.13123472407460213,0.007052497530821711,0.41353103518486023,12.004692077636719
2636,0.1316842883825302,0.00755421188659966,0.4125056862831116,12.000502228736877
2637,0.1316457949578762,0.007518275058828294,0.41148263216018677,12.001269936561584
2638,0.13206671737134457,0.007966585457324982,0.4104614853858948,11.999551892280579
2639,0.13220045156776905,0.00809815461980179,0.4094424545764923,12.000787496566772
2640,0.13146216422319412,0.007366234145592898,0.4084254801273346,12.00116777420044
2641,0.13129211030900478,0.007221885898616165,0.4074104130268097,11.999612212181091
2642,0.13203408010303974,0.007940852083265781,0.40639764070510864,12.002925515174866
2643,0.13100541941821575,0.006944201537407935,0.4053868055343628,12.00073516368866
2644,0.1318413820117712,0.0078074606717564166,0.4043780565261841,11.999014616012573
2645,0.1313853468745947,0.007340996293351054,0.4033714234828949,12.00106406211853
2646,0.13273129239678383,0.00866526662139222,0.40236684679985046,12.004235744476318
2647,0.13091225735843182,0.006871792487800121,0.401364266872406,12.002682566642761
2648,0.13087277300655842,0.006859668006654829,0.4003636837005615,12.000946879386902
2649,0.13168327510356903,0.007693477091379464,0.3993651568889618,11.999614953994751
2650,0.1313962358981371,0.007400208909530193,0.3983686864376068,12.001234292984009
2651,0.13020335137844086,0.006218148162588477,0.39737415313720703,12.00114643573761
2652,0.13146774470806122,0.007507188594900072,0.3963816165924072,11.999674439430237
2653,0.13173102401196957,0.007776290061883628,0.3953912854194641,12.00008237361908
2654,0.13119655847549438,0.007250189781188965,0.39440298080444336,12.000234246253967
2655,0.13257098384201527,0.008625936461612582,0.39341670274734497,12.001088380813599
2656,0.1317400112748146,0.007822212355677038,0.39243224263191223,11.999348163604736
2657,0.1316224355250597,0.0076875086524523795,0.3914499580860138,12.002043008804321
2658,0.13141313754022121,0.00745869567617774,0.39046967029571533,12.004974842071533
2659,0.1314009390771389,0.007493640179745853,0.38949131965637207,12.001238822937012
2660,0.1311309840530157,0.007225673121865839,0.38851502537727356,12.002016186714172
2661,0.13151833601295948,0.007648563652765006,0.38754066824913025,11.999436616897583
2662,0.13081423565745354,0.006939004699233919,0.38656848669052124,12.000954985618591
2663,0.13149177841842175,0.007617202529218048,0.3855981230735779,12.001859784126282
2664,0.1317120511084795,0.00786574772791937,0.3846298158168793,12.000000953674316
2665,0.13100502640008926,0.007160289620514959,0.3836634159088135,12.000810027122498
2666,0.1310323402285576,0.007179399952292442,0.38269898295402527,12.00259518623352
2667,0.13091626949608326,0.007107685029041022,0.38173651695251465,11.999122381210327
2668,0.13136738538742065,0.007544201915152371,0.38077619671821594,12.001542448997498
2669,0.13129758462309837,0.00747755664633587,0.3798179626464844,12.002184987068176
2670,0.13210143521428108,0.008306976174935699,0.37886160612106323,12.000584483146667
2671,0.13121586479246616,0.007419986475724727,0.3779071867465973,12.001680612564087
2672,0.13157715275883675,0.0077760881395079195,0.3769547641277313,12.003151893615723
2673,0.13134787417948246,0.007569941924884915,0.37600427865982056,12.001788973808289
2674,0.13115418143570423,0.007396803528536111,0.37505578994750977,12.00068211555481
2675,0.1313059888780117,0.0075566646992228925,0.37410926818847656,12.000823736190796
2676,0.13219187036156654,0.008442032267339528,0.373164564371109,12.001819729804993
2677,0.13219320215284824,0.008486344595439732,0.3722217381000519,11.998464226722717
2678,0.131447933614254,0.007693548803217709,0.37128087878227234,12.004157900810242
2679,0.13027811981737614,0.0065316574182361364,0.3703421652317047,12.004304766654968
2680,0.13180171884596348,0.008092840842436999,0.3694053292274475,12.001482725143433
2681,0.1311508659273386,0.007454503152985126,0.36847060918807983,12.001166224479675
2682,0.13028817251324654,0.0066091802436858416,0.36753782629966736,12.000361800193787
2683,0.13064265623688698,0.006956334633287042,0.3666069805622101,12.002025485038757
2684,0.13046583533287048,0.006774530163966119,0.3656778931617737,12.003452777862549
2685,0.1307583637535572,0.007089322432875633,0.36475077271461487,12.002153277397156
2686,0.13132923655211926,0.007658673857804388,0.36382555961608887,12.003231048583984
2687,0.13166767917573452,0.008015742525458336,0.3629022538661957,12.002291560173035
2688,0.13074222765862942,0.007127326563932002,0.3619808554649353,11.999509572982788
2689,0.1306789293885231,0.007068193866871297,0.3610614836215973,12.000012278556824
2690,0.1317416224628687,0.008128367189783603,0.36014413833618164,12.001181483268738
2691,0.13072707317769527,0.007125043426640332,0.35922861099243164,12.000974416732788
2692,0.1306673251092434,0.0070620274636894464,0.35831505060195923,12.002215027809143
2693,0.13087640888988972,0.007279996352735907,0.3574032485485077,12.002238392829895
2694,0.13101664185523987,0.007402121555060148,0.35649341344833374,12.004958629608154
2695,0.1312333606183529,0.007656828791368753,0.3555853068828583,12.002068161964417
2696,0.13126977533102036,0.007712929567787796,0.3546791076660156,12.00100588798523
2697,0.13117649033665657,0.007641845615580678,0.3537748157978058,11.999690055847168
2698,0.12981242686510086,0.006281689507886767,0.35287249088287354,12.00020146369934
2699,0.13091479428112507,0.00739435333525762,0.35197219252586365,12.000072240829468
2700,0.1314247939735651,0.007911500986665487,0.3510739207267761,12.000255465507507
2701,0.13035004027187824,0.0068471128470264375,0.35017746686935425,12.000115513801575
2702,0.13045050203800201,0.0069272074033506215,0.3492828905582428,12.003046751022339
2703,0.1303857360035181,0.0068809186341241,0.3483900725841522,12.002092003822327
2704,0.1306723766028881,0.007159810571465641,0.34749889373779297,12.003758072853088
2705,0.1300323661416769,0.0065168539877049625,0.3466096818447113,12.004941582679749
2706,0.13064375147223473,0.007138738001231104,0.34572237730026245,12.004778742790222
2707,0.13144918158650398,0.007954341359436512,0.3448370397090912,12.004647374153137
2708,0.1312494706362486,0.007831398397684097,0.34395352005958557,11.997853875160217
2709,0.13128096982836723,0.007848343055229634,0.3430720567703247,12.00019109249115
2710,0.13077404163777828,0.007359459588769823,0.34219232201576233,11.999266028404236
2711,0.13083169609308243,0.007400509726721793,0.3413143754005432,12.00180447101593
2712,0.13079597428441048,0.007335324073210359,0.34043845534324646,12.005626797676086
2713,0.13053281418979168,0.007111471320968121,0.33956411480903625,12.002570390701294
2714,0.13069304451346397,0.007237800513394177,0.33869192004203796,12.006832718849182
2715,0.1305011510848999,0.007094954082276672,0.33782127499580383,12.002798795700073
2716,0.13086161948740482,0.007480900501832366,0.33695247769355774,12.00111985206604
2717,0.13087104074656963,0.007470152631867677,0.3360857367515564,12.004003405570984
2718,0.13134809024631977,0.007981809787452221,0.3352207541465759,12.001407504081726
2719,0.1306145954877138,0.0072508687153458595,0.33435776829719543,12.002015352249146
2720,0.13142206519842148,0.008060971507802606,0.3334965407848358,12.002613306045532
2721,0.1315082497894764,0.008171686728019267,0.33263692259788513,12.001019597053528
2722,0.13108908385038376,0.007739969820249826,0.33177927136421204,12.003132343292236
2723,0.13054680451750755,0.007186671020463109,0.3309234380722046,12.005090117454529
2724,0.1301650684326887,0.00683415710227564,0.330069363117218,12.003022074699402
2725,0.13053246028721333,0.007209757051896304,0.32921743392944336,12.003053069114685
2726,0.1306126844137907,0.007312558533158153,0.3283671438694,12.001645922660828
2727,0.130872355774045,0.00757421285379678,0.3275188207626343,12.002295732498169
2728,0.1303896065801382,0.0071115929167717695,0.3266720473766327,12.001129508018494
2729,0.130196126177907,0.006924255576450378,0.3258269429206848,12.001360297203064
2730,0.13156715780496597,0.008263783704023808,0.32498374581336975,12.005353927612305
2731,0.1300890687853098,0.0067946555209346116,0.32414209842681885,12.00529944896698
2732,0.13027086667716503,0.007017453899607062,0.32330241799354553,12.002039074897766
2733,0.13115454837679863,0.007930467545520514,0.32246488332748413,11.999943256378174
2734,0.13086288422346115,0.007646793499588966,0.32162928581237793,11.999979853630066
2735,0.12994933687150478,0.006728311302140355,0.3207953870296478,12.001307487487793
2736,0.13005082309246063,0.006827518955105916,0.3199630081653595,12.002367496490479
2737,0.13090596720576286,0.0076899376581422985,0.3191322088241577,12.002470850944519
2738,0.13071779534220695,0.0074945607339031994,0.31830307841300964,12.00402057170868
2739,0.13136879168450832,0.008146194508299232,0.31747570633888245,12.004784107208252
2740,0.13010980375111103,0.006902191089466214,0.3166503310203552,12.004110932350159
2741,0.13003726117312908,0.006853193044662476,0.31582701206207275,12.002579689025879
2742,0.13005287386476994,0.006888688891194761,0.3150055706501007,12.001413106918335
2743,0.1300015226006508,0.006842506700195372,0.3141860067844391,12.001715779304504
2744,0.13047640211880207,0.007335437403526157,0.3133679926395416,12.000729084014893
2745,0.1296983677893877,0.0065766211482696235,0.31255143880844116,11.999623656272888
2746,0.13013084419071674,0.007008553831838071,0.3117365837097168,12.000492691993713
2747,0.13036205992102623,0.0072357021272182465,0.31092333793640137,12.001712679862976
2748,0.13064963929355145,0.00752856774488464,0.31011196970939636,12.00199544429779
2749,0.12960330583155155,0.006477537739556283,0.30930250883102417,12.00327467918396
2750,0.13028969429433346,0.007178556174039841,0.3084949851036072,12.002618789672852
2751,0.1311881523579359,0.008082352753262967,0.3076891601085663,12.002891063690186
2752,0.1314467191696167,0.008370916009880602,0.3068850338459015,12.000695824623108
2753,0.1303284913301468,0.0072827888070605695,0.30608245730400085,11.998487949371338
2754,0.13111667335033417,0.008045694325119257,0.3052816689014435,12.001816511154175
2755,0.1301016639918089,0.0070496772532351315,0.30448246002197266,12.00071632862091
2756,0.13077251054346561,0.0077241939143277705,0.30368509888648987,12.001147031784058
2757,0.13007115945219994,0.007029817090369761,0.3028894364833832,12.001245141029358
2758,0.1295430138707161,0.006493099557701498,0.30209559202194214,12.002895832061768
2759,0.13035738468170166,0.0073042886215262115,0.3013034462928772,12.004006624221802
2760,0.13098203018307686,0.007964940858073533,0.3005131185054779,12.001196503639221
2761,0.131011750549078,0.008030872675590217,0.2997244596481323,11.998363614082336
2762,0.13091248460114002,0.007920570496935397,0.2989374101161957,12.000254392623901
2763,0.13028844259679317,0.007279869576450437,0.29815205931663513,12.002705574035645
2764,0.13075634464621544,0.007784290472045541,0.29736822843551636,11.999837636947632
2765,0.13087613694369793,0.007897852337919176,0.296586275100708,12.001242518424988
2766,0.1309280376881361,0.00796649744734168,0.29580605030059814,12.000348210334778
2767,0.12932876497507095,0.006353447155561298,0.29502761363983154,12.002504348754883
2768,0.13110721111297607,0.008140075660776347,0.29425081610679626,12.002463221549988
2769,0.13013199903070927,0.007204358407761902,0.29347556829452515,11.999288558959961
2770,0.13153338246047497,0.008590865356381983,0.29270216822624207,12.00154983997345
2771,0.13012446463108063,0.007197458588052541,0.29193031787872314,12.000770568847656
2772,0.13016961328685284,0.007257375313201919,0.29116010665893555,12.0000638961792
2773,0.130790738388896,0.007858884811867028,0.2903916537761688,12.002793908119202
2774,0.1303946115076542,0.007496496196836233,0.28962481021881104,12.000186920166016
2775,0.13038471899926662,0.007490214775316417,0.2888597548007965,12.000591039657593
2776,0.1306304708123207,0.007743587426375598,0.2880963683128357,12.000592470169067
2777,0.1302814930677414,0.007404269475955516,0.2873345613479614,12.000387907028198
2778,0.13019938953220844,0.007314662740100175,0.28657445311546326,12.001898407936096
2779,0.12981637194752693,0.00692635215818882,0.2858160734176636,12.003186225891113
2780,0.13016230426728725,0.007303280173800886,0.28505927324295044,12.000843524932861
2781,0.13070539943873882,0.00786625052569434,0.28430408239364624,11.999611139297485
2782,0.12993585132062435,0.007100829156115651,0.2835506200790405,11.9999520778656
2783,0.13043705187737942,0.007597286778036505,0.28279873728752136,12.00117826461792
2784,0.13036715984344482,0.007540716498624533,0.28204843401908875,12.000596046447754
2785,0.1307744700461626,0.007954583270475268,0.2812999486923218,12.000688910484314
2786,0.12932818569242954,0.0065207413281314075,0.28055301308631897,12.000191807746887
2787,0.13008982874453068,0.007279150246176869,0.27980780601501465,12.001260042190552
2788,0.13000133261084557,0.007171664503403008,0.2790641486644745,12.003903031349182
2789,0.13172473572194576,0.008936568396165967,0.27832216024398804,12.000494599342346
2790,0.1299453265964985,0.007158449210692197,0.2775817811489105,12.001106262207031
2791,0.1307923011481762,0.008028608397580683,0.27684301137924194,11.999526619911194
2792,0.13046147301793098,0.0076987845241092145,0.27610576152801514,12.000163316726685
2793,0.13036081194877625,0.007585914863739163,0.27537015080451965,12.00212013721466
2794,0.12880923599004745,0.0060420570080168545,0.2746362090110779,12.002081751823425
2795,0.1298099383711815,0.0070514127146452665,0.2739039957523346,12.001948833465576
2796,0.12983275391161442,0.007074205088429153,0.2731734812259674,12.002681732177734
2797,0.13020159862935543,0.007479049498215318,0.27244454622268677,11.999810695648193
2798,0.12963154911994934,0.006917618855368346,0.2717171311378479,11.99967622756958
2799,0.13129602745175362,0.008578790933825076,0.2709912657737732,12.000732660293579
2800,0.12972554937005043,0.007019943150226027,0.27026697993278503,12.000293850898743
2801,0.13011599704623222,0.007397805922664702,0.2695442736148834,12.002275109291077
2802,0.13026047497987747,0.007530085043981671,0.2688232660293579,12.004216313362122
2803,0.12993679381906986,0.0072377443430013955,0.2681037187576294,12.00180172920227
2804,0.12999208271503448,0.007316022936720401,0.26738595962524414,12.00022041797638
2805,0.1301313303411007,0.007470334763638675,0.26666975021362305,11.999430418014526
2806,0.12998750433325768,0.007291116926353425,0.2659551203250885,12.003684043884277
2807,0.13027150928974152,0.007575005874969065,0.2652421295642853,12.004408478736877
2808,0.12955567985773087,0.006912999553605914,0.2645304203033447,11.999738097190857
2809,0.12991641089320183,0.007264009560458362,0.26382046937942505,12.001420140266418
2810,0.1300942301750183,0.007454976555891335,0.26311206817626953,12.000813484191895
2811,0.13080007582902908,0.00817032199120149,0.26240527629852295,12.000570297241211
2812,0.13007294572889805,0.007451894460245967,0.2617001533508301,12.000404834747314
2813,0.1302891243249178,0.007671432686038315,0.26099658012390137,12.000772714614868
2814,0.13003580458462238,0.007409929530695081,0.26029467582702637,12.002293229103088
2815,0.1294349990785122,0.00679183256579563,0.25959429144859314,12.004722714424133
2816,0.12983295880258083,0.007213863602373749,0.2588953673839569,12.003014206886292
2817,0.13120057992637157,0.008615379163529724,0.2581979036331177,12.000322580337524
2818,0.12912381254136562,0.006546017073560506,0.257502019405365,12.000277996063232
2819,0.12977749668061733,0.00722251326078549,0.2568076550960541,11.998691082000732
2820,0.1303533110767603,0.007787080539856106,0.2561149299144745,12.000508546829224
2821,0.12966860830783844,0.007082455849740654,0.25542378425598145,12.003191471099854
2822,0.12976597249507904,0.007211181451566517,0.2547340989112854,12.000745058059692
2823,0.13002320006489754,0.0074820484151132405,0.25404608249664307,12.000069379806519
2824,0.12910978309810162,0.006583972950465977,0.2533595860004425,11.999221682548523
2825,0.13000784255564213,0.007477435457985848,0.2526746094226837,12.000366449356079
2826,0.13004536740481853,0.007484739297069609,0.2519911527633667,12.004071831703186
2827,0.12885193899273872,0.006301085231825709,0.25130918622016907,12.00377631187439
2828,0.1300072818994522,0.007469391217455268,0.2506287395954132,12.00316059589386
2829,0.12875478714704514,0.00624479545513168,0.24994976818561554,12.001049280166626
2830,0.12929776310920715,0.006818141671828926,0.24927233159542084,11.998690247535706
2831,0.13084840588271618,0.008364437380805612,0.24859648942947388,11.99980080127716
2832,0.130914693698287,0.008452899812255055,0.2479221075773239,11.998257398605347
2833,0.1307917069643736,0.008338349172845483,0.2472492903470993,11.99808669090271
2834,0.12983902916312218,0.0073522585444152355,0.24657808244228363,12.00209903717041
2835,0.1311746295541525,0.008683785796165466,0.24590830504894257,12.003176212310791
2836,0.13087841123342514,0.008394945412874222,0.2452399730682373,12.003106713294983
2837,0.13086937554180622,0.00840142520610243,0.24457316100597382,12.002222180366516
2838,0.1300379280000925,0.007548954279627651,0.24390801787376404,12.004989743232727
2839,0.13075324706733227,0.008294864441268146,0.2432442009449005,12.002594470977783
2840,0.13143057562410831,0.00900617300067097,0.24258194863796234,11.999858617782593
2841,0.13022908009588718,0.007826435612514615,0.24192112684249878,11.998343467712402
2842,0.12957788817584515,0.007139900873880833,0.24126195907592773,12.002537369728088
2843,0.13047643192112446,0.008058571547735482,0.24060416221618652,12.001182079315186
2844,0.1301061399281025,0.007731832563877106,0.23994776606559753,11.997483134269714
2845,0.13051443919539452,0.008102036372292787,0.2392929643392563,12.001947522163391
2846,0.1302132997661829,0.0077998662600293756,0.23863953351974487,12.00270402431488
2847,0.13081531785428524,0.00840557663468644,0.23798763751983643,12.002986669540405
2848,0.13047265261411667,0.008110508788377047,0.2373371571302414,11.99887764453888
2849,0.12922055274248123,0.006850724166724831,0.23668843507766724,12.000294804573059
2850,0.13109273836016655,0.008698066405486315,0.23604130744934082,12.00342607498169
2851,0.13076730258762836,0.008380875340662897,0.2353954017162323,12.003247261047363
2852,0.12913550809025764,0.006771031592506915,0.23475080728530884,12.001697182655334
2853,0.12928667291998863,0.006933951925020665,0.2341076135635376,12.001164674758911
2854,0.1304070819169283,0.008042875851970166,0.23346589505672455,12.002954959869385
2855,0.12958658672869205,0.00724283984163776,0.23282569646835327,12.001549124717712
2856,0.1297673974186182,0.007457611849531531,0.23218703269958496,11.998791575431824
2857,0.13004954159259796,0.0077450143289752305,0.23155000805854797,11.998902797698975
2858,0.12954449094831944,0.007223144231829792,0.23091456294059753,12.001220226287842
2859,0.12887371145188808,0.006556818319950253,0.23028044402599335,12.0014089345932
2860,0.12951966375112534,0.007215965772047639,0.22964757680892944,12.000722408294678
2861,0.12998966500163078,0.007693402760196477,0.22901605069637299,12.000610589981079
2862,0.12924453057348728,0.006945031345821917,0.22838596999645233,12.001564264297485
2863,0.12973623909056187,0.007446570845786482,0.2277572751045227,12.00120997428894
2864,0.1292453147470951,0.006967871857341379,0.22713007032871246,12.000614285469055
2865,0.12893923744559288,0.00665533950086683,0.22650450468063354,12.001885533332825
2866,0.13059649616479874,0.008306329778861254,0.2258804440498352,12.003136992454529
2867,0.1287723071873188,0.006506044650450349,0.2252577394247055,12.001368641853333
2868,0.12875708751380444,0.006518830137792975,0.22463645040988922,11.999189496040344
2869,0.13086655922234058,0.008638656523544341,0.22401659190654755,11.998773694038391
2870,0.13017131760716438,0.007935247733257711,0.2233981043100357,12.000209331512451
2871,0.12855280749499798,0.006317820108961314,0.22278091311454773,12.000718235969543
2872,0.12947724014520645,0.007239587139338255,0.22216512262821198,12.001600623130798
2873,0.1291131153702736,0.006876236293464899,0.22155077755451202,12.002137303352356
2874,0.12900278344750404,0.006770593055989593,0.2209378480911255,12.002281188964844
2875,0.12909761629998684,0.00688233703840524,0.22032633423805237,12.001201629638672
2876,0.12983844988048077,0.007631865970324725,0.21971628069877625,12.00094199180603
2877,0.12894527986645699,0.0067577242734842,0.21910759806632996,11.999648571014404
2878,0.12884646095335484,0.006660963874310255,0.21850045025348663,12.000049591064453
2879,0.1297321543097496,0.007543313200585544,0.21789468824863434,12.000989556312561
2880,0.1293902639299631,0.007223115768283606,0.2172902226448059,11.999424815177917
2881,0.12929988652467728,0.007123006973415613,0.2166871726512909,12.001000761985779
2882,0.12972048111259937,0.007550974260084331,0.21608541905879974,12.00086534023285
2883,0.12915982492268085,0.006983895611483604,0.21548515558242798,12.002107977867126
2884,0.13008333556354046,0.007915142632555217,0.21488621830940247,12.001933455467224
2885,0.12961761839687824,0.007472062367014587,0.21428871154785156,12.000267148017883
2886,0.13006312027573586,0.007882297679316252,0.21369287371635437,12.004389762878418
2887,0.12951242364943027,0.007363733689999208,0.2130982130765915,12.001771211624146
2888,0.12976284697651863,0.007646534068044275,0.2125047743320465,11.99912703037262
2889,0.12836778536438942,0.006234705855604261,0.21191272139549255,12.001395463943481
2890,0.1292100865393877,0.007085215940605849,0.21132196485996246,12.001165628433228
2891,0.12904633954167366,0.0069354681763798,0.21073263883590698,12.000354886054993
2892,0.12973916716873646,0.007642468088306487,0.2101447433233261,11.999525308609009
2893,0.12982475571334362,0.007718817563727498,0.2095583826303482,12.001035571098328
2894,0.12876307778060436,0.006653253687545657,0.20897334814071655,12.002009510993958
2895,0.12975981831550598,0.007682582538109273,0.2083895206451416,11.999334216117859
2896,0.1297995913773775,0.007702455564867705,0.20780706405639648,12.001906871795654
2897,0.1290991399437189,0.0070122237666510046,0.20722596347332,12.001465916633606
2898,0.12848038971424103,0.006400397804100066,0.2066461443901062,12.00135350227356
2899,0.12967193499207497,0.007588527165353298,0.20606771111488342,12.002273201942444
2900,0.12891241535544395,0.00684241415001452,0.2054905891418457,12.00150990486145
2901,0.1284203603863716,0.006348228198476136,0.20491495728492737,12.002298474311829
2902,0.12904582731425762,0.007008446613326669,0.20434056222438812,11.999397993087769
2903,0.12990988604724407,0.007887641317211092,0.2037675827741623,11.998457193374634
2904,0.1297238040715456,0.007674279157072306,0.2031959593296051,12.00175654888153
2905,0.12914241664111614,0.007119343674276024,0.20262561738491058,11.99968159198761
2906,0.12966970540583134,0.007630340231116861,0.20205675065517426,12.001880049705505
2907,0.13005778938531876,0.008029911143239588,0.20148909091949463,12.001299262046814
2908,0.1297341287136078,0.007728752680122852,0.20092272758483887,11.99961507320404
2909,0.12918652966618538,0.007155270199291408,0.20035764575004578,12.002768278121948
2910,0.12978868186473846,0.007781876542139798,0.19979386031627655,12.000887155532837
2911,0.1304344590753317,0.0084353206329979,0.19923138618469238,12.000682711601257
2912,0.1302607413381338,0.00824903225293383,0.19867035746574402,12.002500891685486
2913,0.12905076146125793,0.007048490748275071,0.1981106847524643,12.002116799354553
2914,0.12959741801023483,0.007579278142657131,0.19755247235298157,12.00426185131073
2915,0.1288849115371704,0.006927832844667137,0.196995347738266,11.99871289730072
2916,0.12966779433190823,0.00772235871409066,0.19643960893154144,11.998104333877563
2917,0.13037469424307346,0.00841589696938172,0.19588515162467957,11.999995112419128
2918,0.12909642420709133,0.007110729697160423,0.19533194601535797,12.003237962722778
2919,0.1294620167464018,0.007481188571546227,0.19478003680706024,12.003302812576294
2920,0.12897296622395515,0.0070346626453101635,0.19422924518585205,11.999601483345032
2921,0.1293137799948454,0.007366103818640113,0.1936800479888916,12.00108790397644
2922,0.128943283110857,0.006979699828661978,0.19313210248947144,12.003226399421692
2923,0.12941120751202106,0.00749228335916996,0.19258540868759155,11.99930727481842
2924,0.1290421038866043,0.007136262720450759,0.1920401155948639,11.998544335365295
2925,0.12848030216991901,0.006542876653838903,0.1914961040019989,12.002246856689453
2926,0.1300257034599781,0.008098129590507597,0.1909533143043518,12.00180447101593
2927,0.13034948892891407,0.008432343252934515,0.19041165709495544,12.001303434371948
2928,0.12886055000126362,0.00693104334641248,0.18987134099006653,12.003079652786255
2929,0.130042914301157,0.008134912059176713,0.18933230638504028,12.001468420028687
2930,0.12838385067880154,0.006475535919889808,0.1887945532798767,12.002037286758423
2931,0.12868871539831161,0.0068083786172792315,0.18825814127922058,11.999776124954224
2932,0.12950607389211655,0.007620429852977395,0.1877230405807495,12.00084125995636
2933,0.1295901332050562,0.007704960182309151,0.1871892809867859,12.001328468322754
2934,0.12963741645216942,0.007765480491798371,0.18665669858455658,12.000537395477295
2935,0.12879391945898533,0.006920734595041722,0.18612536787986755,12.001193523406982
2936,0.12910028733313084,0.007242189021781087,0.1855952888727188,12.00021481513977
2937,0.12930694222450256,0.007427617267239839,0.18506652116775513,12.00286614894867
2938,0.12944097630679607,0.007581516751088202,0.18453896045684814,12.001407384872437
2939,0.12856086902320385,0.0067136980360373855,0.18401259183883667,12.000704765319824
2940,0.13060066848993301,0.008751339162699878,0.18348750472068787,12.001445531845093
2941,0.12943997979164124,0.007615888549480587,0.182963564991951,11.999445915222168
2942,0.12929917499423027,0.00743771978886798,0.1824411153793335,12.00370454788208
2943,0.1284306515008211,0.006593765632715076,0.18191969394683838,12.001769185066223
2944,0.1293040458112955,0.007476755243260413,0.18139967322349548,12.00132930278778
2945,0.12930788099765778,0.007485576323233545,0.18088096380233765,12.001349687576294
2946,0.12824280746281147,0.006445574632380158,0.18036341667175293,11.99936044216156
2947,0.12887600250542164,0.007044677389785647,0.1798473447561264,12.00328516960144
2948,0.12976384535431862,0.007965838187374175,0.17933228611946106,12.000468611717224
2949,0.130230613052845,0.008441619109362364,0.17881837487220764,12.000081658363342
2950,0.1294822134077549,0.007679949048906565,0.1783057153224945,12.001920819282532
2951,0.12872233614325523,0.00692224339582026,0.1777941882610321,12.00221562385559
2952,0.12921491637825966,0.007411996426526457,0.17728403210639954,12.003008365631104
2953,0.12908102944493294,0.007327342580538243,0.17677512764930725,11.998593807220459
2954,0.12937560491263866,0.00761955272173509,0.17626748979091644,11.999337792396545
2955,0.12866165675222874,0.006875297985970974,0.1757611185312271,12.002875089645386
2956,0.12932580709457397,0.00755743810441345,0.17525574564933777,12.00158143043518
2957,0.12896185368299484,0.00719988951459527,0.1747516691684723,12.001445174217224
2958,0.12876676954329014,0.007017633819486946,0.17424887418746948,12.000665068626404
2959,0.12982997484505177,0.008083352586254478,0.173747256398201,12.000915169715881
2960,0.1293695718050003,0.007622910023201257,0.1732468456029892,12.001419186592102
2961,0.12963307835161686,0.007890567823778838,0.17274750769138336,12.001503825187683
2962,0.12939993478357792,0.00765818078070879,0.1722494661808014,12.00192642211914
2963,0.12947612814605236,0.007738281332422048,0.17175263166427612,12.002032279968262
2964,0.12879816815257072,0.007096776913385838,0.17125695943832397,11.998882293701172
2965,0.1292998343706131,0.0075835095485672355,0.17076270282268524,12.000869989395142
2966,0.1301399078220129,0.008427518187090755,0.17026959359645844,12.000969767570496
2967,0.1301183234900236,0.008431013440713286,0.16977748274803162,11.998953700065613
2968,0.12821393087506294,0.006519644928630441,0.1692866086959839,12.000142455101013
2969,0.1299488116055727,0.008251741761341691,0.16879692673683167,12.00091004371643
2970,0.1295752301812172,0.007845304033253342,0.16830843687057495,12.004684448242188
2971,0.1289958618581295,0.007289712724741548,0.1678210198879242,12.00279414653778
2972,0.12915840931236744,0.007482148823328316,0.16733480989933014,12.000291466712952
2973,0.12938112020492554,0.007693701656535268,0.1668500155210495,12.00189220905304
2974,0.12884465046226978,0.007186516071669757,0.16636629402637482,11.999447107315063
2975,0.12925308384001255,0.007592650887090713,0.1658838540315628,12.00015938282013
2976,0.12885822914540768,0.007183864829130471,0.16540253162384033,12.002034306526184
2977,0.12876405753195286,0.007103889307472855,0.16492226719856262,12.001094937324524
2978,0.1282475795596838,0.006596017687115818,0.16444316506385803,12.000713348388672
2979,0.12819042801856995,0.006547544500790536,0.1639651507139206,12.000323414802551
2980,0.1282768938690424,0.006633052136749029,0.1634882688522339,12.000896215438843
2981,0.12996801733970642,0.008311145356856287,0.16301269829273224,12.00267493724823
2982,0.12900826334953308,0.0073899077833630145,0.16253821551799774,11.999297499656677
2983,0.1290009692311287,0.007366271049249917,0.16206510365009308,12.001405119895935
2984,0.1295543797314167,0.00792263523908332,0.16159313917160034,12.00158143043518
2985,0.1293617356568575,0.007738163636531681,0.16112220287322998,12.001235008239746
2986,0.12844659201800823,0.006830012600403279,0.16065233945846558,12.00100576877594
2987,0.1286430638283491,0.007047103252261877,0.16018357872962952,11.999413132667542
2988,0.12988635525107384,0.00827381550334394,0.15971602499485016,12.001537919044495
2989,0.1284169964492321,0.006816000095568597,0.15924957394599915,12.000850319862366
2990,0.12885373644530773,0.007243846135679632,0.15878437459468842,12.00220513343811
2991,0.12978272885084152,0.008175469876732677,0.15832039713859558,12.002405643463135
2992,0.1291160248219967,0.0075529300956986845,0.15785744786262512,11.998452425003052
2993,0.12904180772602558,0.007456168241333216,0.15739572048187256,12.001168608665466
2994,0.12966407649219036,0.008094368502497673,0.1569349765777588,12.000035881996155
2995,0.12891561165452003,0.007338236202485859,0.15647536516189575,12.001262664794922
2996,0.12863905169069767,0.007044247584417462,0.15601694583892822,12.003463745117188
2997,0.12886312045156956,0.007297842355910689,0.1555597186088562,12.00096845626831
2998,0.12779862992465496,0.006232811836525798,0.15510359406471252,12.001478552818298
2999,0.1299781110137701,0.008420242927968502,0.15464869141578674,12.00113832950592
3000,0.12886177748441696,0.007330049586016685,0.15419471263885498,11.99897813796997
3001,0.129571795463562,0.00803754385560751,0.15374192595481873,11.999683380126953
3002,0.129188084974885,0.007655388209968805,0.15329019725322723,11.999979615211487
3003,0.1288916114717722,0.007354968460276723,0.1528395414352417,12.000824689865112
3004,0.12901726737618446,0.007457829779013991,0.15239004790782928,12.003553867340088
3005,0.1276899967342615,0.006149603868834674,0.15194164216518402,12.002097964286804
3006,0.1289324127137661,0.007413954008370638,0.15149439871311188,12.000351786613464
3007,0.12965316511690617,0.008133020659442991,0.1510482281446457,12.000966548919678
3008,0.12870081327855587,0.007192059827502817,0.15060321986675262,12.000272393226624
3009,0.12804758548736572,0.00652056752005592,0.15015935897827148,12.002542614936829
3010,0.12892667949199677,0.007410140649881214,0.14971645176410675,12.00193738937378
3011,0.1286273617297411,0.007140185276512057,0.14927464723587036,11.99944293498993
3012,0.12811066955327988,0.006624568544793874,0.1488340198993683,11.999776482582092
3013,0.12935232743620872,0.007875461131334305,0.14839446544647217,11.999292492866516
3014,0.12936068139970303,0.0078860730282031,0.1479560136795044,11.999505043029785
3015,0.12917724065482616,0.007685389136895537,0.14751863479614258,12.001666784286499
3016,0.12795416824519634,0.0064759833621792495,0.14708223938941956,12.000736355781555
3017,0.12870563194155693,0.007209347211755812,0.14664708077907562,12.002981662750244
3018,0.12863196060061455,0.007156342326197773,0.1462128609418869,12.001349449157715
3019,0.13008562289178371,0.008611359866335988,0.1457798033952713,12.001646995544434
3020,0.13006149791181087,0.008599230030085891,0.1453477293252945,12.000879287719727
3021,0.12821155972778797,0.006755147303920239,0.14491674304008484,12.000725030899048
3022,0.12972122617065907,0.00827729981392622,0.1444869339466095,11.999905824661255
3023,0.12869165278971195,0.007242183317430317,0.14405827224254608,12.00088906288147
3024,0.12922837026417255,0.007802914071362466,0.14363056421279907,11.998915672302246
3025,0.12904799170792103,0.007602590834721923,0.143204003572464,12.001336097717285
3026,0.12852313183248043,0.007079542614519596,0.1427784413099289,12.001580595970154
3027,0.12938588857650757,0.007943423232063651,0.14235389232635498,12.001892685890198
3028,0.1294911652803421,0.008056300284806639,0.14193037152290344,12.001556277275085
3029,0.12843005172908306,0.007008874381426722,0.14150798320770264,12.000610113143921
3030,0.12936683930456638,0.007959337730426341,0.141086608171463,11.999663829803467
3031,0.12878977693617344,0.007378088135737926,0.14066636562347412,12.000502705574036
3032,0.12900753319263458,0.007601570105180144,0.14024721086025238,12.000349164009094
3033,0.1293286494910717,0.007922417076770216,0.13982905447483063,12.000794768333435
3034,0.1292966715991497,0.007872448361013085,0.1394120156764984,12.003010392189026
3035,0.1282577831298113,0.006869721168186516,0.13899582624435425,11.999810338020325
3036,0.1293585728853941,0.007973860600031912,0.13858072459697723,11.999890446662903
3037,0.12916800938546658,0.007757012499496341,0.13816671073436737,12.002933144569397
3038,0.12870972976088524,0.007310492394026369,0.1377536952495575,12.00217068195343
3039,0.12954764813184738,0.008160118304658681,0.13734185695648193,12.001411318778992
3040,0.12981121242046356,0.008452103938907385,0.13693106174468994,11.998979926109314
3041,0.1294862050563097,0.008107211557216942,0.1365213245153427,12.001378536224365
3042,0.12852340191602707,0.007156025036238134,0.1361125260591507,12.000625252723694
3043,0.12844534032046795,0.007080569688696414,0.13570474088191986,12.000772595405579
3044,0.12802000157535076,0.0066402844386175275,0.1352979838848114,12.002673983573914
3045,0.12832152284681797,0.0069106254377402365,0.13489224016666412,12.006197690963745
3046,0.12955026514828205,0.008201621822081506,0.13448745012283325,12.00037693977356
3047,0.1285693757236004,0.007238186488393694,0.13408376276493073,11.999035477638245
3048,0.12833823822438717,0.0070062390877865255,0.13368114829063416,11.999519109725952
3049,0.12883977591991425,0.0074932940769940615,0.13327950239181519,12.001368999481201
3050,0.1295395214110613,0.008192615117877722,0.13287897408008575,12.001811981201172
3051,0.12828299403190613,0.006948249996639788,0.13247936964035034,12.000995397567749
3052,0.1291749719530344,0.007815856661181897,0.13208085298538208,12.003831148147583
3053,0.1284348163753748,0.007107780547812581,0.13168320059776306,12.001020550727844
3054,0.12935777381062508,0.008038481581024826,0.13128657639026642,12.000642895698547
3055,0.1292724721133709,0.007923480763565749,0.13089114427566528,12.004008173942566
3056,0.12867700681090355,0.007341693912167102,0.13049659132957458,12.003034830093384
3057,0.12868855893611908,0.0073711961740627885,0.13010317087173462,12.001633524894714
3058,0.1289153378456831,0.007621190277859569,0.12971065938472748,11.999704480171204
3059,0.12897124700248241,0.007680888753384352,0.1293189972639084,11.999717116355896
3060,0.12813174352049828,0.006848397548310459,0.12892839312553406,11.999406456947327
3061,0.12878261134028435,0.007475068443454802,0.1285388171672821,12.00221586227417
3062,0.12872728891670704,0.0074171582236886024,0.12815023958683014,12.002863049507141
3063,0.1290539689362049,0.007739846128970385,0.12776271998882294,12.003649711608887
3064,0.1286956649273634,0.007400393660645932,0.12737619876861572,12.002150893211365
3065,0.12907769158482552,0.0077820331789553165,0.12699076533317566,12.002575278282166
3066,0.12801272608339787,0.006741972989402711,0.12660618126392365,12.000469446182251
3067,0.12963705137372017,0.008393939526285976,0.12622255086898804,11.998089075088501
3068,0.1284877322614193,0.007213240896817297,0.125839963555336,12.001609086990356
3069,0.128795949742198,0.007526412722654641,0.1254582405090332,12.001495838165283
3070,0.12868235632777214,0.007425348914694041,0.12507747113704681,12.000623226165771
3071,0.12806211225688457,0.006803544762078673,0.12469768524169922,12.001159310340881
3072,0.12918451987206936,0.007930633844807744,0.1243189349770546,12.001069903373718
3073,0.12766584940254688,0.006406228756532073,0.12394125759601593,12.002021074295044
3074,0.12965557910501957,0.00842209008987993,0.12356448918581009,11.999784708023071
3075,0.12997654266655445,0.008728654007427394,0.12318871915340424,12.00160026550293
3076,0.1289080400019884,0.007655623834580183,0.12281385064125061,12.002427816390991
3077,0.13025068305432796,0.009009270230308175,0.12243988364934921,12.001701831817627
3078,0.12957885675132275,0.008368971350137144,0.12206681072711945,11.998921990394592
3079,0.12859440222382545,0.007378697337117046,0.12169477343559265,11.999875903129578
3080,0.12791365198791027,0.00666437711333856,0.12132381647825241,12.00360381603241
3081,0.12836601585149765,0.007119733025319874,0.12095379829406738,12.003674745559692
3082,0.12859313935041428,0.00736377015709877,0.12058474123477936,12.002352237701416
3083,0.12834090739488602,0.007155023224186152,0.12021656334400177,11.998372077941895
3084,0.12948134541511536,0.00828602584078908,0.11984936892986298,11.999682903289795
3085,0.12841426394879818,0.007208819326478988,0.11948298662900925,12.00106167793274
3086,0.12826408445835114,0.0070596986915916204,0.11911754310131073,12.00132131576538
3087,0.12827487103641033,0.007060520176310092,0.11875319480895996,12.002682209014893
3088,0.12866209261119366,0.007443808310199529,0.11838985234498978,12.00343906879425
3089,0.12937310338020325,0.00818300765240565,0.11802741140127182,12.000982761383057
3090,0.12788953445851803,0.006711978756356984,0.11766589432954788,12.000089764595032
3091,0.12663373909890652,0.005445997463539243,0.11730530858039856,12.001468896865845
3092,0.1280702631920576,0.006870504701510072,0.11694572120904922,12.00303030014038
3093,0.12861506640911102,0.0074276134255342185,0.11658696830272675,12.002158880233765
3094,0.12806454859673977,0.006902451103087515,0.11622898280620575,11.999980926513672
3095,0.1287935059517622,0.007605681254062802,0.11587201803922653,12.002910733222961
3096,0.128819203004241,0.007636436494067311,0.11551590263843536,12.002761363983154
3097,0.12802140042185783,0.006865219911560416,0.11516084522008896,12.000457525253296
3098,0.12918066792190075,0.00802918046247214,0.1148068904876709,12.00034213066101
3099,0.12854846566915512,0.0073989463853649795,0.11445384472608566,12.000498175621033
3100,0.12878014706075191,0.00760868942597881,0.11410166323184967,12.003044247627258
3101,0.12861157208681107,0.00745965784881264,0.11375024914741516,12.001441359519958
3102,0.1284324787557125,0.007280288322363049,0.11339971423149109,12.001819849014282
3103,0.1290369275957346,0.007863835897296667,0.11305013298988342,12.00425934791565
3104,0.12813645228743553,0.006997457123361528,0.1127014011144638,12.001198410987854
3105,0.12904132902622223,0.007913618406746536,0.11235368251800537,12.000417590141296
3106,0.12836913019418716,0.0072271295939572155,0.11200705170631409,12.002193212509155
3107,0.12905202619731426,0.00792531855404377,0.11166127026081085,12.001009941101074
3108,0.12783533707261086,0.006697852280922234,0.11131639778614044,12.002432346343994
3109,0.1284051202237606,0.007276415359228849,0.1109723150730133,12.001898646354675
3110,0.12788924388587475,0.006762899516616017,0.1106291189789772,12.002005577087402
3111,0.12876347452402115,0.0076574578415602446,0.11028672754764557,12.000315427780151
3112,0.12803837284445763,0.006957560370210558,0.10994518548250198,11.998136281967163
3113,0.1285071112215519,0.007398945628665388,0.10960466414690018,12.001212358474731
3114,0.129056166857481,0.007909156498499215,0.10926505923271179,12.005436182022095
3115,0.12790760584175587,0.0067794622736983,0.10892640054225922,12.003888010978699
3116,0.1283791121095419,0.007265623426064849,0.10858871042728424,12.002760410308838
3117,0.12791057862341404,0.006827447155956179,0.10825179517269135,12.000061511993408
3118,0.12900315783917904,0.007911875727586448,0.10791568458080292,12.00121295452118
3119,0.12825893238186836,0.007177968043833971,0.10758039355278015,12.000516653060913
3120,0.12819457985460758,0.0071355143445543945,0.107246033847332,11.998661041259766
3121,0.1287703774869442,0.00768711999990046,0.1069127693772316,12.001413345336914
3122,0.1283084824681282,0.007223039749078453,0.10658032447099686,12.001964449882507
3123,0.12870675325393677,0.007633304572664201,0.10624872148036957,12.001096725463867
3124,0.12800559401512146,0.0069209777866490185,0.1059180200099945,12.002543807029724
3125,0.1275035310536623,0.006434854120016098,0.10558806359767914,12.001279830932617
3126,0.1279756985604763,0.006898208288475871,0.10525906831026077,12.002490282058716
3127,0.12885627336800098,0.007803076994605362,0.10493087768554688,12.000388860702515
3128,0.12834840267896652,0.007306613551918417,0.10460353642702103,11.99957549571991
3129,0.12855550274252892,0.007493899378459901,0.1042771115899086,12.001883745193481
3130,0.12830878235399723,0.007263373001478612,0.10395145416259766,12.000589609146118
3131,0.12875731475651264,0.007707155717071146,0.10362677276134491,12.001389265060425
3132,0.128306545317173,0.007265703694429249,0.10330291092395782,12.000781536102295
3133,0.1286844126880169,0.007638894021511078,0.10297995805740356,12.001572132110596
3134,0.12825879082083702,0.007218585989903659,0.10265786945819855,12.001362919807434
3135,0.12923409789800644,0.008207626000512391,0.10233663022518158,12.000311017036438
3136,0.12908663973212242,0.008051131444517523,0.10201636701822281,12.001534819602966
3137,0.1272298414260149,0.006193147622980177,0.10169680416584015,12.001973032951355
3138,0.12815206311643124,0.007129424775484949,0.10137800127267838,12.000885844230652
3139,0.12852241098880768,0.007485185924451798,0.10106005519628525,12.002662658691406
3140,0.1292038094252348,0.008184291596990079,0.10074291378259659,12.001208901405334
3141,0.12887684628367424,0.007871450332459062,0.10042668879032135,12.000113487243652
3142,0.12886385805904865,0.007862243801355362,0.10011138021945953,12.00005042552948
3143,0.1299692690372467,0.00898034026613459,0.09979688376188278,11.999096393585205
3144,0.12913010083138943,0.008123101375531405,0.09948334842920303,12.001217126846313
3145,0.12984653934836388,0.008842147479299456,0.09917057305574417,12.0012686252594
3146,0.12943598069250584,0.00842945888871327,0.09885866940021515,12.00179374217987
3147,0.12950397282838821,0.008485456055495888,0.09854745864868164,12.003304958343506
3148,0.12864961847662926,0.007643076416570693,0.0982370525598526,12.0024174451828
3149,0.12815779261291027,0.007166898110881448,0.09792747348546982,12.00116217136383
3150,0.12819409370422363,0.0072044035186991096,0.0976187214255333,12.0013507604599
3151,0.12896615639328957,0.007986381882801652,0.097310870885849,12.000666737556458
3152,0.1285233534872532,0.007531807816121727,0.09700386971235275,12.002151131629944
3153,0.12828110344707966,0.007325496058911085,0.09669771790504456,11.998863101005554
3154,0.1280981246381998,0.007145033683627844,0.09639246761798859,11.998916745185852
3155,0.1289682537317276,0.007983590534422547,0.09608802199363708,12.002378821372986
3156,0.12827623449265957,0.007298820652067661,0.09578428417444229,12.001957297325134
3157,0.12828032672405243,0.007307272462639958,0.0954812690615654,12.001824259757996
3158,0.1282669473439455,0.007287436339538544,0.09517904371023178,12.002772569656372
3159,0.12893731892108917,0.00795692129759118,0.09487771987915039,12.003162384033203
3160,0.1288649793714285,0.007909864361863583,0.09457716345787048,12.000934720039368
3161,0.1289349738508463,0.007999178429599851,0.09427749365568161,11.99930226802826
3162,0.12782947719097137,0.006866151699796319,0.09397874772548676,12.002354145050049
3163,0.1279727704823017,0.007031744520645589,0.093680739402771,12.00042188167572
3164,0.12849226407706738,0.007565516803879291,0.09338352829217911,11.9992915391922
3165,0.12778672203421593,0.006827849429100752,0.09308711439371109,12.002800345420837
3166,0.12815973348915577,0.007204082270618528,0.09279146045446396,12.002774119377136
3167,0.12867288291454315,0.007732212543487549,0.09249655157327652,12.00157082080841
3168,0.12817988358438015,0.007273897877894342,0.092202328145504,11.998396515846252
3169,0.12775491923093796,0.006807726284023374,0.09190905839204788,12.00281047821045
3170,0.12911796942353249,0.008179254946298897,0.09161653369665146,12.002255082130432
3171,0.1278216652572155,0.006917388760484755,0.09132477641105652,11.999103307723999
3172,0.12827212922275066,0.007370965147856623,0.09103398025035858,11.999082565307617
3173,0.12831791676580906,0.007395042106509209,0.09074399620294571,12.001543402671814
3174,0.1270809005945921,0.006160639051813632,0.09045471251010895,12.001571536064148
3175,0.1283221859484911,0.00742667424492538,0.09016609191894531,11.999385356903076
3176,0.12892374023795128,0.00801052019232884,0.08987829834222794,12.001443982124329
3177,0.1292600203305483,0.008332468452863395,0.08959122002124786,12.003164291381836
3178,0.1281349454075098,0.007244109583552927,0.08930492401123047,11.999778985977173
3179,0.1282466221600771,0.007359060051385313,0.0890195295214653,11.99973714351654
3180,0.12788299098610878,0.006984301609918475,0.08873496949672699,12.001134395599365
3181,0.12776170670986176,0.006853963597677648,0.08845110237598419,12.002323508262634
3182,0.12821670062839985,0.007326367660425603,0.08816798031330109,12.000865697860718
3183,0.12795818038284779,0.007088090933393687,0.08788560330867767,11.999123692512512
3184,0.12839838489890099,0.007523095468059182,0.08760400861501694,11.999924898147583
3185,0.12794518284499645,0.007066816906444728,0.08732316642999649,12.000513672828674
3186,0.12757338024675846,0.006678440549876541,0.0870431512594223,12.002451181411743
3187,0.12861723452806473,0.007737415609881282,0.0867638811469078,12.001218438148499
3188,0.128206679597497,0.007332482375204563,0.08648538589477539,12.000934600830078
3189,0.12893489003181458,0.008049516240134835,0.08620768785476685,12.00232982635498
3190,0.1286572813987732,0.007805002271197736,0.08593058586120605,11.999297618865967
3191,0.1268541170284152,0.00598623143741861,0.08565430343151093,12.001134276390076
3192,0.12927037850022316,0.00839615159202367,0.08537881076335907,12.002044081687927
3193,0.12917307019233704,0.008317974919918925,0.08510410785675049,12.000405669212341
3194,0.12948506884276867,0.008633732737507671,0.08483023196458817,12.000303387641907
3195,0.12910857051610947,0.008265230571851134,0.08455705642700195,11.99977731704712
3196,0.1277942955493927,0.006938034784980118,0.08428459614515305,12.001341700553894
3197,0.12799935787916183,0.007149932498577982,0.08401279151439667,12.000930190086365
3198,0.12859692238271236,0.007748364529106766,0.08374177664518356,12.001114249229431
3199,0.12809758447110653,0.00725791318109259,0.08347146958112717,12.000495672225952
3200,0.1276100128889084,0.006763428798876703,0.08320186287164688,12.001456499099731
3201,0.12830851785838604,0.007452766119968146,0.08293303847312927,12.002642631530762
3202,0.12795996479690075,0.0071326050674542785,0.08266498148441315,12.000071048736572
3203,0.12687991745769978,0.0060436741332523525,0.08239774405956268,12.001226902008057
3204,0.12891267612576485,0.008089077891781926,0.0821312814950943,12.000228643417358
3205,0.1293268296867609,0.008506006677635014,0.08186553418636322,12.000216960906982
3206,0.12676739878952503,0.005947794474195689,0.08160041272640228,12.000360369682312
3207,0.12776928953826427,0.006960742466617376,0.08133601397275925,11.999518990516663
3208,0.1276607159525156,0.006837696360889822,0.0810723751783371,12.001230120658875
3209,0.12808824703097343,0.007268626242876053,0.08080943673849106,12.001153111457825
3210,0.12874950841069221,0.00791988370474428,0.0805472657084465,12.002415418624878
3211,0.12807870842516422,0.007272232847753912,0.08028581738471985,12.000361919403076
3212,0.12854106537997723,0.007740283326711506,0.08002511411905289,12.000053405761719
3213,0.12947097048163414,0.008672594209201634,0.07976512610912323,12.000072717666626
3214,0.1279805190861225,0.007188064802903682,0.0795057937502861,11.99973976612091
3215,0.1288447380065918,0.00804566836450249,0.07924725860357285,12.000659823417664
3216,0.12699541449546814,0.006181364587973803,0.07898939400911331,12.002416372299194
3217,0.12920289114117622,0.008387414563912898,0.07873233407735825,12.0028156042099
3218,0.12806974723935127,0.007263600884471089,0.07847587764263153,12.002139210700989
3219,0.12799935974180698,0.007202813227195293,0.07822016626596451,12.001434445381165
3220,0.1287949290126562,0.007991733553353697,0.07796517014503479,12.002354741096497
3221,0.12953431345522404,0.008765160688199103,0.07771080732345581,11.999204635620117
3222,0.1282468792051077,0.007479593710741028,0.07745729386806488,11.999271631240845
3223,0.1274962667375803,0.006689268338959664,0.07720446586608887,12.003495693206787
3224,0.12808366306126118,0.007301167235709727,0.07695231586694717,12.00129759311676
3225,0.12853492237627506,0.007778071390930563,0.0767008364200592,11.998984456062317
3226,0.12957012094557285,0.008798674040008336,0.07645004987716675,12.000694990158081
3227,0.12819110043346882,0.007403815747238696,0.07619993388652802,12.00252878665924
3228,0.12804867886006832,0.0072599046397954226,0.07595261186361313,12.002924919128418
3229,0.12654466088861227,0.005770003248471767,0.0757058709859848,12.001760244369507
3230,0.1283506192266941,0.007575570431072265,0.07545970380306244,12.002045512199402
3231,0.12932032719254494,0.008554261294193566,0.0752139687538147,12.0013929605484
3232,0.12872473523020744,0.007989304198417813,0.07496977597475052,11.998573422431946
3233,0.12761487811803818,0.006852355436421931,0.07472604513168335,12.001526355743408
3234,0.12812038883566856,0.007370498555246741,0.07448264211416245,12.000506520271301
3235,0.12906394340097904,0.008331139280926436,0.07423973828554153,11.999040961265564
3236,0.1271858625113964,0.00641385221388191,0.07399802654981613,12.00320303440094
3237,0.12809954769909382,0.007340956130065024,0.07375676184892654,12.002102494239807
3238,0.12817260436713696,0.0074053912539966404,0.07351608574390411,12.003205418586731
3239,0.12909679301083088,0.008357351587619632,0.0732758641242981,12.000668287277222
3240,0.12810222804546356,0.007383933174423873,0.07303616404533386,11.998793721199036
3241,0.1283760741353035,0.007642132695764303,0.07279688864946365,12.000597357749939
3242,0.12748526968061924,0.006765170255675912,0.07255811989307404,11.999452352523804
3243,0.12905007414519787,0.008305351657327265,0.07231997698545456,12.002152442932129
3244,0.12834865413606167,0.0076000961707904935,0.07208238542079926,12.002773642539978
3245,0.1271171635016799,0.006373207957949489,0.07184543460607529,12.00255024433136
3246,0.12807286716997623,0.007332904904615134,0.07160912454128265,12.002387046813965
3247,0.12841871939599514,0.0076956633711233735,0.07137331366539001,12.000932574272156
3248,0.1288596000522375,0.0081489592557773,0.0711381584405899,11.999926328659058
3249,0.12839221209287643,0.007671023136936128,0.07090359926223755,12.001215696334839
3250,0.12819407507777214,0.0074850565288215876,0.07066957652568817,12.000232577323914
3251,0.1279566027224064,0.007249870570376515,0.07043619453907013,12.000237107276917
3252,0.12880798056721687,0.008110923052299768,0.07020329684019089,11.999502539634705
3253,0.12763447128236294,0.00691758090397343,0.0699709951877594,12.001718282699585
3254,0.1278005875647068,0.007056455593556166,0.06973940134048462,12.004674196243286
3255,0.1276929397135973,0.006980232719797641,0.06950835883617401,12.001762390136719
3256,0.12879817187786102,0.008086710644420236,0.06927813589572906,12.00186824798584
3257,0.1281358990818262,0.007397793349809945,0.06904853135347366,12.004762411117554
3258,0.12838272750377655,0.00769212597515434,0.06881958991289139,12.000240921974182
3259,0.12841172143816948,0.007685659336857498,0.06859131902456284,12.004015326499939
3260,0.12825310975313187,0.0075589309562928975,0.0683634877204895,12.001054763793945
3261,0.12794737331569195,0.007242330873850733,0.0681362971663475,12.002368092536926
3262,0.12986584194004536,0.009139156783930957,0.06790971755981445,12.004758715629578
3263,0.12809492275118828,0.007419891597237438,0.06768365949392319,11.99981963634491
3264,0.12696545757353306,0.006280280009377748,0.06745850294828415,12.001059651374817
3265,0.12798822950571775,0.007285406230948865,0.06723398715257645,12.003048777580261
3266,0.12859402783215046,0.007893155387137085,0.06701004505157471,12.003077626228333
3267,0.12856449745595455,0.007842490449547768,0.06678672134876251,12.005414605140686
3268,0.12819813936948776,0.007542139443103224,0.06656387448310852,11.99903655052185
3269,0.1280313152819872,0.007345848891418427,0.06634184718132019,12.00220513343811
3270,0.12853001430630684,0.00783141836291179,0.06612043082714081,12.00373888015747
3271,0.1284313164651394,0.0077683202107436955,0.0658995658159256,12.00040066242218
3272,0.127997069619596,0.007311130117159337,0.06567951291799545,12.002914547920227
3273,0.12795091792941093,0.007266460917890072,0.06546001136302948,12.00298547744751
3274,0.12816963903605938,0.007491939468309283,0.0652410164475441,12.002529263496399
3275,0.12804254703223705,0.007331065542530268,0.06502270698547363,12.006126046180725
3276,0.1273057721555233,0.006645002868026495,0.06480487436056137,12.001272201538086
3277,0.1284373141825199,0.007766022754367441,0.0645877942442894,12.002541661262512
3278,0.12885395623743534,0.008189523476175964,0.06437133252620697,12.002072215080261
3279,0.1284688226878643,0.0078696379205212,0.06415548920631409,11.995763182640076
3280,0.127236882224679,0.006570189550984651,0.06394049525260925,12.002729058265686
3281,0.1289569977670908,0.008270787133369595,0.06372598558664322,12.004895329475403
3282,0.12840216793119907,0.0077497613383457065,0.063511922955513,12.001728892326355
3283,0.12747443839907646,0.006815731409005821,0.06329847872257233,12.002572774887085
3284,0.12865580432116985,0.007997407112270594,0.0630856305360794,12.00275444984436
3285,0.1285401564091444,0.007876553863752633,0.0628734827041626,12.00348711013794
3286,0.12766651064157486,0.0070222640060819685,0.06266193091869354,12.001762866973877
3287,0.12895628809928894,0.0083260023384355,0.062451090663671494,12.000577926635742
3288,0.1273082010447979,0.006653989723417908,0.06224089860916138,12.003180503845215
3289,0.12764287926256657,0.007018827483989298,0.06203126162290573,12.00037431716919
3290,0.12804857082664967,0.0074332585209049284,0.061822280287742615,11.999708890914917
3291,0.1281803734600544,0.00753251719288528,0.06161386892199516,12.003172039985657
3292,0.12834704108536243,0.007734811340924352,0.061405837535858154,11.999817728996277
3293,0.12795296125113964,0.007334472436923534,0.06119848042726517,12.000650644302368
3294,0.12804214283823967,0.007403889903798699,0.060991737991571426,12.002833724021912
3295,0.1289770733565092,0.008338734041899443,0.06078563630580902,12.003048539161682
3296,0.1286239828914404,0.007983479474205524,0.060580216348171234,12.003470540046692
3297,0.1281856670975685,0.007592543086502701,0.06037535145878792,11.998937487602234
3298,0.12820103950798512,0.007611687004100531,0.060171112418174744,11.998764157295227
3299,0.1281141173094511,0.0074990756111219525,0.059967510402202606,12.001536965370178
3300,0.12713931780308485,0.006521472649183124,0.059764355421066284,12.002020597457886
3301,0.12787269800901413,0.007237388752400875,0.059561844915151596,12.003969430923462
3302,0.1278757294639945,0.007274218107340857,0.05935986712574959,12.000791430473328
3303,0.12828669510781765,0.0076905712485313416,0.059158556163311005,12.000454068183899
3304,0.12701241113245487,0.006402643979527056,0.05895782262086868,12.00201940536499
3305,0.1276224721223116,0.0070126092759892344,0.05875758081674576,12.0022292137146
3306,0.1289741974323988,0.008384046202991158,0.058558013290166855,12.000457286834717
3307,0.12831182219088078,0.00772251863963902,0.05835901200771332,12.000571608543396
3308,0.12730152532458305,0.006718023214489222,0.05816061049699783,12.000189661979675
3309,0.12748688086867332,0.006877537292893976,0.05796283856034279,12.002971768379211
3310,0.12729641050100327,0.00670723442453891,0.05776555463671684,12.001152276992798
3311,0.1290285810828209,0.008456585870590061,0.05756888538599014,11.999630570411682
3312,0.12828642316162586,0.007704413204919547,0.05737277865409851,12.000828385353088
3313,0.1280136350542307,0.007447896467056125,0.05717717111110687,11.999397039413452
3314,0.12818581983447075,0.007577958574984223,0.05698220431804657,12.003804206848145
3315,0.12810947187244892,0.007518103870097548,0.05678776279091835,12.002349376678467
3316,0.12758883275091648,0.0070052764494903386,0.05659390240907669,12.00176215171814
3317,0.1279741432517767,0.007398167974315584,0.056400664150714874,12.00119686126709
3318,0.12755926232784986,0.006987101107370108,0.05620798468589783,12.00100839138031
3319,0.1287220474332571,0.008164117927663028,0.05601591616868973,11.999777436256409
3320,0.12759952805936337,0.007031175366137177,0.05582435429096222,12.00101113319397
3321,0.1270531201735139,0.006475063390098512,0.055633362382650375,12.002172470092773
3322,0.12824883684515953,0.007648132974281907,0.0554429292678833,12.00462794303894
3323,0.12847005389630795,0.007890244480222464,0.0552530437707901,12.002728462219238
3324,0.12830898351967335,0.007742395217064768,0.05506370961666107,12.001595497131348
3325,0.12829507887363434,0.00773229799233377,0.05487488955259323,12.001403212547302
3326,0.12807157076895237,0.007515541394241154,0.054686568677425385,12.000916957855225
3327,0.12826785817742348,0.0077242531115189195,0.05449891835451126,11.999861478805542
3328,0.1286316253244877,0.00805741990916431,0.054311953485012054,12.003108859062195
3329,0.1278670821338892,0.007282384030986577,0.054125551134347916,12.004344582557678
3330,0.12767309416085482,0.007104955555405468,0.053939610719680786,12.002874493598938
3331,0.12827624008059502,0.007739709806628525,0.05375407636165619,11.999898910522461
3332,0.1276988349854946,0.007166436000261456,0.053569041192531586,11.99967110157013
3333,0.12838212214410305,0.007828114728908986,0.053384628146886826,12.002016305923462
3334,0.12740254402160645,0.0068401904427446425,0.053200863301754,12.003035068511963
3335,0.12823829613626003,0.007692653802223504,0.05301769822835922,12.0015469789505
3336,0.1276561040431261,0.007120760448742658,0.052835069596767426,12.000699639320374
3337,0.12818481028079987,0.00764800887554884,0.052652932703495026,12.001027584075928
3338,0.12765825539827347,0.0071247711894102395,0.052471261471509933,12.000877380371094
3339,0.1281935479491949,0.007657848123926669,0.05229009687900543,12.001279950141907
3340,0.12920438684523106,0.008666023553814739,0.052109524607658386,12.001727104187012
3341,0.1306966133415699,0.010153087205253541,0.05192949250340462,12.00242292881012
3342,0.1307525858283043,0.010187731473706663,0.051750075072050095,12.004735589027405
3343,0.13073826767504215,0.010215439018793404,0.051571108400821686,12.000711917877197
3344,0.12819994799792767,0.007657218200620264,0.051392812281847,12.002880096435547
3345,0.12778091616928577,0.007272926741279662,0.051214929670095444,11.999584436416626
3346,0.127895288169384,0.007369701750576496,0.0510375089943409,12.001521229743958
3347,0.1286782417446375,0.008146782289259136,0.05086064338684082,12.002285718917847
3348,0.12955749779939651,0.00903175852727145,0.05068428814411163,12.00188958644867
3349,0.1278365347534418,0.007304817205294967,0.05050858110189438,12.002663612365723
3350,0.12827786058187485,0.007761955494061112,0.05033337324857712,12.001257538795471
3351,0.12879766523838043,0.008282833674456924,0.05015869066119194,12.001324772834778
3352,0.12805363722145557,0.007527549285441637,0.049984514713287354,12.00262463092804
3353,0.12774113938212395,0.0072547480231150985,0.04981081932783127,11.998828768730164
3354,0.12755421735346317,0.007041508273687214,0.04963771626353264,12.001633524894714
3355,0.12741363793611526,0.006887364783324301,0.049465131014585495,12.003162622451782
3356,0.12739221937954426,0.006887453782837838,0.04929298534989357,12.001183867454529
3357,0.1272461712360382,0.0067338907974772155,0.04912137985229492,12.00210702419281
3358,0.12654446624219418,0.006032861478161067,0.04895026236772537,12.00221049785614
3359,0.12860874272882938,0.008126704895403236,0.048779699951410294,11.999423861503601
3360,0.12804501876235008,0.007569723937194794,0.04860962927341461,11.99892008304596
3361,0.12742074020206928,0.006922576110810041,0.048440054059028625,12.001376628875732
3362,0.12772985361516476,0.0072038377984426916,0.04827103391289711,12.00433075428009
3363,0.1276827659457922,0.007187010836787522,0.048102471977472305,12.001473307609558
3364,0.12821286916732788,0.007726530893705785,0.04793446883559227,12.000699758529663
3365,0.12797024939209223,0.007477798440959305,0.04776699095964432,12.00147819519043
3366,0.12722497805953026,0.006710063258651644,0.04760001227259636,12.003891706466675
3367,0.12788992002606392,0.007394122134428471,0.047433532774448395,12.002146601676941
3368,0.1279269941151142,0.007461467816028744,0.047267571091651917,11.999285221099854
3369,0.1282100435346365,0.007716645079199225,0.04710221290588379,12.002237915992737
3370,0.12817278876900673,0.007669307116884738,0.04693726450204849,12.003411173820496
3371,0.12704449892044067,0.0065632222685962915,0.04677268862724304,12.001355409622192
3372,0.1275511011481285,0.007085983583237976,0.04660859331488609,11.999903440475464
3373,0.12755497358739376,0.0070882587460801005,0.04644499346613884,12.000227093696594
3374,0.12784430757164955,0.0073750068549998105,0.046281926333904266,12.000648498535156
3375,0.128082612529397,0.007609460793901235,0.04611942544579506,12.001195788383484
3376,0.12814239785075188,0.007679621805436909,0.04595743119716644,12.000320553779602
3377,0.12808868288993835,0.007633750210516155,0.045795947313308716,11.9996976852417
3378,0.12781880982220173,0.007358658593147993,0.04563496261835098,12.000380158424377
3379,0.1287850495427847,0.008294294530060142,0.04547447711229324,12.003601551055908
3380,0.12805483676493168,0.00756338017527014,0.04531442001461983,12.003831386566162
3381,0.12821825593709946,0.007771087461151183,0.04515473544597626,11.99956226348877
3382,0.1266723945736885,0.00620209047337994,0.04499556124210358,12.002035021781921
3383,0.12770435214042664,0.007248531561344862,0.04483693838119507,12.00074553489685
3384,0.12794356513768435,0.0075006866827607155,0.04467882961034775,11.999609231948853
3385,0.12773781176656485,0.007296513009350747,0.04452122747898102,11.999608755111694
3386,0.1276212427765131,0.007178958680015057,0.0443640761077404,11.99986457824707
3387,0.12781467474997044,0.0073519182042218745,0.0442073792219162,12.002068638801575
3388,0.1278093196451664,0.007341408170759678,0.044051118195056915,12.002740144729614
3389,0.12791572231799364,0.007480028318241239,0.04389540106058121,11.999674201011658
3390,0.1283939629793167,0.007936862704809755,0.04374021291732788,12.001970291137695
3391,0.12840499356389046,0.007961294671986252,0.04358538240194321,12.000784873962402
3392,0.12791215628385544,0.007490293122828007,0.043431006371974945,11.99875545501709
3393,0.1273659933358431,0.006931097886990756,0.043277155607938766,12.000212788581848
3394,0.1287127397954464,0.008254849468357861,0.04312385246157646,12.002665281295776
3395,0.12740953732281923,0.0069557499955408275,0.04297097399830818,12.002407670021057
3396,0.1262710215523839,0.0058413606020621955,0.04281853139400482,12.000147819519043
3397,0.12702946364879608,0.00658668257528916,0.042666565626859665,12.001611828804016
3398,0.12792420387268066,0.007490116229746491,0.042515017092227936,12.00089430809021
3399,0.12804420478641987,0.0076256312895566225,0.042363956570625305,11.999493718147278
3400,0.12766414508223534,0.007251243165228516,0.042213376611471176,11.999077200889587
3401,0.12755794264376163,0.007128116209059954,0.04206326603889465,12.000919818878174
3402,0.12757566943764687,0.007137139327824116,0.041913650929927826,12.00193977355957
3403,0.12806177884340286,0.007623495766893029,0.041764501482248306,12.002064108848572
3404,0.12722177803516388,0.006781603442505002,0.04161577671766281,12.00240159034729
3405,0.12842833064496517,0.008008069824427366,0.04146745428442955,12.000558972358704
3406,0.1276170089840889,0.007205975358374417,0.04131953418254852,11.999784111976624
3407,0.12768842466175556,0.007270108733791858,0.04117211699485779,12.000659584999084
3408,0.1282414998859167,0.007817537290975451,0.04102524742484093,12.001371383666992
3409,0.1279491763561964,0.007523842388764024,0.040878862142562866,12.001654744148254
3410,0.1274840272963047,0.007071167521644384,0.04073290526866913,12.000553011894226
3411,0.12784136459231377,0.007441864989232272,0.04058733582496643,11.99936318397522
3412,0.1280075591057539,0.007592052046675235,0.04044218733906746,12.00110924243927
3413,0.1283863466233015,0.007970070699229836,0.04029747471213341,12.001330375671387
3414,0.12751506362110376,0.00710237049497664,0.04015319421887398,12.001116514205933
3415,0.12722396291792393,0.0068058608449064195,0.04000941663980484,12.001800894737244
3416,0.12735815346240997,0.0069643480819649994,0.03986609727144241,11.99951457977295
3417,0.12744725309312344,0.007029622443951666,0.039723288267850876,12.002040147781372
3418,0.12677828036248684,0.00635563995456323,0.03958094120025635,12.002683401107788
3419,0.12758177518844604,0.007171705772634596,0.03943898528814316,12.00156831741333
3420,0.1280390750616789,0.007663133321329951,0.03929736465215683,11.998296976089478
3421,0.1273816917091608,0.006997965567279607,0.03915617614984512,11.999216556549072
3422,0.12780368886888027,0.007389636884909123,0.039015427231788635,12.002389907836914
3423,0.1279599778354168,0.007538515841588378,0.03887512907385826,12.003271698951721
3424,0.1279764100909233,0.007586762134451419,0.03873531520366669,12.000229835510254
3425,0.1271485760807991,0.006770635838620365,0.03859594464302063,11.99919855594635
3426,0.12782837450504303,0.007426993339322507,0.03845705837011337,12.001681566238403
3427,0.1279173642396927,0.0074818640714511275,0.038318607956171036,12.005231857299805
3428,0.12808053940534592,0.007698823523242027,0.03818054497241974,11.999991297721863
3429,0.12814056500792503,0.007771571399644017,0.03804294019937515,11.998856782913208
3430,0.12660291884094477,0.006203244789503515,0.03790578618645668,12.00206196308136
3431,0.12863973155617714,0.008249081845860928,0.03776894509792328,12.001296162605286
3432,0.12795329466462135,0.0075630301726050675,0.037632498890161514,12.001394033432007
3433,0.12760813906788826,0.007245552144013345,0.037496499717235565,11.998762369155884
3434,0.1276934240013361,0.00729939597658813,0.037361029535532,12.002042174339294
3435,0.12830634973943233,0.00792745384387672,0.03722597658634186,12.000663995742798
3436,0.12849490530788898,0.0081540837418288,0.03709128499031067,11.996991157531738
3437,0.12822250835597515,0.007815537275746465,0.03695712983608246,12.003740072250366
3438,0.1274768654257059,0.0070594975259155035,0.0368233360350132,12.004913449287415
3439,0.12686258554458618,0.0064779139356687665,0.03668994456529617,12.001777410507202
3440,0.12719090096652508,0.0068166847922839224,0.03655695915222168,12.00086498260498
3441,0.12858082354068756,0.008213872672058642,0.036424390971660614,12.000271081924438
3442,0.12734917551279068,0.00696880865143612,0.03629223629832268,12.001744508743286
3443,0.12700667418539524,0.006657048419583589,0.03616047278046608,11.998802423477173
3444,0.12785353511571884,0.007503007189370692,0.03602917492389679,11.999023914337158
3445,0.12882089987397194,0.008457859745249152,0.035898275673389435,12.000406503677368
3446,0.12784346751868725,0.0074980955687351525,0.03576776757836342,11.998770356178284
3447,0.12763994000852108,0.0072782536735758185,0.035637691617012024,12.000531196594238
3448,0.12792629934847355,0.007540907186921686,0.03550802171230316,12.003031373023987
3449,0.12756757624447346,0.007189433032181114,0.03537875786423683,12.002435684204102
3450,0.12889760918915272,0.008525597222615033,0.03524990379810333,12.001951336860657
3451,0.12778879702091217,0.007421181246172637,0.035121455788612366,12.001640319824219
3452,0.1278682891279459,0.007485898560844362,0.03499343618750572,12.003245949745178
3453,0.12768413498997688,0.007306087936740369,0.03486580774188042,12.002939224243164
3454,0.12733103148639202,0.006996424810495228,0.03473852947354317,11.998722434043884
3455,0.12902872450649738,0.008692696108482778,0.03461171314120293,11.99899160861969
3456,0.12737250328063965,0.007033522706478834,0.03448524698615074,11.999412894248962
3457,0.12827523611485958,0.00792762142373249,0.034359224140644073,12.000402569770813
3458,0.12753978185355663,0.007169720949605107,0.034233588725328445,12.00277292728424
3459,0.1284641046077013,0.008080241444986314,0.03410831838846207,12.004278182983398
3460,0.12747582979500294,0.0070964941987767816,0.03398348391056061,12.003950238227844
3461,0.1272871121764183,0.0069347001845017076,0.0338590145111084,12.00138247013092
3462,0.12886892072856426,0.008521152776665986,0.03373504430055618,12.001041889190674
3463,0.12746130488812923,0.007086882018484175,0.033611465245485306,12.003830909729004
3464,0.12780774384737015,0.007466450275387615,0.033488258719444275,12.000641226768494
3465,0.12696254812180996,0.006595619372092187,0.03336544334888458,12.0033278465271
3466,0.12850425206124783,0.00813515082700178,0.03324292600154877,12.00366759300232
3467,0.12784980982542038,0.007506462803576142,0.03312074765563011,12.001214146614075
3468,0.12789052352309227,0.007560761412605643,0.03299897536635399,11.999977469444275
3469,0.12767537869513035,0.007349512539803982,0.032877642661333084,11.999709129333496
3470,0.12762267515063286,0.007288866443559527,0.03275679051876068,12.000624179840088
3471,0.127253670245409,0.006926296337042004,0.03263632208108902,12.000101447105408
3472,0.12780407909303904,0.007448168064001948,0.03251628577709198,12.003075122833252
3473,0.12827732972800732,0.007918801216874272,0.03239656984806061,12.003456473350525
3474,0.1268185507506132,0.006464406556915492,0.03227711468935013,12.003137588500977
3475,0.12906958535313606,0.00870356906671077,0.032158054411411285,12.004443764686584
3476,0.12766927666962147,0.007340291514992714,0.03203935548663139,12.000859498977661
3477,0.1275139693170786,0.007186270784586668,0.03192112222313881,12.00084900856018
3478,0.1275368221104145,0.007215102843474597,0.031803302466869354,12.00036907196045
3479,0.1267481930553913,0.006435641262214631,0.031685926020145416,11.999569773674011
3480,0.12794485315680504,0.00761061254888773,0.03156895563006401,12.001855492591858
3481,0.12789375334978104,0.0075721549219451845,0.03145226091146469,12.000707864761353
3482,0.12743672914803028,0.0071319431299343705,0.03133585676550865,11.99914300441742
3483,0.12800398655235767,0.007684855489060283,0.03121979720890522,12.000693321228027
3484,0.12850745767354965,0.008181264798622578,0.03110407292842865,12.001515626907349
3485,0.12767855823040009,0.00732653122395277,0.030988814309239388,12.00421404838562
3486,0.1271651741117239,0.006821625342126936,0.0308739822357893,12.003480792045593
3487,0.12743225414305925,0.007107343408279121,0.030759574845433235,12.001731872558594
3488,0.12727035023272038,0.006926865200512111,0.030645601451396942,12.003703117370605
3489,0.12659846432507038,0.0062968627898953855,0.030531860888004303,11.99962854385376
3490,0.12725681345909834,0.006964331376366317,0.030418485403060913,11.998829960823059
3491,0.12753759417682886,0.0072308232192881405,0.03030546009540558,12.000372290611267
3492,0.12736627645790577,0.007081185467541218,0.030192743986845016,11.998316764831543
3493,0.12692181766033173,0.006616981700062752,0.030080454424023628,12.00040340423584
3494,0.12758362665772438,0.007245330605655909,0.02996855229139328,12.00386130809784
3495,0.12782279960811138,0.007503594271838665,0.029856989160180092,12.002063989639282
3496,0.12775635160505772,0.00744395877700299,0.029745783656835556,12.001493573188782
3497,0.1267248708754778,0.006412664253730327,0.029634986072778702,12.001585841178894
3498,0.12759160995483398,0.007287111016921699,0.029524534940719604,12.000925421714783
3499,0.1271060649305582,0.006796746281906962,0.029414400458335876,12.001517653465271
3500,0.12767350487411022,0.007399195455946028,0.029304608702659607,11.99812662601471
3501,0.1277956161648035,0.00749977066880092,0.02919519506394863,12.000389695167542
3502,0.1274681705981493,0.007164526090491563,0.029086116701364517,12.001278400421143
3503,0.12719320133328438,0.0068929309491068125,0.028977392241358757,12.001049757003784
3504,0.12749994546175003,0.007199437299277633,0.028869036585092545,12.001181960105896
3505,0.12709146179258823,0.006797908339649439,0.028761036694049835,12.000594735145569
3506,0.12756200786679983,0.007238160644192249,0.028653467074036598,12.00373113155365
3507,0.1267647184431553,0.0064809866598807275,0.02854614518582821,11.99982762336731
3508,0.12823188304901123,0.007967509329319,0.028439216315746307,11.997998476028442
3509,0.12790999840945005,0.0076129699882585555,0.02833264321088791,12.001370668411255
3510,0.12786554358899593,0.007577392039820552,0.02822633646428585,12.00058913230896
3511,0.1271005254238844,0.00679510465124622,0.02812039852142334,12.002422213554382
3512,0.12704872526228428,0.006749006744939834,0.028014816343784332,12.001957416534424
3513,0.12756317108869553,0.0072909031878225505,0.02790956199169159,11.9993177652359
3514,0.1288820318877697,0.008593787264544517,0.027804706245660782,12.001019954681396
3515,0.12738489545881748,0.007100310875102878,0.027700213715434074,12.000758647918701
3516,0.12642467208206654,0.006130668276455253,0.027596067637205124,12.00180459022522
3517,0.12780540622770786,0.007519715814851224,0.02749224379658699,12.00107729434967
3518,0.1275104135274887,0.007246517110615969,0.027388721704483032,11.999001026153564
3519,0.12829897366464138,0.008029925898881629,0.027285538613796234,11.999619722366333
3520,0.12832243368029594,0.008037484542001039,0.027182718738913536,12.001312613487244
3521,0.12842658162117004,0.00814920966513455,0.027080249041318893,12.000657439231873
3522,0.1269888523966074,0.006714707298669964,0.026978107169270515,12.000436663627625
3523,0.12745977379381657,0.007185536902397871,0.0268762968480587,12.000547528266907
3524,0.12716107536107302,0.006870665878523141,0.026774827390909195,12.00226640701294
3525,0.12751588597893715,0.007231593364849687,0.02667367272078991,12.001755952835083
3526,0.12844320572912693,0.008177473326213658,0.02657284587621689,12.000000953674316
3527,0.12809127569198608,0.007842145510949194,0.02647234871983528,11.998440742492676
3528,0.12755108810961246,0.007284384802915156,0.02637217380106449,12.000298500061035
3529,0.1279362514615059,0.007656639965716749,0.026272347196936607,12.001689076423645
3530,0.1282079266384244,0.00794107443653047,0.026172848418354988,12.000512599945068
3531,0.12670714315026999,0.0064313054899685085,0.026073701679706573,12.001510500907898
3532,0.12765128538012505,0.007374963373877108,0.025974860414862633,12.001657724380493
3533,0.12830889225006104,0.008038653119001538,0.025876332074403763,12.001147866249084
3534,0.12765078991651535,0.007394458574708551,0.02577810361981392,11.999855279922485
3535,0.12711717002093792,0.006847394397482276,0.02568024955689907,12.001297354698181
3536,0.12864187359809875,0.008384281711187214,0.02558271400630474,12.000176787376404
3537,0.1270650327205658,0.006817027344368398,0.025485457852482796,11.99931538105011
3538,0.12815376371145248,0.00788031576666981,0.025388572365045547,12.001956462860107
3539,0.12720425613224506,0.006950810726266354,0.025292005389928818,12.00005292892456
3540,0.12718644365668297,0.006924941553734243,0.025195801630616188,12.000954747200012
3541,0.128565339371562,0.008295597101096064,0.025099901482462883,12.001874566078186
3542,0.12721586972475052,0.006954637065064162,0.025004280731081963,12.001119017601013
3543,0.12810790538787842,0.007841614598874003,0.02490898221731186,12.001720547676086
3544,0.1276973932981491,0.007435030594933778,0.024814004078507423,12.00142240524292
3545,0.126472900621593,0.0062260464183054864,0.024719322100281715,11.999966025352478
3546,0.1274988204240799,0.007256565208081156,0.02462494745850563,11.999600768089294
3547,0.12725130282342434,0.007018192089162767,0.02453089877963066,11.998780608177185
3548,0.12853470537811518,0.008282569295261055,0.024437211453914642,12.000776648521423
3549,0.12855276837944984,0.008314061095006764,0.02434380352497101,11.999527096748352
3550,0.12696795538067818,0.006711957044899464,0.024250725284218788,12.001349449157715
3551,0.1278456449508667,0.007558668439742178,0.024157997220754623,12.004539966583252
3552,0.1279544122517109,0.007680267153773457,0.024065431207418442,12.003349304199219
3553,0.12898175790905952,0.008722485974431038,0.02397323027253151,12.001954317092896
3554,0.12791119888424873,0.00765075150411576,0.023881345987319946,12.002163648605347
3555,0.12747056409716606,0.00720935792196542,0.02378978207707405,12.002331256866455
3556,0.12773813493549824,0.0074718790128827095,0.023698560893535614,12.00292694568634
3557,0.1276713777333498,0.00746655894909054,0.02360757440328598,11.996874451637268
3558,0.12723242864012718,0.007030966517049819,0.023516949266195297,11.996629357337952
3559,0.12858534883707762,0.00832735822768882,0.023426678031682968,12.002372741699219
3560,0.12794986553490162,0.007695611449889839,0.023336678743362427,12.002088904380798
3561,0.12724567018449306,0.00700820900965482,0.02324691228568554,12.000499248504639
3562,0.1274941898882389,0.007224141038022935,0.023157496005296707,12.0038480758667
3563,0.12745756655931473,0.00716924830339849,0.023068387061357498,12.005763411521912
3564,0.1282692737877369,0.007996911066584289,0.022979576140642166,12.004257082939148
3565,0.1275965292006731,0.00739381811581552,0.022891029715538025,11.997380137443542
3566,0.12750191986560822,0.0072779079200699925,0.022802844643592834,11.999598503112793
3567,0.12801153399050236,0.007765659072902054,0.022714927792549133,12.001872539520264
3568,0.12738300673663616,0.007155081781093031,0.022627290338277817,12.000165700912476
3569,0.12753327749669552,0.0072927880100905895,0.02254003845155239,12.001508951187134
3570,0.12718265317380428,0.006927906593773514,0.022453008219599724,12.003021597862244
3571,0.1277647465467453,0.007522288535255939,0.022366223856806755,12.001879811286926
3572,0.12796540930867195,0.007742907153442502,0.022279683500528336,11.99997103214264
3573,0.12844971753656864,0.008219708281103522,0.02219342812895775,12.000807762145996
3574,0.12692823447287083,0.006681784056127071,0.02210754156112671,12.002537727355957
3575,0.12721304781734943,0.006978080433327705,0.022021988406777382,12.001475214958191
3576,0.12810620106756687,0.007880677178036422,0.02193678542971611,12.000615954399109
3577,0.1279912432655692,0.0077600564691238105,0.021851858124136925,12.001267194747925
3578,0.12725958414375782,0.007029380416497588,0.02176716923713684,12.001253247261047
3579,0.12798120081424713,0.007767177245113999,0.02168271318078041,11.999720215797424
3580,0.12743371538817883,0.007213638862594962,0.02159852907061577,12.000409126281738
3581,0.12781163677573204,0.007573448237963021,0.021514639258384705,12.002304434776306
3582,0.12779073417186737,0.007542731007561088,0.02143103815615177,12.003369331359863
3583,0.12791733630001545,0.007690209895372391,0.021347733214497566,12.001365065574646
3584,0.12736122123897076,0.0071438506711274385,0.02126474864780903,12.000472664833069
3585,0.12690861709415913,0.0066935126087628305,0.021182062104344368,12.000328660011292
3586,0.1278889924287796,0.0076792624313384295,0.021099643781781197,11.999873876571655
3587,0.12690524943172932,0.006669905909802765,0.021017495542764664,12.002516984939575
3588,0.128078855574131,0.007864351966418326,0.02093559317290783,12.00051498413086
3589,0.12900173477828503,0.008783878583926708,0.020853977650403976,12.000931978225708
3590,0.12814676389098167,0.007924340257886797,0.020772628486156464,12.00146996974945
3591,0.12758366577327251,0.007353146909736097,0.02069154381752014,12.002360463142395
3592,0.12834275141358376,0.008101066167000681,0.020610805600881577,12.003558039665222
3593,0.12691002525389194,0.006690223061013967,0.020530331879854202,12.001450061798096
3594,0.12725564651191235,0.007048181025311351,0.02045014686882496,12.000296950340271
3595,0.12783260457217693,0.007612157322000712,0.02037023939192295,12.001674890518188
3596,0.126179164275527,0.005963657982647419,0.020290547981858253,12.001260042190552
3597,0.12870091758668423,0.008462603378575295,0.020211132243275642,12.003620386123657
3598,0.12773629277944565,0.0075401728972792625,0.020131967961788177,11.999480366706848
3599,0.12759952992200851,0.007391176361124963,0.020053133368492126,12.000782489776611
3600,0.12740556709468365,0.007183642184827477,0.0199746061116457,12.002218008041382
3601,0.12884014286100864,0.008636866696178913,0.01989634335041046,12.000431656837463
3602,0.1274438425898552,0.007249517657328397,0.01981831155717373,11.999614477157593
3603,0.12683061510324478,0.0066174305393360555,0.019740518182516098,12.001578211784363
3604,0.1269989786669612,0.006773254950530827,0.01966298557817936,12.002909660339355
3605,0.12752727512270212,0.007305594568606466,0.019585663452744484,12.002582907676697
3606,0.12721437588334084,0.007004816608969122,0.019508596509695053,12.001447558403015
3607,0.1269022561609745,0.006698052631691098,0.019431883469223976,12.000988960266113
3608,0.12908735312521458,0.00887756678275764,0.019355516880750656,12.001623153686523
3609,0.12784913182258606,0.007651230145711452,0.019279442727565765,12.000511169433594
3610,0.1272552590817213,0.007061958953272551,0.01920361816883087,12.000126957893372
3611,0.12716533057391644,0.006939367041923106,0.01912803202867508,12.00346851348877
3612,0.1274582538753748,0.007241390645503998,0.01905261166393757,12.002633690834045
3613,0.12771430145949125,0.007536271878052503,0.018977390602231026,11.998825788497925
3614,0.12832464557141066,0.008141670259647071,0.01890244521200657,11.999395370483398
3615,0.1267204936593771,0.006502246600575745,0.0188277680426836,12.002996802330017
3616,0.1282695308327675,0.008053600147832185,0.018753409385681152,12.002840042114258
3617,0.12769939750432968,0.007523397158365697,0.018679331988096237,11.998920798301697
3618,0.12682192586362362,0.006631090305745602,0.018605558201670647,12.000478625297546
3619,0.12783440575003624,0.007609289197716862,0.01853203773498535,12.003980040550232
3620,0.12812244705855846,0.007906497863586992,0.018458688631653786,12.00313675403595
3621,0.12843149155378342,0.008258230809587985,0.01838553138077259,11.99894094467163
3622,0.1275259628891945,0.007349524239543825,0.018312662839889526,11.99933123588562
3623,0.12710070423781872,0.006901463377289474,0.018240107223391533,12.001684188842773
3624,0.1277058832347393,0.0075060410890728235,0.01816781610250473,12.001816630363464
3625,0.12715132255107164,0.006955350574571639,0.01809578388929367,12.00150179862976
3626,0.1272056195884943,0.007005984021816403,0.018023986369371414,12.001940131187439
3627,0.12866098433732986,0.008474422618746758,0.01795240491628647,12.000704169273376
3628,0.1278292816132307,0.0076550349476747215,0.017881030216813087,11.999543905258179
3629,0.12685829028487206,0.00665673561161384,0.017809929326176643,12.00234591960907
3630,0.12846192717552185,0.008241808507591486,0.01773911342024803,12.004273295402527
3631,0.12811778858304024,0.007938270282465965,0.017668534070253372,12.000283360481262
3632,0.1274589952081442,0.0072931519825942814,0.01759824901819229,11.99898648262024
3633,0.12704136036336422,0.006847733864560723,0.017528243362903595,12.001834511756897
3634,0.1277421247214079,0.0075361840426921844,0.01745842583477497,12.003136038780212
3635,0.12681399006396532,0.0066347402753308415,0.017388837411999702,12.000536322593689
3636,0.12685126438736916,0.00667867437005043,0.017319481819868088,11.999939918518066
3637,0.12788131088018417,0.007693362946156412,0.017250360921025276,12.001544952392578
3638,0.12650337908416986,0.006330568867269903,0.017181433737277985,12.000099778175354
3639,0.12766285985708237,0.007492984121199697,0.017112765461206436,11.999874711036682
3640,0.12610876560211182,0.005926332378294319,0.017044369131326675,12.00119936466217
3641,0.12694759387522936,0.006757905415724963,0.016976263374090195,12.00199294090271
3642,0.12742173112928867,0.007236114528495818,0.01690840534865856,12.00165319442749
3643,0.1275817323476076,0.007407176599372178,0.016840778291225433,12.000615000724792
3644,0.12746569328010082,0.007296207768376917,0.01677333191037178,12.000175476074219
3645,0.12732418067753315,0.007151093042921275,0.016706112772226334,12.000602960586548
3646,0.1270702052861452,0.006886958261020482,0.016639133915305138,12.001685738563538
3647,0.12766298651695251,0.007481409818865359,0.01657242327928543,12.001585364341736
3648,0.12750357389450073,0.007314894697628915,0.016505995765328407,12.002362370491028
3649,0.12725426629185677,0.007082441123202443,0.01643976755440235,12.000742793083191
3650,0.12776820920407772,0.007606343075167388,0.01637374609708786,11.999813199043274
3651,0.1277831420302391,0.007598611118737608,0.01630796119570732,12.002145171165466
3652,0.12810293957591057,0.007958093949127942,0.016242364421486855,11.998242497444153
3653,0.12781663984060287,0.007633371860720217,0.016177013516426086,12.002149939537048
3654,0.1280695665627718,0.007891412184108049,0.016111906617879868,12.00170385837555
3655,0.12738161720335484,0.007206854817923158,0.01604701206088066,12.001429438591003
3656,0.12785648927092552,0.007644692901521921,0.01598244719207287,12.005197405815125
3657,0.12852235697209835,0.008354860707186162,0.015918055549263954,12.000831604003906
3658,0.12810401804745197,0.00795200263382867,0.01585390791296959,11.999348044395447
3659,0.12762045115232468,0.007440798683091998,0.015789933502674103,12.002175569534302
3660,0.1283611562103033,0.008187811996322125,0.015726204961538315,12.001608490943909
3661,0.12741612270474434,0.007242108229547739,0.015662681311368942,12.001739025115967
3662,0.12741720490157604,0.0072236001142300665,0.015599419362843037,12.003761410713196
3663,0.12768055126070976,0.0074901297921314836,0.01553639117628336,12.003505945205688
3664,0.12709076702594757,0.006940693187061697,0.015473543666303158,11.999533891677856
3665,0.1281439010053873,0.007990757061634213,0.015410982072353363,11.999903678894043
3666,0.1280399952083826,0.007865738880354911,0.015348663553595543,12.002077102661133
3667,0.12718247808516026,0.007014545320998877,0.015286542475223541,12.001506924629211
3668,0.12797771207988262,0.007801078230841085,0.015224650502204895,12.002439141273499
3669,0.12673748843371868,0.006571365520358086,0.01516292616724968,12.001449584960938
3670,0.12842647172510624,0.008246936369687319,0.015101409517228603,12.002852320671082
3671,0.12741617113351822,0.007245214481372386,0.015040098689496517,12.002055644989014
3672,0.12833339907228947,0.008171487250365317,0.014979039318859577,12.00121283531189
3673,0.1272187465801835,0.00705868419026956,0.014918234199285507,12.001088380813599
3674,0.1275396253913641,0.0073898647096939385,0.014857655391097069,12.000118732452393
3675,0.12672649510204792,0.006554631108883768,0.014797303825616837,12.002389430999756
3676,0.12711740471422672,0.006953060743398964,0.014737124554812908,12.001697540283203
3677,0.12747120298445225,0.007330404419917613,0.014677147381007671,11.99940288066864
3678,0.127270782366395,0.007113579835277051,0.014617386274039745,12.001103520393372
3679,0.12780107371509075,0.007646177837159485,0.014557776972651482,12.000931978225708
3680,0.12713259365409613,0.006960413360502571,0.014498477801680565,12.002719640731812
3681,0.1281419526785612,0.007979670946951956,0.014439405873417854,12.001788973808289
3682,0.12857936322689056,0.008437461452558637,0.01438054908066988,11.999809622764587
3683,0.1272406429052353,0.0070684794918634,0.014321932569146156,12.002894878387451
3684,0.1279276292771101,0.007750813208986074,0.014263459481298923,12.003418803215027
3685,0.1282759476453066,0.008095514960587025,0.014205166138708591,12.003838181495667
3686,0.12704983912408352,0.006917417049407959,0.014147071167826653,11.999095439910889
3687,0.12800198793411255,0.007869020337238908,0.014089242555201054,11.999207973480225
3688,0.12686202302575111,0.00669634499354288,0.014031650498509407,12.002536416053772
3689,0.12700141035020351,0.006834975734818727,0.013974243775010109,12.00266945362091
3690,0.12796601466834545,0.007833191310055554,0.013917002826929092,11.999365329742432
3691,0.12694866862148046,0.0068006052752025425,0.01385997049510479,12.000946640968323
3692,0.1282810252159834,0.008098914346192032,0.013803206384181976,12.004408121109009
3693,0.12797862105071545,0.007801544154062867,0.01374661736190319,12.003960847854614
3694,0.12812956981360912,0.007985428965184838,0.01369019877165556,12.00072431564331
3695,0.12779068760573864,0.007675180735532194,0.013633999973535538,11.997917175292969
3696,0.12745396606624126,0.007292792317457497,0.01357804611325264,12.00253963470459
3697,0.12777065765112638,0.007586128427647054,0.013522306457161903,12.0049307346344
3698,0.12742504850029945,0.007256838318426162,0.013466731645166874,12.003354907035828
3699,0.1279648132622242,0.007803636661265045,0.013411339372396469,12.002706527709961
3700,0.1278884094208479,0.007737113046459854,0.013356105424463749,12.001773953437805
3701,0.12768111936748028,0.007557814766187221,0.013301095925271511,11.999029636383057
3702,0.1270084884017706,0.006875910039525479,0.013246328569948673,12.000011801719666
3703,0.1273080799728632,0.007162596273701638,0.013191798701882362,12.001356840133667
3704,0.1278004515916109,0.007653827429749072,0.01313749048858881,12.001525282859802
3705,0.12740635499358177,0.00725010980386287,0.013083330355584621,12.002541542053223
3706,0.12730185873806477,0.007136517146136612,0.013029323890805244,12.003505229949951
3707,0.12808477692306042,0.007927219732664526,0.012975486926734447,12.002780795097351
3708,0.1273854672908783,0.007243094849400222,0.012921812944114208,12.00131607055664
3709,0.1272643357515335,0.00713222986087203,0.012868378311395645,12.000342726707458
3710,0.1280491817742586,0.007904556870926172,0.012815217487514019,12.001647472381592
3711,0.1270856996998191,0.00693004357162863,0.012762275524437428,12.002803444862366
3712,0.12708093598484993,0.006957418750971556,0.012709492817521095,11.999642372131348
3713,0.1273866966366768,0.007251331873703748,0.012656915932893753,12.000880002975464
3714,0.127705667167902,0.007585386105347425,0.012604479677975178,11.99942398071289
3715,0.12821295112371445,0.008078021230176091,0.012552201747894287,12.000941038131714
3716,0.12879899702966213,0.008672027906868607,0.012500077486038208,12.000196933746338
3717,0.1280700657516718,0.007927977130748332,0.012448161840438843,12.001760721206665
3718,0.1278029941022396,0.007628285966347903,0.012396537698805332,12.005074620246887
3719,0.12747892644256353,0.00733078591292724,0.012345125898718834,12.002469301223755
3720,0.12821288220584393,0.008082094776909798,0.012293937616050243,12.000785231590271
3721,0.1277177333831787,0.007568978646304458,0.012242881581187248,12.002632975578308
3722,0.12780381739139557,0.00768744625383988,0.01219194382429123,11.99944543838501
3723,0.12705099489539862,0.006926664442289621,0.012141166254878044,12.00029194355011
3724,0.12716468051075935,0.0070412561181001365,0.01209054235368967,12.00025224685669
3725,0.12814168445765972,0.00800356431864202,0.012040172703564167,12.001772284507751
3726,0.12775371223688126,0.007624058751389384,0.011989986523985863,12.000975728034973
3727,0.12866475991904736,0.008533110143616796,0.011940054595470428,12.001225233078003
3728,0.12706870958209038,0.006917638063896447,0.011890342459082603,12.003216981887817
3729,0.1273675337433815,0.007245860586408526,0.011840756982564926,12.000326991081238
3730,0.12728123180568218,0.007154735911171883,0.011791353113949299,12.000858545303345
3731,0.12767698802053928,0.007560141617432237,0.011742081493139267,11.999942660331726
3732,0.12790943682193756,0.007781527587212622,0.011692961677908897,12.001098155975342
3733,0.12776092439889908,0.007627171115018427,0.011644011363387108,12.001731514930725
3734,0.12901250831782818,0.008879299915861338,0.011595283634960651,12.001725792884827
3735,0.1279029157012701,0.007748466858174652,0.011546799913048744,12.00389850139618
3736,0.12743278220295906,0.007294713286682963,0.011498497799038887,12.002308964729309
3737,0.12773755937814713,0.007632775639649481,0.01145037729293108,11.999028205871582
3738,0.12716631963849068,0.007043828605674207,0.011402438394725323,12.00084674358368
3739,0.12841613590717316,0.008308426768053323,0.011354625225067139,11.999416708946228
3740,0.12738642655313015,0.007281998987309635,0.01130695827305317,11.999136209487915
3741,0.12758526392281055,0.007452762860339135,0.011259449645876884,12.001991152763367
3742,0.1273271944373846,0.007184830727055669,0.011212104931473732,12.00302505493164
3743,0.12710718531161547,0.006959476799238473,0.011164980009198189,12.003606081008911
3744,0.12790631502866745,0.007786214235238731,0.011118021793663502,12.000892043113708
3745,0.12867209501564503,0.008553683815989643,0.011071308515965939,12.000770211219788
3746,0.1279584802687168,0.007824381464160979,0.011024771258234978,12.0023854970932
3747,0.1273591835051775,0.007253090268932283,0.010978380218148232,11.99963128566742
3748,0.1261619869619608,0.006046169961337,0.010932176373898983,12.000649690628052
3749,0.1276404820382595,0.007503280765376985,0.010886119678616524,12.00283396244049
3750,0.1278083398938179,0.0076777280773967505,0.010840192437171936,12.002221465110779
3751,0.12745854072272778,0.0073422728455625474,0.010794440284371376,12.000832676887512
3752,0.12694411724805832,0.006849754659924656,0.010748841799795628,11.998687624931335
3753,0.1270475536584854,0.006934340810403228,0.01070346962660551,12.0006183385849
3754,0.12817364186048508,0.008045646420214325,0.010658279992640018,12.0021413564682
3755,0.12708732672035694,0.006973153853323311,0.010613231919705868,12.000804424285889
3756,0.12752463668584824,0.007405865006148815,0.010568367317318916,12.001308798789978
3757,0.12778095342218876,0.0076752297463826835,0.010523635894060135,12.000049114227295
3758,0.12798519805073738,0.007882892328780144,0.010479073040187359,11.999751806259155
3759,0.12780047208070755,0.007671798637602478,0.010434689931571484,12.002432584762573
3760,0.1267848927527666,0.006663329084403813,0.010390503332018852,12.001766085624695
3761,0.12720480933785439,0.007086801459081471,0.010346490889787674,12.00145435333252
3762,0.12792194820940495,0.007803608139511198,0.010302667506039143,12.001531720161438
3763,0.12725209817290306,0.007145317504182458,0.01025896705687046,12.00041937828064
3764,0.1272780131548643,0.007177124614827335,0.010215407237410545,11.999873757362366
3765,0.12884261459112167,0.00873947812942788,0.010172011330723763,12.000142097473145
3766,0.12725927866995335,0.007166055089328438,0.010128763504326344,11.999193906784058
3767,0.1280448418110609,0.007946031691972166,0.010085692629218102,11.99979567527771
3768,0.1271391399204731,0.007031936489511281,0.010042783804237843,12.000677466392517
3769,0.12722882628440857,0.007117531727999449,0.010000063106417656,12.001129746437073
3770,0.12730388157069683,0.007177785155363381,0.009957483969628811,12.002652287483215
3771,0.12818881683051586,0.008074488665442914,0.009915066882967949,12.001518249511719
3772,0.12819737754762173,0.008089521434158087,0.009872786700725555,12.000913143157959
3773,0.1273080874234438,0.007195714511908591,0.00983069185167551,12.001406908035278
3774,0.12815103866159916,0.008043742622248828,0.009788771159946918,12.000940918922424
3775,0.1282249428331852,0.008107385714538395,0.009747019037604332,12.002009153366089
3776,0.1272638626396656,0.007175828504841775,0.009705391712486744,11.999098300933838
3777,0.1287050899118185,0.008604209055192769,0.00966394692659378,12.00042474269867
3778,0.1276734285056591,0.007578409626148641,0.009622650220990181,11.999879121780396
3779,0.12886148504912853,0.008756706782151014,0.009581510908901691,12.000896692276001
3780,0.12857752107083797,0.008454999653622508,0.009540543891489506,12.00271201133728
3781,0.12808207236230373,0.007989522302523255,0.009499664418399334,11.999755501747131
3782,0.127861600369215,0.0077655023778788745,0.009458960965275764,12.00015103816986
3783,0.127590823918581,0.007498809136450291,0.00941841583698988,11.999783754348755
3784,0.12748963944613934,0.007370202802121639,0.009378042072057724,12.002565741539001
3785,0.1276906616985798,0.007566747779492289,0.009337818250060081,12.003053545951843
3786,0.12822172790765762,0.008146743115503341,0.009297719225287437,11.998201131820679
3787,0.12758895941078663,0.0075050852028653026,0.009257828816771507,11.999129891395569
3788,0.12770589534193277,0.007579302764497697,0.009218081831932068,12.003441572189331
3789,0.12719235755503178,0.007078812865074724,0.009178459644317627,12.00217604637146
3790,0.12741450406610966,0.007305630540940911,0.009139001369476318,12.00174868106842
3791,0.12687379773706198,0.006795953086111695,0.009099667891860008,11.998685240745544
3792,0.1280833538621664,0.008005708165001124,0.009060513228178024,11.998704075813293
3793,0.12755722180008888,0.007463305664714426,0.00902148149907589,12.000370502471924
3794,0.12732462212443352,0.007215840043500066,0.00898260809481144,12.001896023750305
3795,0.1265134233981371,0.006381878163665533,0.008943881839513779,12.004210829734802
3796,0.12674583867192268,0.00665153784211725,0.008905302733182907,12.000525116920471
3797,0.1272782776504755,0.007182526169344783,0.00886690802872181,12.00070834159851
3798,0.12677701376378536,0.006671406386885792,0.008828634396195412,12.001732230186462
3799,0.12625446543097496,0.006158283445984125,0.008790492080152035,12.000828385353088
3800,0.12761134281754494,0.007525163237005472,0.008752518333494663,11.999865531921387
3801,0.12802742421627045,0.007945504039525986,0.008714701049029827,11.999477982521057
3802,0.1268889931961894,0.006793337524868548,0.008677010424435139,12.000888705253601
3803,0.12854784540832043,0.008434693852905184,0.008639441803097725,12.002676010131836
3804,0.12869505397975445,0.008605225943028927,0.008601987734436989,12.000381231307983
3805,0.1284011323004961,0.008291098172776401,0.008564744144678116,12.002439141273499
3806,0.12778469920158386,0.007703441311605275,0.00852763932198286,11.999598264694214
3807,0.12811780720949173,0.00801521766697988,0.008490684442222118,12.001768469810486
3808,0.12691914476454258,0.00680214847670868,0.008453869260847569,12.003246188163757
3809,0.1275415774434805,0.007457729720044881,0.00841714721173048,11.999967694282532
3810,0.12686031963676214,0.0067781772231683135,0.008380594663321972,11.999833703041077
3811,0.12795480154454708,0.007861760444939137,0.008344185538589954,12.000959992408752
3812,0.12765682023018599,0.007568356057163328,0.008307886309921741,12.000539183616638
3813,0.12684612348675728,0.0067675887839868665,0.00827171839773655,11.999582171440125
3814,0.1270061731338501,0.006927344133146107,0.008235717192292213,11.999647378921509
3815,0.128419091925025,0.008318978536408395,0.008199905045330524,12.001811504364014
3816,0.1275247409939766,0.0074510572594590485,0.00816420093178749,11.999204397201538
3817,0.12748940382152796,0.0074119288474321365,0.008128632791340351,11.999619126319885
3818,0.12758326530456543,0.007481501728761941,0.008093176409602165,12.002083420753479
3819,0.12843973189592361,0.00835663714678958,0.008057840168476105,12.00025224685669
3820,0.12813865393400192,0.00804443919332698,0.008022669702768326,12.001399159431458
3821,0.1266859220340848,0.0065797020215541124,0.007987676188349724,12.002634286880493
3822,0.1269487515091896,0.006838481058366597,0.007952818647027016,12.003074288368225
3823,0.1275629010051489,0.007478051236830652,0.007918069139122963,12.000567078590393
3824,0.12730307318270206,0.007229564129374921,0.007883445359766483,11.999467849731445
3825,0.12706581503152847,0.006991762376856059,0.007848945446312428,11.99955677986145
3826,0.1271771602332592,0.007105838740244508,0.007814573124051094,11.99931788444519
3827,0.12845727987587452,0.00839803070994094,0.00778033584356308,11.99814486503601
3828,0.12720485217869282,0.007114564243238419,0.007746243383735418,12.001282691955566
3829,0.12783166766166687,0.007697020249906927,0.007712302729487419,12.005752444267273
3830,0.12658141739666462,0.006474842259194702,0.007678464520722628,12.002979278564453
3831,0.12751060910522938,0.007401421666145325,0.0076447888277471066,12.003274202346802
3832,0.12729486916214228,0.007196012826170772,0.007611220236867666,12.002274632453918
3833,0.12764433585107327,0.007559349935036153,0.007577803917229176,12.000921249389648
3834,0.1270935833454132,0.006996154319494963,0.007544542662799358,12.002198815345764
3835,0.12712612841278315,0.007038929441478103,0.007511397823691368,12.001208782196045
3836,0.1282631680369377,0.008170966058969498,0.007478388957679272,12.001742005348206
3837,0.1278705969452858,0.007801941887009889,0.007445455063134432,11.999420523643494
3838,0.12740247696638107,0.007308623229619116,0.007412645034492016,12.001972794532776
3839,0.12734097801148891,0.007242050545755774,0.007379964925348759,12.002512693405151
3840,0.12700935639441013,0.006941801053471863,0.007347419857978821,11.99940836429596
3841,0.12704635970294476,0.00696446857182309,0.007315065711736679,12.000874400138855
3842,0.1276217419654131,0.007528077345341444,0.007282846607267857,12.002083897590637
3843,0.12705536000430584,0.006985525717027485,0.0072506931610405445,11.999732851982117
3844,0.12794818729162216,0.007863378094043583,0.0072186533361673355,12.001262187957764
3845,0.12639700062572956,0.0063043159898370504,0.007186728063970804,12.002082228660583
3846,0.12783191353082657,0.007739441760350019,0.007154951337724924,12.002092599868774
3847,0.12859009392559528,0.008519831288140267,0.007123305927962065,11.999903321266174
3848,0.12788952700793743,0.007815908815246075,0.00709180161356926,12.000270247459412
3849,0.12675021961331367,0.006675255368463695,0.0070604123175144196,12.000436425209045
3850,0.1279844380915165,0.007908212603069842,0.007029153872281313,12.000593423843384
3851,0.12665997631847858,0.0065830121748149395,0.006998016033321619,12.000698328018188
3852,0.12691683880984783,0.006823671807069331,0.006967001594603062,12.002349972724915
3853,0.12761319894343615,0.0075524161220528185,0.006936086341738701,11.999142289161682
3854,0.1274256445467472,0.007346314669121057,0.006905298680067062,12.001028299331665
3855,0.12844005972146988,0.008354034856893122,0.006874634884297848,12.001728415489197
3856,0.12690002471208572,0.006822233845014125,0.0068440926261246204,12.000935196876526
3857,0.1278524575755,0.007760796055663377,0.0068137021735310555,12.002352833747864
3858,0.1266964040696621,0.0066208537900820374,0.0067834267392754555,12.000771880149841
3859,0.12778418883681297,0.007706913689617068,0.0067532602697610855,12.000974655151367
3860,0.12734390329569578,0.007281411613803357,0.00672316737473011,11.999526023864746
3861,0.12732386775314808,0.007258343044668436,0.006693223956972361,11.99985933303833
3862,0.12883776798844337,0.008750093344133347,0.006663444451987743,12.00210440158844
3863,0.1270962432026863,0.0070338796358555555,0.0066337487660348415,11.999602913856506
3864,0.12686586659401655,0.006797880283556879,0.006604168098419905,12.000194668769836
3865,0.12747362442314625,0.007371417654212564,0.006574690341949463,12.00364625453949
3866,0.1272661155089736,0.007189810217823833,0.006545321550220251,12.00108540058136
3867,0.126432660035789,0.0063673408585600555,0.006516072899103165,12.000016212463379
3868,0.1271863989531994,0.007108328572940081,0.0064869653433561325,12.001320362091064
3869,0.1271038670092821,0.007017732481472194,0.006457969080656767,12.002156019210815
3870,0.1269261408597231,0.0068818816798739135,0.006429075263440609,11.997996807098389
3871,0.12703833542764187,0.007000644778599963,0.006400329992175102,11.997368931770325
3872,0.12724139168858528,0.007147104770410806,0.006371716503053904,12.003057479858398
3873,0.12703244853764772,0.006944501714315265,0.006343180313706398,12.00245189666748
3874,0.12801079638302326,0.007962723029777408,0.006314718630164862,11.99849283695221
3875,0.12773127108812332,0.007659487775526941,0.006286374293267727,12.000892043113708
3876,0.12712263874709606,0.007026379345916212,0.00625816872343421,12.003368139266968
3877,0.12738013826310635,0.007285841915290803,0.006230080034583807,12.003199815750122
3878,0.12814056687057018,0.00809888809453696,0.006202115677297115,11.997966170310974
3879,0.12719309888780117,0.007132124272175133,0.006174270994961262,11.99992322921753
3880,0.1264259498566389,0.006339112936984748,0.006146539468318224,12.002537369728088
3881,0.12786099314689636,0.007789551455061883,0.006118898745626211,12.001025438308716
3882,0.1275281561538577,0.007439385226462036,0.0060913958586752415,12.00278615951538
3883,0.12831763736903667,0.008241111238021404,0.0060639637522399426,12.001588940620422
3884,0.12753701210021973,0.007463967602234334,0.006036646664142609,12.001267910003662
3885,0.1274226661771536,0.007376269611995667,0.006009417586028576,11.998630404472351
3886,0.12664644792675972,0.006572563725057989,0.005982331465929747,12.00140631198883
3887,0.1271462868899107,0.007053995330352336,0.005955369211733341,12.003274083137512
3888,0.12771848775446415,0.007674921827856451,0.005928494036197662,11.998428344726562
3889,0.1274369228631258,0.007389045495074242,0.005901755765080452,11.998886346817017
3890,0.1265319101512432,0.006450911401771009,0.005875096656382084,12.002225041389465
3891,0.12751729786396027,0.00741126702632755,0.005848550703376532,12.004755020141602
3892,0.12748462334275246,0.007391125545836985,0.005822088103741407,12.003527879714966
3893,0.12646895088255405,0.00641769461799413,0.00579574191942811,11.999330282211304
3894,0.1274498486891389,0.0073935603140853345,0.0057695177383720875,11.999859690666199
3895,0.12695499509572983,0.006873161706607789,0.005743398796766996,12.002440094947815
3896,0.12685877177864313,0.006818476424086839,0.005717357620596886,11.998312592506409
3897,0.12685177847743034,0.006799528433475643,0.005691436119377613,11.999533772468567
3898,0.12694807723164558,0.006851750542409718,0.005665651522576809,12.003967761993408
3899,0.12696696538478136,0.00689509476069361,0.005639934446662664,12.00154733657837
3900,0.12763592414557934,0.007587059633806348,0.005614328198134899,11.999272227287292
3901,0.12789710238575935,0.00785219919634983,0.005588837433606386,11.998901724815369
3902,0.12809256836771965,0.00800943502690643,0.005563470534980297,12.002750158309937
3903,0.12800243496894836,0.007943102857097983,0.005538181867450476,12.00039553642273
3904,0.12696252763271332,0.006904006353579462,0.005512980744242668,12.000339269638062
3905,0.12783353962004185,0.007742334099020809,0.0054879034869372845,12.003632545471191
3906,0.12785913608968258,0.0077862851321697235,0.005462877918034792,12.001822352409363
3907,0.12776747811585665,0.0077112800208851695,0.005437981337308884,12.000182032585144
3908,0.12693046312779188,0.006870380020700395,0.005413201171904802,12.000595450401306
3909,0.1270480202510953,0.00696764508029446,0.005388537421822548,12.002648949623108
3910,0.127188041806221,0.007150131685193628,0.005363985896110535,11.998427391052246
3911,0.12803167663514614,0.007967512821778655,0.0053395419381558895,12.00107729434967
3912,0.12744308821856976,0.0073456873069517314,0.005315183196216822,12.004425287246704
3913,0.12751173041760921,0.007451083220075816,0.005290864035487175,12.000774383544922
3914,0.12873032502830029,0.008700239995960146,0.00526663800701499,11.997742056846619
3915,0.12717434763908386,0.007125877076759934,0.005242533981800079,11.999604940414429
3916,0.12704822700470686,0.006957723060622811,0.005218530539423227,12.00383198261261
3917,0.12774922512471676,0.007671398983802646,0.005194641649723053,12.002587795257568
3918,0.12757101748138666,0.007521613268181682,0.005170863587409258,11.999769806861877
3919,0.12653289176523685,0.006484430807176977,0.005147211719304323,11.999699115753174
3920,0.1263356190174818,0.006272299564443529,0.0051236385479569435,12.001208543777466
3921,0.1273988764733076,0.007354784349445254,0.0051001072861254215,11.999309420585632
3922,0.12675875145941973,0.00669784500496462,0.005076677538454533,12.001014351844788
3923,0.12667566537857056,0.006612252560444176,0.005053343717008829,12.001288056373596
3924,0.12782729230821133,0.007775239995680749,0.005030127242207527,12.000175476074219
3925,0.12751018535345793,0.007456750143319368,0.005007021129131317,12.00033688545227
3926,0.12749511003494263,0.007436106854584068,0.004984014201909304,12.000916600227356
3927,0.127133222296834,0.007079087954480201,0.004961093887686729,12.000452756881714
3928,0.12740137428045273,0.007332705776207149,0.0049382783472537994,12.001928925514221
3929,0.12786129117012024,0.00779311778023839,0.004915543831884861,12.001901984214783
3930,0.12758316285908222,0.007517528312746435,0.004892901983112097,12.001670718193054
3931,0.12636397685855627,0.006316535756923258,0.0048703462816774845,11.999873995780945
3932,0.12706348951905966,0.007008327927906066,0.004847907926887274,12.0006685256958
3933,0.1277578677982092,0.007718775828834623,0.004825564566999674,11.999083876609802
3934,0.128256319090724,0.008232631429564208,0.004803285468369722,11.997565984725952
3935,0.12771938927471638,0.007666048244573176,0.004781098570674658,12.000553131103516
3936,0.12622235342860222,0.006156189017929137,0.004758980590850115,12.001857876777649
3937,0.12677440606057644,0.006697338481899351,0.004736959934234619,12.002970218658447
3938,0.12743621598929167,0.007369902683421969,0.004715045914053917,12.00191617012024
3939,0.12740189395844936,0.00734186201589182,0.004693233873695135,12.001309990882874
3940,0.1274947952479124,0.00744898256380111,0.004671512637287378,11.9999098777771
3941,0.12801176123321056,0.007964325370267034,0.00464987475425005,12.000093936920166
3942,0.12799452804028988,0.00791987543925643,0.004628331400454044,12.002837181091309
3943,0.12796411104500294,0.00789228908251971,0.004606881178915501,12.002575516700745
3944,0.12836585566401482,0.008312673191539943,0.004585507325828075,12.000733137130737
3945,0.12670961394906044,0.006649755639955401,0.004564233124256134,12.001421809196472
3946,0.1280762031674385,0.008011829282622784,0.004543030168861151,12.001894474029541
3947,0.12665499467402697,0.006607409042771906,0.004521904978901148,12.000237107276917
3948,0.1277894377708435,0.007734006969258189,0.0045008910819888115,12.0010427236557
3949,0.12811089865863323,0.008071749994996935,0.004479979630559683,11.999435186386108
3950,0.12707199808210135,0.007032083463855088,0.00445916224271059,11.999532461166382
3951,0.12696009501814842,0.006896792852785438,0.004438419360667467,12.00189220905304
3952,0.12774728052318096,0.007690629572607577,0.004417728167027235,12.00124728679657
3953,0.1267952062189579,0.006741266814060509,0.004397108685225248,12.000997066497803
3954,0.12763411924242973,0.007573979964945465,0.004376586060971022,12.00163745880127
3955,0.1276426874101162,0.007578282384201884,0.004356169141829014,12.002084493637085
3956,0.12821703404188156,0.008179564261808991,0.004335855133831501,11.999411582946777
3957,0.12663779966533184,0.006587579497136176,0.004315630532801151,12.000706911087036
3958,0.12805715575814247,0.007994982064701617,0.004295481368899345,12.001922130584717
3959,0.12711011245846748,0.00707173888804391,0.00427537877112627,11.999562501907349
3960,0.12582718022167683,0.00575541501166299,0.004255375359207392,12.0029217004776
3961,0.12715350277721882,0.00706903007812798,0.004235467407852411,12.004211783409119
3962,0.126924404874444,0.006853218888863921,0.004215656779706478,12.002903461456299
3963,0.12740815430879593,0.007382749347016215,0.0041959285736083984,11.998344659805298
3964,0.12719036638736725,0.007162824913393706,0.004176300019025803,11.998578310012817
3965,0.12755758315324783,0.007491886615753174,0.004156759474426508,12.002413392066956
3966,0.1280007604509592,0.007958808331750333,0.004137244075536728,12.000058054924011
3967,0.1271500624716282,0.007089014921803027,0.004117831587791443,12.001986980438232
3968,0.12731586582958698,0.007252640963997692,0.004098491743206978,12.002224326133728
3969,0.1275912281125784,0.007530876784585416,0.004079221282154322,12.00195586681366
3970,0.12830926850438118,0.008257010718807578,0.004060034640133381,12.001165986061096
3971,0.12691710889339447,0.0068626615684479475,0.004040926694869995,12.00140380859375
3972,0.12822506576776505,0.008158201642800122,0.004021939821541309,12.002664923667908
3973,0.12846536561846733,0.008443507656920701,0.004003019072115421,11.998183012008667
3974,0.12698237784206867,0.006943723885342479,0.0039842077530920506,11.999881625175476
3975,0.1276120115071535,0.007519083563238382,0.0039654690772295,12.005327820777893
3976,0.1283068060874939,0.00827771972399205,0.003946765325963497,11.998962044715881
3977,0.12815183959901333,0.008110868860967457,0.003928150981664658,12.000169157981873
3978,0.1271588420495391,0.007111871091183275,0.0039096106775105,12.000787854194641
3979,0.1279768943786621,0.007917896786238998,0.0038911548908799887,12.00200891494751
3980,0.12808391265571117,0.008035957929678261,0.0038727722130715847,12.000923037528992
3981,0.12728770077228546,0.007250589143950492,0.003854455891996622,11.999857068061829
3982,0.12712218798696995,0.007062134507577866,0.0038362592458724976,12.002169132232666
3983,0.1277982834726572,0.007748364005237818,0.003818107768893242,12.001174211502075
3984,0.1275493809953332,0.007526512839831412,0.0038000380154699087,11.9984872341156
3985,0.12705988436937332,0.0070033096126280725,0.0037820551078766584,12.001875519752502
3986,0.12724118120968342,0.007185078808106482,0.003764128079637885,12.001846551895142
3987,0.1268506431952119,0.006804116477724165,0.003746291622519493,12.000906348228455
3988,0.127473471686244,0.0074371202499605715,0.003728544805198908,11.999906659126282
3989,0.1273382194340229,0.007277772470843047,0.0037108983378857374,12.002334237098694
3990,0.12697624415159225,0.006938424718100578,0.0036933021619915962,12.000088930130005
3991,0.1280208993703127,0.00796353054465726,0.0036757783964276314,12.002061367034912
3992,0.12728524766862392,0.007251048402395099,0.003658294677734375,11.999761939048767
3993,0.12867020722478628,0.008640254207421094,0.003640885930508375,11.999354839324951
3994,0.1278244499117136,0.007785000954754651,0.003623576834797859,12.000321626663208
3995,0.12739511765539646,0.0073472458170726895,0.0036063373554497957,12.001181244850159
3996,0.12775984965264797,0.0077176562626846135,0.0035891695879399776,12.000630378723145
3997,0.12675144709646702,0.006714803748764098,0.0035720758605748415,12.000092387199402
3998,0.12722481880337,0.007174993399530649,0.003555071773007512,12.00142776966095
3999,0.12760119140148163,0.007542220642790198,0.0035381363704800606,12.00235915184021
