step,loss_total,simple,proto,aux
0,1.4310429841279984,1.0060179084539413,23.111919403076172,19.390591144561768
1,1.4118327647447586,0.9933679699897766,23.095857620239258,18.750622272491455
2,1.399136871099472,0.9871020242571831,23.079618453979492,18.123865842819214
3,1.3929232209920883,0.9870651066303253,23.063194274902344,17.522618532180786
4,1.3801660984754562,0.980419710278511,23.046607971191406,16.928033590316772
5,1.3724221736192703,0.9783360213041306,23.02983283996582,16.378784894943237
6,1.3600678890943527,0.9714192524552345,23.01288604736328,15.8519766330719
7,1.3498211801052094,0.9664508625864983,22.995777130126953,15.341254711151123
8,1.3360933810472488,0.9577454254031181,22.978500366210938,14.856298208236694
9,1.3293034136295319,0.9558264836668968,22.961074829101562,14.386620163917542
10,1.324766829609871,0.9557567089796066,22.943496704101562,13.957517266273499
11,1.3093653172254562,0.9442183971405029,22.92577362060547,13.588919043540955
12,1.3005307763814926,0.9385966062545776,22.907920837402344,13.285493850708008
13,1.2906941622495651,0.9314909800887108,22.889965057373047,13.0303555727005
14,1.2812597304582596,0.9241522327065468,22.87192726135254,12.838826417922974
15,1.2744036316871643,0.9188021793961525,22.85382843017578,12.70631730556488
16,1.2645985037088394,0.9099774211645126,22.835716247558594,12.62639033794403
17,1.2505966126918793,0.8964845612645149,22.817611694335938,12.593592405319214
18,1.2459535598754883,0.8919712677598,22.799562454223633,12.598668575286865
19,1.2275872826576233,0.8732420280575752,22.781614303588867,12.652915954589844
20,1.2181046158075333,0.8630453944206238,22.76380729675293,12.742114901542664
21,1.1999261379241943,0.8437193557620049,22.74619483947754,12.874483108520508
22,1.1852039694786072,0.8274375349283218,22.728805541992188,13.047839760780334
23,1.1627077907323837,0.8032514005899429,22.711708068847656,13.233932614326477
24,1.1320917904376984,0.7709602862596512,22.694950103759766,13.418204069137573
25,1.107842966914177,0.745364211499691,22.678564071655273,13.569313526153564
26,1.0721105635166168,0.7086083143949509,22.662593841552734,13.687633037567139
27,1.0283902436494827,0.6644395440816879,22.647066116333008,13.74800455570221
28,0.9842385724186897,0.6204040199518204,22.63199806213379,13.751457691192627
29,0.9335737824440002,0.5704494491219521,22.61739158630371,13.695042133331299
30,0.8887394517660141,0.5270298719406128,22.603248596191406,13.567708730697632
31,0.8348509594798088,0.4748406819999218,22.589534759521484,13.411494851112366
32,0.7973861172795296,0.43904414027929306,22.576183319091797,13.258015155792236
33,0.7637176215648651,0.406513225287199,22.563108444213867,13.157334685325623
34,0.736048586666584,0.3791881538927555,22.550182342529297,13.13586151599884
35,0.7053308561444283,0.3485402911901474,22.53728485107422,13.14177143573761
36,0.6748813167214394,0.31792009621858597,22.524261474609375,13.171860575675964
37,0.6505268067121506,0.29365407675504684,22.511024475097656,13.176250696182251
38,0.6188973784446716,0.26233729906380177,22.49751853942871,13.158491253852844
39,0.5960249081254005,0.24096916802227497,22.483753204345703,13.021823644638062
40,0.5711420029401779,0.21828255988657475,22.46965980529785,12.816284418106079
41,0.5542041510343552,0.20371953956782818,22.455080032348633,12.593383193016052
42,0.5408902615308762,0.19164648093283176,22.439800262451172,12.484578251838684
43,0.5174174383282661,0.1693214774131775,22.424049377441406,12.385547280311584
44,0.5027070231735706,0.154965341091156,22.407447814941406,12.366721272468567
45,0.4859302379190922,0.1380938645452261,22.39020538330078,12.393433332443237
46,0.46936220675706863,0.12217569909989834,22.37257194519043,12.346078872680664
47,0.46407483518123627,0.1173045514151454,22.353498458862305,12.323530316352844
48,0.45146067440509796,0.10547618381679058,22.333391189575195,12.265058398246765
49,0.441878043115139,0.09662272315472364,22.31256103515625,12.212971091270447
50,0.45084041729569435,0.10599229205399752,22.29068374633789,12.194129943847656
51,0.42680900916457176,0.08188827894628048,22.269285202026367,12.222788453102112
52,0.44035959243774414,0.09552034270018339,22.247501373291016,12.236425280570984
53,0.4229379706084728,0.07887700013816357,22.22623062133789,12.179866909980774
54,0.435276884585619,0.0917582893744111,22.203319549560547,12.148542046546936
55,0.4506869502365589,0.10708416998386383,22.181194305419922,12.179084658622742
56,0.4317651130259037,0.08878784812986851,22.159923553466797,12.137803554534912
57,0.4062493033707142,0.0638309009373188,22.138973236083984,12.102867841720581
58,0.417158842086792,0.07500889617949724,22.1175537109375,12.09744131565094
59,0.4078010655939579,0.0658516688272357,22.096084594726562,12.09885549545288
60,0.3931574858725071,0.05150053882971406,22.074359893798828,12.091335535049438
61,0.3989190459251404,0.05767979845404625,22.05074691772461,12.073179006576538
62,0.3956932760775089,0.05479589616879821,22.02729034423828,12.062448859214783
63,0.38784806802868843,0.04719417588785291,22.00393295288086,12.061457514762878
64,0.3931983411312103,0.052737317979335785,21.978309631347656,12.067792534828186
65,0.3845045678317547,0.04461563425138593,21.952125549316406,12.0367671251297
66,0.38755325227975845,0.04809013148769736,21.924287796020508,12.022025465965271
67,0.3999043181538582,0.0605252617970109,21.897197723388672,12.040708422660828
68,0.39348307251930237,0.0544308633543551,21.871173858642578,12.034047484397888
69,0.37532929703593254,0.036680724704638124,21.845905303955078,12.018952012062073
70,0.38600853085517883,0.04750078218057752,21.819623947143555,12.03115177154541
71,0.3975491113960743,0.059133907314389944,21.79415512084961,12.047365069389343
72,0.39199285954236984,0.05391451297327876,21.769620895385742,12.038214206695557
73,0.3731241188943386,0.03551613469608128,21.745643615722656,12.01515519618988
74,0.38367433100938797,0.04630064684897661,21.719757080078125,12.017611622810364
75,0.3825211003422737,0.045379770919680595,21.694698333740234,12.019435286521912
76,0.3824719451367855,0.045633372850716114,21.67027473449707,12.013582825660706
77,0.3681075982749462,0.03144104406237602,21.64603614807129,12.020618796348572
78,0.3786030746996403,0.04196032299660146,21.62105369567871,12.043223023414612
79,0.37856051325798035,0.04219746123999357,21.596710205078125,12.039595007896423
80,0.37255895882844925,0.03655990422703326,21.572879791259766,12.027026414871216
81,0.3674173802137375,0.03170782560482621,21.548503875732422,12.022451996803284
82,0.3655029535293579,0.030077100498601794,21.52274513244629,12.01984190940857
83,0.3687695749104023,0.033674821024760604,21.496950149536133,12.012526154518127
84,0.3657075874507427,0.03092597285285592,21.46969223022461,12.00847041606903
85,0.3646932616829872,0.030162703711539507,21.442428588867188,12.0106281042099
86,0.36126667633652687,0.027142923790961504,21.41455841064453,11.997817397117615
87,0.3625161647796631,0.02876194892451167,21.3856201171875,11.989802360534668
88,0.35868751257658005,0.02518636011518538,21.356334686279297,11.993781924247742
89,0.3585628680884838,0.02529031317681074,21.326595306396484,12.000659584999084
90,0.3601129986345768,0.02714457199908793,21.296165466308594,12.000678300857544
91,0.3591109998524189,0.026394865941256285,21.266651153564453,12.00496220588684
92,0.35841067880392075,0.025980385253205895,21.236541748046875,12.006487727165222
93,0.3585149720311165,0.02636741055175662,21.20757293701172,12.007183313369751
94,0.35742781311273575,0.025620651431381702,21.179372787475586,12.001343965530396
95,0.35543181002140045,0.02389833051711321,21.15097999572754,12.002368569374084
96,0.3583960235118866,0.027092845644801855,21.121868133544922,12.008451104164124
97,0.353992335498333,0.023018473759293556,21.093416213989258,12.00397002696991
98,0.3566613495349884,0.02603768790140748,21.064306259155273,11.998061418533325
99,0.3561406619846821,0.025774524779990315,21.036375045776367,12.000239491462708
100,0.3511969894170761,0.02103529789019376,21.008655548095703,12.007514357566833
101,0.353615116328001,0.023696178570389748,20.982072830200195,12.009822607040405
102,0.352493517100811,0.022827012231573462,20.956832885742188,12.009818196296692
103,0.3544806018471718,0.02519538253545761,20.9307861328125,11.997736811637878
104,0.3638118617236614,0.03477225103415549,20.906177520751953,11.99778425693512
105,0.3552919253706932,0.026490419171750546,20.883159637451172,11.996991515159607
106,0.3494154326617718,0.020794038427993655,20.861326217651367,12.000813961029053
107,0.3572513274848461,0.028661497868597507,20.838132858276367,12.020850777626038
108,0.35862716287374496,0.03016748302616179,20.816020965576172,12.02994692325592
109,0.34805671498179436,0.019991125911474228,20.79499626159668,12.011563301086426
110,0.3493209294974804,0.021576144034042954,20.773754119873047,12.000725388526917
111,0.3536614589393139,0.026089351158589125,20.753023147583008,12.004188537597656
112,0.3553664982318878,0.027982278261333704,20.733055114746094,12.00536847114563
113,0.34863758087158203,0.02142812334932387,20.713350296020508,12.007596135139465
114,0.3462962582707405,0.01915433059912175,20.693525314331055,12.020668983459473
115,0.3503051809966564,0.023306237533688545,20.67385482788086,12.026039958000183
116,0.34764083474874496,0.02094925963319838,20.65423583984375,12.014921307563782
117,0.3421850726008415,0.015817555133253336,20.63471794128418,12.002035737037659
118,0.34600386396050453,0.019840073073282838,20.61412811279297,12.002251744270325
119,0.34687765315175056,0.020918179536238313,20.59369659423828,12.002250909805298
120,0.34011684358119965,0.014408290735445917,20.5736083984375,11.997246980667114
121,0.3445177897810936,0.01900509058032185,20.5520076751709,11.999263048171997
122,0.34440727159380913,0.01910931058228016,20.530712127685547,11.999084830284119
123,0.339017853140831,0.013926601503044367,20.509620666503906,11.999505519866943
124,0.3422149494290352,0.017342726234346628,20.487171173095703,12.00005030632019
125,0.34288405254483223,0.018243991187773645,20.464323043823242,11.99968433380127
126,0.34239279851317406,0.017928771674633026,20.44036102294922,12.006041884422302
127,0.34370048344135284,0.01944822573568672,20.415599822998047,12.009625792503357
128,0.33958038687705994,0.015653536305762827,20.3903865814209,12.002300143241882
129,0.3413813076913357,0.0177698660409078,20.36440658569336,11.996737837791443
130,0.33815181627869606,0.014821781544014812,20.33839988708496,11.994604110717773
131,0.33802975341677666,0.014887348981574178,20.312084197998047,12.002156496047974
132,0.33818213641643524,0.015264358022250235,20.285816192626953,12.005963444709778
133,0.33783113211393356,0.015192298451438546,20.259479522705078,12.00440502166748
134,0.3382383957505226,0.01587599015329033,20.232799530029297,12.003441333770752
135,0.3366142027080059,0.014459536294452846,20.20571517944336,12.00975239276886
136,0.33792053163051605,0.016018485301174223,20.178672790527344,12.011532545089722
137,0.33796504884958267,0.016426294692792,20.15121078491211,12.002665638923645
138,0.3360386788845062,0.014826674247160554,20.12371826171875,11.997483253479004
139,0.3367569111287594,0.015797864529304206,20.095895767211914,12.000009775161743
140,0.33548372983932495,0.014816561015322804,20.068161010742188,11.998555898666382
141,0.33529946208000183,0.014879512367770076,20.0401611328125,12.001835465431213
142,0.3341756537556648,0.014037931920029223,20.012001037597656,12.001772403717041
143,0.3341115973889828,0.014266384299844503,19.983661651611328,12.000860452651978
144,0.33366866037249565,0.014110673451796174,19.955181121826172,12.00061845779419
145,0.33210308849811554,0.012820063740946352,19.926593780517578,12.001709938049316
146,0.332111619412899,0.013107677921652794,19.897932052612305,12.002462148666382
147,0.3318609967827797,0.013169617741368711,19.86922264099121,11.999916672706604
148,0.33221112936735153,0.01382120221387595,19.840490341186523,11.99850332736969
149,0.3320590779185295,0.013921261415816844,19.811750411987305,12.00203263759613
150,0.330001138150692,0.01214826270006597,19.78302574157715,12.002262353897095
151,0.3301583081483841,0.012596215819939971,19.754329681396484,12.001880049705505
152,0.3291574604809284,0.01186177204363048,19.725675582885742,12.00389313697815
153,0.32926538959145546,0.0122515510302037,19.69707489013672,12.00430965423584
154,0.32921069860458374,0.012517270050011575,19.66853904724121,12.0008043050766
155,0.3281461000442505,0.011745622614398599,19.640073776245117,11.999974966049194
156,0.3287312015891075,0.01261034479830414,19.611690521240234,12.000396132469177
157,0.32823945209383965,0.012406877474859357,19.583391189575195,11.999866843223572
158,0.32718252018094063,0.01161308609880507,19.555185317993164,12.00175952911377
159,0.3275623135268688,0.012270026374608278,19.52707290649414,12.002156019210815
160,0.3301546946167946,0.015124471159651875,19.499061584472656,12.00396192073822
161,0.32607778161764145,0.01135197386611253,19.47115707397461,12.001424551010132
162,0.32550784945487976,0.01106536912266165,19.44335174560547,12.00089693069458
163,0.3243916556239128,0.010259018803481013,19.415658950805664,11.997605085372925
164,0.32599828392267227,0.012118231854401529,19.388071060180664,11.999934554100037
165,0.3258899487555027,0.012250292114913464,19.360595703125,12.00337016582489
166,0.32621264830231667,0.012848877580836415,19.333229064941406,12.003149032592773
167,0.32561591640114784,0.012522049597464502,19.305973052978516,12.003414750099182
168,0.3253546617925167,0.012528230086900294,19.278827667236328,12.00381588935852
169,0.32208532467484474,0.009569947374984622,19.251794815063477,11.99974262714386
170,0.32301345095038414,0.010757831914816052,19.22487449645996,12.000686645507812
171,0.3234442211687565,0.011440776521340013,19.198062896728516,12.002281785011292
172,0.32168176397681236,0.009947105660103261,19.171361923217773,12.002104640007019
173,0.324128907173872,0.012663873319979757,19.14476776123047,12.001736044883728
174,0.3221592865884304,0.010978473699651659,19.1182804107666,11.999799847602844
175,0.32219555228948593,0.011279979953542352,19.091903686523438,11.999654531478882
176,0.3223344311118126,0.011646772269159555,19.06563377380371,12.003132581710815
177,0.3210149556398392,0.010599552071653306,19.039466857910156,12.002074122428894
178,0.322785384953022,0.012643006397411227,19.01340675354004,12.000832080841064
179,0.32020681723952293,0.010314352111890912,18.987449645996094,12.001798391342163
180,0.3193374462425709,0.00971986708464101,18.961593627929688,12.000164031982422
181,0.32079900056123734,0.011419625021517277,18.935836791992188,12.002100706100464
182,0.3192327320575714,0.010087231174111366,18.91018295288086,12.004367232322693
183,0.31917012855410576,0.010288989637047052,18.88462257385254,12.00349247455597
184,0.3189762942492962,0.010369610390625894,18.859163284301758,12.001506090164185
185,0.3198443241417408,0.011497251456603408,18.833797454833984,12.000910520553589
186,0.3192640319466591,0.011201769229955971,18.80852699279785,11.99769902229309
187,0.3195699155330658,0.011741637135855854,18.78335189819336,11.999476194381714
188,0.3170072138309479,0.00944133335724473,18.75826644897461,11.998322367668152
189,0.31763865053653717,0.0102755397092551,18.73344612121582,12.002865552902222
190,0.3179011940956116,0.010781297460198402,18.708694458007812,12.003295660018921
191,0.31660065427422523,0.00974548072554171,18.68401336669922,12.00150442123413
192,0.3180036433041096,0.011367768864147365,18.65940284729004,12.00418508052826
193,0.316717017441988,0.010377893107943237,18.63486671447754,11.999046206474304
194,0.3171298950910568,0.010990121809300035,18.611095428466797,12.002883076667786
195,0.3171587325632572,0.011227112379856408,18.587318420410156,12.005843997001648
196,0.31591973453760147,0.01026905799517408,18.564373016357422,12.00069510936737
197,0.31584610417485237,0.010441890102811158,18.541343688964844,11.999078035354614
198,0.3152630254626274,0.01005274784984067,18.51824951171875,12.00277841091156
199,0.31439999863505363,0.009439819608815014,18.49519920349121,12.000819206237793
200,0.3140384927392006,0.009285863663535565,18.472253799438477,12.003010392189026
201,0.3158039078116417,0.011289121699519455,18.449254989624023,12.002224683761597
202,0.31449218839406967,0.010209746367763728,18.426212310791016,12.002033829689026
203,0.31456946209073067,0.010505533311516047,18.403141021728516,12.003251671791077
204,0.31473569199442863,0.010937336483038962,18.380046844482422,11.999789953231812
205,0.314445823431015,0.010870824451558292,18.357593536376953,11.99990689754486
206,0.31478702276945114,0.011413804604671896,18.335060119628906,12.002262234687805
207,0.31449148058891296,0.011366360413376242,18.312610626220703,11.999901413917542
208,0.31341107934713364,0.010490955726709217,18.29117774963379,12.00083601474762
209,0.3172013647854328,0.014418227132409811,18.269723892211914,12.008590459823608
210,0.32044127956032753,0.017844640999101102,18.249671936035156,12.009992718696594
211,0.31367259472608566,0.011365070182364434,18.23094940185547,11.99980342388153
212,0.3207309655845165,0.018566241255030036,18.211776733398438,12.00469720363617
213,0.32600830867886543,0.023967758985236287,18.193878173828125,12.01017689704895
214,0.31598415970802307,0.014149007387459278,18.177207946777344,12.006308317184448
215,0.31880415603518486,0.017098757554776967,18.160999298095703,12.009540677070618
216,0.32535921037197113,0.023784348275512457,18.145631790161133,12.011855244636536
217,0.32055748254060745,0.019193461048416793,18.131214141845703,12.005187511444092
218,0.3145710527896881,0.013424107804894447,18.11733627319336,11.99735951423645
219,0.3177212327718735,0.016641139634884894,18.103595733642578,12.004414439201355
220,0.3159607872366905,0.014959427993744612,18.09026527404785,12.009870886802673
221,0.31327982246875763,0.012465023202821612,18.076988220214844,12.004493355751038
222,0.316586934030056,0.01591366284992546,18.063220977783203,12.004106760025024
223,0.31002748385071754,0.009502112632617354,18.049402236938477,12.003135323524475
224,0.3152077980339527,0.014745554653927684,18.03462028503418,12.01160454750061
225,0.3120029829442501,0.01175028586294502,18.02007484436035,12.005196213722229
226,0.3174004815518856,0.017361732199788094,18.004642486572266,11.999232769012451
227,0.3191310316324234,0.019223953830078244,17.98974609375,12.000962972640991
228,0.3127470798790455,0.01294739916920662,17.975284576416016,12.00468397140503
229,0.3165643587708473,0.016775905853137374,17.960567474365234,12.018277525901794
230,0.31306222453713417,0.013527076924219728,17.946088790893555,12.007426500320435
231,0.3104282170534134,0.011053950933273882,17.93189239501953,12.00553572177887
232,0.3143204376101494,0.015066359424963593,17.917713165283203,12.007696032524109
233,0.31296221539378166,0.01387858809903264,17.903549194335938,12.004814267158508
234,0.3076522536575794,0.008765061444137245,17.889636993408203,11.999082803726196
235,0.3105088658630848,0.011784300790168345,17.874767303466797,11.997690200805664
236,0.3090672791004181,0.010456177988089621,17.860212326049805,12.000898122787476
237,0.3135187439620495,0.014977839309722185,17.84477424621582,12.00931715965271
238,0.3148609325289726,0.01643449137918651,17.830026626586914,12.012618780136108
239,0.3082957938313484,0.0100530352210626,17.816017150878906,12.008260250091553
240,0.3156069852411747,0.01754207711201161,17.80107879638672,12.00541341304779
241,0.3231280446052551,0.025189121486619115,17.786968231201172,12.006924390792847
242,0.31660912185907364,0.018831742461770773,17.773773193359375,12.003965497016907
243,0.3093198202550411,0.0116704311221838,17.76120376586914,12.0037362575531
244,0.31238801404833794,0.014855697867460549,17.747631072998047,12.00560176372528
245,0.31813377887010574,0.020714546786621213,17.73441505432129,12.007508873939514
246,0.3131428174674511,0.015847911243326962,17.721593856811523,12.007896900177002
247,0.3081385865807533,0.010911634075455368,17.708602905273438,12.014093399047852
248,0.3132442869246006,0.01611812156625092,17.69465446472168,12.017963290214539
249,0.3069879934191704,0.010173537419177592,17.680744171142578,12.000702381134033
250,0.3110373318195343,0.014404076966457069,17.665889739990234,11.997436046600342
251,0.30887262895703316,0.012367037357762456,17.650739669799805,11.999819278717041
252,0.3067016862332821,0.010327372001484036,17.63538360595703,12.002048969268799
253,0.30908479169011116,0.012818922521546483,17.619237899780273,12.007350087165833
254,0.3074874132871628,0.01140706439036876,17.603347778320312,12.004688143730164
255,0.30735233426094055,0.01145880890544504,17.58740234375,12.00195062160492
256,0.30702657625079155,0.011307700886391103,17.571245193481445,12.000643014907837
257,0.3055587150156498,0.010018656321335584,17.554872512817383,11.999134540557861
258,0.30622896552085876,0.010821230127476156,17.53782844543457,12.002946853637695
259,0.3033401183784008,0.008118449419271201,17.520187377929688,12.001980662345886
260,0.3076244480907917,0.012590604368597269,17.50201416015625,12.001370310783386
261,0.30529601126909256,0.010442883125506341,17.483369827270508,12.001943230628967
262,0.30418819934129715,0.00951550278114155,17.464309692382812,12.002959489822388
263,0.3041522316634655,0.00967810652218759,17.44487762451172,12.002536416053772
264,0.3039463683962822,0.009680403978563845,17.42516326904297,12.001433372497559
265,0.3035029210150242,0.009434046223759651,17.405155181884766,12.001732587814331
266,0.3041955456137657,0.010316984087694436,17.38489532470703,12.002962350845337
267,0.30409637838602066,0.010419180267490447,17.36440658569336,12.003313183784485
268,0.30275948718190193,0.009316753828898072,17.34372329711914,12.000551342964172
269,0.3032241575419903,0.01000612648203969,17.322872161865234,11.998932719230652
270,0.3030681386590004,0.010048524825833738,17.3018741607666,12.00008749961853
271,0.302380695939064,0.009559093741700053,17.28074836730957,12.001412510871887
272,0.3019889295101166,0.009389165265019983,17.25951385498047,12.000464081764221
273,0.30209948867559433,0.009709439531434327,17.238187789916992,12.00081717967987
274,0.30177899450063705,0.009590083383955061,17.216785430908203,12.002106308937073
275,0.30188752338290215,0.009917967312503606,17.19532012939453,12.001635789871216
276,0.30156874656677246,0.009783121175132692,17.173799514770508,12.004762411117554
277,0.30162328854203224,0.010085152462124825,17.152240753173828,12.001572847366333
278,0.3013474643230438,0.010027378448285162,17.130647659301758,12.00136148929596
279,0.300547257065773,0.009436003805603832,17.109031677246094,12.002094030380249
280,0.29817337542772293,0.007310428947675973,17.08740234375,11.998893141746521
281,0.3009548485279083,0.010271609527990222,17.065759658813477,12.002565145492554
282,0.30011528357863426,0.009648738894611597,17.044116973876953,12.002538561820984
283,0.29988592863082886,0.009634289017412812,17.02247428894043,12.002690076828003
284,0.2983074449002743,0.00827354664215818,17.00084114074707,12.002549290657043
285,0.3013976514339447,0.011590191686991602,16.979217529296875,12.001528859138489
286,0.2988583520054817,0.009283558640163392,16.957609176635742,11.999870419502258
287,0.29888882488012314,0.009490340016782284,16.93602180480957,12.003827095031738
288,0.2989715188741684,0.009817056532483548,16.91461181640625,12.000834226608276
289,0.2975485771894455,0.008601235342212021,16.89320945739746,12.001524567604065
290,0.2978426069021225,0.009102192241698503,16.871816635131836,12.00222659111023
291,0.29748404398560524,0.008973377814982086,16.850439071655273,12.000627756118774
292,0.2974325679242611,0.00912335654720664,16.82908058166504,12.001840233802795
293,0.29776250198483467,0.009660039155278355,16.807741165161133,12.002505540847778
294,0.296969223767519,0.009093963075429201,16.786426544189453,12.001099586486816
295,0.2971566244959831,0.009484377456828952,16.765134811401367,12.00209105014801
296,0.29671675339341164,0.009277593460865319,16.743871688842773,12.000044703483582
297,0.2961536757647991,0.00891749473521486,16.722637176513672,12.000980854034424
298,0.29622212424874306,0.009172286605462432,16.701433181762695,12.00355076789856
299,0.29513825103640556,0.008339283347595483,16.680261611938477,11.999635457992554
300,0.29705481603741646,0.010442349594086409,16.659122467041016,12.002124309539795
301,0.29667194187641144,0.010282400180585682,16.638019561767578,12.000934839248657
302,0.2954806499183178,0.009309407498221844,16.6169490814209,12.00017499923706
303,0.2944065034389496,0.008432070317212492,16.595916748046875,12.001527428627014
304,0.294067095965147,0.0082774399779737,16.574920654296875,12.004045248031616
305,0.2934790290892124,0.007902456098236144,16.55396270751953,12.003695487976074
306,0.29419946670532227,0.008857980370521545,16.533039093017578,12.001110672950745
307,0.29407961294054985,0.008965616347268224,16.512155532836914,11.999244332313538
308,0.29319851100444794,0.008291865116916597,16.491308212280273,11.999357342720032
309,0.2928295023739338,0.008138555742334574,16.470500946044922,11.998594164848328
310,0.2923867255449295,0.007860976504161954,16.44973373413086,12.00284206867218
311,0.2923101782798767,0.007983808580320328,16.429004669189453,12.003633975982666
312,0.2920347675681114,0.007912388013210148,16.408313751220703,12.003924131393433
313,0.29233580455183983,0.008415637537837029,16.387662887573242,12.004355072975159
314,0.2927744649350643,0.00907955679576844,16.367050170898438,12.002441763877869
315,0.29254934191703796,0.009054071910213679,16.34647560119629,12.0030517578125
316,0.2916781082749367,0.008425721491221339,16.32594108581543,11.999298095703125
317,0.29149505868554115,0.008461280551273376,16.30544662475586,11.997932076454163
318,0.29110701754689217,0.00827933062100783,16.284992218017578,11.997777342796326
319,0.2913515828549862,0.008693730924278498,16.264575958251953,12.001209378242493
320,0.2902331240475178,0.0077462721965275705,16.244197845458984,12.004488587379456
321,0.29138344898819923,0.009121427196078002,16.223859786987305,12.002342343330383
322,0.2907545045018196,0.008676318044308573,16.20355987548828,12.00425934791565
323,0.2898501791059971,0.00801122811390087,16.18329620361328,12.000599145889282
324,0.28977126255631447,0.008116885263007134,16.16307258605957,12.002365231513977
325,0.2901567816734314,0.008705761341843754,16.142887115478516,12.00221586227417
326,0.28899234905838966,0.007731429999694228,16.12274169921875,12.003349423408508
327,0.2896140106022358,0.008567189099267125,16.102630615234375,12.002052426338196
328,0.2897869311273098,0.008950287301559001,16.08255958557129,12.001104474067688
329,0.2890211045742035,0.008411137328948826,16.062524795532227,11.998472094535828
330,0.28917693346738815,0.008762595127336681,16.04252815246582,11.998906373977661
331,0.28853169083595276,0.008278520836029202,16.02256965637207,12.002748250961304
332,0.28909965604543686,0.009037579817231745,16.002647399902344,12.003559947013855
333,0.2898762859404087,0.0099916075123474,15.982762336730957,12.00570523738861
334,0.28920138627290726,0.009553875774145126,15.962912559509277,12.0018390417099
335,0.28976500779390335,0.01028643292374909,15.943099021911621,12.004759788513184
336,0.287265881896019,0.008038766216486692,15.92364501953125,11.999067902565002
337,0.2882610373198986,0.009210321819409728,15.904195785522461,12.000876069068909
338,0.2864375375211239,0.007550607610028237,15.884750366210938,12.00394356250763
339,0.28792135044932365,0.009264764084946364,15.865313529968262,12.000346541404724
340,0.28738899901509285,0.008892258279956877,15.84627628326416,12.003398180007935
341,0.28813301399350166,0.009861661470495164,15.82720947265625,11.9999258518219
342,0.2862468995153904,0.008142891339957714,15.808119773864746,12.00228214263916
343,0.2870793715119362,0.009164488990791142,15.78901481628418,12.002474308013916
344,0.2861313819885254,0.008434971736278385,15.7698974609375,11.999743342399597
345,0.28655435517430305,0.009001734084449708,15.750775337219238,12.004487991333008
346,0.2871156483888626,0.009796970756724477,15.731748580932617,12.00011932849884
347,0.28548336401581764,0.008325110597070307,15.712930679321289,12.00289523601532
348,0.2858220599591732,0.008882525784429163,15.694080352783203,11.999873638153076
349,0.2856185510754585,0.008842703013215214,15.67520809173584,12.0023775100708
350,0.28591808676719666,0.00934578210581094,15.656320571899414,12.000909686088562
351,0.28421755880117416,0.007821239647455513,15.637419700622559,12.002213597297668
352,0.28426457941532135,0.008034744940232486,15.618511199951172,12.004473090171814
353,0.2854675091803074,0.009456763626076281,15.599597930908203,12.001477360725403
354,0.2848620191216469,0.00901727587915957,15.58112907409668,12.0033460855484
355,0.2847394123673439,0.009102353942580521,15.562614440917969,12.0010906457901
356,0.28291621059179306,0.00750421587144956,15.544063568115234,11.997137427330017
357,0.28436972945928574,0.009120132075622678,15.52548599243164,11.99947452545166
358,0.2843593694269657,0.009300727280788124,15.507100105285645,11.998765587806702
359,0.2828656770288944,0.00793321238597855,15.488816261291504,12.00443148612976
360,0.28315668925642967,0.008414175477810204,15.470481872558594,12.003770232200623
361,0.2826392278075218,0.008073425618931651,15.452106475830078,12.00447416305542
362,0.2827748581767082,0.008430075307842344,15.433697700500488,12.000781178474426
363,0.28334247693419456,0.009165745577774942,15.415261268615723,12.002413153648376
364,0.2828708812594414,0.008903122681658715,15.396804809570312,11.99997067451477
365,0.2837992459535599,0.009984321775846183,15.378594398498535,12.002898693084717
366,0.28133440390229225,0.0077512600109912455,15.360342979431152,11.99797260761261
367,0.2819887362420559,0.008567650511395186,15.342061042785645,12.0000479221344
368,0.28195952996611595,0.008702611667104065,15.323753356933594,12.001938343048096
369,0.28143199160695076,0.008355879865121096,15.30542278289795,12.002188920974731
370,0.28227289766073227,0.009333939582575113,15.287105560302734,12.006790041923523
371,0.2825454883277416,0.009830841736402363,15.26877212524414,12.00269341468811
372,0.2808883525431156,0.008365176909137517,15.250497817993164,12.001819610595703
373,0.27958157658576965,0.00729058135766536,15.232210159301758,11.996890187263489
374,0.28078826889395714,0.0086484529892914,15.213912010192871,12.000071287155151
375,0.280734546482563,0.008765500213485211,15.195612907409668,12.00129234790802
376,0.2799760587513447,0.008149464498274028,15.177311897277832,12.005348920822144
377,0.280371330678463,0.00874011596897617,15.159010887145996,12.00411081314087
378,0.2794864550232887,0.008071227988693863,15.140715599060059,12.000807404518127
379,0.28114836290478706,0.009909981861710548,15.12242603302002,12.001412510871887
380,0.2787163257598877,0.007689211226534098,15.104143142700195,11.998568654060364
381,0.2808873578906059,0.010006927186623216,15.08587646484375,12.002167344093323
382,0.28010524064302444,0.0094243916682899,15.067617416381836,12.00046718120575
383,0.2783854827284813,0.007859363802708685,15.049373626708984,12.003239631652832
384,0.2777639962732792,0.007446260948199779,15.031242370605469,12.000531673431396
385,0.2780599370598793,0.007899095013272017,15.0131196975708,12.002964615821838
386,0.2789587117731571,0.008988069545011967,14.995001792907715,12.002063155174255
387,0.27742811664938927,0.007641377218533307,14.976897239685059,12.001778483390808
388,0.27751681581139565,0.007911393942777067,14.9588041305542,12.001739025115967
389,0.27922704443335533,0.009830757975578308,14.940722465515137,11.99890685081482
390,0.2784952260553837,0.009251399664208293,14.922667503356934,12.001716375350952
391,0.27778010815382004,0.008736424671951681,14.904815673828125,11.999553799629211
392,0.27741141244769096,0.008513114764355123,14.886957168579102,12.002872467041016
393,0.27731021121144295,0.008585806062910706,14.869098663330078,12.003342390060425
394,0.2766120471060276,0.008095565252006054,14.85124397277832,12.000405430793762
395,0.2773590050637722,0.009000062476843596,14.833393096923828,12.00250244140625
396,0.2773422300815582,0.009186188282910734,14.815550804138184,12.00005316734314
397,0.2752845473587513,0.007271969225257635,14.798238754272461,12.003019332885742
398,0.275851983577013,0.008000790607184172,14.7808837890625,12.004236102104187
399,0.2783171758055687,0.010675718891434371,14.763534545898438,12.000611662864685
400,0.27600372210144997,0.008541601826436818,14.747014045715332,11.999199271202087
401,0.2834652289748192,0.01605147065129131,14.730504989624023,12.010871887207031
402,0.28360210731625557,0.016305769560858607,14.715126037597656,12.014507412910461
403,0.27517496421933174,0.008135900250636041,14.700810432434082,12.003095746040344
404,0.2829885482788086,0.0161141095450148,14.686151504516602,12.001292943954468
405,0.28391722217202187,0.01718530198559165,14.672492980957031,12.000700116157532
406,0.2765617035329342,0.0099613027414307,14.65976333618164,12.000278353691101
407,0.286287572234869,0.019659487064927816,14.646944999694824,12.015864133834839
408,0.2972121238708496,0.030610269401222467,14.635019302368164,12.025166869163513
409,0.28664161264896393,0.020235961070284247,14.624008178710938,12.016556978225708
410,0.2762903422117233,0.010126983281224966,14.613704681396484,12.002631783485413
411,0.2831529788672924,0.01711472379975021,14.602653503417969,12.001172542572021
412,0.28669577836990356,0.020751694217324257,14.592225074768066,12.00218379497528
413,0.27866193652153015,0.01282288390211761,14.582412719726562,12.001494288444519
414,0.2815025895833969,0.01571313280146569,14.572576522827148,12.006370186805725
415,0.29055358469486237,0.024821738712489605,14.563133239746094,12.010051727294922
416,0.2825956232845783,0.016988813877105713,14.554207801818848,12.006473779678345
417,0.27411072701215744,0.008643758716061711,14.545551300048828,12.001145720481873
418,0.2819957621395588,0.016599873080849648,14.536080360412598,12.003509402275085
419,0.28133993968367577,0.01600906776729971,14.526871681213379,12.006216406822205
420,0.27593396231532097,0.010733853443525732,14.517752647399902,12.00225841999054
421,0.27497565746307373,0.009885282022878528,14.507761001586914,12.001277565956116
422,0.2761671841144562,0.011137754307128489,14.497068405151367,12.005874872207642
423,0.2739800326526165,0.009105622419156134,14.48611068725586,12.001331448554993
424,0.2757120802998543,0.010941609740257263,14.474628448486328,12.002418518066406
425,0.2747199684381485,0.0100505385780707,14.462878227233887,12.004065155982971
426,0.2732326239347458,0.008672293508425355,14.451030731201172,12.005003571510315
427,0.27346354722976685,0.009073862165678293,14.438594818115234,12.00037407875061
428,0.2726174369454384,0.008352752483915538,14.426158905029297,12.00031042098999
429,0.2743213102221489,0.010143367573618889,14.413192749023438,12.00460171699524
430,0.27260391041636467,0.008575278101488948,14.400467872619629,12.002395987510681
431,0.2758375555276871,0.01196273323148489,14.387243270874023,12.000240087509155
432,0.2742432542145252,0.010497091338038445,14.374462127685547,12.000154972076416
433,0.27376673370599747,0.010095050209201872,14.361871719360352,12.005297303199768
434,0.2733284831047058,0.009786131209693849,14.34933853149414,12.004896640777588
435,0.2734280899167061,0.010068179399240762,14.33672046661377,11.999270915985107
436,0.27193519100546837,0.00869208259973675,14.324130058288574,12.000181078910828
437,0.2722812369465828,0.009111458086408675,14.311245918273926,12.005732774734497
438,0.27297766506671906,0.009953285800293088,14.298725128173828,12.003712892532349
439,0.2732737474143505,0.01040339726023376,14.286417961120605,12.000616550445557
440,0.2716093733906746,0.008863673021551222,14.274059295654297,12.000510811805725
441,0.2738422639667988,0.011169758043251932,14.26150131225586,12.00575041770935
442,0.27242695540189743,0.009892208850942552,14.249217987060547,12.004257082939148
443,0.27471446245908737,0.012344635208137333,14.236966133117676,12.000017046928406
444,0.27119824662804604,0.00894816662184894,14.224903106689453,12.000104904174805
445,0.27167151868343353,0.009496044716797769,14.212976455688477,12.004570484161377
446,0.270440261811018,0.008402298670262098,14.200847625732422,12.002949595451355
447,0.27326659858226776,0.011365249054506421,14.188169479370117,12.00196647644043
448,0.27334484830498695,0.011562308645807207,14.175943374633789,12.002311825752258
449,0.27064450085163116,0.008957631478551775,14.164042472839355,12.004645347595215
450,0.2712765857577324,0.009710408339742571,14.151571273803711,12.005046248435974
451,0.2704957611858845,0.009135396569035947,14.138723373413086,11.997314929962158
452,0.27011601626873016,0.008871762314811349,14.125972747802734,11.998452305793762
453,0.2715076543390751,0.010337332671042532,14.113103866577148,12.003929495811462
454,0.27116847038269043,0.0101155040320009,14.100558280944824,12.004738688468933
455,0.2697186879813671,0.00882021989673376,14.088238716125488,12.001607775688171
456,0.26922787725925446,0.00846445292700082,14.075531959533691,12.00081193447113
457,0.27097947895526886,0.01028573012445122,14.06234359741211,12.007031798362732
458,0.27077561244368553,0.010202383215073496,14.049514770507812,12.007807970046997
459,0.26948076486587524,0.009095983230508864,14.036806106567383,12.001672506332397
460,0.27005092799663544,0.009811930533032864,14.024245262145996,11.999656081199646
461,0.26961151883006096,0.009483169647864997,14.011862754821777,12.000972270965576
462,0.2680744417011738,0.008072720491327345,13.998968124389648,12.00120496749878
463,0.2700216919183731,0.010157836484722793,13.985702514648438,12.000683546066284
464,0.2697216682136059,0.009986414574086666,13.972576141357422,12.00094985961914
465,0.2692360617220402,0.009567059052642435,13.95931625366211,12.007585644721985
466,0.26927679032087326,0.009749164688400924,13.94632625579834,12.006436467170715
467,0.26887044683098793,0.0095231564482674,13.933464050292969,12.00126564502716
468,0.267342709004879,0.008144002174958587,13.920415878295898,11.999455094337463
469,0.2694045975804329,0.010281316703185439,13.906929016113281,12.005399465560913
470,0.2694593630731106,0.010502317571081221,13.89383316040039,12.001872420310974
471,0.26803382113575935,0.009233817167114466,13.881014823913574,11.99898636341095
472,0.26654651388525963,0.007866811356507242,13.867827415466309,12.00014352798462
473,0.26834749430418015,0.00973079859977588,13.854232788085938,12.007437467575073
474,0.2674531899392605,0.008986393979284912,13.840863227844238,12.005816459655762
475,0.2669016644358635,0.008619554515462369,13.827531814575195,12.000679731369019
476,0.2679111585021019,0.009758566040545702,13.81436538696289,12.000894665718079
477,0.2667667791247368,0.00871494587045163,13.801215171813965,12.003967761993408
478,0.26609300822019577,0.008182519115507603,13.788029670715332,12.00301969051361
479,0.2674461156129837,0.009707232587970793,13.774491310119629,11.999398231506348
480,0.2677900567650795,0.010187620529904962,13.761319160461426,11.998924255371094
481,0.2657948471605778,0.008282369002699852,13.748442649841309,12.002807378768921
482,0.26596391946077347,0.008579319925047457,13.735122680664062,12.003337144851685
483,0.2683546096086502,0.011122804717160761,13.721410751342773,12.001769304275513
484,0.2658727839589119,0.008797904825769365,13.707799911499023,11.999687671661377
485,0.2671341300010681,0.01015983073739335,13.693937301635742,12.003492951393127
486,0.2666723243892193,0.00983742467360571,13.680444717407227,12.003045558929443
487,0.26450957730412483,0.007853976509068161,13.667234420776367,11.99832558631897
488,0.2649685852229595,0.008409976086113602,13.65362548828125,12.002235651016235
489,0.26495883613824844,0.008499944058712572,13.639657974243164,12.006232142448425
490,0.26418688520789146,0.007887195504736155,13.62580680847168,12.004162669181824
491,0.2653346620500088,0.009212119330186397,13.611623764038086,12.000630497932434
492,0.2645489163696766,0.008572878723498434,13.597840309143066,11.999764680862427
493,0.2655736729502678,0.009688072721473873,13.584123611450195,12.004436492919922
494,0.2652764916419983,0.009528209688141942,13.570609092712402,12.004220128059387
495,0.26378288865089417,0.00820679758908227,13.557336807250977,12.000272393226624
496,0.2640674486756325,0.008638759201858193,13.543683052062988,11.999186038970947
497,0.2632823884487152,0.007973991334438324,13.52968692779541,12.001153111457825
498,0.2626749873161316,0.0074859741143882275,13.515512466430664,12.003389716148376
499,0.26442570239305496,0.009366191807202995,13.50105094909668,12.004900097846985
500,0.2624027095735073,0.007487529481295496,13.486492156982422,12.005027174949646
501,0.2637149579823017,0.008965093293227255,13.471687316894531,12.003299832344055
502,0.2646990306675434,0.010154010844416916,13.456803321838379,11.997698664665222
503,0.26267034932971,0.00827139284228906,13.441713333129883,11.998182892799377
504,0.2631280943751335,0.008839514805004,13.42643928527832,12.002418398857117
505,0.2625969834625721,0.008441456244327128,13.411003112792969,12.004549741744995
506,0.26201874762773514,0.008066894486546516,13.395423889160156,11.999760746955872
507,0.2605820819735527,0.006780814903322607,13.379716873168945,12.000409483909607
508,0.2620389796793461,0.008402905077673495,13.363898277282715,11.999709248542786
509,0.2609557881951332,0.007430130324792117,13.347980499267578,12.004585862159729
510,0.26161734759807587,0.008231574203819036,13.331977844238281,12.006599068641663
511,0.2616163119673729,0.00844181573484093,13.315900802612305,12.001549005508423
512,0.2604560926556587,0.0074513512081466615,13.299756050109863,12.000718832015991
513,0.2600123956799507,0.007154196267947555,13.283557891845703,12.0022611618042
514,0.26163986697793007,0.008927578921429813,13.267312049865723,12.003917694091797
515,0.26036331057548523,0.007871370413340628,13.251025199890137,11.998169779777527
516,0.26009365543723106,0.007776448561344296,13.234704971313477,11.997016191482544
517,0.2613823115825653,0.009172420774120837,13.218356132507324,12.002634525299072
518,0.2600811943411827,0.008030116092413664,13.201982498168945,12.003126502037048
519,0.2591644264757633,0.007257852877955884,13.185590744018555,12.005067586898804
520,0.2598172388970852,0.00808797194622457,13.169184684753418,12.003742814064026
521,0.2593802958726883,0.007844913110602647,13.152770042419434,12.000768899917603
522,0.26046762987971306,0.009114160377066582,13.136348724365234,11.998998641967773
523,0.2594943232834339,0.008285132586024702,13.119919776916504,12.001000165939331
524,0.2592462934553623,0.0082075857790187,13.103492736816406,12.000378251075745
525,0.25921858102083206,0.008342190063558519,13.087066650390625,12.000572443008423
526,0.25741608813405037,0.006707030406687409,13.07064151763916,12.000264286994934
527,0.2587475962936878,0.008164850936736912,13.054224967956543,12.004050374031067
528,0.258457787334919,0.008029645308852196,13.037813186645508,12.005001306533813
529,0.2586691491305828,0.008437236538156867,13.02140998840332,12.001782059669495
530,0.2583250366151333,0.008279038593173027,13.00501823425293,11.999581933021545
531,0.25867877155542374,0.00881104136351496,12.988637924194336,11.998136043548584
532,0.2563614509999752,0.006648542534094304,12.972269058227539,11.999022483825684
533,0.25770822912454605,0.008121963182929903,12.955917358398438,12.002708792686462
534,0.2581099569797516,0.008683736086823046,12.939574241638184,12.003047943115234
535,0.2570483759045601,0.007787486247252673,12.923250198364258,12.00283932685852
536,0.25756315886974335,0.00846015044953674,12.906941413879395,12.003359317779541
537,0.2569075971841812,0.007972270133905113,12.890649795532227,12.002884030342102
538,0.25633320212364197,0.007579555676784366,12.874374389648438,12.000990748405457
539,0.2563072256743908,0.007716388092376292,12.858118057250977,12.00096595287323
540,0.2565584070980549,0.008145318017341197,12.841878890991211,11.999430418014526
541,0.2560075931251049,0.007744894246570766,12.82565689086914,12.000613927841187
542,0.2563036046922207,0.008183451951481402,12.809455871582031,12.002559781074524
543,0.25464041903615,0.006681264436338097,12.793274879455566,12.002640843391418
544,0.2552936300635338,0.00751708191819489,12.777111053466797,12.000544428825378
545,0.25613900274038315,0.008525185054168105,12.760968208312988,12.000413298606873
546,0.2556878998875618,0.008226823119912297,12.744844436645508,12.001263976097107
547,0.2537100277841091,0.006406626605894417,12.728742599487305,12.001598834991455
548,0.2557789608836174,0.008625493268482387,12.71265983581543,12.002688765525818
549,0.2545151226222515,0.00752431561704725,12.6965970993042,12.002484440803528
550,0.25516700372099876,0.00834250746993348,12.68055534362793,12.001895546913147
551,0.2538016848266125,0.007150094141252339,12.664533615112305,12.000626683235168
552,0.2550125755369663,0.00851516891270876,12.64853286743164,12.001207828521729
553,0.2544136308133602,0.00810680736321956,12.632553100585938,11.99812924861908
554,0.2537366785109043,0.007580567733384669,12.616593360900879,11.999018430709839
555,0.25368835777044296,0.007658178685232997,12.600655555725098,12.002362132072449
556,0.2550260163843632,0.009118176356423646,12.584738731384277,12.006045460700989
557,0.25422658398747444,0.008507668680977076,12.568841934204102,12.003049612045288
558,0.2535918764770031,0.00804520898964256,12.552967071533203,12.0017009973526
559,0.2533508613705635,0.007981724629644305,12.53711223602295,11.999802589416504
560,0.25339923053979874,0.008209487947169691,12.521278381347656,11.997697353363037
561,0.25373342260718346,0.008687422261573374,12.50546646118164,11.99913489818573
562,0.25330226868391037,0.008387185516767204,12.489672660827637,12.001836061477661
563,0.2521390002220869,0.007370022474788129,12.473901748657227,12.002996563911438
564,0.2517611403018236,0.00716485595330596,12.458150863647461,12.001477718353271
565,0.25182270631194115,0.007373164873570204,12.442421913146973,12.002532720565796
566,0.25216633453965187,0.007860583893489093,12.426713943481445,12.003861427307129
567,0.25152134895324707,0.0074113672017119825,12.411025047302246,11.999973893165588
568,0.2521430216729641,0.008192561741452664,12.395358085632324,11.999688506126404
569,0.25133324787020683,0.007533184427302331,12.379712104797363,12.000294804573059
570,0.25176309421658516,0.008108746143989265,12.364086151123047,12.001348853111267
571,0.250038580968976,0.006541548180393875,12.348482131958008,12.001221060752869
572,0.2524288110435009,0.009086289850529283,12.332897186279297,12.00135588645935
573,0.2522292472422123,0.009053575398866087,12.317333221435547,12.000234723091125
574,0.2501751035451889,0.007160194683820009,12.301789283752441,11.999701499938965
575,0.25069370307028294,0.007794438046403229,12.286266326904297,12.003660917282104
576,0.2511254511773586,0.008388238784391433,12.270763397216797,12.00295889377594
577,0.24986926466226578,0.0073018959374167025,12.255281448364258,12.001456141471863
578,0.24975882843136787,0.007365386467427015,12.239818572998047,11.999525785446167
579,0.2513544727116823,0.009092627849895507,12.224376678466797,12.001808881759644
580,0.2493069116026163,0.007176323269959539,12.208955764770508,12.004103541374207
581,0.25018902868032455,0.008229204220697284,12.193553924560547,12.002428770065308
582,0.24944053776562214,0.007658399816136807,12.178173065185547,12.000041127204895
583,0.24994126334786415,0.008313077676575631,12.162813186645508,12.000006318092346
584,0.25006945990025997,0.008587019867263734,12.147470474243164,12.000773549079895
585,0.24976965226233006,0.008440023753792048,12.132150650024414,12.00081205368042
586,0.24981028214097023,0.008618719759397209,12.116849899291992,12.002307057380676
587,0.24873138219118118,0.007711795391514897,12.101568222045898,12.00039029121399
588,0.24829252064228058,0.007414006453473121,12.08630657196045,12.001545310020447
589,0.2492229975759983,0.008448310487437993,12.071064949035645,12.006404280662537
590,0.2491185162216425,0.008528592996299267,12.055843353271484,12.003149390220642
591,0.24740606918931007,0.006999200384598225,12.040640830993652,12.000046730041504
592,0.2484751921147108,0.008219755487516522,12.025458335876465,12.000085473060608
593,0.24777173809707165,0.007658425427507609,12.010295867919922,12.001035809516907
594,0.24697967246174812,0.0070390914916060865,11.995152473449707,11.998906016349792
595,0.24740023538470268,0.0076038982369937,11.98002815246582,11.999606370925903
596,0.24710284732282162,0.007421130896545947,11.964923858642578,12.0032479763031
597,0.2476908564567566,0.008171091671101749,11.949838638305664,12.002138257026672
598,0.24754703789949417,0.008162117039319128,11.934773445129395,12.003719568252563
599,0.24685748293995857,0.007654883782379329,11.919727325439453,12.000532865524292
600,0.2468992229551077,0.00783383980160579,11.904698371887207,12.001840472221375
601,0.24711374379694462,0.008205873018596321,11.889691352844238,12.001096367835999
602,0.2472047321498394,0.008442573773209006,11.874702453613281,12.001514077186584
603,0.24764407239854336,0.009029947046656162,11.859732627868652,12.001680731773376
604,0.24674043245613575,0.008288270328193903,11.844780921936035,12.000435590744019
605,0.2461297046393156,0.007839908474124968,11.829849243164062,11.999130606651306
606,0.2459135837852955,0.007738436805084348,11.814935684204102,12.002579092979431
607,0.24618603847920895,0.008168807602487504,11.800043106079102,12.001680850982666
608,0.24432294443249702,0.006459993019234389,11.785168647766113,12.001127481460571
609,0.24454176612198353,0.006843964627478272,11.77031135559082,11.999469518661499
610,0.24454986676573753,0.0069863637909293175,11.755474090576172,12.000876784324646
611,0.24519198015332222,0.007748404052108526,11.740654945373535,12.003703117370605
612,0.24507316946983337,0.007782540575135499,11.725854873657227,12.00320816040039
613,0.24565024487674236,0.008512082626111805,11.711073875427246,12.002743124961853
614,0.24385998025536537,0.0069032186875119805,11.696310043334961,11.999367117881775
615,0.24450727179646492,0.007688054931350052,11.681565284729004,12.000356912612915
616,0.24456056207418442,0.007875263458117843,11.666839599609375,12.00169050693512
617,0.24541063979268074,0.008892502402886748,11.652132987976074,11.99968147277832
618,0.2449018992483616,0.00852743349969387,11.637443542480469,12.000003337860107
619,0.24407493695616722,0.007825571112334728,11.622772216796875,12.00216519832611
620,0.24535559117794037,0.00920899456832558,11.60811996459961,12.006539940834045
621,0.2428783532232046,0.006932559248525649,11.593485832214355,12.001094102859497
622,0.2438006866723299,0.008008052303921431,11.57887077331543,12.000393271446228
623,0.2435380145907402,0.007906763232313097,11.564271926879883,11.99885368347168
624,0.24428953044116497,0.008776034112088382,11.549694061279297,12.00165593624115
625,0.24300164356827736,0.007626123551744968,11.535131454467773,12.002420663833618
626,0.24321361631155014,0.008011166588403285,11.520587921142578,11.999658107757568
627,0.24312174506485462,0.008035392500460148,11.506063461303711,12.002572536468506
628,0.24283528700470924,0.007890654087532312,11.491556167602539,12.00290834903717
629,0.2426308821886778,0.007825638982467353,11.477065086364746,12.003459453582764
630,0.24244074895977974,0.007815085060428828,11.462594032287598,11.99997329711914
631,0.24227792397141457,0.007776793325319886,11.448141098022461,12.001972198486328
632,0.2414041217416525,0.007062784105073661,11.433704376220703,12.00042998790741
633,0.2418231125921011,0.007591102330479771,11.419286727905273,12.003914713859558
634,0.2418170366436243,0.007749970420263708,11.404886245727539,12.001820921897888
635,0.24173040129244328,0.00782003760104999,11.390504837036133,12.000532627105713
636,0.2410807851701975,0.007323031662963331,11.376138687133789,11.99963665008545
637,0.2418799977749586,0.008262948249466717,11.361791610717773,11.999914050102234
638,0.241933798417449,0.008438438875600696,11.34745979309082,12.002076864242554
639,0.24172401428222656,0.008397850906476378,11.333148956298828,11.999467611312866
640,0.24133102595806122,0.008114044147077948,11.318854331970215,12.002843856811523
641,0.2413957342505455,0.00833231577416882,11.304576873779297,12.0017648935318
642,0.2420910745859146,0.00915095570962876,11.29031753540039,12.003694891929626
643,0.24093710631132126,0.008171665540430695,11.276073455810547,12.000471234321594
644,0.2405508290976286,0.007921761483885348,11.261848449707031,12.00105893611908
645,0.2403422575443983,0.0078460214426741,11.247641563415527,12.00198233127594
646,0.24041436985135078,0.00805778184439987,11.233449935913086,12.002209305763245
647,0.24009453505277634,0.007894746959209442,11.219276428222656,12.000702261924744
648,0.23991747945547104,0.007880079268943518,11.205120086669922,11.998620748519897
649,0.2412317842245102,0.009286113316193223,11.190980911254883,12.003586888313293
650,0.23961888067424297,0.00783304765354842,11.176859855651855,12.001724004745483
651,0.23930307291448116,0.007659495808184147,11.162755012512207,12.001603364944458
652,0.2394582126289606,0.007958979171235114,11.148667335510254,12.001256585121155
653,0.23846535570919514,0.007111146056558937,11.13459587097168,12.000825762748718
654,0.23845075629651546,0.00721355527639389,11.120542526245117,12.003178477287292
655,0.23819812573492527,0.0071430999669246376,11.106505393981934,11.998997688293457
656,0.23862937837839127,0.007672230072785169,11.092486381530762,12.003229141235352
657,0.23783298209309578,0.007036527851596475,11.078482627868652,12.001163244247437
658,0.23892962001264095,0.008243591291829944,11.064496040344238,12.004107236862183
659,0.23817556910216808,0.0076500565046444535,11.050525665283203,12.002026319503784
660,0.23715943656861782,0.0068070158595219254,11.03657341003418,11.998668909072876
661,0.23809616640210152,0.007882991514634341,11.022638320922852,11.998679876327515
662,0.23787863552570343,0.007771385018713772,11.008718490600586,12.002007007598877
663,0.23843791522085667,0.008443128084763885,10.994816780090332,12.00466239452362
664,0.23681539669632912,0.006974141753744334,10.98093032836914,12.003195643424988
665,0.23812847957015038,0.00843086262466386,10.967060089111328,12.00270164012909
666,0.23747207783162594,0.007956778863444924,10.953206062316895,11.998324394226074
667,0.23619232140481472,0.006803515832871199,10.939371109008789,11.999509692192078
668,0.2370559126138687,0.00776967842830345,10.92555046081543,12.003073692321777
669,0.23791968263685703,0.008776447968557477,10.911746978759766,12.002576470375061
670,0.23687027394771576,0.007866752159316093,10.897958755493164,12.002394080162048
671,0.23728619143366814,0.008427170396316797,10.884187698364258,12.001714944839478
672,0.23684502206742764,0.008132578223012388,10.87043285369873,12.00081181526184
673,0.2361393254250288,0.007595117145683616,10.856695175170898,11.997726082801819
674,0.23628324083983898,0.007861023477744311,10.842973709106445,11.999248385429382
675,0.23556863889098167,0.007244915177579969,10.829267501831055,12.003105640411377
676,0.2358795329928398,0.00767767836805433,10.81557846069336,12.004608035087585
677,0.2365282792598009,0.008493747795000672,10.80190658569336,12.0015469789505
678,0.23590958304703236,0.008001485897693783,10.788249015808105,12.002561688423157
679,0.23531606793403625,0.007576212927233428,10.77460765838623,11.999378681182861
680,0.23654834367334843,0.008903731068130583,10.760982513427734,12.003479361534119
681,0.23555178940296173,0.008066329697612673,10.747373580932617,12.001173257827759
682,0.23485923931002617,0.007522416999563575,10.733780860900879,11.999902367591858
683,0.23591997846961021,0.008728382992558181,10.720203399658203,11.998956799507141
684,0.23490899242460728,0.007823673659004271,10.706642150878906,12.001890540122986
685,0.23501065000891685,0.008037907595280558,10.693096160888672,12.004178762435913
686,0.23480386473238468,0.007945518707856536,10.67956829071045,12.006266117095947
687,0.23419502936303616,0.00753099046414718,10.666054725646973,12.000349760055542
688,0.23452031053602695,0.0079807034926489,10.652559280395508,12.001401901245117
689,0.23492005467414856,0.00850294018164277,10.639078140258789,12.002633571624756
690,0.23387438617646694,0.007614950183779001,10.625612258911133,12.00033175945282
691,0.23472982458770275,0.008588653348851949,10.612161636352539,12.00195586681366
692,0.23383093439042568,0.00783536012750119,10.598726272583008,12.000832200050354
693,0.2331833876669407,0.007336769893299788,10.585307121276855,11.999355673789978
694,0.2342119961977005,0.008479228592477739,10.571906089782715,12.001371264457703
695,0.2331327497959137,0.007515898731071502,10.55851936340332,12.003166317939758
696,0.23415115103125572,0.008674243174027652,10.545146942138672,12.002544283866882
697,0.2322846669703722,0.00694331421982497,10.531791687011719,12.002344131469727
698,0.23367935419082642,0.008477656869217753,10.518451690673828,12.001718401908875
699,0.2330387644469738,0.007965873868670315,10.505126953125,12.002163290977478
700,0.2325840089470148,0.007664282864425331,10.491817474365234,12.000155687332153
701,0.23300306871533394,0.008204488607589155,10.478523254394531,12.0013347864151
702,0.23236100189387798,0.007691808103118092,10.465243339538574,12.001676321029663
703,0.2320820949971676,0.007540981518104672,10.451979637145996,12.002132415771484
704,0.2329169400036335,0.008521469251718372,10.438733100891113,12.000814318656921
705,0.23169348761439323,0.007448749674949795,10.425500869750977,11.998973369598389
706,0.23219545744359493,0.008062457432970405,10.412282943725586,12.001017451286316
707,0.2311424296349287,0.007111955666914582,10.39908218383789,12.003965616226196
708,0.23241235502064228,0.008517264039255679,10.385895729064941,12.003613710403442
709,0.23146861046552658,0.0077463818597607315,10.372724533081055,11.999498724937439
710,0.23178262077271938,0.008166600251570344,10.359569549560547,12.00203251838684
711,0.23142673633992672,0.007948002777993679,10.346569061279297,12.001304507255554
712,0.23178039863705635,0.008402944542467594,10.33357048034668,12.004175543785095
713,0.23102332092821598,0.00778949522646144,10.320573806762695,12.002809405326843
714,0.23109215684235096,0.008009374840185046,10.30757999420166,12.000699043273926
715,0.2302091307938099,0.007243105734232813,10.29458999633789,12.002013444900513
716,0.23004802875220776,0.0072264872724190354,10.281607627868652,12.000547170639038
717,0.23148696310818195,0.008766569022554904,10.268630981445312,12.003409147262573
718,0.23109029978513718,0.008505911333486438,10.255661010742188,12.002778172492981
719,0.23130889423191547,0.008833680767565966,10.242782592773438,12.004739165306091
720,0.22942123003304005,0.007122007256839424,10.229902267456055,12.000020503997803
721,0.2301603239029646,0.007972769672051072,10.217023849487305,12.001731634140015
722,0.22974304296076298,0.00768276397138834,10.204148292541504,12.001880049705505
723,0.22977271117269993,0.007841776998247951,10.191277503967285,12.001816511154175
724,0.22898305021226406,0.007189093506895006,10.178411483764648,12.00098466873169
725,0.23016254790127277,0.008488688850775361,10.165552139282227,12.001834273338318
726,0.22925721481442451,0.0076856877421960235,10.15269947052002,12.004454135894775
727,0.23001060262322426,0.008588535943999887,10.13985538482666,12.002351999282837
728,0.22861328162252903,0.007321348472032696,10.127018928527832,12.002175092697144
729,0.22917617484927177,0.008018563210498542,10.114191055297852,12.00157082080841
730,0.22901928424835205,0.007990446465555578,10.101373672485352,12.001510500907898
731,0.22903211414813995,0.008122544619254768,10.0885648727417,12.002392888069153
732,0.22840900719165802,0.007643442018888891,10.076045989990234,12.000510931015015
733,0.22778748162090778,0.007130131940357387,10.063509941101074,12.002225637435913
734,0.2292344905436039,0.008690713497344404,10.050959587097168,12.003418922424316
735,0.2267322912812233,0.006337008322589099,10.038752555847168,12.000776529312134
736,0.22918924875557423,0.008921175729483366,10.026500701904297,12.000306963920593
737,0.2290051467716694,0.008830056991428137,10.014447212219238,12.003062129020691
738,0.2283782698214054,0.008330340730026364,10.002416610717773,12.002376914024353
739,0.2277538925409317,0.00783331209095195,9.990324020385742,12.001734375953674
740,0.22860215418040752,0.008810749277472496,9.978179931640625,12.000961661338806
741,0.22724851220846176,0.007588919543195516,9.966270446777344,11.99968945980072
742,0.22815081104636192,0.008607658790424466,9.954294204711914,12.000021576881409
743,0.22782380692660809,0.008375080942641944,9.942535400390625,12.002337455749512
744,0.22649923712015152,0.007165671733673662,9.930696487426758,12.002660512924194
745,0.22854695096611977,0.009344428195618093,9.918787002563477,12.001466274261475
746,0.2274866532534361,0.008364927663933486,9.907014846801758,12.00515878200531
747,0.22712014243006706,0.008141073398292065,9.89516830444336,12.002738952636719
748,0.22690121456980705,0.008090498100500554,9.88325309753418,11.997819662094116
749,0.227530675008893,0.00881719111930579,9.871451377868652,11.999898195266724
750,0.22621477954089642,0.0076085374457761645,9.859579086303711,12.001045227050781
751,0.22614104114472866,0.007633934845216572,9.84764575958252,12.00306510925293
752,0.22613403759896755,0.007739622087683529,9.83565902709961,12.003782629966736
753,0.22614602744579315,0.007909526524599642,9.823624610900879,12.000025868415833
754,0.22568508237600327,0.007563059392850846,9.81155014038086,12.000653266906738
755,0.22627718560397625,0.00826231500832364,9.79944133758545,12.002046465873718
756,0.22578758001327515,0.007912856992334127,9.787301063537598,12.000171422958374
757,0.225262101739645,0.00750137068098411,9.775135040283203,12.000938534736633
758,0.22414274513721466,0.0064803664572536945,9.762947082519531,12.003291845321655
759,0.22508085891604424,0.007526160450652242,9.750739097595215,12.004731178283691
760,0.2238059788942337,0.006420572753995657,9.738517761230469,12.000023126602173
761,0.22620625793933868,0.008954784832894802,9.726285934448242,11.998861312866211
762,0.22442668117582798,0.007274623494595289,9.714042663574219,12.001164078712463
763,0.22400326654314995,0.006963652384001762,9.701791763305664,12.002170085906982
764,0.22448104247450829,0.007565125764813274,9.689535140991211,12.002057075500488
765,0.22520017437636852,0.008413016446866095,9.677275657653809,12.0014408826828
766,0.2229902446269989,0.0063458934891968966,9.66501522064209,11.999419808387756
767,0.224352041259408,0.007801268715411425,9.652754783630371,12.002322554588318
768,0.22355184517800808,0.007138450630009174,9.640496253967285,12.000843405723572
769,0.22328374162316322,0.00698204041691497,9.628239631652832,12.001931309700012
770,0.2241660188883543,0.007989936333615333,9.615985870361328,12.001623511314392
771,0.2236817367374897,0.007596838753670454,9.603736877441406,12.004753589630127
772,0.22495045326650143,0.009015565970912576,9.591495513916016,12.001993894577026
773,0.22413359954953194,0.008308102493174374,9.579259872436523,12.00329053401947
774,0.224021689966321,0.008359273197129369,9.567131042480469,11.999110698699951
775,0.2226780354976654,0.007088656479027122,9.555000305175781,12.00393831729889
776,0.22358737513422966,0.008141936268657446,9.542866706848145,12.001677513122559
777,0.2223964836448431,0.007082407420966774,9.53073501586914,12.000672936439514
778,0.22282825037837029,0.007637089351192117,9.518604278564453,12.00051212310791
779,0.2232823446393013,0.008204036799725145,9.506477355957031,12.00135326385498
780,0.2228137794882059,0.007841714948881418,9.494355201721191,12.002851247787476
781,0.22115900553762913,0.006343934976030141,9.482495307922363,11.999012351036072
782,0.2225867323577404,0.00787304772529751,9.470613479614258,12.000755786895752
783,0.22339582815766335,0.008735572919249535,9.458715438842773,12.007310390472412
784,0.22212478332221508,0.007645702688023448,9.446802139282227,12.0011066198349
785,0.2228903491050005,0.008520660107024014,9.435113906860352,12.001855850219727
786,0.22168167866766453,0.007441779423970729,9.423393249511719,12.00059688091278
787,0.2225695215165615,0.008457798045128584,9.411643981933594,11.999529004096985
788,0.2224955316632986,0.008469648833852261,9.400152206420898,12.002436876296997
789,0.2208956964313984,0.007007697655353695,9.38861083984375,12.000189304351807
790,0.2215629331767559,0.007778576575219631,9.377026557922363,12.00140917301178
791,0.22200052626430988,0.008289577555842698,9.365406036376953,12.00568962097168
792,0.22061233967542648,0.007057134935166687,9.353752136230469,12.001768946647644
793,0.22051238268613815,0.007083222037181258,9.342070579528809,12.000845789909363
794,0.22061843797564507,0.007308321830350906,9.330364227294922,12.00064730644226
795,0.22044770047068596,0.0072437976486980915,9.318638801574707,12.001752138137817
796,0.22094587050378323,0.007861773599870503,9.30689525604248,12.001514911651611
797,0.22073587961494923,0.007786808419041336,9.29513931274414,11.999767780303955
798,0.22131096199154854,0.008447183819953352,9.28337287902832,12.003005623817444
799,0.22085990197956562,0.008117409364785999,9.271596908569336,12.002653360366821
800,0.22049634344875813,0.007880567864049226,9.259815216064453,12.001762866973877
801,0.22051112912595272,0.008028804324567318,9.248028755187988,12.000203847885132
802,0.22190780565142632,0.009549140115268528,9.236238479614258,11.999628782272339
803,0.22035864181816578,0.008081428823061287,9.224449157714844,12.003272533416748
804,0.22002481669187546,0.00788070069393143,9.212657928466797,12.00175392627716
805,0.22045649774372578,0.008433570270426571,9.200868606567383,12.001424074172974
806,0.21995471604168415,0.008043633890338242,9.189083099365234,12.002026081085205
807,0.21917065419256687,0.007398225483484566,9.177299499511719,11.999943852424622
808,0.22004292532801628,0.008384656393900514,9.165522575378418,12.000304818153381
809,0.2202053777873516,0.008656995312776417,9.153749465942383,12.001089453697205
810,0.2190668247640133,0.00763327773893252,9.141983985900879,12.001370906829834
811,0.22041663341224194,0.009091526386328042,9.13022518157959,12.002285361289978
812,0.21823729574680328,0.007046142301987857,9.118474006652832,12.0006422996521
813,0.21796753257513046,0.006891854864079505,9.106729507446289,12.000839114189148
814,0.2194195743650198,0.008480761083774269,9.094995498657227,11.998886346817017
815,0.21830875240266323,0.007443695387337357,9.083268165588379,12.003237962722778
816,0.21772600337862968,0.006981358921620995,9.071551322937012,12.00291383266449
817,0.21770144253969193,0.007081287447363138,9.059844970703125,12.00217092037201
818,0.21728032268583775,0.00679853797191754,9.048148155212402,12.000030398368835
819,0.21786367148160934,0.0074948959518224,9.03646183013916,12.000416159629822
820,0.21830928325653076,0.008020477776881307,9.024785995483398,12.004094958305359
821,0.21736709028482437,0.00722090620547533,9.013120651245117,12.001498460769653
822,0.21750752441585064,0.007488138391636312,9.00146484375,12.00047481060028
823,0.21729492023587227,0.007399780617561191,8.989821434020996,11.999692916870117
824,0.21769187599420547,0.007902426004875451,8.978188514709473,12.000756978988647
825,0.21698937565088272,0.007302969286683947,8.966568946838379,12.00207245349884
826,0.21669690869748592,0.0071473842253908515,8.95495891571045,11.999993681907654
827,0.2174743376672268,0.008026606403291225,8.94336223602295,12.00141167640686
828,0.2159990258514881,0.006681126251351088,8.93177604675293,12.000014662742615
829,0.21739563904702663,0.008180272590834647,8.92020320892334,12.001333951950073
830,0.21652180515229702,0.007435225532390177,8.90864086151123,12.000017523765564
831,0.21587913669645786,0.006892153585795313,8.897092819213867,12.00160551071167
832,0.21610021591186523,0.007217939710244536,8.885553359985352,12.002674579620361
833,0.21620843932032585,0.0074392028618603945,8.874028205871582,12.00289535522461
834,0.21674621105194092,0.00812165962997824,8.86251449584961,11.99994170665741
835,0.21556132100522518,0.007069504004903138,8.851012229919434,11.998170018196106
836,0.21539640612900257,0.006991916743572801,8.839523315429688,12.0009263753891
837,0.21543578058481216,0.0071570625295862556,8.828046798706055,11.999825239181519
838,0.21668818593025208,0.008502242504619062,8.816582679748535,12.002012014389038
839,0.21639961376786232,0.008320635766722262,8.805129051208496,12.002768993377686
840,0.21590560302138329,0.007939301372971386,8.79369068145752,12.002939701080322
841,0.21626852080225945,0.008431663503870368,8.782262802124023,12.001423478126526
842,0.215775515884161,0.008077680773567408,8.770848274230957,11.998935580253601
843,0.21587366238236427,0.00826288026291877,8.759445190429688,12.001633167266846
844,0.21524432860314846,0.007746640709228814,8.748053550720215,12.001716256141663
845,0.21481391601264477,0.007430752739310265,8.736675262451172,12.001641392707825
846,0.2142733745276928,0.007005367835517973,8.725309371948242,12.00149154663086
847,0.21386525966227055,0.006718682823702693,8.713955879211426,12.000702381134033
848,0.21483494527637959,0.0077882614568807185,8.702615737915039,12.002052783966064
849,0.21491424180567265,0.007987340679392219,8.691286087036133,12.001404762268066
850,0.21308873035013676,0.0062737936968915164,8.679969787597656,12.001524090766907
851,0.21465062722563744,0.00794058304745704,8.668664932250977,12.002339720726013
852,0.21466616168618202,0.008077059290371835,8.65737247467041,12.001538515090942
853,0.214073296636343,0.007621126365847886,8.646092414855957,11.999124646186829
854,0.21374748647212982,0.0073834030190482736,8.634824752807617,12.00158429145813
855,0.2140592336654663,0.0077932600397616625,8.623570442199707,12.00302767753601
856,0.21398567594587803,0.007837321958504617,8.61232852935791,12.00250768661499
857,0.2130630798637867,0.007039633055683225,8.601097106933594,12.001248002052307
858,0.21307425759732723,0.007156480860430747,8.589879035949707,12.001899242401123
859,0.21376884542405605,0.007939495553728193,8.578673362731934,12.004262447357178
860,0.2142332624644041,0.008564321498852223,8.567480087280273,11.999414324760437
861,0.21278419345617294,0.007231288007460535,8.55629825592041,11.998992443084717
862,0.21350752376019955,0.008058244944550097,8.545127868652344,11.999800682067871
863,0.21384373679757118,0.008476970600895584,8.533970832824707,12.002706408500671
864,0.21324681490659714,0.008005598676390946,8.522826194763184,12.001296281814575
865,0.2125408761203289,0.007404308125842363,8.511693954467773,12.001963257789612
866,0.21235444582998753,0.007322627701796591,8.500574111938477,12.00260841846466
867,0.21240019612014294,0.00747327326098457,8.489465713500977,12.003226637840271
868,0.21199454180896282,0.007190700445789844,8.478368759155273,12.002015471458435
869,0.21285516396164894,0.008168322790879756,8.467284202575684,12.001400351524353
870,0.21247845515608788,0.00788343109888956,8.456212043762207,12.003291249275208
871,0.21258218213915825,0.00812136975582689,8.445435523986816,12.000646471977234
872,0.21226936019957066,0.007944816024973989,8.434642791748047,11.997811794281006
873,0.21277864836156368,0.0084996921941638,8.423836708068848,12.004059314727783
874,0.2122607957571745,0.008088244590908289,8.413531303405762,12.003724694252014
875,0.21715460903942585,0.013102393597364426,8.40316390991211,12.002058386802673
876,0.21751736663281918,0.013554172473959625,8.393489837646484,12.002829790115356
877,0.2128735762089491,0.008982122701127082,8.38444709777832,12.004698276519775
878,0.21572030894458294,0.011892961338162422,8.375216484069824,12.007519006729126
879,0.2141024600714445,0.010398645419627428,8.366499900817871,12.003881573677063
880,0.21539144590497017,0.011818556929938495,8.357982635498047,11.999306797981262
881,0.21781838685274124,0.014306807424873114,8.349906921386719,12.001252055168152
882,0.2105853371322155,0.007156938314437866,8.342289924621582,12.000550389289856
883,0.21680271439254284,0.013389799394644797,8.334342956542969,12.006948471069336
884,0.2155048530548811,0.012164349667727947,8.326818466186523,12.007232308387756
885,0.21080469340085983,0.007607472303789109,8.319645881652832,12.00007700920105
886,0.2134781125932932,0.01034039433579892,8.312102317810059,12.001669645309448
887,0.21061159670352936,0.0075156542006880045,8.30474853515625,12.00484561920166
888,0.21362918242812157,0.01065183652099222,8.297040939331055,12.000693917274475
889,0.21197466179728508,0.009093801723793149,8.289475440979004,11.998611450195312
890,0.2141452580690384,0.011309992638416588,8.28157901763916,12.001948118209839
891,0.21233798190951347,0.009524151450023055,8.273948669433594,12.007435083389282
892,0.2171897478401661,0.014478240511380136,8.266027450561523,12.005123138427734
893,0.21824404038488865,0.015599037171341479,8.258469581604004,12.006031155586243
894,0.20999634824693203,0.007460703840479255,8.251319885253906,12.0022451877594
895,0.22062183171510696,0.018117637373507023,8.24380111694336,12.006619095802307
896,0.22679463028907776,0.024123319191858172,8.23674201965332,12.030389070510864
897,0.21676437370479107,0.014117022161372006,8.230161666870117,12.034573554992676
898,0.2115223240107298,0.009173457627184689,8.223852157592773,12.011035084724426
899,0.21662813611328602,0.014390780008397996,8.217534065246582,12.006201982498169
900,0.2121283933520317,0.009866034670267254,8.211491584777832,12.014744997024536
901,0.21293860115110874,0.010823537013493478,8.205472946166992,12.006033897399902
902,0.2143969126045704,0.01242428319528699,8.199545860290527,11.99771773815155
903,0.20974398218095303,0.007632105844095349,8.193812370300293,12.017375469207764
904,0.21216848120093346,0.010225977981463075,8.187566757202148,12.006684184074402
905,0.2123529464006424,0.01051329291658476,8.181462287902832,12.002503037452698
906,0.2094582635909319,0.0077200768282637,8.175454139709473,11.998364567756653
907,0.21186647936701775,0.010131078190170228,8.168962478637695,12.004577398300171
908,0.21034718304872513,0.00851758528733626,8.162230491638184,12.020729660987854
909,0.21013592928647995,0.00857442687265575,8.155086517333984,12.00106394290924
910,0.21082760393619537,0.009334055066574365,8.147575378417969,12.001780271530151
911,0.2109928522258997,0.009594568517059088,8.139734268188477,12.000094294548035
912,0.20993264764547348,0.0084854377200827,8.131599426269531,12.013121962547302
913,0.20828885212540627,0.007028543332125992,8.123322486877441,12.002708435058594
914,0.20876745879650116,0.007622244535014033,8.114794731140137,11.99972677230835
915,0.20956646837294102,0.008480058517307043,8.106043815612793,12.002597332000732
916,0.20870516449213028,0.007666323333978653,8.0972261428833,12.00665807723999
917,0.20854714512825012,0.0076193290296941996,8.088214874267578,12.004567265510559
918,0.20932754687964916,0.008510077721439302,8.07905387878418,12.00269365310669
919,0.20984992012381554,0.009131638100370765,8.069735527038574,12.00209355354309
920,0.2086649239063263,0.008016729261726141,8.060277938842773,12.004541993141174
921,0.2082608137279749,0.007673759188037366,8.05069637298584,12.00800907611847
922,0.20911237969994545,0.008714970550499856,8.041003227233887,11.998737931251526
923,0.20769860967993736,0.007404993113595992,8.031213760375977,11.998148560523987
924,0.2084770891815424,0.008261196548119187,8.02133560180664,12.000254034996033
925,0.20740784145891666,0.007220255443826318,8.011380195617676,12.007378697395325
926,0.20785856619477272,0.007804061286151409,8.00135612487793,12.004095077514648
927,0.20754714868962765,0.007635900168679655,7.991271495819092,11.999853730201721
928,0.2081617098301649,0.00833826808957383,7.981132507324219,12.001212000846863
929,0.2070693653076887,0.007329387706704438,7.970947265625,12.003050923347473
930,0.20680680871009827,0.007182041706983,7.960720539093018,12.001756429672241
931,0.2074588555842638,0.007955209701322019,7.950458526611328,11.999906063079834
932,0.20732640475034714,0.007928484526928514,7.940166473388672,11.99962568283081
933,0.20678558945655823,0.0074681382975541055,7.92984676361084,12.001898407936096
934,0.2067072056233883,0.0074634995544329286,7.919504642486572,12.004866242408752
935,0.2068736981600523,0.00775314710335806,7.909143924713135,12.002911567687988
936,0.2061177995055914,0.007132922357413918,7.898766040802002,11.999722242355347
937,0.20628778263926506,0.0074160966905765235,7.8883748054504395,11.998794317245483
938,0.206785187125206,0.007979093992616981,7.87797212600708,12.00263774394989
939,0.2072763778269291,0.00857501826249063,7.867561340332031,12.002575516700745
940,0.2061637733131647,0.007589634624309838,7.857143402099609,12.000271081924438
941,0.2062316108494997,0.00775867112679407,7.84672212600708,12.000572204589844
942,0.20532044023275375,0.0069399658823385835,7.836297035217285,12.001750588417053
943,0.20540061220526695,0.007119368354324251,7.825870037078857,12.002254605293274
944,0.2065303884446621,0.008357781742233783,7.8154425621032715,12.001818656921387
945,0.20611685328185558,0.008060133433900774,7.80501651763916,12.000655770301819
946,0.20494852028787136,0.00700284872436896,7.794591903686523,11.999975800514221
947,0.2058966588228941,0.0080558517947793,7.784171104431152,11.999910473823547
948,0.2059422954916954,0.008199046133086085,7.773754119873047,12.000571727752686
949,0.20510482415556908,0.007453214784618467,7.763341426849365,12.001819968223572
950,0.205263901501894,0.007700849790126085,7.752933025360107,12.003373146057129
951,0.20561704598367214,0.008177453768439591,7.7425312995910645,12.001428365707397
952,0.20487053133547306,0.00753335579065606,7.732135772705078,12.00158178806305
953,0.20495959743857384,0.00774434395134449,7.721747398376465,11.999778509140015
954,0.20422699488699436,0.007113408704753965,7.711366653442383,11.99999225139618
955,0.20393698662519455,0.006923644454218447,7.700993537902832,12.000341415405273
956,0.20546825230121613,0.00855959567707032,7.690629482269287,12.000236630439758
957,0.2045910358428955,0.007779297768138349,7.680273532867432,12.000901341438293
958,0.2043383289128542,0.007619978132424876,7.66992712020874,12.001908302307129
959,0.2042668592184782,0.007654885528609157,7.659587860107422,12.001609563827515
960,0.20379814133048058,0.007295482908375561,7.649260520935059,12.00100588798523
961,0.2043729517608881,0.007967134297359735,7.638940334320068,12.001642107963562
962,0.20399335585534573,0.0076907327165827155,7.628631591796875,12.001631140708923
963,0.2029232122004032,0.00672138063237071,7.618330955505371,12.001852869987488
964,0.20312376134097576,0.007043328951112926,7.608041286468506,12.00000250339508
965,0.20366829819977283,0.007697488181293011,7.5977630615234375,11.99931812286377
966,0.20294038765132427,0.0070608468959107995,7.587494373321533,12.000460386276245
967,0.20318971946835518,0.007399256573989987,7.577235698699951,12.001811504364014
968,0.20271980203688145,0.007034127949737012,7.566988468170166,12.001579284667969
969,0.2021616455167532,0.006581051100511104,7.556750774383545,12.001308679580688
970,0.20318759605288506,0.007704453309997916,7.5465240478515625,12.001790881156921
971,0.2024467419832945,0.00708103459328413,7.5363078117370605,12.00026285648346
972,0.20219640620052814,0.006934716977411881,7.526102542877197,12.00006639957428
973,0.20298199728131294,0.007816589728463441,7.515908718109131,12.000632405281067
974,0.20241708122193813,0.007354055822361261,7.505725860595703,12.000577569007874
975,0.20151681452989578,0.0065475589071866125,7.495553016662598,12.001372456550598
976,0.20281154289841652,0.00794334156671539,7.485392093658447,12.001428246498108
977,0.20198716595768929,0.0072219857247546315,7.475241661071777,12.001277089118958
978,0.20220734551548958,0.007545107160694897,7.465101718902588,12.00112247467041
979,0.20229022204875946,0.007742171292193234,7.454973220825195,11.999832391738892
980,0.2020067572593689,0.007546261593233794,7.444856643676758,12.00119400024414
981,0.20299721881747246,0.008630539465229958,7.434750556945801,12.001918315887451
982,0.20240789465606213,0.008147672517225146,7.424654960632324,12.001367568969727
983,0.20189539901912212,0.007756147475447506,7.4145708084106445,11.99935495853424
984,0.20183242112398148,0.007774407335091382,7.40449857711792,12.001302719116211
985,0.2014550268650055,0.007499757455661893,7.394436359405518,12.001091361045837
986,0.2023252435028553,0.008431661641225219,7.3843865394592285,12.004971861839294
987,0.20159493014216423,0.007837184180971235,7.3743462562561035,12.001428723335266
988,0.20095637813210487,0.0072877665515989065,7.364317893981934,12.002543687820435
989,0.2009714785963297,0.007412254170048982,7.3543009757995605,12.001622319221497
990,0.20060515776276588,0.007154196791816503,7.344294548034668,12.000802278518677
991,0.20059790648519993,0.007245545974001288,7.334299564361572,12.00093686580658
992,0.20081794261932373,0.0075708660297095776,7.324315547943115,12.000392198562622
993,0.20063046552240849,0.007474169542547315,7.314342498779297,12.001287937164307
994,0.20136025920510292,0.008321932633407414,7.304381370544434,11.999451160430908
995,0.2002606801688671,0.007322981022298336,7.294431209564209,11.999338865280151
996,0.20005736500024796,0.007195101818069816,7.284491539001465,12.001735091209412
997,0.20019331946969032,0.007401923066936433,7.274563312530518,12.004577159881592
998,0.19995906949043274,0.007285643310751766,7.264645576477051,12.002697467803955
999,0.2003243900835514,0.007749321521259844,7.2547383308410645,12.002768516540527
1000,0.19915948621928692,0.00671987741952762,7.244843482971191,11.999117970466614
1001,0.19987782090902328,0.007535219716373831,7.234959602355957,11.999301195144653
1002,0.19902654364705086,0.006773641973268241,7.225086212158203,12.000204920768738
1003,0.19922460801899433,0.0070700799115002155,7.21522331237793,12.000229239463806
1004,0.19899043627083302,0.006915421748999506,7.2053728103637695,12.002129554748535
1005,0.19850838743150234,0.006534552405355498,7.195533275604248,12.001850724220276
1006,0.19915945455431938,0.007274932169821113,7.185703277587891,12.002749681472778
1007,0.1993428785353899,0.007565410807728767,7.17588472366333,12.001862525939941
1008,0.19958997145295143,0.007907373073976487,7.166077613830566,12.002182960510254
1009,0.1989633683115244,0.007414821186102927,7.156280517578125,11.998574376106262
1010,0.1991340834647417,0.007673835731111467,7.146495819091797,11.999529600143433
1011,0.1986050009727478,0.007247256871778518,7.136721134185791,11.999053359031677
1012,0.1985586155205965,0.007257654855493456,7.126957893371582,12.003138184547424
1013,0.1988812442868948,0.007681850751396269,7.1172051429748535,12.002734780311584
1014,0.19785553961992264,0.006759547628462315,7.1074628829956055,12.002136468887329
1015,0.19855689443647861,0.007578262942843139,7.097731590270996,12.000131964683533
1016,0.1988285332918167,0.007951481849886477,7.088011741638184,11.999694108963013
1017,0.1982316318899393,0.007436765998136252,7.07830286026001,12.001184344291687
1018,0.19881759770214558,0.008133516414090991,7.068604469299316,11.999804258346558
1019,0.1989689115434885,0.00837564718676731,7.058916091918945,12.000410437583923
1020,0.19784078933298588,0.007348085520789027,7.0492401123046875,12.000030279159546
1021,0.1984513606876135,0.008032433106563985,7.039573669433594,12.00231921672821
1022,0.19788441248238087,0.0075611022766679525,7.029918670654297,12.002412676811218
1023,0.19741412065923214,0.007192522811237723,7.020275115966797,12.001885175704956
1024,0.19679130613803864,0.006683230807539076,7.010641098022461,12.00016701221466
1025,0.19754176028072834,0.007519015693105757,7.001018524169922,12.001256108283997
1026,0.1977998986840248,0.00787266914267093,6.991406440734863,12.001316785812378
1027,0.197759872302413,0.00794131337897852,6.981805324554443,12.000051379203796
1028,0.19796449318528175,0.008223639742936939,6.972214698791504,12.00187087059021
1029,0.19765624776482582,0.008040469198022038,6.962634086608887,11.998944282531738
1030,0.19787577912211418,0.008338591607753187,6.953065395355225,12.000653862953186
1031,0.19734327867627144,0.007907012244686484,6.943506240844727,12.000120997428894
1032,0.19686978682875633,0.0075064204866066575,6.933959007263184,12.00237786769867
1033,0.19727381877601147,0.008002644404768944,6.924421310424805,12.002695918083191
1034,0.19597987458109856,0.006812926381826401,6.914896011352539,12.001799464225769
1035,0.19729949161410332,0.008222207718063146,6.905379295349121,12.002349495887756
1036,0.19736108928918839,0.008388144779019058,6.895873546600342,12.001420974731445
1037,0.19742905721068382,0.008550575003027916,6.886379241943359,12.001468896865845
1038,0.1964726857841015,0.0077232024050317705,6.876894474029541,11.99805462360382
1039,0.1969855185598135,0.008299298875499517,6.867421627044678,12.001200437545776
1040,0.19696027413010597,0.00837560318177566,6.8579583168029785,12.000508785247803
1041,0.1967122182250023,0.008201528282370418,6.848505973815918,12.0025634765625
1042,0.19601024128496647,0.0076126871863380075,6.83906364440918,12.000691771507263
1043,0.19674935564398766,0.008436234144028276,6.8296332359313965,12.00167965888977
1044,0.19530312530696392,0.0070808698364999145,6.820212364196777,12.002013683319092
1045,0.19647848047316074,0.008358369523193687,6.810802459716797,12.001209020614624
1046,0.19578252919018269,0.007763962959870696,6.8014020919799805,12.000454902648926
1047,0.1957541834563017,0.007837168872356415,6.7920122146606445,11.999689817428589
1048,0.19475431367754936,0.00690754409879446,6.7826337814331055,12.0020432472229
1049,0.19508584029972553,0.007337243179790676,6.773265838623047,12.001594543457031
1050,0.19591288268566132,0.008242743730079383,6.763908386230469,12.003105521202087
1051,0.19554230198264122,0.00798157206736505,6.754560947418213,12.00151240825653
1052,0.19599890150129795,0.008543165866285563,6.7452239990234375,12.00035035610199
1053,0.19478553906083107,0.007416185340844095,6.735897541046143,12.001038432121277
1054,0.1957515999674797,0.008493162458762527,6.726581573486328,11.999262809753418
1055,0.1942789275199175,0.007095424458384514,6.717275619506836,12.0010746717453
1056,0.19383746944367886,0.006742385623510927,6.707980155944824,12.001529097557068
1057,0.19437799230217934,0.007381801959127188,6.698695182800293,12.000924348831177
1058,0.19432465732097626,0.007413735729642212,6.689420700073242,12.001672148704529
1059,0.19478975050151348,0.007981013681273907,6.680156707763672,12.000717759132385
1060,0.1939842626452446,0.007247002038639039,6.670902252197266,12.002824664115906
1061,0.1935546100139618,0.006943671149201691,6.661659240722656,11.999435424804688
1062,0.19394952803850174,0.007424469164106995,6.652426719665527,12.000079274177551
1063,0.19475959986448288,0.008312303805723786,6.6432037353515625,12.001526117324829
1064,0.19405673071742058,0.007690388418268412,6.633991241455078,12.002643704414368
1065,0.19442007318139076,0.00814352452289313,6.624789237976074,12.002866506576538
1066,0.19349650852382183,0.007339083298575133,6.615596771240234,12.000146269798279
1067,0.19365021586418152,0.007590718916617334,6.606415271759033,11.999535083770752
1068,0.19393918476998806,0.007967174868099391,6.597243309020996,11.999958038330078
1069,0.19451282918453217,0.008622915716841817,6.588082313537598,12.000909328460693
1070,0.19364640302956104,0.007863713253755122,6.57893180847168,11.999337196350098
1071,0.19325826317071915,0.007551001675892621,6.569791793823242,12.000934958457947
1072,0.1932926494628191,0.007661719981115311,6.560660362243652,12.002433180809021
1073,0.19229757599532604,0.006765448779333383,6.551540374755859,12.001672863960266
1074,0.19249987415969372,0.007067535014357418,6.542430400848389,12.00080394744873
1075,0.19322321750223637,0.00787989841774106,6.533329963684082,12.001002192497253
1076,0.19200893118977547,0.006766226550098509,6.524240493774414,12.000029921531677
1077,0.19213681109249592,0.006960681464988738,6.51516056060791,12.002452969551086
1078,0.19138485752046108,0.0063149057677946985,6.506091117858887,12.00090491771698
1079,0.19241690635681152,0.007443088048603386,6.4970316886901855,12.000350832939148
1080,0.19252709671854973,0.007643339049536735,6.487982749938965,12.00039279460907
1081,0.19193775206804276,0.007139927300158888,6.478943824768066,12.00083863735199
1082,0.19193042814731598,0.007232814154122025,6.46991491317749,11.999846696853638
1083,0.19166109338402748,0.0070353824412450194,6.460896015167236,12.001675128936768
1084,0.19183558225631714,0.007293081725947559,6.451887130737305,12.002363562583923
1085,0.19214003160595894,0.007683062460273504,6.442888259887695,12.002809166908264
1086,0.1913189198821783,0.006962337822187692,6.433899879455566,12.001758694648743
1087,0.19170377403497696,0.0074536537285894156,6.424921035766602,12.000091433525085
1088,0.19139334373176098,0.007239374681375921,6.415953159332275,11.999444365501404
1089,0.19070730172097683,0.006625966168940067,6.406994819641113,12.001139044761658
1090,0.19092882052063942,0.006943796877749264,6.398045539855957,12.000457525253296
1091,0.19169006310403347,0.007783226436004043,6.3891072273254395,12.001576662063599
1092,0.1905116643756628,0.006690405250992626,6.380178928375244,12.00194776058197
1093,0.19148650206625462,0.007783401815686375,6.371259689331055,11.999050498008728
1094,0.1912350133061409,0.007596100389491767,6.362351417541504,12.001540541648865
1095,0.19172018393874168,0.008171546505764127,6.353452682495117,12.00141155719757
1096,0.19169503822922707,0.00819591199979186,6.344564437866211,12.005348563194275
1097,0.19188829697668552,0.008519766677636653,6.335685729980469,12.00116777420044
1098,0.19158662483096123,0.00830688513815403,6.326817512512207,12.001156568527222
1099,0.19009859673678875,0.006903228408191353,6.317958831787109,12.001578092575073
1100,0.19135014712810516,0.008249637670814991,6.309109687805176,12.00094223022461
1101,0.19045512937009335,0.007433719409164041,6.300271034240723,12.00187075138092
1102,0.19127529114484787,0.008357534243259579,6.291442394256592,12.000333905220032
1103,0.19096606597304344,0.008098208112642169,6.282623767852783,12.004162073135376
1104,0.19027436152100563,0.007523639302235097,6.2738142013549805,12.001258134841919
1105,0.19009156711399555,0.007432223414070904,6.265013694763184,12.00092101097107
1106,0.19009793922305107,0.007541512663010508,6.256224632263184,11.999418377876282
1107,0.19029595144093037,0.007801322790328413,6.2474446296691895,12.002018570899963
1108,0.1915355995297432,0.00910317909438163,6.238675594329834,12.00456702709198
1109,0.1905579473823309,0.008254769956693053,6.229915618896484,12.000402688980103
1110,0.19021796993911266,0.007985968608409166,6.2212700843811035,12.001930475234985
1111,0.19011694192886353,0.007983973016962409,6.212624549865723,12.000672459602356
1112,0.19002950377762318,0.007979502668604255,6.203978538513184,12.00102186203003
1113,0.18989956937730312,0.007907433377113193,6.195356369018555,12.003857851028442
1114,0.189272902905941,0.007384454947896302,6.186891555786133,12.001953840255737
1115,0.19011149182915688,0.008305017079692334,6.178411483764648,12.002236247062683
1116,0.18990015424787998,0.008177755924407393,6.169919013977051,12.002320885658264
1117,0.18986917473375797,0.00827182608190924,6.161539554595947,11.998195886611938
1118,0.18884970247745514,0.007312679954338819,6.153138637542725,12.000563979148865
1119,0.18977618031203747,0.008302747213747352,6.144720554351807,12.002623200416565
1120,0.19017918035387993,0.008792868466116488,6.136285781860352,12.002346277236938
1121,0.18987786397337914,0.008570302103180438,6.127838134765625,12.002918720245361
1122,0.1889517456293106,0.007771065575070679,6.1194562911987305,11.99861228466034
1123,0.1880138088017702,0.006896160251926631,6.111058235168457,12.000707030296326
1124,0.1890744250267744,0.008028629352338612,6.102646827697754,12.001933336257935
1125,0.18842322193086147,0.007488948700483888,6.094222545623779,11.999204874038696
1126,0.18897945806384087,0.008099907543510199,6.085826873779297,12.002128720283508
1127,0.18795811012387276,0.0071709452313371,6.077419757843018,12.00129747390747
1128,0.1883798111230135,0.007689123565796763,6.069003105163574,12.000066041946411
1129,0.18734832666814327,0.006725934392306954,6.0605788230896,12.001660585403442
1130,0.18801036290824413,0.007483825029339641,6.052149295806885,12.000504851341248
1131,0.1873770896345377,0.006928873830474913,6.043715476989746,12.00110638141632
1132,0.18747173249721527,0.007102211588062346,6.0352783203125,12.001673936843872
1133,0.18839417956769466,0.00811499630799517,6.0268402099609375,12.001078367233276
1134,0.18784960359334946,0.007661848969291896,6.018402099609375,12.00037431716919
1135,0.18680859170854092,0.00669790362007916,6.0099639892578125,12.001105308532715
1136,0.18797568790614605,0.007932165986858308,6.001527309417725,12.002825021743774
1137,0.1878655795007944,0.007923643395770341,5.9930925369262695,12.00110125541687
1138,0.18683815747499466,0.007001262973062694,5.984661102294922,11.99902880191803
1139,0.18732275627553463,0.007533937518019229,5.976233005523682,12.002649188041687
1140,0.18811163119971752,0.008407397603150457,5.967809677124023,12.002614140510559
1141,0.18725288473069668,0.0076350262388587,5.959391117095947,12.002394914627075
1142,0.18714791350066662,0.007630449545104057,5.950977325439453,12.000769853591919
1143,0.18718951381742954,0.007766489405184984,5.942569255828857,11.999733209609985
1144,0.187434246763587,0.008081015839707106,5.934167385101318,12.001156210899353
1145,0.18780794739723206,0.008538727415725589,5.9257707595825195,12.00115168094635
1146,0.18571199662983418,0.0065327047486789525,5.917381286621094,12.000548481941223
1147,0.1869375128298998,0.007855308416765183,5.908999443054199,11.999221444129944
1148,0.1865930650383234,0.0075861355871893466,5.900623798370361,12.000069379806519
1149,0.1865220908075571,0.0075727447983808815,5.892256736755371,12.002677917480469
1150,0.1862309742718935,0.007385523233097047,5.883896350860596,12.000648856163025
1151,0.18635107018053532,0.007580379722639918,5.875544548034668,12.001525402069092
1152,0.185800114646554,0.007117465604096651,5.867198944091797,12.001066327095032
1153,0.1860449593514204,0.007454580394551158,5.85886287689209,12.00017523765564
1154,0.18593771010637283,0.007420998124871403,5.850534915924072,12.001136183738708
1155,0.1859068050980568,0.007486519461963326,5.842215061187744,11.99981427192688
1156,0.1858933512121439,0.007523512351326644,5.833904266357422,12.003080129623413
1157,0.1865855511277914,0.008323050511535257,5.825601100921631,12.000649333000183
1158,0.18598010390996933,0.0077907213708385825,5.8173065185546875,12.001632332801819
1159,0.18609662912786007,0.007999142457265407,5.809020519256592,12.000728726387024
1160,0.18481274135410786,0.006791379128117114,5.800743103027344,12.00139331817627
1161,0.1851984430104494,0.007272728311363608,5.792474746704102,12.000096917152405
1162,0.18591955676674843,0.008055194688495249,5.784215450286865,12.00222134590149
1163,0.18499062955379486,0.007217352103907615,5.775964736938477,12.001363515853882
1164,0.18492132239043713,0.007246776774991304,5.7677226066589355,11.999732613563538
1165,0.18400605209171772,0.006407686276361346,5.759490013122559,12.000347018241882
1166,0.18622738681733608,0.008691919967532158,5.7512664794921875,12.002280831336975
1167,0.18466372415423393,0.007213700911961496,5.743051052093506,12.001951694488525
1168,0.1847374178469181,0.00737015187041834,5.734845161437988,12.001882076263428
1169,0.18506752885878086,0.0077921535121276975,5.726647853851318,12.000890254974365
1170,0.18474080972373486,0.00754561775829643,5.718461036682129,12.001058220863342
1171,0.1845636423677206,0.00744119071168825,5.710281848907471,12.001963376998901
1172,0.18392528407275677,0.006896555772982538,5.70211124420166,12.00076174736023
1173,0.185429185628891,0.008472986810375005,5.693950653076172,12.001669526100159
1174,0.18460075929760933,0.0077356063411571085,5.685799598693848,12.000716090202332
1175,0.1845733430236578,0.007781384920235723,5.677657127380371,12.00153923034668
1176,0.18478819355368614,0.008101969375275075,5.669524192810059,11.999098539352417
1177,0.18368549831211567,0.007056900300085545,5.661400318145752,12.001459956169128
1178,0.18346750363707542,0.006903363158926368,5.653284549713135,12.003129839897156
1179,0.18329022638499737,0.006797245587222278,5.64517879486084,12.004119634628296
1180,0.18381650187075138,0.007427922973874956,5.637082099914551,12.001776576042175
1181,0.184037197381258,0.007745881099253893,5.628994464874268,12.000137686729431
1182,0.18415306694805622,0.007932874956168234,5.620915412902832,12.00110387802124
1183,0.18355273641645908,0.007424489478580654,5.612845420837402,11.999979615211487
1184,0.18382546119391918,0.007771382399369031,5.6047844886779785,12.000624418258667
1185,0.18346883170306683,0.0074988920241594315,5.596733093261719,12.000261306762695
1186,0.1837618052959442,0.007865380786824971,5.588691234588623,12.000951528549194
1187,0.1834520697593689,0.007630061358213425,5.580657958984375,12.001543164253235
1188,0.18347319960594177,0.007739738677628338,5.572633743286133,12.000712871551514
1189,0.18283031322062016,0.0071620194939896464,5.564619064331055,12.00221073627472
1190,0.18291670829057693,0.007346719736233354,5.556612968444824,12.000386238098145
1191,0.1828804612159729,0.007377226313110441,5.5486159324646,12.001708030700684
1192,0.18269306607544422,0.007260948128532618,5.540628433227539,12.002583742141724
1193,0.18226191401481628,0.006919158855453134,5.532649517059326,12.001626014709473
1194,0.18373599648475647,0.0084676529513672,5.524679183959961,12.002155780792236
1195,0.182387450709939,0.007212966156657785,5.516717910766602,12.000730514526367
1196,0.1829815823584795,0.007872858608607203,5.508766174316406,12.0021071434021
1197,0.18269556760787964,0.007678756606765091,5.500823020935059,12.000858783721924
1198,0.18275251053273678,0.007811262330505997,5.492889881134033,12.001235365867615
1199,0.18221822567284107,0.007367469428572804,5.4849653244018555,12.000110983848572
1200,0.18181474693119526,0.007025114493444562,5.477049350738525,12.001914143562317
1201,0.18223464488983154,0.007525781460572034,5.469142436981201,12.001744031906128
1202,0.18257803656160831,0.007938270922750235,5.461243629455566,12.00273323059082
1203,0.1824959423393011,0.007953868072945625,5.453354835510254,12.000852704048157
1204,0.18088455498218536,0.00642172951484099,5.445475101470947,12.000807762145996
1205,0.18200154043734074,0.007627591548953205,5.437603950500488,11.999791145324707
1206,0.18176797032356262,0.007474392827134579,5.429741382598877,11.999616384506226
1207,0.1811808180063963,0.006936813821084797,5.42188835144043,12.002512335777283
1208,0.18170106038451195,0.0075345857767388225,5.414044380187988,12.002603530883789
1209,0.18205571547150612,0.007978284498676658,5.406209945678711,12.00153374671936
1210,0.18142289854586124,0.007423844072036445,5.398383140563965,12.001522421836853
1211,0.1812281310558319,0.007340081443544477,5.390565395355225,11.998240232467651
1212,0.1825443971902132,0.008694258111063391,5.382757186889648,12.002257227897644
1213,0.1817356012761593,0.007979425834491849,5.374956130981445,12.000661611557007
1214,0.1810433752834797,0.007354666420724243,5.367166042327881,12.001705288887024
1215,0.18033669516444206,0.0067195380688644946,5.359384059906006,12.002332091331482
1216,0.18057323060929775,0.007060945965349674,5.351611137390137,11.99961805343628
1217,0.18179410509765148,0.008338477811776102,5.343846797943115,12.001716136932373
1218,0.18233663961291313,0.008963737403973937,5.336091995239258,12.001198410987854
1219,0.18158273957669735,0.008283016155473888,5.32834529876709,12.001627206802368
1220,0.18212336860597134,0.008895506151020527,5.3206071853637695,12.002179265022278
1221,0.18109396286308765,0.007952190120704472,5.312878131866455,12.001299738883972
1222,0.18156195618212223,0.008504636236466467,5.3051581382751465,12.000574588775635
1223,0.18122770264744759,0.008245316334068775,5.297447681427002,12.000791072845459
1224,0.18070170283317566,0.007810473965946585,5.2897443771362305,11.999379396438599
1225,0.18036136031150818,0.0075168212642893195,5.282051086425781,12.002403020858765
1226,0.18118251860141754,0.008411721675656736,5.2743659019470215,12.002714395523071
1227,0.18062872253358364,0.007962862378917634,5.266689300537109,11.999897003173828
1228,0.17984108440577984,0.00725831143790856,5.2590227127075195,11.999254822731018
1229,0.18025050312280655,0.007734309649094939,5.251364231109619,12.000255346298218
1230,0.18069412931799889,0.008220651536248624,5.243714809417725,12.003633618354797
1231,0.17911145836114883,0.006739483680576086,5.2360734939575195,12.001124262809753
1232,0.17968332208693027,0.00737438618671149,5.22844123840332,12.002452731132507
1233,0.17986555211246014,0.0076292145531624556,5.220817565917969,12.002816677093506
1234,0.17951463721692562,0.007389760168734938,5.213202953338623,11.999285340309143
1235,0.1803852543234825,0.008331811055541039,5.205596446990967,11.999748349189758
1236,0.17924852669239044,0.0072629128699190915,5.197999000549316,12.00056278705597
1237,0.1800400037318468,0.008122188155539334,5.1904096603393555,12.001372337341309
1238,0.18014810793101788,0.008295828534755856,5.182828903198242,12.00239908695221
1239,0.17966499738395214,0.007887037005275488,5.175258159637451,12.002537727355957
1240,0.17902246676385403,0.0073145494679920375,5.167696475982666,12.003095626831055
1241,0.18009470403194427,0.00848142831819132,5.160142421722412,12.001185297966003
1242,0.17859247513115406,0.00706659525167197,5.152596950531006,11.999991416931152
1243,0.1788893286138773,0.007423327537253499,5.145059585571289,12.001540780067444
1244,0.17994311451911926,0.008557914872653782,5.13753080368042,12.00098967552185
1245,0.17826447263360023,0.006961328617762774,5.130011558532715,12.000303030014038
1246,0.17804346419870853,0.006816515699028969,5.122500419616699,12.000195026397705
1247,0.1783787328749895,0.0072186883189715445,5.114998817443848,12.001006126403809
1248,0.1784753054380417,0.007383632124401629,5.107504844665527,12.001663208007812
1249,0.1781814806163311,0.007135961030144244,5.100020408630371,12.004531860351562
1250,0.17968055047094822,0.008738050993997604,5.092543601989746,12.00170648097992
1251,0.17886357568204403,0.007998048211447895,5.085075378417969,12.001477479934692
1252,0.17882710881531239,0.008057596336584538,5.077615737915039,11.999335765838623
1253,0.1777739617973566,0.007060567557346076,5.070165157318115,12.001174330711365
1254,0.17918534018099308,0.008546755649149418,5.062723159790039,12.001135468482971
1255,0.1781157534569502,0.007550531125161797,5.055290222167969,12.001232385635376
1256,0.1778722871094942,0.007381326693575829,5.04786491394043,12.00123143196106
1257,0.17850795574486256,0.00807356386212632,5.040448188781738,12.002991318702698
1258,0.17731713876128197,0.0069694992853328586,5.033039569854736,12.00172507762909
1259,0.1778002716600895,0.007532225863542408,5.025640487670898,12.001164555549622
1260,0.1779864802956581,0.007809975417330861,5.018248558044434,11.999402523040771
1261,0.17796711064875126,0.007834897143766284,5.010866641998291,12.002355217933655
1262,0.17760477401316166,0.007572483038529754,5.003492832183838,11.999736905097961
1263,0.17772436700761318,0.007762153749354184,4.996127128601074,12.000094890594482
1264,0.17840849235653877,0.008505171164870262,4.988770484924316,12.001561880111694
1265,0.17751631885766983,0.00768022786360234,4.98142147064209,12.002187728881836
1266,0.17731512151658535,0.007553392380941659,4.974080562591553,12.002092361450195
1267,0.17685167118906975,0.007178159721661359,4.96674919128418,12.00060224533081
1268,0.17670787498354912,0.007101539988070726,4.959425926208496,12.001208066940308
1269,0.17625264078378677,0.006725711980834603,4.95211124420166,12.000582098960876
1270,0.17683888226747513,0.007374791894108057,4.944805145263672,12.001603841781616
1271,0.17687002196907997,0.0074799073045141995,4.937506675720215,12.001504898071289
1272,0.17694514244794846,0.007634760986547917,4.930217266082764,12.000821113586426
1273,0.17794078961014748,0.008704800449777395,4.922935962677002,12.00066351890564
1274,0.17690249532461166,0.007740939501672983,4.915663242340088,12.000492453575134
1275,0.17677625827491283,0.0076760813244618475,4.9083991050720215,12.0016188621521
1276,0.17529254965484142,0.006275282823480666,4.9011430740356445,12.000584244728088
1277,0.17591094598174095,0.006971670489292592,4.893895149230957,12.000032782554626
1278,0.17550661228597164,0.00662650354206562,4.886655807495117,12.001355409622192
1279,0.17610295303165913,0.007279374229256064,4.879425048828125,12.002933144569397
1280,0.17637366242706776,0.007630807289388031,4.872201919555664,12.002084136009216
1281,0.1767190657556057,0.008064304071012884,4.864987850189209,12.00048828125
1282,0.17609085515141487,0.007517950842157006,4.857781410217285,11.999509334564209
1283,0.17668391950428486,0.008159737393725663,4.850584506988525,12.001834154129028
1284,0.1764381006360054,0.008009778161067516,4.843395233154297,11.999437093734741
1285,0.17626417987048626,0.007883440877776593,4.836214065551758,12.00186014175415
1286,0.1752269994467497,0.006939106562640518,4.829041481018066,11.999748468399048
1287,0.17603382468223572,0.007797623809892684,4.8218770027160645,12.00174331665039
1288,0.17585411481559277,0.007698431727476418,4.81472110748291,12.000847578048706
1289,0.17589174397289753,0.007780653017107397,4.8075737953186035,12.003535866737366
1290,0.17426512017846107,0.006238695699721575,4.800434112548828,12.002208948135376
1291,0.17454038932919502,0.006602664769161493,4.7933030128479,12.000469326972961
1292,0.17543022707104683,0.007565784442704171,4.786179542541504,12.00026524066925
1293,0.17560825124382973,0.007811558491084725,4.779064655303955,12.000604748725891
1294,0.17537430673837662,0.007638641982339323,4.771957874298096,12.001608848571777
1295,0.17648153565824032,0.008819559297990054,4.764859199523926,12.001339077949524
1296,0.17487815022468567,0.0072866101982072,4.757769584655762,12.001384615898132
1297,0.17511474713683128,0.007591652276460081,4.750688076019287,12.001621961593628
1298,0.17472543381154537,0.007275872805621475,4.743614196777344,12.001342296600342
1299,0.17513780295848846,0.007772589277010411,4.736548900604248,11.999972820281982
1300,0.17428027279675007,0.006965930690057576,4.729491710662842,12.001943111419678
1301,0.1748985555022955,0.007656667206902057,4.722442626953125,12.001746892929077
1302,0.17451554909348488,0.007357670401688665,4.715401649475098,12.000386357307434
1303,0.17377270013093948,0.0066823469824157655,4.708369731903076,12.00066590309143
1304,0.17417690344154835,0.007130514888558537,4.701345443725586,12.003293633460999
1305,0.17501937225461006,0.008067519636824727,4.694328784942627,12.00085711479187
1306,0.17439271323382854,0.007520833518356085,4.687320232391357,11.999868154525757
1307,0.17384552955627441,0.007030658074654639,4.680319786071777,12.001167893409729
1308,0.17419790476560593,0.007432513230014592,4.6733293533325195,12.003209948539734
1309,0.17260084860026836,0.005913777684327215,4.666345119476318,12.002362132072449
1310,0.1737208105623722,0.007118315901607275,4.659370422363281,12.000879645347595
1311,0.17419747076928616,0.007644463214091957,4.652402877807617,12.002898097038269
1312,0.17386341094970703,0.007395172666292638,4.645443916320801,12.001380324363708
1313,0.17431736551225185,0.007932366628665477,4.638492584228516,12.00000774860382
1314,0.17520236037671566,0.00888482917798683,4.631548881530762,12.00020456314087
1315,0.1731642447412014,0.006885248003527522,4.624613285064697,12.003286719322205
1316,0.1737994570285082,0.007615606999024749,4.6176862716674805,12.000698924064636
1317,0.17433001287281513,0.008199089497793466,4.610767841339111,12.002325177192688
1318,0.17433402873575687,0.00826520286500454,4.603912353515625,12.002970337867737
1319,0.17291367799043655,0.006896597566083074,4.59705924987793,12.00464916229248
1320,0.17360594682395458,0.007681966293603182,4.590209007263184,12.00218951702118
1321,0.1738024763762951,0.007977317727636546,4.583362102508545,11.999153852462769
1322,0.17360712587833405,0.007811143936123699,4.576519012451172,12.003079652786255
1323,0.17276873625814915,0.007084404758643359,4.569768905639648,11.998664498329163
1324,0.1749932449311018,0.009368502243887633,4.563014030456543,11.999460577964783
1325,0.17354111932218075,0.007966473523993045,4.5562567710876465,12.001208424568176
1326,0.17410207726061344,0.008587155723944306,4.549497127532959,12.00199556350708
1327,0.17258028499782085,0.007128625293262303,4.5427374839782715,12.002428531646729
1328,0.17226897180080414,0.006909482181072235,4.535976409912109,11.999972581863403
1329,0.17334021627902985,0.008029777090996504,4.529216766357422,12.001827836036682
1330,0.17272268421947956,0.007445700757671148,4.522458553314209,12.005240082740784
1331,0.17315125092864037,0.007994269544724375,4.515702247619629,11.999996304512024
1332,0.17259221896529198,0.007513302785810083,4.508948802947998,11.998942852020264
1333,0.1716099977493286,0.00658383360132575,4.502198219299316,12.000418543815613
1334,0.17259339801967144,0.007618727162480354,4.495451927185059,12.002015113830566
1335,0.17379314079880714,0.008904450223781168,4.488708972930908,12.000160098075867
1336,0.17322568595409393,0.008392226067371666,4.481970310211182,12.001376390457153
1337,0.17221217043697834,0.007447018404491246,4.475236892700195,12.001278758049011
1338,0.17238953337073326,0.007662569056265056,4.468508720397949,12.004188060760498
1339,0.17167549207806587,0.007050589832942933,4.461785316467285,12.000705361366272
1340,0.17210970632731915,0.0075491127208806574,4.455068111419678,12.000991702079773
1341,0.17261703498661518,0.008110038237646222,4.448356628417969,12.002343773841858
1342,0.17262156680226326,0.00819350779056549,4.441651821136475,12.001154065132141
1343,0.17248008586466312,0.008119045640341938,4.434952735900879,12.00115168094635
1344,0.17246181331574917,0.008158772950991988,4.42825984954834,12.002044558525085
1345,0.17158015072345734,0.007344787649344653,4.421573638916016,12.001963257789612
1346,0.17144713178277016,0.007287535700015724,4.414893627166748,12.001066207885742
1347,0.17176326923072338,0.007677669753320515,4.408220291137695,12.000340104103088
1348,0.17111454904079437,0.007069926941767335,4.401554107666016,12.00290858745575
1349,0.1705584116280079,0.006597499130293727,4.394895553588867,12.001196026802063
1350,0.17080700397491455,0.00692749535664916,4.388243198394775,11.999708533287048
1351,0.17110610008239746,0.007286053441930562,4.381598472595215,12.0004061460495
1352,0.17043332569301128,0.006668505608104169,4.374960422515869,12.001522064208984
1353,0.171624593436718,0.007927949482109398,4.368330478668213,12.001334428787231
1354,0.1709899641573429,0.007364923367276788,4.36170768737793,12.000796675682068
1355,0.17015666514635086,0.006583240523468703,4.355091571807861,12.002250671386719
1356,0.17203731089830399,0.008537907677236944,4.348483085632324,12.001457452774048
1357,0.1719835326075554,0.008569790865294635,4.341882228851318,11.999492168426514
1358,0.171160988509655,0.007788157381583005,4.335288047790527,12.001995325088501
1359,0.17137831449508667,0.008069064875598997,4.328701496124268,12.002224206924438
1360,0.17183008044958115,0.00859920697985217,4.322123050689697,12.000964641571045
1361,0.1711819265037775,0.008036978775635362,4.315552711486816,11.998942255973816
1362,0.17158075794577599,0.008483090321533382,4.308988571166992,12.000778794288635
1363,0.17014038376510143,0.0070986702921800315,4.302432537078857,12.001739263534546
1364,0.17071170918643475,0.007716965978033841,4.295884132385254,12.00359034538269
1365,0.170718751847744,0.007809989445377141,4.289342880249023,12.00153362751007
1366,0.17140500620007515,0.008562622300814837,4.282809734344482,12.001428842544556
1367,0.17127349600195885,0.008499374962411821,4.276284217834473,12.001128196716309
1368,0.17127778753638268,0.00859005661914125,4.269835472106934,11.998937964439392
1369,0.1695119496434927,0.006855796440504491,4.263387680053711,12.002227783203125
1370,0.1699118409305811,0.007318674004636705,4.256940841674805,12.002376437187195
1371,0.17068122141063213,0.00815290817990899,4.2504963874816895,12.00233542919159
1372,0.1712630596011877,0.008779151714406908,4.244054317474365,12.004336953163147
1373,0.17010326497256756,0.007731168647296727,4.237640857696533,11.999569416046143
1374,0.170229597017169,0.007909329142421484,4.231228828430176,12.000798106193542
1375,0.16884389333426952,0.006607063813135028,4.224818229675293,11.998864769935608
1376,0.1691516824066639,0.0069564529112540185,4.218409538269043,12.001113533973694
1377,0.17027192562818527,0.008109763963147998,4.212003231048584,12.004212975502014
1378,0.1698856819421053,0.007803478103596717,4.205599784851074,12.002620697021484
1379,0.1693489719182253,0.007348696060944349,4.19920015335083,12.00082790851593
1380,0.1682761050760746,0.00635801104363054,4.19280481338501,11.99900496006012
1381,0.16971221193671227,0.007840206963010132,4.186413764953613,12.000786781311035
1382,0.1694017369300127,0.007571632799226791,4.180026531219482,12.002984523773193
1383,0.16858152486383915,0.0068299887352623045,4.173644542694092,12.001509189605713
1384,0.1694281715899706,0.00773237319663167,4.1672682762146,12.002312302589417
1385,0.16923301108181477,0.007605030026752502,4.1608967781066895,12.001901626586914
1386,0.16864226013422012,0.00709312065737322,4.154531478881836,12.000383019447327
1387,0.16880044527351856,0.0073235027375631034,4.148171424865723,11.999523162841797
1388,0.16843740455806255,0.00702017021831125,4.141818046569824,11.999905824661255
1389,0.16891753114759922,0.007529376540333033,4.135470390319824,12.003345131874084
1390,0.16788421757519245,0.006581577064935118,4.129128456115723,12.00113594532013
1391,0.1684614922851324,0.007214074197690934,4.122793674468994,12.001948595046997
1392,0.16813018172979355,0.006937215395737439,4.116465091705322,12.00283169746399
1393,0.16767903231084347,0.0065827377256937325,4.110142707824707,11.999486804008484
1394,0.1695518009364605,0.008497652190271765,4.103827953338623,12.001587271690369
1395,0.16853942349553108,0.00754330784548074,4.0975189208984375,12.002093195915222
1396,0.16878089681267738,0.007868239015806466,4.091217517852783,12.000048995018005
1397,0.16850857064127922,0.007650365063454956,4.084922790527344,12.000898122787476
1398,0.1665525585412979,0.005746998358517885,4.078634738922119,12.0019211769104
1399,0.16807720251381397,0.007341925927903503,4.072354316711426,12.001173496246338
1400,0.16882514022290707,0.008148883644025773,4.0660810470581055,12.00154459476471
1401,0.1677251122891903,0.0071288711042143404,4.059814453125,11.999810338020325
1402,0.16779278963804245,0.007241999264806509,4.053555011749268,12.001524090766907
1403,0.16743452474474907,0.006917588121723384,4.047303199768066,12.004390835762024
1404,0.168027114123106,0.007607292849570513,4.04105806350708,12.000924468040466
1405,0.16803835332393646,0.007673171232454479,4.0348219871521,12.001696586608887
1406,0.16907326132059097,0.008767334569711238,4.028593063354492,12.001999735832214
1407,0.16752195917069912,0.0072849171119742095,4.022371292114258,12.001333713531494
1408,0.1683454904705286,0.008179459138773382,4.016157150268555,12.000446438789368
1409,0.1684403233230114,0.00833978014998138,4.009950160980225,12.000104546546936
1410,0.1679664310067892,0.00791010115062818,4.003749847412109,12.001883506774902
1411,0.1671412382274866,0.007143801252823323,3.997556209564209,12.002187848091125
1412,0.1673449333757162,0.007428719196468592,3.991370439529419,12.000251650810242
1413,0.16888614743947983,0.009008863067720085,3.985191583633423,12.002537250518799
1414,0.1661307606846094,0.006309842225164175,3.979020595550537,12.003071546554565
1415,0.16800900362432003,0.008266950841061771,3.9728565216064453,12.001349210739136
1416,0.1672289725393057,0.007555524120107293,3.9666988849639893,12.000646710395813
1417,0.16643213108181953,0.006829903752077371,3.9605493545532227,11.999673843383789
1418,0.16733665019273758,0.007782514672726393,3.954406261444092,12.001007556915283
1419,0.16611837409436703,0.0066165823373012245,3.9482710361480713,12.00190806388855
1420,0.16702464781701565,0.007604243932291865,3.9421427249908447,11.999898314476013
1421,0.1676055993884802,0.008232777880039066,3.9360225200653076,12.001260042190552
1422,0.16680529341101646,0.0074893616838380694,3.9299094676971436,12.001684308052063
1423,0.16671539470553398,0.007463286630809307,3.9238028526306152,12.001408457756042
1424,0.16583722457289696,0.006623820459935814,3.9177041053771973,12.003636360168457
1425,0.1668425016105175,0.0077127229305915534,3.911612033843994,12.001366257667542
1426,0.16659765876829624,0.007549303816631436,3.905527114868164,11.999309062957764
1427,0.16633357666432858,0.007338703726418316,3.8994500637054443,12.000037670135498
1428,0.16627267934381962,0.007322724035475403,3.8933804035186768,12.001615524291992
1429,0.16607854515314102,0.007191386423073709,3.8873186111450195,12.001397490501404
1430,0.16658978164196014,0.007771431759465486,3.881263256072998,12.000571966171265
1431,0.16727143339812756,0.008510794839821756,3.8752152919769287,12.00084900856018
1432,0.16561914421617985,0.006911583710461855,3.8691744804382324,12.001581907272339
1433,0.16582866199314594,0.00719432916957885,3.8631410598754883,12.000292420387268
1434,0.1650953460484743,0.006507100886665285,3.857114553451538,12.001710176467896
1435,0.16610198467969894,0.00757479015737772,3.851095676422119,12.00162410736084
1436,0.16639062017202377,0.00793592439731583,3.845083475112915,12.000386476516724
1437,0.16551816649734974,0.007118912995792925,3.8390793800354004,12.00084638595581
1438,0.1667398326098919,0.008400893886573613,3.8330821990966797,12.000812292098999
1439,0.16546310298144817,0.007184052432421595,3.827092170715332,12.000813245773315
1440,0.1654795352369547,0.007247410016134381,3.8211092948913574,12.002103328704834
1441,0.16523182578384876,0.007075070170685649,3.8151333332061768,12.000542521476746
1442,0.16587046906352043,0.007772676588501781,3.8091650009155273,12.000614643096924
1443,0.16557537764310837,0.007522482366766781,3.803204298019409,12.002085566520691
1444,0.16542709060013294,0.007452407735399902,3.797250509262085,12.000218152999878
1445,0.1649660374969244,0.007060000614728779,3.7913036346435547,11.999300241470337
1446,0.16502794064581394,0.007167133910115808,3.7853641510009766,12.000716805458069
1447,0.16562659852206707,0.007799155137035996,3.7794315814971924,12.003313183784485
1448,0.16659008711576462,0.008839801303111017,3.7735061645507812,12.0015230178833
1449,0.1660457570105791,0.008354230900295079,3.7675881385803223,12.001564979553223
1450,0.16659972071647644,0.00896988797467202,3.7616772651672363,12.001306772232056
1451,0.1659035887569189,0.008332070778124034,3.7557742595672607,12.001377701759338
1452,0.16572877205908298,0.00822988391155377,3.7498779296875,12.000011086463928
1453,0.16521372087299824,0.007771467790007591,3.743988275527954,12.000236988067627
1454,0.16435815207660198,0.006958958343602717,3.7381062507629395,12.001813769340515
1455,0.1652484219521284,0.007892078894656152,3.7322311401367188,12.003403306007385
1456,0.16503712348639965,0.007766123220790178,3.726363182067871,12.000737071037292
1457,0.16540967486798763,0.008210152620449662,3.7205026149749756,11.999450087547302
1458,0.16476014256477356,0.0076084594475105405,3.714649200439453,12.000519514083862
1459,0.16434430703520775,0.007251940143760294,3.708803176879883,12.000434160232544
1460,0.16462028585374355,0.007562650600448251,3.7029638290405273,12.00279986858368
1461,0.16412469372153282,0.007122070586774498,3.697131633758545,12.003130793571472
1462,0.16439571976661682,0.007452175428625196,3.6913061141967773,12.003048777580261
1463,0.16493675485253334,0.00806948373792693,3.685488224029541,12.001239538192749
1464,0.16491706855595112,0.008116859244182706,3.6796774864196777,12.000343799591064
1465,0.16377856954932213,0.007041654898785055,3.6738736629486084,11.999818563461304
1466,0.16456871293485165,0.0078778121387586,3.668077230453491,12.001013159751892
1467,0.16374910064041615,0.0070899653364904225,3.662287473678589,12.003626346588135
1468,0.16407614015042782,0.007477013685274869,3.6565048694610596,12.003408193588257
1469,0.16467612981796265,0.00814152997918427,3.650729179382324,12.002731561660767
1470,0.16435296833515167,0.007913176959846169,3.644960880279541,11.999018549919128
1471,0.1632342766970396,0.006841300055384636,3.63919997215271,12.00009834766388
1472,0.16458710096776485,0.00823522184509784,3.6334455013275146,12.001742601394653
1473,0.16364073008298874,0.007362848904449493,3.6276979446411133,12.000090718269348
1474,0.1634320542216301,0.007200118561740965,3.621958017349243,12.001235961914062
1475,0.164707837626338,0.008532411244232208,3.616224765777588,12.001318097114563
1476,0.16428079642355442,0.008147126296535134,3.6104986667633057,12.002869129180908
1477,0.16316318698227406,0.007107690966222435,3.6047792434692383,12.000771045684814
1478,0.16388075426220894,0.007891371671576053,3.599067211151123,11.999871373176575
1479,0.163866912946105,0.007910282583907247,3.593362331390381,12.002301216125488
1480,0.16291900165379047,0.007033423520624638,3.5876643657684326,12.000893831253052
1481,0.16306290216743946,0.007247761532198638,3.58197283744812,11.999541759490967
1482,0.16318062134087086,0.007424146460834891,3.5762887001037598,11.999359130859375
1483,0.16238335706293583,0.0066664067562669516,3.5706117153167725,12.001083731651306
1484,0.16256258264183998,0.006872528640087694,3.564941644668579,12.004063963890076
1485,0.1646093036979437,0.00899389898404479,3.5592784881591797,12.002262353897095
1486,0.16304559633135796,0.007504924724344164,3.553622245788574,12.000445246696472
1487,0.16280605643987656,0.007325923012103885,3.5479724407196045,12.000041246414185
1488,0.16216152347624302,0.006742025609128177,3.542330026626587,11.999619960784912
1489,0.162294065579772,0.0069109120522625744,3.5366945266723633,12.001621007919312
1490,0.16189675591886044,0.0065667887683957815,3.531066417694092,12.001930356025696
1491,0.16228172555565834,0.007011377834714949,3.525444746017456,12.001590728759766
1492,0.16251874528825283,0.0073211804847233,3.5198302268981934,11.999926328659058
1493,0.16255388595163822,0.007398032757919282,3.5142223834991455,12.001363039016724
1494,0.16260910965502262,0.007500542851630598,3.5086212158203125,12.002236008644104
1495,0.16214532032608986,0.007104249729309231,3.5030274391174316,12.00108015537262
1496,0.16211659461259842,0.007149571843910962,3.4974398612976074,11.999262928962708
1497,0.16158579289913177,0.006662362487986684,3.4918599128723145,12.000483393669128
1498,0.16262416914105415,0.00773857202148065,3.4862866401672363,12.002273321151733
1499,0.16248708218336105,0.007659632014110684,3.4807209968566895,12.002024531364441
1500,0.16185016557574272,0.007113537983968854,3.475161075592041,11.998501777648926
1501,0.16239608824253082,0.007674059888813645,3.4696085453033447,12.002594947814941
1502,0.1622867789119482,0.007628086605109274,3.464062213897705,12.0018070936203
1503,0.16326411254703999,0.008663741522468626,3.458523750305176,12.001513838768005
1504,0.16278059408068657,0.008241693489253521,3.452991485595703,12.000899195671082
1505,0.16239228285849094,0.007891200366429985,3.4474663734436035,12.002642273902893
1506,0.16266104765236378,0.008222411095630378,3.4419479370117188,12.00191605091095
1507,0.1628999374806881,0.008531241794116795,3.436436176300049,12.000433802604675
1508,0.16280927695333958,0.008500485273543745,3.4309310913085938,11.999948263168335
1509,0.16351357102394104,0.009232836891897023,3.4254510402679443,12.002622842788696
1510,0.1613825410604477,0.007174825121182948,3.419975519180298,12.000796437263489
1511,0.16238371096551418,0.008228961029089987,3.41450572013855,12.000969648361206
1512,0.1621142290532589,0.008009070763364434,3.4090416431427,12.001474857330322
1513,0.1617501825094223,0.007714131730608642,3.4035823345184326,12.000023007392883
1514,0.16211063414812088,0.008105287444777787,3.398129463195801,12.002405524253845
1515,0.16137879714369774,0.007433818362187594,3.39268159866333,12.001816868782043
1516,0.16184343583881855,0.007955648005008698,3.387239933013916,12.001538872718811
1517,0.16092844679951668,0.00710272608557716,3.381803512573242,12.000769019126892
1518,0.16186905279755592,0.008104913751594722,3.376373052597046,12.000041127204895
1519,0.16241083107888699,0.008680655446369201,3.3709492683410645,12.002068161964417
1520,0.1628760416060686,0.009220580279361457,3.3655309677124023,12.000015377998352
1521,0.16214261017739773,0.0085310764843598,3.360119342803955,12.001034498214722
1522,0.1620510369539261,0.008485203667078167,3.3547134399414062,12.001870393753052
1523,0.16090133041143417,0.0074020918109454215,3.3493142127990723,12.000609993934631
1524,0.16053322330117226,0.007075888337567449,3.343921661376953,12.001812100410461
1525,0.16194003447890282,0.008540619106497616,3.3385353088378906,12.0014066696167
1526,0.16066140495240688,0.007307879801373929,3.3331551551818848,12.002197861671448
1527,0.16124535538256168,0.007952101237606257,3.3277812004089355,12.001544713973999
1528,0.1601938121020794,0.006972879869863391,3.322413921356201,11.999679446220398
1529,0.15965634770691395,0.006491686042863876,3.3170533180236816,11.999413013458252
1530,0.16100753284990788,0.007881166588049382,3.3116986751556396,12.000938415527344
1531,0.16146886721253395,0.008363958448171616,3.3063502311706543,12.004140734672546
1532,0.16006049327552319,0.007018197677098215,3.3010082244873047,12.0032217502594
1533,0.16087754629552364,0.007916062837466598,3.295673370361328,12.00047516822815
1534,0.15980619564652443,0.006914907367900014,3.2903451919555664,11.998783946037292
1535,0.16040913574397564,0.007565348758362234,3.2850234508514404,11.999355554580688
1536,0.16079783253371716,0.007980851805768907,3.2797083854675293,12.00199043750763
1537,0.16038030944764614,0.007621342083439231,3.274399757385254,12.001497030258179
1538,0.16142126731574535,0.008709589135833085,3.269097089767456,12.002071142196655
1539,0.15979761257767677,0.007136459928005934,3.263801097869873,12.002314686775208
1540,0.15993226319551468,0.007332362816669047,3.258512020111084,12.001478552818298
1541,0.15969501249492168,0.007165560440625995,3.2532291412353516,11.99971628189087
1542,0.15991205722093582,0.0074340623104944825,3.2479536533355713,11.99984610080719
1543,0.1589477714151144,0.006491288426332176,3.2426841259002686,12.002964496612549
1544,0.15996484830975533,0.007577270444016904,3.2374207973480225,12.001337170600891
1545,0.1594377849251032,0.007113114057574421,3.232164144515991,12.000303506851196
1546,0.159216633066535,0.006929543218575418,3.226914405822754,12.001795291900635
1547,0.1597659606486559,0.007539907703176141,3.2216713428497314,12.00093424320221
1548,0.15881286561489105,0.006660951534286141,3.2164347171783447,11.998757004737854
1549,0.1584318783134222,0.006322894128970802,3.2112045288085938,11.999694228172302
1550,0.15976883098483086,0.007679998409003019,3.2059812545776367,12.002902507781982
1551,0.1584991905838251,0.006488060636911541,3.2007639408111572,12.000349521636963
1552,0.15953653119504452,0.0075691144447773695,3.195553779602051,12.001188278198242
1553,0.1594073511660099,0.007478922780137509,3.190349817276001,12.002493381500244
1554,0.1600794494152069,0.008214030996896327,3.185152053833008,12.001390099525452
1555,0.15983362309634686,0.008018389926292002,3.1799607276916504,12.00156319141388
1556,0.15850826539099216,0.006746553641278297,3.174776315689087,12.001395225524902
1557,0.15965838730335236,0.007930636871606112,3.1695985794067383,12.003177046775818
1558,0.15962724946439266,0.00795959768583998,3.1644277572631836,12.00233769416809
1559,0.15939785912632942,0.007806888723280281,3.1592628955841064,11.999834299087524
1560,0.1589963510632515,0.007438238710165024,3.154104232788086,12.001707553863525
1561,0.15882325172424316,0.007339327363297343,3.1489522457122803,11.999440789222717
1562,0.15776864811778069,0.00631920772138983,3.1438071727752686,12.001137137413025
1563,0.1584557518362999,0.007047168968711048,3.1386680603027344,12.002190709114075
1564,0.15832770243287086,0.006970310176257044,3.1335361003875732,12.002203226089478
1565,0.1586060393601656,0.007312330591958016,3.1284103393554688,12.00096070766449
1566,0.15882889181375504,0.007586203690152615,3.123291015625,12.000978112220764
1567,0.15897201001644135,0.0077733235084451735,3.118178367614746,12.00169050693512
1568,0.15950108878314495,0.008363158325664699,3.113071918487549,12.00072157382965
1569,0.15844335034489632,0.007361556054092944,3.107971668243408,12.000208139419556
1570,0.15824712999165058,0.007198887993581593,3.1028780937194824,12.001946449279785
1571,0.16013523936271667,0.00912130152573809,3.0977911949157715,12.003603100776672
1572,0.1584879793226719,0.00753561855526641,3.0927109718322754,12.002525568008423
1573,0.15967023372650146,0.008773551555350423,3.087637186050415,12.002031445503235
1574,0.15815655700862408,0.0073337695794180036,3.0825693607330322,11.999709725379944
1575,0.1588329542428255,0.008056814025621861,3.077507972717285,12.000106573104858
1576,0.15875241346657276,0.00801100576063618,3.072453022003174,12.00168764591217
1577,0.1587433721870184,0.008057692612055689,3.0674045085906982,12.001163363456726
1578,0.15878785587847233,0.008137311844620854,3.0623626708984375,12.002692222595215
1579,0.1584582719951868,0.007885487517341971,3.0573272705078125,11.999951601028442
1580,0.1575836967676878,0.00704317243071273,3.052298069000244,12.001754641532898
1581,0.15710881724953651,0.006619569729082286,3.0472755432128906,12.001649498939514
1582,0.1579622458666563,0.007528649526648223,3.0422592163085938,12.001101016998291
1583,0.1579100675880909,0.00751388946082443,3.0372490882873535,12.002368688583374
1584,0.15770606137812138,0.007374532811809331,3.032245397567749,12.00090777873993
1585,0.1577321421355009,0.007460460299625993,3.027247905731201,11.999920845031738
1586,0.15708480030298233,0.006850647390820086,3.0222573280334473,12.001158475875854
1587,0.15732617117464542,0.007136181055102497,3.01727294921875,12.001726388931274
1588,0.15816865302622318,0.008013611019123346,3.0122952461242676,12.003209233283997
1589,0.15730553679168224,0.007227308058645576,3.007323741912842,12.000499606132507
1590,0.1569591462612152,0.006924854824319482,3.0023579597473145,12.001071691513062
1591,0.1584713365882635,0.008485643600579351,2.997398614883423,12.001171112060547
1592,0.1577356681227684,0.007795857382006943,2.992445707321167,12.001535534858704
1593,0.15785078331828117,0.00795204343739897,2.987499237060547,12.00237512588501
1594,0.15671471692621708,0.00687374675180763,2.9825594425201416,12.001538038253784
1595,0.15830925107002258,0.008537264366168529,2.977625608444214,11.999573588371277
1596,0.15620881505310535,0.006501764990389347,2.972698211669922,11.99800729751587
1597,0.15719069726765156,0.007497690734453499,2.9677772521972656,12.001523733139038
1598,0.1576916091144085,0.008015132916625589,2.962862491607666,12.004785299301147
1599,0.1565159559249878,0.006909801159054041,2.957953453063965,12.002662539482117
1600,0.15747821889817715,0.007936085283290595,2.9530510902404785,12.001162648200989
1601,0.15772877261042595,0.008239457558374852,2.948154926300049,12.000776767730713
1602,0.1580582670867443,0.008620692766271532,2.943265914916992,12.000491738319397
1603,0.15743335150182247,0.008032512094359845,2.938382387161255,12.001701831817627
1604,0.15706445463001728,0.007721083995420486,2.9335052967071533,12.000832319259644
1605,0.15836201794445515,0.009049873915500939,2.9286513328552246,12.0025634765625
1606,0.15574249811470509,0.00651325547369197,2.9238014221191406,11.999123215675354
1607,0.1567520685493946,0.007548666384536773,2.918957233428955,12.001383066177368
1608,0.1568529475480318,0.0076732750167138875,2.9141178131103516,12.003849744796753
1609,0.15675734169781208,0.007650508603546768,2.90928316116333,12.001400589942932
1610,0.15617003105580807,0.007109623751603067,2.9044532775878906,12.001587867736816
1611,0.15617765299975872,0.007159292639698833,2.8996284008026123,12.00220811367035
1612,0.15573927015066147,0.006808066624216735,2.8948092460632324,11.998311281204224
1613,0.15670223534107208,0.007800491293892264,2.8899953365325928,12.000179290771484
1614,0.15626861341297626,0.007411521160975099,2.8851871490478516,12.000522375106812
1615,0.15633101761341095,0.007522316707763821,2.8803844451904297,12.000485897064209
1616,0.15681352093815804,0.008024153881706297,2.875586986541748,12.003349661827087
1617,0.15699837543070316,0.008276554173789918,2.870795726776123,12.001386880874634
1618,0.15602337196469307,0.007340172654949129,2.866009473800659,12.002310633659363
1619,0.15719681233167648,0.008584008435718715,2.861229181289673,12.000051736831665
1620,0.15660139545798302,0.008041808207053691,2.856454849243164,11.999504327774048
1621,0.15610952489078045,0.007576623873319477,2.8516860008239746,12.001604676246643
1622,0.15605799853801727,0.007591045869048685,2.846923351287842,11.999772191047668
1623,0.15677802823483944,0.008344074478372931,2.8421669006347656,12.0012286901474
1624,0.15583946369588375,0.007442605041433126,2.837416172027588,12.002269983291626
1625,0.15618872456252575,0.007860889192670584,2.8326709270477295,12.000112891197205
1626,0.1555542480200529,0.00727057020412758,2.8279318809509277,12.000435948371887
1627,0.15565485134720802,0.007411190657876432,2.8231987953186035,12.001167297363281
1628,0.15506401471793652,0.006855327112134546,2.818471670150757,12.002397418022156
1629,0.15643375180661678,0.008284258306957781,2.8137502670288086,12.001199722290039
1630,0.15533391945064068,0.007246370194479823,2.809035301208496,11.999720096588135
1631,0.15526695176959038,0.0072124547441489995,2.804326057434082,12.001123905181885
1632,0.15592808090150356,0.007924674428068101,2.7996227741241455,12.000717878341675
1633,0.1557384505867958,0.007785738853272051,2.7949256896972656,12.000345468521118
1634,0.15547386556863785,0.007542221923358738,2.790234327316284,12.002930641174316
1635,0.1555935237556696,0.007721748435869813,2.7855489253997803,12.001628875732422
1636,0.15566753596067429,0.007841765997000039,2.780869960784912,12.001707315444946
1637,0.15644601173698902,0.00867691106395796,2.7761964797973633,12.00071370601654
1638,0.1553636696189642,0.00766461668536067,2.771529197692871,11.998376250267029
1639,0.15490923076868057,0.007246763736475259,2.7668678760528564,11.99937915802002
1640,0.154650142416358,0.007017877185717225,2.7622127532958984,12.001014113426208
1641,0.15508183278143406,0.0074782444280572236,2.757563591003418,12.002795457839966
1642,0.15376167185604572,0.006217020272742957,2.7529208660125732,12.001545071601868
1643,0.15424925461411476,0.006759712006896734,2.748283863067627,12.000670790672302
1644,0.1557801477611065,0.008336913073435426,2.743652820587158,12.000670909881592
1645,0.1554566416889429,0.008057806291617453,2.739027976989746,12.000856161117554
1646,0.15487088076770306,0.007528033456765115,2.7344086170196533,11.999876260757446
1647,0.15499227307736874,0.0076789576560258865,2.729795455932617,12.0015367269516
1648,0.1544862650334835,0.007220655330456793,2.7251882553100586,12.001373171806335
1649,0.15480633452534676,0.007577765791211277,2.7205872535705566,12.002269983291626
1650,0.1544785387814045,0.0073022484430111945,2.7159924507141113,12.001636981964111
1651,0.15402567945420742,0.006891756260301918,2.7114038467407227,12.001988887786865
1652,0.15378203615546227,0.006708161090500653,2.706820487976074,12.000567078590393
1653,0.15408075787127018,0.0070688491105102,2.7022433280944824,11.998948216438293
1654,0.15410127863287926,0.007111933664418757,2.6976723670959473,12.001262068748474
1655,0.15567166917026043,0.008716512005776167,2.6931076049804688,12.002408385276794
1656,0.15599610842764378,0.009091674408409745,2.6885480880737305,12.001895785331726
1657,0.15443926118314266,0.007599457981996238,2.6840322017669678,11.999948024749756
1658,0.15428223833441734,0.0074742145370692015,2.6795191764831543,12.001283526420593
1659,0.15414522401988506,0.007375324610620737,2.6750082969665527,12.001981973648071
1660,0.1550606917589903,0.00833808135939762,2.670499801635742,12.001761436462402
1661,0.15456319600343704,0.00788865948561579,2.665994882583618,12.001458883285522
1662,0.1564745120704174,0.009848740883171558,2.6614935398101807,12.001083731651306
1663,0.1546220351010561,0.00803349504712969,2.6569957733154297,12.001858234405518
1664,0.1548076830804348,0.008286215190310031,2.6525020599365234,11.999645113945007
1665,0.1549767442047596,0.00848740671062842,2.648012638092041,12.000921368598938
1666,0.15435387007892132,0.0078891112934798,2.643527030944824,12.002949237823486
1667,0.15428089909255505,0.007881054130848497,2.639045238494873,12.000939846038818
1668,0.15405607223510742,0.007698180968873203,2.6345691680908203,12.001220226287842
1669,0.1546374261379242,0.008318439999129623,2.6300971508026123,12.00180184841156
1670,0.15373278595507145,0.007461654546204954,2.6256303787231445,12.001482844352722
1671,0.15400868095457554,0.0077754424419254065,2.621168613433838,12.002155184745789
1672,0.15359744615852833,0.0074133119196631014,2.6167116165161133,12.001702189445496
1673,0.15388866886496544,0.0077494612778536975,2.612259864807129,12.001661658287048
1674,0.15353153087198734,0.007445356983225793,2.6078126430511475,12.000805377960205
1675,0.15322059951722622,0.007182139495853335,2.6033711433410645,12.000475287437439
1676,0.15383042581379414,0.007848045497667044,2.5989346504211426,11.999303698539734
1677,0.15334760770201683,0.007417128537781537,2.594503879547119,11.998544573783875
1678,0.15301972813904285,0.007088020327500999,2.590078830718994,12.003092288970947
1679,0.15395948849618435,0.008075454970821738,2.5856690406799316,12.002734422683716
1680,0.15358106419444084,0.007754939433652908,2.581263303756714,12.001349687576294
1681,0.15351171791553497,0.007742342364508659,2.576862335205078,12.000075340270996
1682,0.15397756733000278,0.008245637931395322,2.572465419769287,12.000728011131287
1683,0.15423098392784595,0.008521791722159833,2.5680737495422363,12.002845287322998
1684,0.15383002161979675,0.008193414832931012,2.5636868476867676,11.999974012374878
1685,0.15340644121170044,0.007801676110830158,2.559305191040039,12.001172065734863
1686,0.15260638669133186,0.007047757389955223,2.554928779602051,12.000934720039368
1687,0.15272740833461285,0.007208325434476137,2.550557851791382,12.00135064125061
1688,0.15337401628494263,0.007877841126173735,2.546191930770874,12.00342583656311
1689,0.1543281376361847,0.008884254144504666,2.5418310165405273,12.002557754516602
1690,0.15223894268274307,0.006860725290607661,2.537475109100342,12.000346899032593
1691,0.15371406450867653,0.008392284740693867,2.5331249237060547,11.999053597450256
1692,0.15203406289219856,0.006755373906344175,2.528779983520508,11.999089241027832
1693,0.15361843816936016,0.008364843437448144,2.5244405269622803,12.000919342041016
1694,0.153043445199728,0.007829165901057422,2.520106554031372,12.00132155418396
1695,0.1539602391421795,0.008771059627179056,2.5157783031463623,12.003139972686768
1696,0.15194957703351974,0.006819560308940709,2.5114552974700928,12.001546740531921
1697,0.15187585353851318,0.0068107679253444076,2.507138252258301,11.999370455741882
1698,0.15267996862530708,0.007642694050446153,2.502826690673828,12.000901103019714
1699,0.15261416882276535,0.007614289061166346,2.4985203742980957,12.001467823982239
1700,0.1527724675834179,0.007809941773302853,2.4942197799682617,12.002033114433289
1701,0.15199963375926018,0.007091909879818559,2.489924907684326,12.000848054885864
1702,0.15272567607462406,0.007865086838137358,2.485635280609131,12.000423669815063
1703,0.15199817717075348,0.007173115329351276,2.481350898742676,12.001155734062195
1704,0.1518396269530058,0.007064253673888743,2.4770724773406982,12.000465393066406
1705,0.15214968472719193,0.007408596051391214,2.472799777984619,12.001309394836426
1706,0.15245656482875347,0.007754228077828884,2.4685328006744385,12.00170111656189
1707,0.1520969606935978,0.007453256985172629,2.464271068572998,12.000099539756775
1708,0.15137607976794243,0.006759388896171004,2.4600157737731934,12.001653671264648
1709,0.15282930992543697,0.008259622729383409,2.45576548576355,12.001203775405884
1710,0.15125943906605244,0.006738725875038654,2.4515209197998047,12.000550627708435
1711,0.15167603082954884,0.007201917585916817,2.447282075881958,12.000129699707031
1712,0.15251553803682327,0.008089194539934397,2.4430487155914307,11.999585747718811
1713,0.1514198426157236,0.007019103271886706,2.438821315765381,12.001252889633179
1714,0.15164142102003098,0.007292031601537019,2.4345991611480713,12.000340461730957
1715,0.1517407838255167,0.007428806158713996,2.43038272857666,12.000815272331238
1716,0.15246151573956013,0.008185382408555597,2.4261724948883057,12.0014408826828
1717,0.1526368223130703,0.008410201175138354,2.421967029571533,12.000695824623108
1718,0.15202827379107475,0.007845496642403305,2.4177675247192383,12.000510573387146
1719,0.15157413855195045,0.007432282203808427,2.413573741912842,12.000612497329712
1720,0.15204891003668308,0.007954906788654625,2.4093854427337646,12.000015377998352
1721,0.1513046659529209,0.007232719159219414,2.405203104019165,12.001991748809814
1722,0.15086761116981506,0.006827039003837854,2.4010260105133057,12.003031492233276
1723,0.1511947475373745,0.007208631781395525,2.3968546390533447,12.001757264137268
1724,0.1519190464168787,0.007985941949300468,2.392688751220703,12.000622034072876
1725,0.1502926293760538,0.006415961834136397,2.3885278701782227,11.999139070510864
1726,0.1518558356910944,0.008007665630429983,2.384373188018799,12.000444054603577
1727,0.1506734099239111,0.006874207057990134,2.3802242279052734,11.999696254730225
1728,0.15222296863794327,0.008434611198026687,2.3760812282562256,12.002754807472229
1729,0.15110591985285282,0.007361455471254885,2.371943473815918,12.002503156661987
1730,0.15148227475583553,0.007816744735464454,2.3678112030029297,11.99874210357666
1731,0.1506658960133791,0.007033729343675077,2.3636844158172607,11.99953293800354
1732,0.1510621476918459,0.007453993835952133,2.3595633506774902,12.001252174377441
1733,0.15123086422681808,0.007653139822650701,2.355448007583618,12.00232470035553
1734,0.15101814456284046,0.007487001188565046,2.3513379096984863,12.001776695251465
1735,0.15160822682082653,0.008131965762004256,2.347233295440674,12.000393509864807
1736,0.1505391877144575,0.007098332047462463,2.343134641647339,12.000951051712036
1737,0.15026423148810863,0.006867313466500491,2.3390414714813232,12.000650644302368
1738,0.15122718922793865,0.007858041499275714,2.334953784942627,12.001961708068848
1739,0.15095778740942478,0.007621457625646144,2.33087158203125,12.002761721611023
1740,0.15052879229187965,0.00726803729776293,2.3267946243286133,11.999281167984009
1741,0.15082725882530212,0.007593054149765521,2.322723627090454,12.000696897506714
1742,0.1501917876303196,0.0070018878323026,2.3186583518981934,12.00033187866211
1743,0.14962691254913807,0.006475713278632611,2.3145980834960938,12.000522494316101
1744,0.15018191933631897,0.007055920199491084,2.310544013977051,12.002056002616882
1745,0.1502206940203905,0.0071382998139597476,2.30649471282959,12.001744866371155
1746,0.15100516937673092,0.00796283787349239,2.3024511337280273,12.001782417297363
1747,0.15028860419988632,0.007311325753107667,2.298412799835205,11.999315619468689
1748,0.15073196031153202,0.00778685649856925,2.2943801879882812,12.000130414962769
1749,0.14995884895324707,0.007049622421618551,2.290353298187256,12.000569820404053
1750,0.15110407955944538,0.008230709587223828,2.2863316535949707,12.00100576877594
1751,0.1510631963610649,0.008219237381126732,2.282315731048584,12.00208055973053
1752,0.14940113946795464,0.006593211961444467,2.2783050537109375,12.002488017082214
1753,0.1493250709027052,0.006577049090992659,2.2743000984191895,12.000502705574036
1754,0.15093726478517056,0.008229023893363774,2.2703003883361816,12.000524044036865
1755,0.1492356862872839,0.006549259182065725,2.2663064002990723,12.002336621284485
1756,0.15051010437309742,0.007890440931078047,2.262317657470703,11.999649405479431
1757,0.15071636624634266,0.008139098936226219,2.2583343982696533,11.999392628669739
1758,0.15028531104326248,0.0077422987087629735,2.254356622695923,11.999944925308228
1759,0.1495081763714552,0.006981983780860901,2.2503840923309326,12.002235293388367
1760,0.15054012648761272,0.008064661349635571,2.246417284011841,12.001129746437073
1761,0.14951983280479908,0.007083668606355786,2.2424559593200684,12.001160740852356
1762,0.14963910728693008,0.007228042755741626,2.238499641418457,12.002607107162476
1763,0.15011497773230076,0.007764572452288121,2.234549045562744,12.000491976737976
1764,0.15031944029033184,0.008007643045857549,2.2306036949157715,12.000576615333557
1765,0.1497124657034874,0.007438991335220635,2.2266640663146973,12.000684022903442
1766,0.15013974346220493,0.00790539151057601,2.222729444503784,12.000706434249878
1767,0.1499322783201933,0.007737672014627606,2.2188005447387695,12.000660300254822
1768,0.14991488493978977,0.007756428269203752,2.214876651763916,12.000969171524048
1769,0.1494097914546728,0.007295461953617632,2.21095871925354,12.000474452972412
1770,0.14986234530806541,0.007796663558110595,2.207045555114746,11.999523043632507
1771,0.14884063228964806,0.006796048139221966,2.2031383514404297,12.001320242881775
1772,0.1495357993990183,0.007523862470407039,2.1992359161376953,12.00195825099945
1773,0.1493579912930727,0.0073933235835283995,2.1953394412994385,12.001127362251282
1774,0.14989065937697887,0.007967008568812162,2.191448211669922,12.000917196273804
1775,0.14978139474987984,0.007898742042016238,2.1875619888305664,12.00070345401764
1776,0.14900707453489304,0.007180950429756194,2.1836812496185303,11.998931646347046
1777,0.14972961694002151,0.007921096694190055,2.1798057556152344,12.001046538352966
1778,0.14940651878714561,0.007612649234943092,2.175936222076416,12.003451228141785
1779,0.14842519350349903,0.006691140297334641,2.1720714569091797,12.001334071159363
1780,0.14823655225336552,0.006554765976034105,2.168212413787842,11.999966382980347
1781,0.14845159836113453,0.006808590493164957,2.164358139038086,11.999943375587463
1782,0.14863575622439384,0.007033333240542561,2.1605095863342285,11.999732851982117
1783,0.14848814718425274,0.006901704764459282,2.1566662788391113,12.001978278160095
1784,0.14870896376669407,0.007158560387324542,2.1528282165527344,12.002212762832642
1785,0.14861342497169971,0.007126392854843289,2.1489956378936768,11.999707818031311
1786,0.1491931602358818,0.007738037849776447,2.1451680660247803,12.000344276428223
1787,0.14859264716506004,0.007155196857638657,2.1413464546203613,12.00239884853363
1788,0.1481839343905449,0.006777678267098963,2.1375293731689453,12.003096461296082
1789,0.1480372603982687,0.0066998659167438745,2.133718252182007,12.000021696090698
1790,0.14873896166682243,0.007424676150549203,2.1299118995666504,12.001517295837402
1791,0.148323405534029,0.0070578777813352644,2.1261110305786133,12.000441908836365
1792,0.14838247559964657,0.007165379298385233,2.1223154067993164,11.999394655227661
1793,0.14881840348243713,0.007605927996337414,2.118525266647339,12.00272262096405
1794,0.14767754822969437,0.006493917491752654,2.1147398948669434,12.003623723983765
1795,0.14868333749473095,0.007563847757410258,2.110960006713867,12.000989437103271
1796,0.14890342205762863,0.00783914071507752,2.1071858406066895,11.999242544174194
1797,0.148033756762743,0.006980246980674565,2.103416919708252,12.00193440914154
1798,0.14852319844067097,0.007500967301893979,2.0996527671813965,12.002570509910583
1799,0.14759461581707,0.006616680650040507,2.095893383026123,12.001900315284729
1800,0.1483220849186182,0.007388337864540517,2.092139959335327,12.001234650611877
1801,0.14766749925911427,0.006783335120417178,2.0883917808532715,12.000025033950806
1802,0.14910226128995419,0.008236771798692644,2.084649085998535,12.00190007686615
1803,0.14807104133069515,0.007232728123199195,2.080911159515381,12.002920389175415
1804,0.1477124486118555,0.006939144106581807,2.077178716659546,12.000151991844177
1805,0.14830349758267403,0.007571124646347016,2.073451042175293,11.999786615371704
1806,0.1477973498404026,0.0070789900491945446,2.0697288513183594,12.002107501029968
1807,0.14786197245121002,0.00719508045585826,2.066011905670166,12.000677585601807
1808,0.14887266419827938,0.00825119687942788,2.062300205230713,11.999846458435059
1809,0.1477968841791153,0.007205851085018367,2.05859375,12.000510215759277
1810,0.14867028780281544,0.00809394323732704,2.054892063140869,12.002742290496826
1811,0.14821068942546844,0.00767910317517817,2.0511960983276367,12.001962780952454
1812,0.14766122214496136,0.007183964364230633,2.0475049018859863,12.000221252441406
1813,0.14815074019134045,0.007703443814534694,2.0438191890716553,12.000910758972168
1814,0.14777901396155357,0.007370577252004296,2.0401382446289062,12.000705599784851
1815,0.14756803214550018,0.0071846644859761,2.0364627838134766,12.001874327659607
1816,0.14722171239554882,0.006870968849398196,2.032792568206787,12.002282500267029
1817,0.14755895361304283,0.007258498691953719,2.029127359390259,12.000918507575989
1818,0.14680756628513336,0.00654497038340196,2.0254673957824707,12.000792860984802
1819,0.1485616061836481,0.00834126555128023,2.021812677383423,12.000221848487854
1820,0.1484443936496973,0.008275088272057474,2.018162488937378,11.99876844882965
1821,0.14791902713477612,0.00777333730366081,2.0145177841186523,12.000051140785217
1822,0.14719580858945847,0.007068517210427672,2.010878086090088,12.001851439476013
1823,0.14735202305018902,0.007247624918818474,2.0072438716888428,12.003196477890015
1824,0.147195128723979,0.007145355164539069,2.003614664077759,12.001363039016724
1825,0.14783399365842342,0.00781576696317643,1.9999903440475464,12.001832842826843
1826,0.14759428799152374,0.007616538088768721,1.9963715076446533,12.001403570175171
1827,0.1471383310854435,0.007221362262498587,1.9927575588226318,11.998939394950867
1828,0.14687990210950375,0.006995904142968357,1.989148497581482,11.99925148487091
1829,0.14685451053082943,0.006988584995269775,1.9855448007583618,12.001047968864441
1830,0.14712585136294365,0.007281502243131399,1.9819464683532715,12.002488732337952
1831,0.14703271724283695,0.007241607294417918,1.9783527851104736,12.00075888633728
1832,0.14689846150577068,0.007158575288485736,1.974764108657837,11.99922490119934
1833,0.14714347384870052,0.0074284320580773056,1.9711804389953613,12.00032389163971
1834,0.14695998653769493,0.0072781527996994555,1.9676017761230469,12.000581979751587
1835,0.14844056218862534,0.008769300242420286,1.9640285968780518,12.003097653388977
1836,0.1472341436892748,0.007615005888510495,1.9604601860046387,12.00145411491394
1837,0.14674913883209229,0.007166734430938959,1.9568967819213867,12.001344084739685
1838,0.14643322490155697,0.006896647100802511,1.953338861465454,12.000319361686707
1839,0.14563089981675148,0.006120517384260893,1.9497860670089722,12.00125241279602
1840,0.1471279039978981,0.007647034362889826,1.9462380409240723,12.001849055290222
1841,0.14675812982022762,0.007330088585149497,1.9426947832107544,12.000109553337097
1842,0.1483567487448454,0.008971782808657736,1.9391565322875977,11.999340415000916
1843,0.1465225275605917,0.007155024737585336,1.9356231689453125,12.00112760066986
1844,0.14834334887564182,0.009008938912302256,1.9320948123931885,12.001346349716187
1845,0.14620699360966682,0.006903287547174841,1.9285719394683838,12.001798868179321
1846,0.1465961765497923,0.007327789266128093,1.9250539541244507,12.001784920692444
1847,0.14716018177568913,0.007930878025945276,1.9215415716171265,12.001389026641846
1848,0.14667106419801712,0.0074753996450454,1.9180338382720947,12.001533031463623
1849,0.1479717493057251,0.008815413399133831,1.914530634880066,12.001103281974792
1850,0.14801848493516445,0.00889207876753062,1.9110323190689087,12.001608610153198
1851,0.14770750515162945,0.008626590250059962,1.9075390100479126,12.000552535057068
1852,0.14638336561620235,0.0073375353240408,1.9041119813919067,12.000471234321594
1853,0.14588298462331295,0.006846969074103981,1.900683879852295,12.002917766571045
1854,0.14902756549417973,0.010031871031969786,1.8972549438476562,12.002314805984497
1855,0.14873898960649967,0.00978006626246497,1.8938260078430176,12.002066254615784
1856,0.1463291421532631,0.007426577736623585,1.8904731273651123,11.999783992767334
1857,0.14757928624749184,0.008685770793817937,1.8871138095855713,12.002238035202026
1858,0.14790729992091656,0.009057647257577628,1.8837486505508423,12.001217246055603
1859,0.14863108657300472,0.009814024902880192,1.8803787231445312,12.001327753067017
1860,0.14641092717647552,0.007635373796802014,1.8770751953125,12.00048053264618
1861,0.14862868934869766,0.009867947548627853,1.8737616539001465,12.002312898635864
1862,0.14902200549840927,0.010296180029399693,1.8705182075500488,12.00206470489502
1863,0.14567766152322292,0.006998034368734807,1.8672747611999512,12.000688076019287
1864,0.14849320985376835,0.009821149054914713,1.8640165328979492,12.00318992137909
1865,0.14942363649606705,0.010783451842144132,1.8607447147369385,12.003274083137512
1866,0.14684456028044224,0.008272385341115296,1.85755455493927,11.999663352966309
1867,0.15256758406758308,0.013978413539007306,1.8543457984924316,12.004571676254272
1868,0.1472589336335659,0.008709396002814174,1.8513015508651733,12.003652572631836
1869,0.15632211789488792,0.017796239582821727,1.84822416305542,12.004364013671875
1870,0.15885060839354992,0.02036475343629718,1.8453136682510376,12.003272294998169
1871,0.14634076692163944,0.007901361328549683,1.8425604104995728,12.001380443572998
1872,0.1610749140381813,0.022571554174646735,1.8397462368011475,12.010590076446533
1873,0.1571590192615986,0.018647342454642057,1.837106704711914,12.014061093330383
1874,0.14629819430410862,0.007884257298428565,1.8346067667007446,12.006787300109863
1875,0.15121375024318695,0.012863841955550015,1.8320209980010986,12.002970218658447
1876,0.1461690030992031,0.007828703441191465,1.829485297203064,12.004544854164124
1877,0.15190364792943,0.013496900908648968,1.8268694877624512,12.013805508613586
1878,0.14858724549412727,0.010055353166535497,1.8243350982666016,12.028854489326477
1879,0.1513295155018568,0.013120729359798133,1.821753740310669,11.999124884605408
1880,0.15235006622970104,0.014025393989868462,1.819223403930664,12.013244032859802
1881,0.14574189111590385,0.00745695160003379,1.8167595863342285,12.011734962463379
1882,0.1502860113978386,0.01193693873938173,1.8142099380493164,12.020697712898254
1883,0.14635822735726833,0.007768676907289773,1.8116936683654785,12.047261834144592
1884,0.14838461950421333,0.010306695359759033,1.8090949058532715,11.998697996139526
1885,0.14667808264493942,0.008453857386484742,1.8064779043197632,12.015945076942444
1886,0.14715160243213177,0.008996034099254757,1.8038252592086792,12.01173186302185
1887,0.14684848114848137,0.008596975181717426,1.8011071681976318,12.024043440818787
1888,0.14642519131302834,0.008151092450134456,1.7983280420303345,12.029082179069519
1889,0.14649739675223827,0.008538047142792493,1.7954955101013184,12.000439524650574
1890,0.14635455422103405,0.008333362929988652,1.7926175594329834,12.009501814842224
1891,0.14679295010864735,0.008828676072880626,1.7897744178771973,12.006653308868408
1892,0.14523633755743504,0.007150392688345164,1.7868874073028564,12.02170741558075
1893,0.14759722538292408,0.009635261492803693,1.7839586734771729,12.012238025665283
1894,0.14506704732775688,0.007218010432552546,1.7809985876083374,12.003905296325684
1895,0.14859753288328648,0.010765723418444395,1.7780078649520874,12.005173683166504
1896,0.14582307823002338,0.008029187796637416,1.7750319242477417,12.004357099533081
1897,0.14669344201683998,0.008786979073192924,1.7720263004302979,12.018620491027832
1898,0.14465658366680145,0.006933617638424039,1.7689931392669678,12.00330364704132
1899,0.14657196588814259,0.008892597514204681,1.7659374475479126,12.001999616622925
1900,0.14543325081467628,0.007812725962139666,1.762864112854004,11.999188899993896
1901,0.1474909670650959,0.009775025479029864,1.7597739696502686,12.011820435523987
1902,0.1458123493939638,0.008133631839882582,1.7566672563552856,12.011204719543457
1903,0.1466366034001112,0.009092574880924076,1.7535455226898193,12.000857591629028
1904,0.14513127878308296,0.007600858225487173,1.7504132986068726,12.002628922462463
1905,0.14500323496758938,0.007500048552174121,1.7472730875015259,12.003045916557312
1906,0.14574699103832245,0.008181552053429186,1.7441247701644897,12.012419581413269
1907,0.1449893731623888,0.0075599708943627775,1.7409676313400269,12.001973032951355
1908,0.14545885100960732,0.008106709981802851,1.7378039360046387,11.997410297393799
1909,0.14464390836656094,0.00729529996169731,1.7346365451812744,12.000224828720093
1910,0.1454391572624445,0.008036055136471987,1.731466293334961,12.008844256401062
1911,0.14555678330361843,0.008210232655983418,1.7282919883728027,12.006363153457642
1912,0.14498564414680004,0.0077291521592997015,1.7251149415969849,12.000534415245056
1913,0.1452538538724184,0.008036685991100967,1.7219362258911133,11.999780654907227
1914,0.14449588395655155,0.00726693932665512,1.7187576293945312,12.00413715839386
1915,0.14419639855623245,0.007006116560660303,1.715578556060791,12.0034499168396
1916,0.1439864318817854,0.006859521323349327,1.7123992443084717,12.000292301177979
1917,0.14503683149814606,0.007940383104141802,1.7092201709747314,12.00042474269867
1918,0.14482880383729935,0.0077419408480636775,1.7060425281524658,12.002644300460815
1919,0.14400839060544968,0.006930591131094843,1.702866554260254,12.004913449287415
1920,0.1452830471098423,0.00826166698243469,1.6996920108795166,12.002446413040161
1921,0.14344499073922634,0.006483527191448957,1.696519136428833,11.999627590179443
1922,0.14328990504145622,0.006365119363181293,1.6933492422103882,11.9991295337677
1923,0.1440590638667345,0.007142903748899698,1.6901814937591553,12.001434445381165
1924,0.14379865303635597,0.006918687024153769,1.687016248703003,12.000980854034424
1925,0.1447817012667656,0.007916154689155519,1.6838538646697998,12.00270128250122
1926,0.14493131451308727,0.008098585589323193,1.680694580078125,12.002578854560852
1927,0.1437633465975523,0.006951166142243892,1.6775387525558472,12.003679871559143
1928,0.14432726427912712,0.007554616779088974,1.6743861436843872,12.002878904342651
1929,0.14497251622378826,0.008258917194325477,1.6712371110916138,12.000123023986816
1930,0.1436060145497322,0.006920950079802424,1.668091893196106,12.000414967536926
1931,0.14394374191761017,0.00729941762983799,1.6649506092071533,11.999482274055481
1932,0.14408198185265064,0.007444829447194934,1.6618130207061768,12.001902341842651
1933,0.14486078917980194,0.008253950742073357,1.6586787700653076,12.002005577087402
1934,0.1430301759392023,0.006465773796662688,1.6555484533309937,12.000892162322998
1935,0.1426411159336567,0.0061033423990011215,1.6524226665496826,12.001355171203613
1936,0.14366427063941956,0.007159777160268277,1.6493010520935059,12.001148700714111
1937,0.14472792856395245,0.008254301035776734,1.6461832523345947,12.001179695129395
1938,0.1448674276471138,0.008434340707026422,1.6430697441101074,12.000239372253418
1939,0.14352525770664215,0.007126929645892233,1.6399602890014648,11.99987280368805
1940,0.14381534233689308,0.0074344894383102655,1.6368553638458252,12.001230120658875
1941,0.14324542880058289,0.006879854830913246,1.6337546110153198,12.002802968025208
1942,0.1443694420158863,0.008049929339904338,1.6306579113006592,12.001293540000916
1943,0.14477428793907166,0.008501721487846226,1.6275659799575806,11.999691128730774
1944,0.14425195194780827,0.00800796429393813,1.6244782209396362,11.99992036819458
1945,0.14500493928790092,0.008784024859778583,1.6213947534561157,12.000696659088135
1946,0.1435740627348423,0.007364771270658821,1.6183156967163086,12.002613544464111
1947,0.14311025105416775,0.0069547652383334935,1.6152410507202148,12.00030791759491
1948,0.14306643418967724,0.0069409049465321004,1.612170934677124,12.000382542610168
1949,0.14373415894806385,0.007626318896654993,1.6091055870056152,12.001678586006165
1950,0.1428357195109129,0.006755170179530978,1.6060444116592407,12.002010822296143
1951,0.14363006874918938,0.007589095272123814,1.60298752784729,12.001109838485718
1952,0.1439344696700573,0.007939269591588527,1.5999354124069214,11.999584555625916
1953,0.14359557069838047,0.007623350829817355,1.5968877077102661,12.000334858894348
1954,0.14218777231872082,0.006223987031262368,1.5938441753387451,12.00253450870514
1955,0.1437577661126852,0.007837681390810758,1.5908050537109375,12.001203894615173
1956,0.14266098849475384,0.006767132377717644,1.587770700454712,12.001615285873413
1957,0.14387887343764305,0.008026163675822318,1.5847411155700684,12.000530004501343
1958,0.14312175288796425,0.0072988313040696084,1.5817159414291382,12.000576496124268
1959,0.14269590564072132,0.006901824322994798,1.5786950588226318,12.000713586807251
1960,0.14408954046666622,0.008313411381095648,1.5756785869598389,12.00193476676941
1961,0.1429709941148758,0.0072244827169924974,1.5726666450500488,12.001984596252441
1962,0.14400003291666508,0.008288747339975089,1.5696591138839722,12.001469373703003
1963,0.1431067045778036,0.007431681617163122,1.5666561126708984,12.00084638595581
1964,0.14275856874883175,0.0071195263881236315,1.5636578798294067,12.00024688243866
1965,0.14360062219202518,0.007988610945176333,1.5606640577316284,12.000537276268005
1966,0.14341536909341812,0.007832010684069246,1.557674765586853,12.000661611557007
1967,0.14332765899598598,0.007757315586786717,1.554689645767212,12.002345085144043
1968,0.1423569694161415,0.006824470270657912,1.5517088174819946,12.001541256904602
1969,0.14361677691340446,0.008123882813379169,1.548732876777649,12.00055706501007
1970,0.14259567111730576,0.007134983374271542,1.5457613468170166,12.00030767917633
1971,0.1436222419142723,0.008190547931008041,1.5427942276000977,12.000375866889954
1972,0.1427538152784109,0.007354278641287237,1.5398316383361816,12.00012218952179
1973,0.14221525192260742,0.006832601909991354,1.5368733406066895,12.001391768455505
1974,0.14214704371988773,0.006793173437472433,1.5339198112487793,12.001467227935791
1975,0.14295398443937302,0.007623172306921333,1.530970811843872,12.002110600471497
1976,0.14272785186767578,0.007439281325787306,1.5280262231826782,12.000831127166748
1977,0.14228597842156887,0.007037762901745737,1.52508544921875,11.999736428260803
1978,0.1427235808223486,0.007512282463721931,1.5221493244171143,11.998980402946472
1979,0.14234178140759468,0.007145450508687645,1.51921808719635,12.000415086746216
1980,0.14277549646794796,0.007587436761241406,1.5163135528564453,12.002492785453796
1981,0.14210062101483345,0.006944507942534983,1.5134106874465942,12.002201557159424
1982,0.14201639965176582,0.006914698227774352,1.5105103254318237,11.999660015106201
1983,0.14391225948929787,0.008829071768559515,1.5076124668121338,12.000706672668457
1984,0.142430130392313,0.007376179622951895,1.5047361850738525,12.000659108161926
1985,0.1426621899008751,0.007613883237354457,1.5018610954284668,12.002970099449158
1986,0.14193563908338547,0.006934707111213356,1.4989869594573975,12.00110650062561
1987,0.1429835483431816,0.008030205266550183,1.4961146116256714,11.999220132827759
1988,0.1426929384469986,0.007757716462947428,1.4932444095611572,12.000277996063232
1989,0.14316092059016228,0.008240645518526435,1.490376353263855,12.001651406288147
1990,0.14215345866978168,0.007260134210810065,1.4875106811523438,12.001822113990784
1991,0.14176670089364052,0.006915588630363345,1.484647274017334,12.0004643201828
1992,0.14149071276187897,0.00667216134024784,1.4817869663238525,12.000068306922913
1993,0.14148061722517014,0.006691890594083816,1.4789295196533203,11.999943494796753
1994,0.14260192774236202,0.007838378369342536,1.4760751724243164,12.000280141830444
1995,0.1414203718304634,0.0066814274759963155,1.4732236862182617,12.00067126750946
1996,0.14197091199457645,0.007242841005790979,1.4703755378723145,12.002431750297546
1997,0.14310146681964397,0.008408572117332369,1.4675310850143433,12.001759052276611
1998,0.14202092215418816,0.007362242438830435,1.4646903276443481,12.00117814540863
1999,0.14209887012839317,0.007486287504434586,1.46185302734375,11.99940550327301
2000,0.14182999730110168,0.007228045258671045,1.4590193033218384,12.001176118850708
2001,0.14124558679759502,0.00666682660812512,1.4561891555786133,12.001687049865723
2002,0.14250226318836212,0.007960484537761658,1.4533627033233643,12.000815510749817
2003,0.14188398234546185,0.0073714712634682655,1.4505401849746704,12.00071108341217
2004,0.14253346621990204,0.008054946199990809,1.4477217197418213,12.000130534172058
2005,0.14230266027152538,0.007844225910957903,1.4449070692062378,12.00093686580658
2006,0.14183884859085083,0.007409602461848408,1.44209623336792,12.000828862190247
2007,0.14186782576143742,0.007459836720954627,1.4392893314361572,12.001509666442871
2008,0.14163888245821,0.007258201425429434,1.4364867210388184,12.001581907272339
2009,0.14206299744546413,0.007720998313743621,1.4336880445480347,12.00051236152649
2010,0.1421121247112751,0.007795007259119302,1.4308933019638062,12.000818848609924
2011,0.14200321771204472,0.007720874738879502,1.428102970123291,12.000131845474243
2012,0.14144331589341164,0.007183952839113772,1.4253164529800415,12.000620484352112
2013,0.1417458113282919,0.0075133490026928484,1.4225337505340576,12.000712990760803
2014,0.1420344952493906,0.00782925629755482,1.4197555780410767,12.000768780708313
2015,0.14082548581063747,0.0066363695077598095,1.4169814586639404,12.001930594444275
2016,0.14049209654331207,0.006332338030915707,1.4142117500305176,12.001764416694641
2017,0.14129728451371193,0.00718208885518834,1.41144597530365,12.000073790550232
2018,0.14146775007247925,0.0073691424913704395,1.408684253692627,12.001176595687866
2019,0.14126291498541832,0.007186690345406532,1.4059269428253174,12.00169563293457
2020,0.1411917433142662,0.007145530427806079,1.4031734466552734,12.001447916030884
2021,0.1418344471603632,0.007835816068109125,1.4004241228103638,11.999439239501953
2022,0.14128681644797325,0.007324003905523568,1.397679090499878,11.998602509498596
2023,0.1426037009805441,0.008649266033899039,1.394938349723816,12.000505685806274
2024,0.14124197326600552,0.0073187825619243085,1.3922019004821777,12.000117063522339
2025,0.14155485108494759,0.007654425979126245,1.3894696235656738,12.000572919845581
2026,0.14061727933585644,0.006729374639689922,1.3867415189743042,12.002049207687378
2027,0.1418249737471342,0.00796143157640472,1.3840174674987793,12.002336978912354
2028,0.14120630733668804,0.007374252309091389,1.3812975883483887,12.00190806388855
2029,0.14114873111248016,0.0073551261448301375,1.3785817623138428,12.000779151916504
2030,0.14084296487271786,0.007082282565534115,1.3758702278137207,12.000198125839233
2031,0.1414526216685772,0.007718628505244851,1.373162865638733,12.000236868858337
2032,0.14113177172839642,0.007430710014887154,1.370459794998169,11.99964690208435
2033,0.1409969348460436,0.0073105585179291666,1.3677608966827393,12.000877141952515
2034,0.14102372527122498,0.007365122786723077,1.3650661706924438,12.000794291496277
2035,0.14119214564561844,0.007560545520391315,1.3623757362365723,12.000784635543823
2036,0.141435407102108,0.007823175634257495,1.359689474105835,12.001534104347229
2037,0.14192020520567894,0.008336328028235584,1.3570072650909424,12.001380681991577
2038,0.14104927517473698,0.00751124502858147,1.3543288707733154,11.999474883079529
2039,0.1413444560021162,0.007832311210222542,1.3516547679901123,11.999559998512268
2040,0.14057246036827564,0.007082867086865008,1.3489848375320435,11.999974608421326
2041,0.14031043462455273,0.006826581200584769,1.346319317817688,12.002066135406494
2042,0.1407722868025303,0.007312807138077915,1.3436579704284668,12.00229024887085
2043,0.14103453420102596,0.007598950702231377,1.3410007953643799,12.00255811214447
2044,0.14082911983132362,0.0074314651428721845,1.3383476734161377,12.001418232917786
2045,0.14054597169160843,0.00720025144983083,1.3356984853744507,11.998874068260193
2046,0.1408728715032339,0.007545713742729276,1.3330533504486084,11.99966275691986
2047,0.1393199060112238,0.006013585196342319,1.33041250705719,12.000219583511353
2048,0.14088951982557774,0.0075984171708114445,1.3277759552001953,12.00133490562439
2049,0.14013733342289925,0.006874826154671609,1.3251433372497559,12.001107573509216
2050,0.14059074223041534,0.007351330190431327,1.3225151300430298,12.001426458358765
2051,0.140926755964756,0.007706007512751967,1.3198908567428589,12.00218415260315
2052,0.14179143495857716,0.008610500895883888,1.3172707557678223,12.000823378562927
2053,0.14033526740968227,0.007192002143710852,1.3146542310714722,11.999672532081604
2054,0.14089369401335716,0.0077776407124474645,1.3120421171188354,11.999563455581665
2055,0.14006417244672775,0.006952387222554535,1.3094340562820435,12.001744866371155
2056,0.1419034730643034,0.00880670960759744,1.3068302869796753,12.002846240997314
2057,0.14116538129746914,0.008101529791019857,1.3042306900024414,12.00215458869934
2058,0.14031117223203182,0.007283253886271268,1.3016350269317627,12.0011568069458
2059,0.14079096913337708,0.007802255975548178,1.2990436553955078,11.999827980995178
2060,0.13987580500543118,0.006931176991201937,1.2964563369750977,11.998006582260132
2061,0.1399386916309595,0.007010825152974576,1.2938728332519531,11.99891448020935
2062,0.14076640456914902,0.00784836505772546,1.2912935018539429,12.000510573387146
2063,0.140208275988698,0.00729003018932417,1.288718342781067,12.003106236457825
2064,0.1405356526374817,0.007655849331058562,1.2861473560333252,12.001833438873291
2065,0.13954352028667927,0.006701774371322244,1.2835801839828491,12.000594735145569
2066,0.14007895812392235,0.007271991926245391,1.2810171842575073,11.999680042266846
2067,0.13978932611644268,0.007000786019489169,1.2784582376480103,12.000396013259888
2068,0.14029741287231445,0.007527626934461296,1.2759032249450684,12.001075744628906
2069,0.14099859446287155,0.008253956795670092,1.2733523845672607,12.001111626625061
2070,0.13943429104983807,0.006708134722430259,1.2708051204681396,12.001810908317566
2071,0.1401266660541296,0.007429352554026991,1.2682621479034424,12.001469254493713
2072,0.14039082638919353,0.0077337910188362,1.265723466873169,11.999980568885803
2073,0.14050471782684326,0.007873055757954717,1.2631886005401611,11.999977707862854
2074,0.13911555893719196,0.0065113623277284205,1.2606576681137085,11.999762415885925
2075,0.13918272405862808,0.006592306133825332,1.258130669593811,12.000911712646484
2076,0.14007077366113663,0.007492290518712252,1.2556079626083374,12.002240777015686
2077,0.14018269628286362,0.007625179481692612,1.253089189529419,12.002662777900696
2078,0.14001930318772793,0.007501543092075735,1.2505744695663452,12.001201629638672
2079,0.1391920056194067,0.006704331492073834,1.2480634450912476,12.000704526901245
2080,0.13993934728205204,0.007472427561879158,1.2455565929412842,12.001135468482971
2081,0.13949072919785976,0.0070561952306889,1.243053674697876,12.000399827957153
2082,0.13994776271283627,0.007550034846644849,1.240554928779602,11.999218583106995
2083,0.13944212533533573,0.007073851127643138,1.2380598783493042,11.998767852783203
2084,0.13945482671260834,0.007100058835931122,1.2355690002441406,11.999908328056335
2085,0.14064295962452888,0.00828279712004587,1.2330820560455322,12.002934217453003
2086,0.13961239904165268,0.007295248564332724,1.2305991649627686,12.001115918159485
2087,0.13902650959789753,0.0067238357733003795,1.2281200885772705,12.002147555351257
2088,0.13952846825122833,0.00726552406558767,1.2256451845169067,12.000649452209473
2089,0.13982048071920872,0.007588367152493447,1.2231738567352295,12.000038266181946
2090,0.14063481986522675,0.008421774255111814,1.2207067012786865,12.000597715377808
2091,0.13905583694577217,0.006878017098642886,1.2182434797286987,11.999538898468018
2092,0.1399767305701971,0.007804912864230573,1.2157843112945557,12.001397490501404
2093,0.13896669819951057,0.006815012136939913,1.2133288383483887,12.001840114593506
2094,0.13950194604694843,0.007368393533397466,1.210877537727356,12.002477765083313
2095,0.13845000602304935,0.006337250059004873,1.2084300518035889,12.002846121788025
2096,0.1398671567440033,0.007788687071297318,1.2059863805770874,12.001860499382019
2097,0.13944319263100624,0.007405892829410732,1.2035466432571411,12.000183582305908
2098,0.14013366028666496,0.008138800389133394,1.20111083984375,11.99837577342987
2099,0.13969501852989197,0.007707678771112114,1.198678970336914,12.00005555152893
2100,0.13972382992506027,0.007733733509667218,1.1962507963180542,12.002759099006653
2101,0.1398351937532425,0.007878575997892767,1.193826675415039,12.001835584640503
2102,0.13953532837331295,0.007598660362418741,1.191406488418579,12.00226080417633
2103,0.13929003663361073,0.007393569627311081,1.1889903545379639,12.000656485557556
2104,0.1403917782008648,0.008518272719811648,1.1865781545639038,12.000772595405579
2105,0.13883976824581623,0.007000245561357588,1.1841697692871094,11.99978256225586
2106,0.1396006140857935,0.007784369168803096,1.1817649602890015,11.999860167503357
2107,0.1389494389295578,0.007143197173718363,1.1793640851974487,12.00126028060913
2108,0.13952380791306496,0.007738785177934915,1.1769670248031616,12.001535773277283
2109,0.13869399204850197,0.006930414296220988,1.1745740175247192,12.001784086227417
2110,0.13929999060928822,0.007562881626654416,1.172184944152832,12.001526236534119
2111,0.13902666792273521,0.0073197162128053606,1.1697998046875,12.000895500183105
2112,0.1384151242673397,0.006735606002621353,1.1674184799194336,12.00053358078003
2113,0.13880148902535439,0.007149251468945295,1.1650408506393433,12.00018322467804
2114,0.13965347036719322,0.008019911707378924,1.1626670360565186,12.000689029693604
2115,0.13778936304152012,0.006181105854921043,1.16029691696167,12.000528931617737
2116,0.1390758603811264,0.007481428503524512,1.1579307317733765,12.0015127658844
2117,0.13850929215550423,0.006931612850166857,1.1555683612823486,12.002200245857239
2118,0.13908125646412373,0.007530068687628955,1.153209924697876,12.001909017562866
2119,0.13896606676280499,0.007462113455403596,1.150855302810669,11.999540328979492
2120,0.13973085582256317,0.008245042292401195,1.1485047340393066,12.000077247619629
2121,0.13964011892676353,0.008170944813173264,1.14615797996521,12.000759959220886
2122,0.13889622688293457,0.007430669327732176,1.1438146829605103,12.002741694450378
2123,0.1400411482900381,0.008623249363154173,1.141474962234497,12.000315070152283
2124,0.1384304240345955,0.007044980942737311,1.1391390562057495,11.999405860900879
2125,0.13832915388047695,0.0069571235799230635,1.1368074417114258,12.000395774841309
2126,0.13847521133720875,0.0071233115158975124,1.1344795227050781,12.000710725784302
2127,0.1402069814503193,0.00886891596019268,1.132155418395996,12.001651763916016
2128,0.1389293521642685,0.007620886084623635,1.1298348903656006,12.001011967658997
2129,0.1386052407324314,0.007317112758755684,1.1275181770324707,12.0012948513031
2130,0.13872644864022732,0.007452059653587639,1.1252052783966064,12.002233862876892
2131,0.13871331699192524,0.0074709171312861145,1.1228961944580078,12.001344323158264
2132,0.1388936247676611,0.007682603783905506,1.1205906867980957,12.000511765480042
2133,0.13956285826861858,0.008392141840886325,1.1182889938354492,11.998783230781555
2134,0.13856228068470955,0.007411797123495489,1.115991234779358,11.999057292938232
2135,0.1383556853979826,0.007215865014586598,1.1136970520019531,12.000285148620605
2136,0.1391127798706293,0.007972311927005649,1.1114068031311035,12.002640128135681
2137,0.13904740661382675,0.007915987574961036,1.1091201305389404,12.004022121429443
2138,0.1387339886277914,0.007640487572643906,1.1068370342254639,12.0025132894516
2139,0.13874034956097603,0.007685392280109227,1.1045576333999634,12.000938415527344
2140,0.13844319432973862,0.007425918010994792,1.1022822856903076,11.999445676803589
2141,0.13821173831820488,0.007215882476884872,1.100010871887207,11.999574899673462
2142,0.13729695603251457,0.006324949848931283,1.0977427959442139,11.999457716941833
2143,0.1388284433633089,0.007866772706620395,1.0954784154891968,12.000688791275024
2144,0.1378882024437189,0.006940117629710585,1.0932177305221558,12.001591205596924
2145,0.13892459496855736,0.008004463627003133,1.0909608602523804,12.001052379608154
2146,0.13761110603809357,0.006723106140270829,1.0887078046798706,12.000092625617981
2147,0.1391185987740755,0.008247562509495765,1.086458444595337,12.000645518302917
2148,0.13875178061425686,0.007910067506600171,1.0842126607894897,11.999958872795105
2149,0.13786408491432667,0.007028454914689064,1.0819706916809082,12.001592516899109
2150,0.13773024082183838,0.006920956366229802,1.0797322988510132,12.0011967420578
2151,0.13780348002910614,0.007008009473793209,1.0774974822998047,12.002050042152405
2152,0.13782314956188202,0.007049717882182449,1.0752665996551514,12.002076745033264
2153,0.13821518793702126,0.007475495687685907,1.073039174079895,12.000930428504944
2154,0.13837134093046188,0.0076734902104362845,1.0708155632019043,11.998969912528992
2155,0.13756905496120453,0.006890471966471523,1.0685956478118896,11.999262809753418
2156,0.13794825598597527,0.007269783702213317,1.066379189491272,12.001468658447266
2157,0.138593390583992,0.007935335102956742,1.0641664266586304,12.001639485359192
2158,0.137794254347682,0.0071681030676700175,1.0619573593139648,12.00065791606903
2159,0.13834820501506329,0.007738550484646112,1.059752106666565,12.001213669776917
2160,0.1380682997405529,0.007495397934690118,1.057550311088562,11.99974012374878
2161,0.13789497688412666,0.007333752524573356,1.0553522109985352,12.000770330429077
2162,0.1375511884689331,0.007008102023974061,1.0531578063964844,12.001151084899902
2163,0.13799591548740864,0.0074702652636915445,1.0509669780731201,12.001598715782166
2164,0.13757380284368992,0.007082046417053789,1.0487794876098633,12.000396251678467
2165,0.13745053112506866,0.006979146448429674,1.046595811843872,12.000542759895325
2166,0.13899217545986176,0.00854723050724715,1.0444159507751465,12.000078797340393
2167,0.13719599694013596,0.006777327507734299,1.0422395467758179,11.999627590179443
2168,0.1384759172797203,0.008060477208346128,1.0400669574737549,12.001477122306824
2169,0.13757887855172157,0.007178715663030744,1.0378978252410889,12.002118825912476
2170,0.13788465410470963,0.007517275051213801,1.0357321500778198,12.00100588798523
2171,0.13754738494753838,0.00721642398275435,1.0335701704025269,11.999525904655457
2172,0.13765260390937328,0.007328003586735576,1.03141188621521,12.0010484457016
2173,0.13774006813764572,0.007433346821926534,1.029256820678711,12.001415371894836
2174,0.1375816222280264,0.0073082022136077285,1.0271055698394775,12.000236630439758
2175,0.13793816789984703,0.007683269912377,1.0249580144882202,12.000531911849976
2176,0.13694715686142445,0.00670977373374626,1.0228139162063599,12.000924348831177
2177,0.13869421742856503,0.008479432319290936,1.0206737518310547,12.000805139541626
2178,0.13858712278306484,0.008395861252211034,1.018536925315857,12.00058925151825
2179,0.13729487359523773,0.007135878724511713,1.0164035558700562,11.999496102333069
2180,0.13916833512485027,0.0090262332232669,1.0142738819122314,11.99993634223938
2181,0.13728755339980125,0.007155611296184361,1.0121475458145142,12.001047015190125
2182,0.13863632641732693,0.008525215031113476,1.0100247859954834,12.001086592674255
2183,0.13803388737142086,0.00794540235074237,1.0079054832458496,12.000943541526794
2184,0.13716513104736805,0.007103057811036706,1.0057897567749023,12.000417590141296
2185,0.13771860487759113,0.0076591583783738315,1.0036777257919312,12.002267241477966
2186,0.13754329457879066,0.007516007754020393,1.0015692710876465,12.00115966796875
2187,0.1358516737818718,0.005863697151653469,0.9994645118713379,11.999333143234253
2188,0.13735868595540524,0.007380776107311249,0.9973633885383606,12.000427842140198
2189,0.13781881146132946,0.007851280737668276,0.9952654838562012,12.001487851142883
2190,0.1377360112965107,0.00779427052475512,0.993170976638794,12.001003384590149
2191,0.13766143284738064,0.007749347016215324,0.9910796880722046,12.000129342079163
2192,0.1376647986471653,0.007780153362546116,0.9889920949935913,11.999472498893738
2193,0.13665689155459404,0.00677300919778645,0.9869081377983093,12.001480102539062
2194,0.13748131506145,0.007625714526511729,0.984827995300293,12.00073254108429
2195,0.1374907772988081,0.007661263109184802,0.9827512502670288,12.000200510025024
2196,0.13676324486732483,0.006939846731256694,0.9806779623031616,12.001662373542786
2197,0.1381373517215252,0.008326274633873254,0.9786081910133362,12.002500057220459
2198,0.13654206320643425,0.006762684613931924,0.9765415787696838,12.001396894454956
2199,0.13781132735311985,0.00807066762354225,0.9744783639907837,11.999587655067444
2200,0.13742011226713657,0.007704811519943178,0.9724188446998596,11.999111533164978
2201,0.13754908740520477,0.00781848281621933,0.9703627824783325,12.002698063850403
2202,0.13663137331604958,0.006939143931958824,0.9683104753494263,12.000912547111511
2203,0.1372026391327381,0.007537636091001332,0.9662615656852722,12.000239133834839
2204,0.13674483448266983,0.007088163692969829,0.9642161130905151,12.00145149230957
2205,0.13719561323523521,0.007563682273030281,0.9621738195419312,12.001019597053528
2206,0.1382553931325674,0.00865507556591183,0.9601349234580994,11.999897122383118
2207,0.1372679527848959,0.007681739458348602,0.9580996632575989,12.000521898269653
2208,0.13798675686120987,0.008403994899708778,0.9560678005218506,12.002208709716797
2209,0.13654828071594238,0.007000341196544468,0.9540393948554993,12.000754952430725
2210,0.1366990115493536,0.0071804626495577395,0.9520146250724792,11.999840378761292
2211,0.13690696470439434,0.007392416941002011,0.9499934911727905,12.001461386680603
2212,0.13595382869243622,0.006448811036534607,0.9479753971099854,12.002526879310608
2213,0.13763338141143322,0.008168657252099365,0.9459604620933533,12.000512599945068
2214,0.13758956268429756,0.008155604708008468,0.9439488649368286,11.999446988105774
2215,0.13663808815181255,0.007215383055154234,0.9419410228729248,12.000329852104187
2216,0.13765149004757404,0.00824137101881206,0.9399365186691284,12.001075506210327
2217,0.13643311150372028,0.007045178092084825,0.9379355907440186,12.000858187675476
2218,0.13588430359959602,0.006523634598124772,0.9359382390975952,12.000128746032715
2219,0.1363845206797123,0.007021923549473286,0.9339441061019897,12.002315759658813
2220,0.13637321814894676,0.007035964634269476,0.931953489780426,12.001772403717041
2221,0.13660866022109985,0.007300192199181765,0.9299659729003906,12.00088119506836
2222,0.1366969384253025,0.007421894173603505,0.9279816746711731,11.999522805213928
2223,0.13723652251064777,0.007983361720107496,0.9260010123252869,11.99931514263153
2224,0.13683505915105343,0.007595180068165064,0.9240238070487976,11.999964714050293
2225,0.1370439026504755,0.007805671659298241,0.922049880027771,12.001773595809937
2226,0.13641207106411457,0.007192811870481819,0.9200794100761414,12.00184679031372
2227,0.13644819147884846,0.0072514660423621535,0.9181122183799744,12.00156044960022
2228,0.13656975328922272,0.007400311471428722,0.9161484837532043,12.00079596042633
2229,0.1370733678340912,0.007918410759884864,0.9141881465911865,12.001307845115662
2230,0.13645014539361,0.007335730304475874,0.9122308492660522,11.999210715293884
2231,0.13582162372767925,0.00672080327058211,0.9102770090103149,11.999805331230164
2232,0.13621202297508717,0.007113414583727717,0.9083266854286194,12.001534461975098
2233,0.13727740570902824,0.008197825169190764,0.906379759311676,12.001578211784363
2234,0.13617135398089886,0.007118598208762705,0.904435932636261,12.000839829444885
2235,0.13598894514143467,0.0069734163116663694,0.9024955034255981,11.99905776977539
2236,0.13595128804445267,0.006938668491784483,0.9005584716796875,12.000703811645508
2237,0.13758009485900402,0.008573999453801662,0.8986247777938843,12.001985311508179
2238,0.13646012730896473,0.007501042156945914,0.8966943025588989,11.99921452999115
2239,0.13607916980981827,0.007111716258805245,0.894767165184021,12.001978874206543
2240,0.1364981085062027,0.007561850245110691,0.8928433656692505,12.000782489776611
2241,0.1362480018287897,0.007313747541047633,0.890923023223877,12.002502918243408
2242,0.13574040494859219,0.00683047785423696,0.8890057802200317,12.001987099647522
2243,0.13547378219664097,0.006610574258957058,0.8870919942855835,11.999229073524475
2244,0.1356635820120573,0.0068167204153724015,0.8851814270019531,11.999504804611206
2245,0.1358819603919983,0.007047262566629797,0.8832741975784302,12.000196099281311
2246,0.13628108240664005,0.007445482304319739,0.8813703060150146,12.002189755439758
2247,0.13585291430354118,0.007043508987408131,0.8794692754745483,12.001471638679504
2248,0.13556125946342945,0.0067907392513006926,0.8775718808174133,11.999480485916138
2249,0.13675551675260067,0.00799002475105226,0.8756777048110962,12.000871658325195
2250,0.13667592406272888,0.007938856142573059,0.8737868070602417,11.999920129776001
2251,0.13668666779994965,0.007959304261021316,0.8718992471694946,12.000837564468384
2252,0.13609820045530796,0.00737859372748062,0.8700149059295654,12.001946210861206
2253,0.135901452973485,0.007204492867458612,0.8681339621543884,12.001562356948853
2254,0.13627590611577034,0.0076061414438299835,0.8662561178207397,12.000720620155334
2255,0.13697627000510693,0.008329556789249182,0.8643814921379089,12.000290036201477
2256,0.13541348837316036,0.006766709208022803,0.8625102639198303,12.00216794013977
2257,0.13650119863450527,0.007892385532613844,0.8606423139572144,12.000239253044128
2258,0.13556535355746746,0.006972304778173566,0.8587772846221924,12.000527739524841
2259,0.1363110952079296,0.007726824376732111,0.8569154739379883,12.001512050628662
2260,0.13491300493478775,0.006359119666740298,0.8550572395324707,12.00033164024353
2261,0.13572149723768234,0.0071825452614575624,0.8532022833824158,12.000693678855896
2262,0.13705035112798214,0.008513829321600497,0.8513505458831787,12.002301812171936
2263,0.1358404979109764,0.007333078479859978,0.8495016098022461,12.001240372657776
2264,0.1350527834147215,0.006575035804416984,0.8476558923721313,12.00011920928955
2265,0.13614934869110584,0.00769979867618531,0.8458136320114136,11.999141812324524
2266,0.13568376936018467,0.007227515801787376,0.8439748287200928,12.00165057182312
2267,0.1357460506260395,0.007301294652279466,0.8421391248703003,12.002336621284485
2268,0.1354693677276373,0.007058404968120158,0.840306282043457,12.000790476799011
2269,0.13545492105185986,0.007076995098032057,0.8384765386581421,11.999316334724426
2270,0.13559170067310333,0.007219033199362457,0.8366503715515137,12.000616431236267
2271,0.1352496463805437,0.006880959146656096,0.8348275423049927,12.002041220664978
2272,0.13521362468600273,0.0068679386167787015,0.8330077528953552,12.001561403274536
2273,0.13573012128472328,0.007421459653414786,0.8311910629272461,11.999675273895264
2274,0.1357001569122076,0.0074024132918566465,0.8293775916099548,12.000396966934204
2275,0.13526629284024239,0.006972800474613905,0.8275673985481262,12.001782417297363
2276,0.13580771163105965,0.007529226539190859,0.8257601261138916,12.00208866596222
2277,0.13549313135445118,0.007249068468809128,0.8239560127258301,12.000450491905212
2278,0.13526715524494648,0.00705421285238117,0.8221551179885864,11.999139428138733
2279,0.13672950118780136,0.008517546928487718,0.8203574419021606,12.000838041305542
2280,0.1356955599039793,0.0074889889801852405,0.818562924861908,12.002094626426697
2281,0.1352936252951622,0.007109561352990568,0.8167716860771179,12.001635193824768
2282,0.13585999608039856,0.007693909166846424,0.8149836659431458,12.001625180244446
2283,0.13572253845632076,0.007587745785713196,0.8131986856460571,12.000280618667603
2284,0.1354816071689129,0.0073611795087344944,0.8114163875579834,12.000626564025879
2285,0.13567077554762363,0.007569971610791981,0.8096373081207275,12.00044322013855
2286,0.13477234169840813,0.006680272286757827,0.8078615665435791,12.00134551525116
2287,0.13569307141005993,0.0076190633699297905,0.8060891628265381,12.001312017440796
2288,0.1353920828551054,0.007354769506491721,0.8043199777603149,11.999412059783936
2289,0.13528789766132832,0.00725541653810069,0.802553653717041,12.000694990158081
2290,0.13520831055939198,0.007195339421741664,0.8007904291152954,12.00050687789917
2291,0.13519199192523956,0.007193065306637436,0.7990303039550781,12.00086259841919
2292,0.1359641719609499,0.007978932757396251,0.7972732782363892,12.001251101493835
2293,0.13556145317852497,0.007600436103530228,0.7955193519592285,12.000582695007324
2294,0.1351079698652029,0.0071507953107357025,0.7937686443328857,12.001949191093445
2295,0.13522667437791824,0.007296396302990615,0.7920210361480713,12.001007080078125
2296,0.13505509868264198,0.007138234737794846,0.790276288986206,12.001410245895386
2297,0.13668098859488964,0.008768742089159787,0.7885347604751587,12.002689957618713
2298,0.1358996219933033,0.00804641901049763,0.7867964506149292,11.998523950576782
2299,0.13498339988291264,0.007143605034798384,0.7850611805915833,11.998918652534485
2300,0.1350269913673401,0.007180711952969432,0.7833288908004761,12.001299619674683
2301,0.13597805798053741,0.008145997184328735,0.7815995216369629,12.001606822013855
2302,0.13478698395192623,0.006959067541174591,0.7798776626586914,12.002914428710938
2303,0.13562742620706558,0.007831050548702478,0.7781585454940796,12.001479268074036
2304,0.13447333872318268,0.006717399810440838,0.7764419317245483,11.999152302742004
2305,0.13514460995793343,0.007389646372757852,0.774728000164032,12.000768423080444
2306,0.13478832691907883,0.007059342286083847,0.7730298042297363,11.999868988990784
2307,0.13473248295485973,0.007015491311904043,0.7713332772254944,12.0003662109375
2308,0.1359428819268942,0.008221643802244216,0.7696381211280823,12.002486109733582
2309,0.13583854585886002,0.00815400667488575,0.7679446935653687,12.00050961971283
2310,0.13502315804362297,0.0073512431117706,0.766252875328064,12.000939011573792
2311,0.13550061732530594,0.007849391957279295,0.7645633220672607,12.00055980682373
2312,0.1351792197674513,0.007540456368587911,0.7628756761550903,12.001001000404358
2313,0.13517532497644424,0.007546178589109331,0.7611905336380005,12.001724362373352
2314,0.13574840687215328,0.008154183276928961,0.7595077157020569,11.99991500377655
2315,0.13575567305088043,0.008175279304850847,0.7578270435333252,12.000212550163269
2316,0.13554211147129536,0.007955114648211747,0.7561485767364502,12.002551436424255
2317,0.13683839701116085,0.009274282958358526,0.7544724941253662,12.001939177513123
2318,0.13531313091516495,0.007781453139614314,0.7527990341186523,12.00036907196045
2319,0.1351525690406561,0.007654881337657571,0.7511281967163086,11.998640894889832
2320,0.13517751917243004,0.007697844295762479,0.749459981918335,11.998507976531982
2321,0.13542712666094303,0.007933150161989033,0.7477943897247314,12.001603484153748
2322,0.13558831065893173,0.00810191803611815,0.7461315393447876,12.00250792503357
2323,0.13429348170757294,0.006819458096288145,0.7444713115692139,12.002931237220764
2324,0.1356517281383276,0.008199898642487824,0.7428137063980103,12.0023695230484
2325,0.13490289449691772,0.007498531718738377,0.7411587834358215,11.999277710914612
2326,0.1356553826481104,0.008273656538221985,0.7395064830780029,11.998666286468506
2327,0.13547537848353386,0.008093529962934554,0.7378570437431335,12.000328183174133
2328,0.13559875264763832,0.008221363823395222,0.7362266778945923,12.00151240825653
2329,0.1342053133994341,0.006848052435088903,0.7345976829528809,12.001128792762756
2330,0.13527658209204674,0.007923975819721818,0.7329699397087097,12.002290606498718
2331,0.13528456166386604,0.007959514041431248,0.7313435077667236,12.001161456108093
2332,0.13517983071506023,0.007878171687480062,0.7297186255455017,12.000447630882263
2333,0.1348250638693571,0.007540891238022596,0.728095531463623,12.000322103500366
2334,0.13424434140324593,0.006979219906497747,0.7264744639396667,12.000037908554077
2335,0.13611572422087193,0.008856538508553058,0.7248553037643433,12.001063346862793
2336,0.13407415337860584,0.0068478353205136955,0.7232381701469421,11.999394059181213
2337,0.13549648970365524,0.008260968257673085,0.7216232419013977,12.00192904472351
2338,0.13438011147081852,0.007158118591178209,0.72001051902771,12.002189040184021
2339,0.13505949452519417,0.007881271769292653,0.7184001207351685,11.999422430992126
2340,0.1339823305606842,0.00679606624180451,0.7167919874191284,12.001835227012634
2341,0.13437274284660816,0.007208276423625648,0.7151862978935242,12.001260757446289
2342,0.13579703122377396,0.008655308629386127,0.71358323097229,12.00058925151825
2343,0.13433883525431156,0.007209300121758133,0.7119827270507812,12.00097107887268
2344,0.13433777913451195,0.00723607448162511,0.7103845477104187,11.999786019325256
2345,0.13352175429463387,0.006437487725634128,0.7087888121604919,11.999638319015503
2346,0.13441241905093193,0.007342785887885839,0.7071956396102905,11.999767661094666
2347,0.13486658409237862,0.007796654826961458,0.7056053280830383,12.00138795375824
2348,0.13443844951689243,0.00737082160776481,0.7040175795555115,12.002745389938354
2349,0.1343672927469015,0.007330983760766685,0.7024324536323547,12.001198530197144
2350,0.13432993739843369,0.007300893776118755,0.7008500695228577,12.002054572105408
2351,0.13373540714383125,0.0067249208223074675,0.6992704272270203,12.001778364181519
2352,0.1337582878768444,0.006789369916077703,0.6976933479309082,11.99919855594635
2353,0.13439907878637314,0.007450018543750048,0.696118950843811,11.99878716468811
2354,0.1348702423274517,0.007922298391349614,0.6945474147796631,12.000247478485107
2355,0.1344475168734789,0.0075113524799235165,0.6929788589477539,12.000637888908386
2356,0.13342939876019955,0.006493856373708695,0.6914129257202148,12.00214159488678
2357,0.13525977544486523,0.008343017601873726,0.6898497343063354,12.001826405525208
2358,0.1342472806572914,0.0073570412350818515,0.6882889866828918,12.00073516368866
2359,0.13472039066255093,0.007862316444516182,0.686731219291687,11.99907648563385
2360,0.13469038344919682,0.007832551607862115,0.6851762533187866,12.000607371330261
2361,0.13504873402416706,0.008205838152207434,0.6836242079734802,12.000665664672852
2362,0.13374129496514797,0.006931705342140049,0.6820749044418335,11.998884439468384
2363,0.1340427454560995,0.007222477346658707,0.6805284023284912,12.001498937606812
2364,0.1344223078340292,0.007598679861985147,0.6789847016334534,12.003378629684448
2365,0.13481026329100132,0.008029495656955987,0.6774435043334961,12.000633358955383
2366,0.13369906321167946,0.006945728498976678,0.6759053468704224,11.999428510665894
2367,0.13380305655300617,0.00705340231070295,0.6743700504302979,12.000595688819885
2368,0.13422295078635216,0.007480525237042457,0.6728375554084778,12.001405239105225
2369,0.13438837602734566,0.007684458512812853,0.6713076829910278,11.99908447265625
2370,0.13310500793159008,0.00641040172195062,0.6697805523872375,11.999680161476135
2371,0.1344000119715929,0.0076966380584053695,0.668256402015686,12.002081036567688
2372,0.13394451327621937,0.007253089046571404,0.6667348146438599,12.002407908439636
2373,0.13390332832932472,0.007239770900923759,0.6652159690856934,12.001140117645264
2374,0.13248573429882526,0.005851556750712916,0.6636999845504761,11.999717950820923
2375,0.13381267338991165,0.007181349792517722,0.6621869802474976,12.000945806503296
2376,0.13381960056722164,0.007208903902210295,0.6606765985488892,12.000393390655518
2377,0.13302383199334145,0.006433951493818313,0.6591689586639404,11.99981939792633
2378,0.13359807804226875,0.0070153860142454505,0.6576641798019409,12.00060510635376
2379,0.13295181840658188,0.006359881022945046,0.6561622023582458,12.003031730651855
2380,0.13386802934110165,0.007309741689823568,0.6546629667282104,12.001166224479675
2381,0.13426431640982628,0.007746261544525623,0.6531662344932556,11.998639464378357
2382,0.13425162062048912,0.007739723892882466,0.6516722440719604,11.999517560005188
2383,0.134762866422534,0.008248927479144186,0.6501812934875488,12.0012127161026
2384,0.13300363346934319,0.00649900286225602,0.6486929655075073,12.00177013874054
2385,0.13489098846912384,0.008417228469625115,0.647207498550415,12.000168561935425
2386,0.13358532637357712,0.007122571114450693,0.6457246541976929,12.000551223754883
2387,0.13383843004703522,0.007384835043922067,0.6442446708679199,12.001114964485168
2388,0.13325483538210392,0.006811682949773967,0.6427674889564514,12.001547813415527
2389,0.13380383513867855,0.007382065698038787,0.641292929649353,12.000884294509888
2390,0.13381914421916008,0.007417741580866277,0.63982093334198,12.000319600105286
2391,0.1331710759550333,0.00678003701614216,0.6383517384529114,12.000752449035645
2392,0.13385402224957943,0.007483799417968839,0.6368853449821472,12.000137090682983
2393,0.13407893851399422,0.00772306730505079,0.6354217529296875,12.000165939331055
2394,0.1342880167067051,0.007933646265882999,0.6339608430862427,12.001476526260376
2395,0.13374085538089275,0.0074140350334346294,0.6325027346611023,12.000179767608643
2396,0.13347738608717918,0.007166840834543109,0.6310473084449768,12.000007152557373
2397,0.13320015370845795,0.006891617784276605,0.6295945644378662,12.001259684562683
2398,0.13353177532553673,0.007235944212879986,0.6281444430351257,12.001438856124878
2399,0.1341056041419506,0.007829465379472822,0.6266968250274658,12.000917553901672
2400,0.13387375138700008,0.007622487784828991,0.6252521276473999,11.999874472618103
2401,0.13440866209566593,0.008170174434781075,0.6238101720809937,12.000039100646973
2402,0.13371727988123894,0.007493993791285902,0.6223709583282471,11.999958276748657
2403,0.13337986916303635,0.00715627713361755,0.6209343075752258,12.00142514705658
2404,0.13305474072694778,0.0068473054561764,0.6195002794265747,12.001243233680725
2405,0.1329959835857153,0.006801538518629968,0.6180691719055176,12.001375675201416
2406,0.1332542523741722,0.007067210128298029,0.6166406869888306,12.002063751220703
2407,0.13449955731630325,0.008335478720255196,0.6152149438858032,12.001193404197693
2408,0.13338552974164486,0.0072461217059753835,0.6137917041778564,12.000149607658386
2409,0.13419623114168644,0.008086146612185985,0.6123709678649902,11.998637795448303
2410,0.13282015174627304,0.006717749289236963,0.6109528541564941,11.999287605285645
2411,0.13470013812184334,0.008590939512941986,0.609537661075592,12.001382231712341
2412,0.1344709862023592,0.00837836816208437,0.6081252098083496,12.001136660575867
2413,0.13350508734583855,0.007424520095810294,0.6067154407501221,12.001341581344604
2414,0.1333207432180643,0.007258905388880521,0.6053079962730408,12.00087583065033
2415,0.13242201134562492,0.006378372781910002,0.6039032936096191,12.000460982322693
2416,0.13303527981042862,0.007002642727456987,0.602501392364502,12.000762462615967
2417,0.13372847996652126,0.007712890102993697,0.6011019945144653,12.000457286834717
2418,0.13254869356751442,0.006550771126057953,0.5997052192687988,12.000087261199951
2419,0.1323966644704342,0.006403603998478502,0.598311185836792,12.00099515914917
2420,0.1332057397812605,0.007218336046207696,0.5969198942184448,12.001820802688599
2421,0.1330671887844801,0.007093815831467509,0.5955309271812439,12.001806497573853
2422,0.1340627707540989,0.008108161622658372,0.5941446423530579,12.001316785812378
2423,0.13329913653433323,0.007376003544777632,0.5927608609199524,11.999552488327026
2424,0.13333600014448166,0.007439233653713018,0.5913798809051514,11.998297214508057
2425,0.13278715498745441,0.006879059947095811,0.5900014638900757,12.000808358192444
2426,0.13306565582752228,0.007167624600697309,0.5886256694793701,12.001177549362183
2427,0.13299923948943615,0.007101427996531129,0.5872524976730347,12.00252902507782
2428,0.13263520412147045,0.006753449852112681,0.5858820676803589,12.002293467521667
2429,0.1335272453725338,0.0076705069513991475,0.5845141410827637,12.001159906387329
2430,0.13273250125348568,0.006898989086039364,0.583148717880249,12.000202655792236
2431,0.13311583176255226,0.00729533756384626,0.5817859172821045,12.000263929367065
2432,0.1328245773911476,0.007036622671876103,0.5804256200790405,11.998370051383972
2433,0.1334313079714775,0.007649172097444534,0.5790679454803467,11.999146103858948
2434,0.1327193845063448,0.006922295608092099,0.5777128338813782,12.001996397972107
2435,0.13240973837673664,0.006625104782870039,0.5763604640960693,12.002103090286255
2436,0.13284333981573582,0.0070761951501481235,0.5750105381011963,12.001704216003418
2437,0.13380125537514687,0.008058669802267104,0.5736632943153381,12.000595331192017
2438,0.13201545923948288,0.006278473767451942,0.572318434715271,12.001380205154419
2439,0.13364608027040958,0.007931956206448376,0.5709762573242188,12.000436425209045
2440,0.1336476393043995,0.007957656460348517,0.569636344909668,11.999362349510193
2441,0.13277689553797245,0.007083063945174217,0.5682990550994873,12.001083731651306
2442,0.1343324463814497,0.008645761001389474,0.5669643878936768,12.001704573631287
2443,0.13238811120390892,0.00671487464569509,0.5656325221061707,12.001691579818726
2444,0.13255269266664982,0.006886039802338928,0.5643031597137451,12.002362489700317
2445,0.13342257775366306,0.007774087251164019,0.5629763603210449,12.001873135566711
2446,0.13241893984377384,0.006810615595895797,0.5616520643234253,11.999180555343628
2447,0.13252843171358109,0.006931980780791491,0.5603301525115967,11.99931526184082
2448,0.13299614936113358,0.007388319820165634,0.5590107440948486,12.00177264213562
2449,0.13366125710308552,0.008066807524301112,0.5576937198638916,12.00175166130066
2450,0.13249448128044605,0.00693157862406224,0.5563792586326599,11.999911189079285
2451,0.13210093043744564,0.006531072780489922,0.5550676584243774,12.001918196678162
2452,0.13279937393963337,0.0072454228065907955,0.5537585020065308,12.0016371011734
2453,0.1326717473566532,0.007148561184294522,0.5524518489837646,11.99986708164215
2454,0.1325341835618019,0.0070194912841543555,0.5511475801467896,12.000321865081787
2455,0.13353858143091202,0.008022222144063562,0.5498456954956055,12.001790285110474
2456,0.13361648097634315,0.008107428788207471,0.5485463738441467,12.00235891342163
2457,0.1320523526519537,0.006588124379049987,0.5472496747970581,11.999173164367676
2458,0.13360794074833393,0.008143750601448119,0.5459554195404053,12.000463843345642
2459,0.13341462053358555,0.00795001577353105,0.5446637272834778,12.001797318458557
2460,0.1332500632852316,0.007821664039511234,0.5433745384216309,11.999465346336365
2461,0.13269339501857758,0.007264931628014892,0.5420877933502197,12.00075876712799
2462,0.13221553713083267,0.006791619583964348,0.5408035516738892,12.001588225364685
2463,0.13196490705013275,0.006552483537234366,0.5395215749740601,12.001720786094666
2464,0.13282857090234756,0.007446753908880055,0.5382421612739563,11.999940037727356
2465,0.1323359552770853,0.006970865128096193,0.5369652509689331,11.999544024467468
2466,0.13278245367109776,0.007415110012516379,0.5356907844543457,12.001043558120728
2467,0.1326217483729124,0.0072727062506601214,0.5344186425209045,12.00048565864563
2468,0.133442809805274,0.008109009300824255,0.533149003982544,12.000231385231018
2469,0.13299389369785786,0.00765308627160266,0.5318819284439087,12.002199053764343
2470,0.1339890006929636,0.00866109668277204,0.530617356300354,12.00217318534851
2471,0.13256880827248096,0.0072446687845513225,0.5293554067611694,12.003058552742004
2472,0.13326761685311794,0.007983039133250713,0.5280957221984863,12.000362277030945
2473,0.13268738612532616,0.007448512478731573,0.526838481426239,11.99704909324646
2474,0.13323690555989742,0.00799115328118205,0.5255836844444275,11.998991847038269
2475,0.1335368398576975,0.008269909012597054,0.5243314504623413,12.00236201286316
2476,0.13285019621253014,0.007606561586726457,0.5230811834335327,12.001282334327698
2477,0.1320945993065834,0.006875465449411422,0.5218334197998047,12.000080347061157
2478,0.13290992565453053,0.007686363009270281,0.5205883383750916,12.001768231391907
2479,0.1329570021480322,0.007731792749837041,0.5193458795547485,12.003175377845764
2480,0.13273115269839764,0.007541182683780789,0.5181057453155518,12.00089144706726
2481,0.1324475184082985,0.007284198538400233,0.5168678760528564,11.999464631080627
2482,0.1328207105398178,0.007653915556147695,0.5156323313713074,12.001047611236572
2483,0.13231001421809196,0.007154687831643969,0.5143991708755493,12.001133680343628
2484,0.13173029758036137,0.006595814949832857,0.5131683945655823,12.000280141830444
2485,0.13209614157676697,0.006986454187426716,0.5119401812553406,11.999029040336609
2486,0.13309588469564915,0.00799207843374461,0.5107144117355347,11.999666690826416
2487,0.13336467370390892,0.008250131912063807,0.5094911456108093,12.001963257789612
2488,0.13275117240846157,0.007654734130483121,0.5082700252532959,12.001373767852783
2489,0.13264037854969501,0.007551612157840282,0.5070512294769287,12.00182580947876
2490,0.1326714474707842,0.007597613206598908,0.5058347582817078,12.001549243927002
2491,0.13198785483837128,0.006941830040886998,0.5046208500862122,11.999981999397278
2492,0.13180603832006454,0.0067753971088677645,0.5034093856811523,11.99965488910675
2493,0.13285782746970654,0.00782465998781845,0.5022004246711731,12.001116633415222
2494,0.13257776014506817,0.007542216393630952,0.5009936094284058,12.00256073474884
2495,0.13150531239807606,0.006499596871435642,0.4997889995574951,12.0007826089859
2496,0.13233429566025734,0.007357407477684319,0.4985867142677307,11.999102234840393
2497,0.13236198760569096,0.007386096054688096,0.4973869323730469,12.000202775001526
2498,0.13247239030897617,0.007504616747610271,0.496189683675766,12.000587821006775
2499,0.13259956985712051,0.007647304737474769,0.4949946701526642,12.000231862068176
2500,0.1320851854979992,0.007134601415600628,0.49380218982696533,12.001256585121155
2501,0.13268658891320229,0.007736568048130721,0.4926120638847351,12.002390027046204
2502,0.13151248544454575,0.0065737347467802465,0.4914238452911377,12.002451777458191
2503,0.13202881813049316,0.007121820119209588,0.49023792147636414,12.000462055206299
2504,0.13165340386331081,0.006772192718926817,0.48905444145202637,11.999066948890686
2505,0.13260911963880062,0.007735784398391843,0.4878736138343811,11.999460220336914
2506,0.1324041672050953,0.007520320417825133,0.48669523000717163,12.001689910888672
2507,0.1322477888315916,0.007367470418103039,0.4855189323425293,12.00251305103302
2508,0.1330523919314146,0.00820244534406811,0.4843447804450989,12.0006502866745
2509,0.1315914113074541,0.00675101054366678,0.48317286372184753,12.00086772441864
2510,0.13213752396404743,0.007308350002858788,0.482003390789032,12.000914335250854
2511,0.13213758170604706,0.007320426753722131,0.48083633184432983,12.000879406929016
2512,0.13174657709896564,0.006945104454644024,0.4796716272830963,12.000475764274597
2513,0.13219301216304302,0.007396829139906913,0.4785092771053314,12.00110936164856
2514,0.1324562206864357,0.0076798186637461185,0.47734910249710083,12.000291347503662
2515,0.1325052585452795,0.007740855333395302,0.4761911630630493,12.00024938583374
2516,0.13194904662668705,0.007197983912192285,0.4750356078147888,12.000070810317993
2517,0.13177458569407463,0.00702887651277706,0.4738822877407074,12.000688910484314
2518,0.1313791200518608,0.006644546228926629,0.472731351852417,12.000726580619812
2519,0.13177329301834106,0.007045026926789433,0.4715827405452728,12.001244068145752
2520,0.13233851455152035,0.0076283163507469,0.4704362750053406,12.00058376789093
2521,0.13116393238306046,0.006451522349379957,0.46929213404655457,12.001949071884155
2522,0.1340252347290516,0.009336058457847685,0.46815025806427,12.000767469406128
2523,0.13236315548419952,0.0077029241365380585,0.4670105576515198,11.99901282787323
2524,0.13168375752866268,0.007022779434919357,0.465873122215271,12.000224828720093
2525,0.1324136145412922,0.007764803653117269,0.464738130569458,12.000143051147461
2526,0.13289533741772175,0.008236861962359399,0.46360543370246887,12.00224244594574
2527,0.13270911388099194,0.008079859195277095,0.46247488260269165,12.00045120716095
2528,0.13307790830731392,0.008454490918666124,0.4613463580608368,12.000995755195618
2529,0.1325544323772192,0.007946810335852206,0.4602202773094177,12.000542163848877
2530,0.13264065980911255,0.008044049376621842,0.45909643173217773,12.00056505203247
2531,0.13193650543689728,0.007363020908087492,0.45797494053840637,11.9993736743927
2532,0.13161339238286018,0.007041614153422415,0.45685553550720215,12.000322461128235
2533,0.1315161995589733,0.006948423804715276,0.4557386040687561,12.001039385795593
2534,0.13227912038564682,0.0077097557368688285,0.454623818397522,12.002313017845154
2535,0.13241694495081902,0.007871317444369197,0.45351117849349976,12.001051664352417
2536,0.13241506926715374,0.007890347857028246,0.4524005651473999,12.00007176399231
2537,0.13320214301347733,0.008694207295775414,0.4512922167778015,11.999501466751099
2538,0.13284371979534626,0.008329690841492265,0.4501895606517792,12.001213908195496
2539,0.13085652701556683,0.006345534755382687,0.4490887522697449,12.002011060714722
2540,0.1307748630642891,0.006292822537943721,0.4479898512363434,12.000214576721191
2541,0.13204065896570683,0.00756124168401584,0.44689303636550903,12.001049041748047
2542,0.13179896399378777,0.0073263878002762794,0.4457980990409851,12.001459956169128
2543,0.1319153867661953,0.00747329177102074,0.44470497965812683,11.999504446983337
2544,0.13225463218986988,0.007820141792763025,0.4436139464378357,11.99983549118042
2545,0.13270001485943794,0.008252160449046642,0.4425250291824341,12.002260565757751
2546,0.13207204639911652,0.007625150203239173,0.44143810868263245,12.003251791000366
2547,0.13218720629811287,0.0077762724831700325,0.44035327434539795,12.00074028968811
2548,0.131896510720253,0.00750324287218973,0.439270555973053,12.000056385993958
2549,0.13203131034970284,0.0076521208975464106,0.438189834356308,11.99972927570343
2550,0.1324500609189272,0.00808262440841645,0.4371110498905182,11.999632954597473
2551,0.1320991087704897,0.007730141544016078,0.4360344111919403,12.00086224079132
2552,0.13311160914599895,0.00874216336524114,0.4349600374698639,12.001984715461731
2553,0.13202985003590584,0.007639194373041391,0.43388769030570984,12.005178093910217
2554,0.13220101781189442,0.007859330158680677,0.4328172504901886,12.001351714134216
2555,0.13124743103981018,0.006949852395337075,0.43174901604652405,11.998008966445923
2556,0.1316857486963272,0.007391310355160385,0.43068310618400574,11.998761415481567
2557,0.13131198100745678,0.007016856223344803,0.4296191930770874,11.99989366531372
2558,0.13085344620049,0.0065426332876086235,0.42855721712112427,12.002524256706238
2559,0.1307621020823717,0.006453365145716816,0.42749741673469543,12.003376364707947
2560,0.1318069789558649,0.007519523613154888,0.4264397919178009,12.00230598449707
2561,0.1322509441524744,0.00796834088396281,0.4253842234611511,12.00287652015686
2562,0.13251205161213875,0.008260331756900996,0.4243307411670685,12.000841736793518
2563,0.1313291285187006,0.00710487348260358,0.42327937483787537,11.999146342277527
2564,0.13206778839230537,0.007850757625419647,0.42223015427589417,11.999473214149475
2565,0.13213138282299042,0.007908690080512315,0.4211830496788025,12.001086473464966
2566,0.1319734212011099,0.00776147295255214,0.4201381206512451,12.001057028770447
2567,0.13253753818571568,0.008351334370672703,0.41909539699554443,11.99952518939972
2568,0.13197655603289604,0.007765146787278354,0.4180547297000885,12.00308644771576
2569,0.130960863083601,0.006756306625902653,0.4170161187648773,12.003439784049988
2570,0.1318958755582571,0.007739894383121282,0.4159795641899109,11.999618530273438
2571,0.1316644363105297,0.007513216056395322,0.414945125579834,12.000177383422852
2572,0.1307244971394539,0.006570944038685411,0.4139127731323242,12.001442790031433
2573,0.13168125227093697,0.007555180287454277,0.4128824472427368,11.999724864959717
2574,0.1316557340323925,0.007536734046880156,0.41185426712036133,12.000046133995056
2575,0.13176755234599113,0.007649607374332845,0.4108284115791321,12.000966429710388
2576,0.13078725524246693,0.00667311338474974,0.40980449318885803,12.001610040664673
2577,0.13201479241251945,0.007911785098258406,0.4087826609611511,12.001518368721008
2578,0.13190891779959202,0.007811991672497243,0.40776294469833374,12.001929998397827
2579,0.13182402960956097,0.0077422213507816195,0.4067452549934387,12.00143575668335
2580,0.13233483955264091,0.008289525576401502,0.40572959184646606,11.998801946640015
2581,0.13174198381602764,0.007704723451752216,0.40471604466438293,11.99901020526886
2582,0.13217408396303654,0.00813091080635786,0.40370452404022217,12.00061321258545
2583,0.13100853189826012,0.00696394027909264,0.4026951491832733,12.001764297485352
2584,0.1311901267617941,0.007151399680878967,0.4016879200935364,12.002185225486755
2585,0.13207597844302654,0.008054524776525795,0.40068280696868896,12.001462936401367
2586,0.13246082328259945,0.008466524421237409,0.39967966079711914,11.99975037574768
2587,0.13093388080596924,0.006940293707884848,0.39867842197418213,12.000680685043335
2588,0.1309665385633707,0.006974308984354138,0.3976793885231018,12.001544117927551
2589,0.13046850450336933,0.006493735942058265,0.3966824412345886,12.000794410705566
2590,0.1307405773550272,0.006778128619771451,0.39568763971328735,12.00055742263794
2591,0.13092150539159775,0.00697506673168391,0.3946947455406189,11.99994945526123
2592,0.13156759180128574,0.007625955855473876,0.39370375871658325,12.000460147857666
2593,0.13125982135534286,0.007323195226490498,0.39271485805511475,12.000947952270508
2594,0.13137616589665413,0.00744848744943738,0.39172792434692383,12.00104010105133
2595,0.13246813602745533,0.008553594467230141,0.39074307680130005,12.000711441040039
2596,0.13050539419054985,0.006599251995794475,0.3897603452205658,12.000854134559631
2597,0.13173168897628784,0.00783312157727778,0.38877981901168823,12.001077055931091
2598,0.13115076161921024,0.0072670107474550605,0.3878011703491211,12.000573873519897
2599,0.13168776780366898,0.00780697597656399,0.3868246078491211,12.001254796981812
2600,0.13197467662394047,0.008108365233056247,0.38585013151168823,12.000781059265137
2601,0.13178466819226742,0.007936974114272743,0.3848775625228882,11.999892115592957
2602,0.13012323714792728,0.006292336503975093,0.3839069902896881,11.999183416366577
2603,0.1311587579548359,0.00730934931198135,0.3829383850097656,12.002002835273743
2604,0.13125114142894745,0.0074183562537655234,0.3819717466831207,12.001307129859924
2605,0.13165188767015934,0.007836660894099623,0.3810071349143982,12.000516176223755
2606,0.13191969133913517,0.008099438506178558,0.3800446391105652,12.001980900764465
2607,0.13165883719921112,0.007868623244576156,0.37908411026000977,11.999937415122986
2608,0.1306577306240797,0.006886738701723516,0.3781254291534424,11.998974323272705
2609,0.13113434799015522,0.0073535090778023005,0.37716883420944214,12.000915288925171
2610,0.13132437877357006,0.0075439741485752165,0.37621426582336426,12.001826524734497
2611,0.13163327798247337,0.007857531774789095,0.37526172399520874,12.002313017845154
2612,0.13065745495259762,0.006905851128976792,0.3743112087249756,12.00084936618805
2613,0.13080122508108616,0.007062408665660769,0.37336266040802,12.000519156455994
2614,0.13047336973249912,0.006745409860741347,0.37241604924201965,12.000379920005798
2615,0.13128669559955597,0.007560645753983408,0.37147146463394165,12.001133799552917
2616,0.1307105515152216,0.00700300611788407,0.3705286681652069,12.000226259231567
2617,0.13020185567438602,0.006516280060168356,0.36958783864974976,11.998969912528992
2618,0.13107869029045105,0.007386414858046919,0.36864903569221497,12.000578761100769
2619,0.13075525127351284,0.007057786104269326,0.3677123486995697,12.002034306526184
2620,0.1301264651119709,0.006439169985242188,0.36677759885787964,12.001952648162842
2621,0.13073783926665783,0.007068151724524796,0.3658447861671448,12.001124382019043
2622,0.13121516816318035,0.007554437790531665,0.3649139106273651,12.001159429550171
2623,0.131138538941741,0.007507906761020422,0.3639848232269287,11.999078869819641
2624,0.13095665723085403,0.007335263362620026,0.3630577325820923,11.99908196926117
2625,0.13075984828174114,0.007116726308595389,0.36213263869285583,12.002179741859436
2626,0.13038265146315098,0.006765438825823367,0.36120954155921936,12.000511884689331
2627,0.13139301910996437,0.007790492498315871,0.3602882921695709,11.999964594841003
2628,0.13057761080563068,0.006964854197576642,0.3593689799308777,12.001906633377075
2629,0.1313063409179449,0.0077103630756028,0.3584517538547516,12.001146078109741
2630,0.1303933933377266,0.006826795288361609,0.3575363755226135,11.999123573303223
2631,0.13051765970885754,0.0069512841291725636,0.35662296414375305,12.000014781951904
2632,0.1295051220804453,0.005927718302700669,0.3557114899158478,12.002029180526733
2633,0.13151706010103226,0.007963466108776629,0.35480183362960815,12.000557899475098
2634,0.1312354914844036,0.007683934469241649,0.35389411449432373,12.001262068748474
2635,0.13060710579156876,0.0070582147454842925,0.35298824310302734,12.001900911331177
2636,0.13157928921282291,0.008072713273577392,0.35208427906036377,11.998573660850525
2637,0.13040886633098125,0.0069051721366122365,0.35118234157562256,11.999186992645264
2638,0.13151074945926666,0.007985186413861811,0.3502824306488037,12.002273917198181
2639,0.13083351589739323,0.007331613218411803,0.3493841588497162,12.000806212425232
2640,0.1306924019008875,0.00720599020132795,0.34848782420158386,12.000153422355652
2641,0.13054828345775604,0.007050145883113146,0.3475935459136963,12.002220392227173
2642,0.1308244951069355,0.007347492559347302,0.34670114517211914,12.000999569892883
2643,0.13038228265941143,0.006916633166838437,0.34581050276756287,12.000754833221436
2644,0.13100832514464855,0.007551898946985602,0.344921737909317,12.000721096992493
2645,0.1306188926100731,0.007187206589151174,0.3440348505973816,11.999133825302124
2646,0.1307709626853466,0.007345960882958025,0.3431500196456909,11.999350190162659
2647,0.13132679276168346,0.007892076740972698,0.34226706624031067,12.00120496749878
2648,0.13087168522179127,0.00745081587228924,0.3413858413696289,12.000701546669006
2649,0.13063952140510082,0.007230702438391745,0.34050649404525757,12.000375628471375
2650,0.13008871860802174,0.006679353711660951,0.33962899446487427,12.001307487487793
2651,0.130263052880764,0.006860843161121011,0.33875352144241333,12.00146770477295
2652,0.13188288733363152,0.008504571684170514,0.33787983655929565,11.999951720237732
2653,0.13114122301340103,0.007765621645376086,0.33700788021087646,12.000552654266357
2654,0.1312210951000452,0.007847585482522845,0.3361377418041229,12.001213669776917
2655,0.1305627953261137,0.007213395205326378,0.335269570350647,11.99967086315155
2656,0.13101553358137608,0.007650962448678911,0.3344033658504486,12.002054333686829
2657,0.1320279110223055,0.008684662985615432,0.3335389792919159,12.000785946846008
2658,0.13059234991669655,0.007254518917761743,0.33267635107040405,12.00110673904419
2659,0.13076720386743546,0.007464261434506625,0.33181560039520264,11.99847936630249
2660,0.13133498840034008,0.008024195616599172,0.33095675706863403,12.000122785568237
2661,0.13067017495632172,0.007350165164098144,0.33009976148605347,12.001901149749756
2662,0.13001316413283348,0.006717034557368606,0.3292444944381714,12.00036871433258
2663,0.1299502644687891,0.006659577717073262,0.32839101552963257,12.000678062438965
2664,0.12975719384849072,0.006462713819928467,0.3275394141674042,12.001908421516418
2665,0.1300428081303835,0.006769235187675804,0.3266896605491638,12.000667929649353
2666,0.13089329563081264,0.007625937112607062,0.3258417546749115,12.000894546508789
2667,0.1314113475382328,0.00815776048693806,0.32499560713768005,12.00036334991455
2668,0.13140250742435455,0.00817417842335999,0.32415130734443665,11.998681783676147
2669,0.13005203381180763,0.006812748382799327,0.3233088254928589,12.000619888305664
2670,0.13172193802893162,0.008482760516926646,0.322468101978302,12.001449942588806
2671,0.13137938641011715,0.008148839347995818,0.3216290771961212,12.001426100730896
2672,0.13182998076081276,0.008606505463831127,0.32079192996025085,12.001555919647217
2673,0.13121583685278893,0.008016252249944955,0.3199567198753357,12.000001788139343
2674,0.13038921914994717,0.007192828343249857,0.3191232681274414,12.000516295433044
2675,0.1312959659844637,0.008113241172395647,0.31829166412353516,11.999980926513672
2676,0.13118277862668037,0.008000243396963924,0.3174617886543274,12.000791788101196
2677,0.12969362922012806,0.006528643309138715,0.3166337013244629,11.999864935874939
2678,0.13074282929301262,0.007578472315799445,0.31580737233161926,12.000628232955933
2679,0.13059688359498978,0.007437802851200104,0.31498292088508606,12.000925421714783
2680,0.13080294616520405,0.00764998747035861,0.3141601085662842,12.001136302947998
2681,0.1307990364730358,0.00766790984198451,0.31333911418914795,11.999774098396301
2682,0.13028253056108952,0.007156045990996063,0.3125198483467102,12.000128865242004
2683,0.1309814415872097,0.007843960716854781,0.3117023706436157,12.00204586982727
2684,0.13168437778949738,0.008570975682232529,0.3108866810798645,12.000453352928162
2685,0.13115085661411285,0.00803251180332154,0.31007272005081177,12.00176215171814
2686,0.13068331591784954,0.007583765080198646,0.3092607259750366,12.000694632530212
2687,0.13075922057032585,0.007661942159757018,0.3084504306316376,12.001277446746826
2688,0.13015981204807758,0.007075804693158716,0.30764174461364746,12.000759243965149
2689,0.131789805367589,0.008716768003068864,0.3068348169326782,12.000469326972961
2690,0.130167493596673,0.007107114768587053,0.30602967739105225,12.000008225440979
2691,0.13060004450380802,0.007553148490842432,0.3052263557910919,11.999463677406311
2692,0.13114157132804394,0.008090731862466782,0.3044247031211853,12.000659346580505
2693,0.1305127553641796,0.0074656138313002884,0.3036248981952667,12.001089215278625
2694,0.130478885024786,0.007437005988322198,0.30282673239707947,12.00136137008667
2695,0.12998933717608452,0.0069601156283169985,0.30203044414520264,12.000892043113708
2696,0.1296843606978655,0.0066669899970293045,0.3012359142303467,12.00050151348114
2697,0.130187114700675,0.007172614044975489,0.30044305324554443,12.001007199287415
2698,0.13166620582342148,0.008660269784741104,0.29965177178382874,12.00094211101532
2699,0.1302835587412119,0.007290742709301412,0.2988622188568115,12.000420093536377
2700,0.13061954453587532,0.007632657594513148,0.2980743944644928,12.000614166259766
2701,0.13014023751020432,0.007153862563427538,0.29728829860687256,12.001349091529846
2702,0.1298829484730959,0.006903930043336004,0.29650405049324036,12.001398086547852
2703,0.1300052236765623,0.007050098851323128,0.29572156071662903,11.999791383743286
2704,0.13049952872097492,0.007546956709120423,0.294940710067749,12.000316739082336
2705,0.12937266193330288,0.006428309134207666,0.29416149854660034,12.000274181365967
2706,0.12980192713439465,0.006865871953777969,0.29338401556015015,12.000221848487854
2707,0.13063699565827847,0.007710325706284493,0.29260820150375366,12.000059127807617
2708,0.13019656389951706,0.007257883611600846,0.29183411598205566,12.002033948898315
2709,0.12977672927081585,0.006843503564596176,0.2910618185997009,12.00226104259491
2710,0.13010426610708237,0.007194440171588212,0.2902912199497223,12.000691652297974
2711,0.13082131370902061,0.007923595432657748,0.28952229022979736,12.000249981880188
2712,0.13005146197974682,0.007142615620978177,0.28875502943992615,12.002129793167114
2713,0.13037352450191975,0.007489284384064376,0.2879893183708191,12.00043499469757
2714,0.13063672930002213,0.007765718502923846,0.28722524642944336,11.999876260757446
2715,0.13127424754202366,0.00840052217245102,0.28646308183670044,12.000909447669983
2716,0.1302319373935461,0.007353079679887742,0.285702645778656,12.002183437347412
2717,0.1298372708261013,0.006980335107073188,0.2849438190460205,12.000749826431274
2718,0.13094375282526016,0.008096340345218778,0.2841866612434387,12.00055480003357
2719,0.1300320364534855,0.007187279523350298,0.2834310829639435,12.001045107841492
2720,0.12988380156457424,0.007052552187815309,0.28267714381217957,12.000447750091553
2721,0.12975813448429108,0.006949664442799985,0.28192490339279175,11.99892258644104
2722,0.13022763654589653,0.007413173734676093,0.28117436170578003,12.000272035598755
2723,0.13015586882829666,0.007347574341110885,0.280425488948822,12.000404357910156
2724,0.13039653189480305,0.007582341728266329,0.2796782851219177,12.00174081325531
2725,0.12970627285540104,0.006895770144183189,0.27893272042274475,12.00211775302887
2726,0.1293315701186657,0.006549935380462557,0.27818888425827026,11.999974727630615
2727,0.13093558512628078,0.008159252349287271,0.2774467468261719,12.000187039375305
2728,0.12996041774749756,0.0071917944005690515,0.27670615911483765,12.00015652179718
2729,0.13082803413271904,0.008059589890763164,0.2759670615196228,12.000877737998962
2730,0.13047085143625736,0.007710537000093609,0.27522963285446167,12.000802040100098
2731,0.13053088448941708,0.007778251252602786,0.2744937539100647,12.00076973438263
2732,0.13018113188445568,0.007437159772962332,0.27375954389572144,12.000638008117676
2733,0.13031488843262196,0.007571829075459391,0.2730271816253662,12.0012788772583
2734,0.1310722567141056,0.008332431025337428,0.2722964882850647,12.001686453819275
2735,0.12993916869163513,0.0072079747333191335,0.27156734466552734,12.00155246257782
2736,0.13000960275530815,0.007294112350791693,0.27083975076675415,12.000709652900696
2737,0.12998748011887074,0.007275931187905371,0.2701137363910675,12.001041769981384
2738,0.13017705269157887,0.007492959615774453,0.26938939094543457,11.999020099639893
2739,0.12984408624470234,0.007161532004829496,0.26866674423217773,11.999589204788208
2740,0.13066107034683228,0.007972319144755602,0.2679455876350403,12.000929951667786
2741,0.1295684054493904,0.006888812116812915,0.2672260105609894,12.000733613967896
2742,0.12944737821817398,0.006784138502553105,0.2665081024169922,11.999816179275513
2743,0.12987682782113552,0.007200527121312916,0.2657918930053711,12.00183880329132
2744,0.13035578839480877,0.007681464892812073,0.2650772035121918,12.002355694770813
2745,0.12961843982338905,0.006973758281674236,0.2643640637397766,12.000104427337646
2746,0.12907516211271286,0.0064241099753417075,0.2636525332927704,12.001452803611755
2747,0.13042653910815716,0.007789885101374239,0.26294273138046265,12.000722885131836
2748,0.12947936542332172,0.006863008136861026,0.2622344195842743,11.999401569366455
2749,0.12929477915167809,0.006692563300020993,0.2615275979042053,11.99869418144226
2750,0.13001114316284657,0.007393386738840491,0.2608223557472229,12.000953435897827
2751,0.1294474732130766,0.006838591769337654,0.26011887192726135,12.00076949596405
2752,0.13013603165745735,0.00752934644697234,0.25941699743270874,12.001251816749573
2753,0.12932898476719856,0.0067142381449230015,0.2587167024612427,12.002758264541626
2754,0.1307002454996109,0.008116560929920524,0.25801777839660645,12.000350952148438
2755,0.13045773468911648,0.007885562430601567,0.25732049345970154,11.999897122383118
2756,0.13052412495017052,0.007964693126268685,0.2566247582435608,11.999318838119507
2757,0.13040269538760185,0.007833627343643457,0.25593045353889465,12.0009765625
2758,0.1299757193773985,0.0074161788215860724,0.2552378177642822,12.000716209411621
2759,0.13008344918489456,0.007498995400965214,0.25454697012901306,12.003898739814758
2760,0.13036013767123222,0.00780326739186421,0.25385767221450806,12.001829624176025
2761,0.13006769306957722,0.007528561749495566,0.25316983461380005,12.000743508338928
2762,0.12910275720059872,0.006592036981601268,0.25248345732688904,11.998588800430298
2763,0.13069421239197254,0.008181233832146972,0.2517985999584198,11.999499440193176
2764,0.13009355030953884,0.007583298778627068,0.25111526250839233,11.999910354614258
2765,0.13087004981935024,0.00834297458641231,0.2504335045814514,12.002274513244629
2766,0.1297298576682806,0.0072162774740718305,0.24975332617759705,12.001604795455933
2767,0.12889346852898598,0.0063860733062028885,0.2490747570991516,12.001665115356445
2768,0.12913873605430126,0.00663792691193521,0.24839778244495392,12.001683712005615
2769,0.13104755617678165,0.008566134958527982,0.247722327709198,12.000420093536377
2770,0.1292769555002451,0.006798057758715004,0.2470482885837555,12.000841736793518
2771,0.12980670295655727,0.007342867203988135,0.2463756501674652,12.00000810623169
2772,0.12903537042438984,0.006581536668818444,0.2457045614719391,11.999679207801819
2773,0.12941794283688068,0.006956853903830051,0.24503518640995026,12.001074075698853
2774,0.12923146225512028,0.006778104114346206,0.24436737596988678,12.0009685754776
2775,0.12920868769288063,0.006763373676221818,0.24370096623897552,12.00083065032959
2776,0.12913859635591507,0.006709604582283646,0.24303610622882843,11.999863266944885
2777,0.12983342818915844,0.00739492493448779,0.2423727810382843,12.001477837562561
2778,0.12975558079779148,0.007321668090298772,0.2417108416557312,12.001680970191956
2779,0.13022248446941376,0.007813230797182769,0.24105031788349152,11.999875545501709
2780,0.13001256436109543,0.0075962626724503934,0.24039150774478912,12.001238822937012
2781,0.13018516078591347,0.007772419136017561,0.2397342026233673,12.001540422439575
2782,0.12999995425343513,0.007600140117574483,0.2390783727169037,12.000903248786926
2783,0.12977113015949726,0.0073734872275963426,0.23842406272888184,12.001340627670288
2784,0.13003879971802235,0.007653497101273388,0.2377711832523346,12.000759243965149
2785,0.12915603443980217,0.006780380615964532,0.23711970448493958,12.00044596195221
2786,0.12923846766352654,0.00687963078962639,0.2364698350429535,11.999413967132568
2787,0.12894847802817822,0.006580169254448265,0.2358214557170868,12.001009821891785
2788,0.13013710267841816,0.007766523747704923,0.23517462611198425,12.001883625984192
2789,0.12913737818598747,0.006784064462408423,0.23452916741371155,12.000802516937256
2790,0.12954801693558693,0.007201744941994548,0.2338852733373642,12.000742077827454
2791,0.13053192012012005,0.008192113717086613,0.233242928981781,12.000738143920898
2792,0.13029829040169716,0.007947957899887115,0.23260186612606049,12.002431631088257
2793,0.1301174834370613,0.007801301369909197,0.2319621443748474,11.999656558036804
2794,0.1298547387123108,0.007538869220297784,0.23132401704788208,12.000263214111328
2795,0.12980380654335022,0.007489989046007395,0.23068754374980927,12.000694751739502
2796,0.12980005703866482,0.007470550597645342,0.23005244135856628,12.002898454666138
2797,0.1299727689474821,0.007678900205064565,0.22941875457763672,11.99996829032898
2798,0.1290096454322338,0.006718804826959968,0.2287866473197937,12.000297784805298
2799,0.1293075643479824,0.007007040781900287,0.22815589606761932,12.001896619796753
2800,0.12909110635519028,0.0068161594099365175,0.2275265008211136,11.999968528747559
2801,0.1288379728794098,0.0065657865488901734,0.22689861059188843,12.000320434570312
2802,0.1297399252653122,0.0074715944356285036,0.22627228498458862,12.000560998916626
2803,0.12920858711004257,0.006949308444745839,0.2256472408771515,12.000280857086182
2804,0.1306263618171215,0.00837498070904985,0.22502368688583374,12.000114560127258
2805,0.12964469008147717,0.007389205042272806,0.22440165281295776,12.001146912574768
2806,0.12952965684235096,0.007272271905094385,0.22378107905387878,12.001958012580872
2807,0.12905855290591717,0.006807866506278515,0.22316183149814606,12.001906871795654
2808,0.12989262118935585,0.007662227260880172,0.22254404425621033,12.000495553016663
2809,0.12938102521002293,0.007176381768658757,0.22192776203155518,11.998536586761475
2810,0.12908687628805637,0.006872701225802302,0.22131288051605225,12.000105142593384
2811,0.12861234322190285,0.006399682897608727,0.22069935500621796,12.000566601753235
2812,0.12999881990253925,0.007794885663315654,0.22008726000785828,12.000306487083435
2813,0.1292051300406456,0.007009494409430772,0.21947667002677917,12.00008749961853
2814,0.12901156581938267,0.006803386029787362,0.21886740624904633,12.001950979232788
2815,0.12971018068492413,0.007506555295549333,0.21825946867465973,12.002102971076965
2816,0.1295027919113636,0.0073330492014065385,0.2176530659198761,11.999321579933167
2817,0.12950258143246174,0.007327178900595754,0.2170480489730835,12.000492453575134
2818,0.12972664833068848,0.007548069057520479,0.21644435822963715,12.001413583755493
2819,0.1300988830626011,0.007928573235403746,0.21584221720695496,12.0011887550354
2820,0.1288765538483858,0.0067100265878252685,0.21524152159690857,12.001411199569702
2821,0.1290988102555275,0.006938786420505494,0.21464210748672485,12.001360535621643
2822,0.12987191043794155,0.007731497811619192,0.21404419839382172,11.99999725818634
2823,0.12959408201277256,0.007464678259566426,0.2134476900100708,11.999492764472961
2824,0.12998290546238422,0.007854326569940895,0.21285244822502136,12.000005722045898
2825,0.12904282473027706,0.006916932878084481,0.2122584879398346,12.000331282615662
2826,0.12954154424369335,0.007409738900605589,0.2116660475730896,12.001514911651611
2827,0.1294559445232153,0.007337977993302047,0.21107497811317444,12.000722169876099
2828,0.12987140752375126,0.007759084750432521,0.2104853093624115,12.000747323036194
2829,0.12912257388234138,0.007007667736615986,0.20989707112312317,12.001593828201294
2830,0.12816026993095875,0.00605756655568257,0.20931018888950348,12.00096070766449
2831,0.13038356974720955,0.008307089854497463,0.20872466266155243,11.998923420906067
2832,0.12975993566215038,0.007672547304537147,0.20814049243927002,12.000598669052124
2833,0.13042785599827766,0.008333253557793796,0.20755770802497864,12.00190281867981
2834,0.12971259839832783,0.00762645184295252,0.20697623491287231,12.001638770103455
2835,0.12966808304190636,0.0075974101782776415,0.20639613270759583,12.00067126750946
2836,0.12969917431473732,0.0076309857540763915,0.20581740140914917,12.001001715660095
2837,0.12971587479114532,0.007661169162020087,0.20524002611637115,12.00023066997528
2838,0.12971687875688076,0.007666263147257268,0.2046639621257782,12.000397682189941
2839,0.12947260029613972,0.007416735868901014,0.2040894329547882,12.001497268676758
2840,0.13124892301857471,0.00920063303783536,0.20351624488830566,12.001313328742981
2841,0.13013268448412418,0.008096081204712391,0.2029443085193634,12.0007164478302
2842,0.12976136803627014,0.007754144666250795,0.2023736536502838,11.998348832130432
2843,0.12942872010171413,0.007406662625726312,0.20180435478687286,12.000401496887207
2844,0.12958306632936,0.0075572297209873796,0.20123645663261414,12.001347541809082
2845,0.1307514440268278,0.008738699893001467,0.20066985487937927,12.00060486793518
2846,0.1290888749063015,0.007070397725328803,0.20010459423065186,12.001743197441101
2847,0.13041887804865837,0.008409888134337962,0.19954076409339905,12.00135850906372
2848,0.12926296703517437,0.007264227606356144,0.1989782750606537,12.000895977020264
2849,0.12885422632098198,0.006868517899420112,0.19841709733009338,12.00015413761139
2850,0.1290207840502262,0.007037634029984474,0.19785717129707336,12.000457525253296
2851,0.1297311894595623,0.007750991208013147,0.19729861617088318,12.000721454620361
2852,0.1290560457855463,0.00708880991442129,0.19674137234687805,11.999982714653015
2853,0.1293061338365078,0.0073520580772310495,0.1961854100227356,11.99922227859497
2854,0.1296081803739071,0.0076445904560387135,0.19563071429729462,12.000728487968445
2855,0.12833589501678944,0.006378727324772626,0.19507735967636108,12.00063967704773
2856,0.1289738453924656,0.007016774325165898,0.1945253312587738,12.001181840896606
2857,0.12959354929625988,0.007640641648322344,0.1939745992422104,12.00131630897522
2858,0.1290278509259224,0.007081139308866113,0.1934252679347992,12.001246333122253
2859,0.12843013741075993,0.0064850065391510725,0.19287726283073425,12.001635789871216
2860,0.12882266379892826,0.006913218705449253,0.19233059883117676,11.998614311218262
2861,0.13026502542197704,0.008334349608048797,0.19178518652915955,12.001282811164856
2862,0.12980596162378788,0.007886159815825522,0.19124095141887665,12.000739693641663
2863,0.12921802699565887,0.007320598640944809,0.19069795310497284,11.999045014381409
2864,0.12952754274010658,0.007620461052283645,0.19015634059906006,12.00055205821991
2865,0.12909585982561111,0.00717547326348722,0.18961602449417114,12.002423286437988
2866,0.12845373153686523,0.00654639326967299,0.1890769749879837,12.001657485961914
2867,0.1299284491688013,0.00803461781470105,0.18853940069675446,12.00084388256073
2868,0.1283511482179165,0.0064503049361519516,0.18800301849842072,12.002081632614136
2869,0.12903466075658798,0.007159203465562314,0.18746784329414368,12.000078201293945
2870,0.128506351262331,0.006643131549935788,0.18693391978740692,11.999388098716736
2871,0.12851584143936634,0.0066545550944283605,0.1864013522863388,11.999727725982666
2872,0.1295740306377411,0.007702916918788105,0.1858699917793274,12.00124180316925
2873,0.1296148244291544,0.007745374052319676,0.18533983826637268,12.001605868339539
2874,0.1300452034920454,0.00819682260043919,0.18481102585792542,12.000027298927307
2875,0.12898324616253376,0.007131243823096156,0.1842835694551468,12.000916957855225
2876,0.12939411029219627,0.007531330513302237,0.18375751376152039,12.00252079963684
2877,0.1280809659510851,0.006231672072317451,0.18323248624801636,12.001697182655334
2878,0.12836848106235266,0.006565289571881294,0.18270865082740784,11.997610926628113
2879,0.12925214506685734,0.007423703034874052,0.1821863204240799,12.0006582736969
2880,0.12855863571166992,0.006704351922962815,0.18166524171829224,12.003763198852539
2881,0.12947122380137444,0.007667892787139863,0.18114519119262695,11.999188303947449
2882,0.12956706620752811,0.007756017323117703,0.18062639236450195,12.000478625297546
2883,0.12929567880928516,0.007477407809346914,0.18010897934436798,12.001718521118164
2884,0.12999285385012627,0.008180932840332389,0.17959269881248474,12.001599788665771
2885,0.13024017214775085,0.008435575640760362,0.17907778918743134,12.00138235092163
2886,0.12948069721460342,0.007676976558286697,0.1785641312599182,12.001808404922485
2887,0.12881015613675117,0.007029326108749956,0.17805173993110657,12.00003182888031
2888,0.13062499463558197,0.008839507878292352,0.17754052579402924,12.00100839138031
2889,0.1293516680598259,0.0075701954192481935,0.17703047394752502,12.00111722946167
2890,0.1288666781038046,0.007094592496287078,0.17652162909507751,12.00068712234497
2891,0.1292932778596878,0.0075257858843542635,0.1760142296552658,12.000735402107239
2892,0.1293145827949047,0.007538612408097833,0.17550809681415558,12.002089500427246
2893,0.12840164825320244,0.006650577299296856,0.1750030517578125,12.000104546546936
2894,0.12965396232903004,0.007897590985521674,0.17449921369552612,12.00113821029663
2895,0.13040988519787788,0.008643776993267238,0.17399655282497406,12.002614378929138
2896,0.12918668612837791,0.007462167821358889,0.17349515855312347,11.99895691871643
2897,0.12873054295778275,0.006998181808739901,0.17299507558345795,12.00024127960205
2898,0.12828073650598526,0.006534121290314943,0.17249611020088196,12.00216555595398
2899,0.13007901795208454,0.008364570268895477,0.1719982922077179,11.999446749687195
2900,0.12851957231760025,0.006796990637667477,0.1715017557144165,12.000756859779358
2901,0.12980492785573006,0.008065798901952803,0.1710064858198166,12.002906799316406
2902,0.12997700832784176,0.008271801751106977,0.17051218450069427,12.000008940696716
2903,0.1291984785348177,0.007498555118218064,0.1700192540884018,11.999973177909851
2904,0.12864678353071213,0.0069318359601311386,0.16952764987945557,12.001967549324036
2905,0.12915430590510368,0.007453294354490936,0.16903719305992126,12.00106430053711
2906,0.13007016852498055,0.008373248216230422,0.16854792833328247,12.001144170761108
2907,0.12887270003557205,0.007178921485319734,0.16805973649024963,12.001318454742432
2908,0.12898506969213486,0.007319049735087901,0.16757266223430634,11.999029636383057
2909,0.12868202291429043,0.006993040791712701,0.1670868694782257,12.001811504364014
2910,0.1292501874268055,0.007558063138276339,0.16660243272781372,12.002610206604004
2911,0.13017191924154758,0.008491262793540955,0.1661190539598465,12.001946806907654
2912,0.12836546637117863,0.006716115341987461,0.16563686728477478,11.999298691749573
2913,0.13059961050748825,0.008935795107390732,0.16515593230724335,12.001225709915161
2914,0.12946464866399765,0.007828004367183894,0.16467607021331787,11.99898886680603
2915,0.12872182205319405,0.007092365704011172,0.16419723629951477,11.998748779296875
2916,0.1281971074640751,0.006541190959978849,0.16371968388557434,12.001872301101685
2917,0.12908316776156425,0.007431226782500744,0.16324347257614136,12.001950979232788
2918,0.12973318062722683,0.008065531204920262,0.1627683937549591,12.003996849060059
2919,0.12899822928011417,0.00735058420104906,0.1622944176197052,12.002470135688782
2920,0.12943855673074722,0.007820864324457943,0.16182157397270203,11.999947905540466
2921,0.12817667983472347,0.006581448426004499,0.16134995222091675,11.998173475265503
2922,0.1288564782589674,0.0072585829184390604,0.1608794778585434,11.998910188674927
2923,0.12767274491488934,0.006070987263228744,0.160410076379776,11.999765872955322
2924,0.1282404661178589,0.006633710989262909,0.1599418818950653,12.000733971595764
2925,0.12871808372437954,0.00710037094540894,0.15947487950325012,12.002296686172485
2926,0.12936053611338139,0.007760140870232135,0.1590089350938797,12.001030921936035
2927,0.12912733480334282,0.007533614989370108,0.1585441380739212,12.00082778930664
2928,0.1284531932324171,0.006855499581433833,0.15808060765266418,12.001688957214355
2929,0.12916271574795246,0.007580667326692492,0.1576182246208191,12.00058662891388
2930,0.13019237108528614,0.008622849301900715,0.15715692937374115,11.99979543685913
2931,0.12848937325179577,0.006924617104232311,0.15669673681259155,11.999778866767883
2932,0.12906174175441265,0.007483211811631918,0.15623772144317627,12.001615643501282
2933,0.12964708730578423,0.008095298369880766,0.15577980875968933,11.999399542808533
2934,0.12824956141412258,0.006699274468701333,0.15532302856445312,11.999705910682678
2935,0.1286703757941723,0.007119856134522706,0.15486738085746765,12.000184774398804
2936,0.12876996025443077,0.007209816772956401,0.15441292524337769,12.001601815223694
2937,0.1289541032165289,0.007384939992334694,0.15395955741405487,12.002956628799438
2938,0.13009082339704037,0.008545684453565627,0.15350720286369324,12.001006960868835
2939,0.12812725268304348,0.006597806990612298,0.15305593609809875,11.999888896942139
2940,0.1283930242061615,0.006867402698844671,0.15260596573352814,11.999956250190735
2941,0.1298135295510292,0.008289621910080314,0.15215721726417542,12.000233769416809
2942,0.12958886846899986,0.00806179823121056,0.1517094522714615,12.000998139381409
2943,0.12884552404284477,0.007333565969020128,0.15126273036003113,11.999933242797852
2944,0.1285499408841133,0.007039338233880699,0.1508171558380127,12.000243186950684
2945,0.1291979867964983,0.007694554049521685,0.150372713804245,11.999970555305481
2946,0.1290973238646984,0.007580320292618126,0.1499292552471161,12.001771092414856
2947,0.12907278910279274,0.007570670277345926,0.14948692917823792,12.000725150108337
2948,0.12905168533325195,0.007555732561741024,0.14904583990573883,12.00054943561554
2949,0.12818878516554832,0.00669130909955129,0.14860591292381287,12.001141905784607
2950,0.1292010247707367,0.007713728933595121,0.1481669843196869,12.000562906265259
2951,0.12857209704816341,0.0070946881314739585,0.1477290838956833,12.000012040138245
2952,0.12787303887307644,0.006405971420463175,0.1472923755645752,11.999414801597595
2953,0.12914560362696648,0.007676587323658168,0.1468566656112671,12.00004518032074
2954,0.12862730398774147,0.0071561725926585495,0.14642198383808136,12.000691413879395
2955,0.12897610291838646,0.00750840938417241,0.1459885686635971,12.000781059265137
2956,0.1285729482769966,0.007093779975548387,0.14555630087852478,12.002361059188843
2957,0.12802594155073166,0.006558244116604328,0.1451248973608017,12.001644968986511
2958,0.12842804193496704,0.006992763082962483,0.14469453692436218,11.998833656311035
2959,0.12861128337681293,0.0071569287101738155,0.14426539838314056,12.00117027759552
2960,0.1287191305309534,0.007265191408805549,0.1438373625278473,12.001556873321533
2961,0.1283145360648632,0.006882992631290108,0.14341022074222565,11.999744415283203
2962,0.12900525517761707,0.007588281703647226,0.14298425614833832,11.998713612556458
2963,0.12876898795366287,0.007328234438318759,0.1425594836473465,12.001516222953796
2964,0.12880965135991573,0.007385364384390414,0.14213567972183228,12.000293493270874
2965,0.12941115349531174,0.007983653282281011,0.1417129635810852,12.00103747844696
2966,0.12947531417012215,0.008043847163207829,0.14129133522510529,12.001855731010437
2967,0.12929841876029968,0.007870201487094164,0.140870600938797,12.001951217651367
2968,0.12969251349568367,0.008283781178761274,0.14045682549476624,12.00041651725769
2969,0.12765411008149385,0.006244172865990549,0.14004364609718323,12.000950336456299
2970,0.12902742624282837,0.007627838000189513,0.1396309733390808,12.000328183174133
2971,0.12827572785317898,0.00688259449088946,0.13921868801116943,12.000095248222351
2972,0.12865393795073032,0.007260749116539955,0.1388070434331894,12.0005122423172
2973,0.12829603627324104,0.00691136484965682,0.13839612901210785,12.00007152557373
2974,0.12815659679472446,0.006753113120794296,0.13798579573631287,12.002362847328186
2975,0.1291090752929449,0.007731110730674118,0.13757619261741638,12.000220775604248
2976,0.12882909178733826,0.007449729251675308,0.13716751337051392,12.000768542289734
2977,0.12976383231580257,0.00838637404376641,0.1367596536874771,12.000986456871033
2978,0.12930362671613693,0.007913459208793938,0.13635241985321045,12.002664685249329
2979,0.1287954356521368,0.00744117732392624,0.13594603538513184,11.99947988986969
2980,0.12908348813652992,0.007733589329291135,0.13554063439369202,11.999449610710144
2981,0.1295219101011753,0.00816433154977858,0.13513606786727905,12.000622153282166
2982,0.12830237112939358,0.006933857366675511,0.13473233580589294,12.002119302749634
2983,0.12871498242020607,0.00735658424673602,0.13432949781417847,12.001510381698608
2984,0.12841159477829933,0.007056567817926407,0.13392753899097443,12.001575231552124
2985,0.1292340625077486,0.007895700808148831,0.1335264891386032,12.000310063362122
2986,0.1284713614732027,0.007150838151574135,0.13312634825706482,11.998926401138306
2987,0.1279667541384697,0.006650190625805408,0.13272720575332642,11.998929500579834
2988,0.1279810033738613,0.006639252416789532,0.13232898712158203,12.001846551895142
2989,0.1285232063382864,0.007183260517194867,0.1319316327571869,12.002063274383545
2990,0.12839021533727646,0.007063050230499357,0.13153541088104248,12.001181364059448
2991,0.13047513365745544,0.009136439301073551,0.13114017248153687,12.002729415893555
2992,0.1281973384320736,0.0068874890566803515,0.13074560463428497,12.000239729881287
2993,0.128978094086051,0.0076789470622316,0.1303519904613495,11.999562978744507
2994,0.12863608822226524,0.007340833428315818,0.12995950877666473,11.999566316604614
2995,0.12858131155371666,0.007277162338141352,0.1295679807662964,12.000847339630127
2996,0.12855618074536324,0.007234025571960956,0.12917743623256683,12.00303852558136
2997,0.1287441998720169,0.007449095894116908,0.12878793478012085,12.000722646713257
2998,0.12845592014491558,0.0071624963311478496,0.12839941680431366,12.000943064689636
2999,0.1292007379233837,0.007904710888396949,0.1280117630958557,12.001591086387634
3000,0.12909644469618797,0.00782649009488523,0.1276250183582306,11.999370694160461
3001,0.12879556603729725,0.007527937297709286,0.1272391676902771,11.999523997306824
3002,0.12883121147751808,0.007568160886876285,0.12685444951057434,11.99945080280304
3003,0.12920777313411236,0.007912073051556945,0.126470685005188,12.00309944152832
3004,0.12811627611517906,0.006849984347354621,0.12608791887760162,12.00054144859314
3005,0.12882001884281635,0.0075454830075614154,0.12570621073246002,12.001747608184814
3006,0.1289523858577013,0.007670861145015806,0.12532538175582886,12.002827286720276
3007,0.12928978726267815,0.008052936114836484,0.12494548410177231,11.998739957809448
3008,0.12947886995971203,0.008226410078350455,0.12456654757261276,12.000679731369019
3009,0.1291760802268982,0.007937109796330333,0.1241886094212532,11.999708652496338
3010,0.12882082909345627,0.007564641127828509,0.12381158024072647,12.00180733203888
3011,0.12838024087250233,0.007142766786273569,0.12343552708625793,12.000312089920044
3012,0.12948577292263508,0.008248514612205327,0.12306052446365356,12.000665664672852
3013,0.1286165527999401,0.007382925774436444,0.12268640100955963,12.000676155090332
3014,0.12880311161279678,0.007569471199531108,0.1223132461309433,12.00105106830597
3015,0.12858212552964687,0.007343704462982714,0.12194111943244934,12.001901149749756
3016,0.12930350936949253,0.00807766808429733,0.12156994640827179,12.001014113426208
3017,0.1287897229194641,0.007555744785349816,0.12119966745376587,12.002198576927185
3018,0.12845917977392673,0.007246405759360641,0.12083039432764053,12.000447154045105
3019,0.12893524579703808,0.007737537904176861,0.1204620897769928,11.999308705329895
3020,0.12875333987176418,0.007552989409305155,0.12009470164775848,11.999940514564514
3021,0.12867534905672073,0.007477885112166405,0.11972826719284058,12.00001847743988
3022,0.1293707713484764,0.008161120756994933,0.1193627417087555,12.001602530479431
3023,0.12953231669962406,0.00832899974193424,0.11899822950363159,12.001333594322205
3024,0.12829331494867802,0.007085951452609152,0.11863454431295395,12.002102255821228
3025,0.12783254869282246,0.006643286091275513,0.1182718276977539,12.000654220581055
3026,0.1286845412105322,0.00751396466512233,0.11791016161441803,11.999147891998291
3027,0.1285906508564949,0.007413263956550509,0.11754948645830154,12.000189304351807
3028,0.12879778258502483,0.007625472848303616,0.11718971282243729,12.000041365623474
3029,0.12963666394352913,0.008450361143331975,0.11683078110218048,12.001800060272217
3030,0.12719308864325285,0.006013483041897416,0.1164727509021759,12.001488208770752
3031,0.12878085114061832,0.007608716958202422,0.11611565947532654,12.001097917556763
3032,0.12889090180397034,0.007725162606220692,0.11575952172279358,12.0008145570755
3033,0.1276513673365116,0.006499495240859687,0.11540438234806061,11.999783158302307
3034,0.12872270494699478,0.007568800880108029,0.11505013704299927,12.000340700149536
3035,0.1285394448786974,0.007387496589217335,0.11469685286283493,12.000498175621033
3036,0.12876513041555882,0.007604660757351667,0.114344522356987,12.001702785491943
3037,0.1279421541839838,0.006780213734600693,0.11399298906326294,12.002201318740845
3038,0.1293115485459566,0.008164161001332104,0.11364234238862991,12.001096725463867
3039,0.12937427684664726,0.008246621349826455,0.11329267919063568,11.999473094940186
3040,0.12747316248714924,0.006356564234010875,0.11294400691986084,11.998716235160828
3041,0.12859373912215233,0.007461243541911244,0.11259622871875763,12.000653505325317
3042,0.1285225097090006,0.007393980689812452,0.11224934458732605,12.000603795051575
3043,0.12898189015686512,0.00783740810584277,0.11190333962440491,12.00254511833191
3044,0.12894312851130962,0.007796389400027692,0.11155818402767181,12.003115773200989
3045,0.12850845232605934,0.007390875543933362,0.11121402680873871,12.00054383277893
3046,0.12776316702365875,0.006659660197328776,0.11087082326412201,11.999480366706848
3047,0.12875053100287914,0.007650885381735861,0.11052851378917694,11.999436616897583
3048,0.12885203957557678,0.007739726745057851,0.11018697917461395,12.001044511795044
3049,0.12886319495737553,0.007739027787465602,0.1098463237285614,12.002570748329163
3050,0.12775380909442902,0.006659808801487088,0.10950663685798645,11.99989378452301
3051,0.12821639329195023,0.007109643251169473,0.10916778445243835,12.00150740146637
3052,0.1271806973963976,0.006096816330682486,0.10882986336946487,11.999558448791504
3053,0.12931383401155472,0.008231170242652297,0.10849294066429138,11.999773263931274
3054,0.1280866116285324,0.006974157120566815,0.10815688967704773,12.00308883190155
3055,0.12790468707680702,0.006810486724134535,0.10782171040773392,12.001598715782166
3056,0.12838234938681126,0.007303721329662949,0.10748736560344696,12.000375747680664
3057,0.12796643190085888,0.006902223511133343,0.10715392976999283,11.999267339706421
3058,0.1281798854470253,0.00711307703750208,0.10682134330272675,11.999859929084778
3059,0.12816772423684597,0.007086699828505516,0.10648961365222931,12.001613020896912
3060,0.1303787436336279,0.009324739454314113,0.10615886747837067,11.999241709709167
3061,0.12838942930102348,0.0073145864880643785,0.10582888871431351,12.001655459403992
3062,0.12854766100645065,0.007484372879844159,0.10549969971179962,12.000829458236694
3063,0.12845522165298462,0.007390520069748163,0.1051715612411499,12.001299023628235
3064,0.12938011065125465,0.008303314447402954,0.10484430193901062,12.002835750579834
3065,0.1294894516468048,0.00845245347591117,0.10451782494783401,11.999182105064392
3066,0.1285738293081522,0.007529059541411698,0.10419221967458725,12.000284671783447
3067,0.12799875251948833,0.006961602950468659,0.10386759042739868,11.999847888946533
3068,0.12835021503269672,0.007297079544514418,0.10354383289813995,12.001769781112671
3069,0.1286963578313589,0.007653484877664596,0.10322079062461853,12.0010666847229
3070,0.1289492156356573,0.00791506824316457,0.10289867967367172,12.000516414642334
3071,0.129703925922513,0.008652544231154025,0.10257739573717117,12.00256097316742
3072,0.1289625931531191,0.007948166981805116,0.10225685685873032,11.999186277389526
3073,0.12841673754155636,0.007385298842564225,0.1019371747970581,12.001207113265991
3074,0.12790399603545666,0.006869764882139862,0.10161858052015305,12.00180447101593
3075,0.12875965051352978,0.007741311681456864,0.10130082070827484,12.00053346157074
3076,0.12817798554897308,0.007152572012273595,0.10098377615213394,12.00155794620514
3077,0.12840311788022518,0.0073869695188477635,0.10066762566566467,12.00094735622406
3078,0.12862378731369972,0.007607725099660456,0.10035230219364166,12.001254320144653
3079,0.128067871555686,0.007059963827487081,0.10003771632909775,12.000753283500671
3080,0.12805526331067085,0.007069533807225525,0.09972400218248367,11.998848915100098
3081,0.12744901329278946,0.006449510401580483,0.09941130131483078,12.000539183616638
3082,0.1288529597222805,0.007855923904571682,0.09909956157207489,12.000604033470154
3083,0.1282703522592783,0.007265860389452428,0.0987885370850563,12.001660943031311
3084,0.12770559266209602,0.006696168216876686,0.09847818315029144,12.002464652061462
3085,0.1279393807053566,0.006955052958801389,0.09816864877939224,12.000264286994934
3086,0.12861155532300472,0.0076279318309389055,0.0978599563241005,12.000502824783325
3087,0.12868298217654228,0.007709252880886197,0.09755212068557739,11.999820828437805
3088,0.12826822139322758,0.007301530509721488,0.09724520146846771,11.99942433834076
3089,0.12844952009618282,0.007469035219401121,0.09693913161754608,12.00110948085785
3090,0.1284288838505745,0.007437280029989779,0.09663383662700653,12.002526879310608
3091,0.12850178219377995,0.0075226384797133505,0.09632927924394608,12.001585602760315
3092,0.12823506258428097,0.007260303420480341,0.09602554887533188,12.001450419425964
3093,0.1282147355377674,0.0072573653887957335,0.09572271257638931,12.000014424324036
3094,0.12753048166632652,0.006585876224562526,0.09542068839073181,11.999040484428406
3095,0.12837018072605133,0.007436263200361282,0.09511949121952057,11.998272776603699
3096,0.1285868026316166,0.007628260180354118,0.0948190987110138,12.001035213470459
3097,0.12798401154577732,0.007018616539426148,0.09451950341463089,12.002020120620728
3098,0.12892230041325092,0.007970089849550277,0.09422069787979126,12.0010005235672
3099,0.12845206074416637,0.007495152705814689,0.09392265230417252,12.001768350601196
3100,0.12868947722017765,0.007744140981230885,0.09362541139125824,12.000908493995667
3101,0.1280896719545126,0.007144095201510936,0.09332901239395142,12.001229166984558
3102,0.1291771363466978,0.008249601407442242,0.09303352236747742,11.999720335006714
3103,0.12845214642584324,0.007517863647080958,0.09273882955312729,12.00068974494934
3104,0.12852727249264717,0.007605610822793096,0.09244489669799805,11.999721884727478
3105,0.12848602049052715,0.007549727859441191,0.0921516865491867,12.001477718353271
3106,0.12788455188274384,0.006952688563615084,0.09185917675495148,12.001327395439148
3107,0.12789751775562763,0.006980386038776487,0.0915675014257431,12.00014591217041
3108,0.1289510577917099,0.008022398047614843,0.09127672016620636,12.00158941745758
3109,0.1268860660493374,0.005978466884698719,0.09098677337169647,11.999773502349854
3110,0.1272927261888981,0.006382608145941049,0.09069760143756866,12.000314354896545
3111,0.12844114750623703,0.007511082163546234,0.09040924906730652,12.002597689628601
3112,0.13000492937862873,0.009095609770156443,0.09012164175510406,12.000810623168945
3113,0.12913724966347218,0.008232665888499469,0.08983471989631653,12.00062382221222
3114,0.12774507328867912,0.0068543507368303835,0.0895484983921051,11.999523878097534
3115,0.12780882976949215,0.006919401988852769,0.0892631933093071,11.999679803848267
3116,0.1284876223653555,0.007590467110276222,0.08897875994443893,12.000737309455872
3117,0.12831579707562923,0.0074201945681124926,0.08869504928588867,12.00086534023285
3118,0.12834876962006092,0.007443755341228098,0.0884120762348175,12.002089738845825
3119,0.12788449600338936,0.006990824767854065,0.08812987059354782,12.001237511634827
3120,0.12769199907779694,0.006798523187171668,0.08784839510917664,12.00149953365326
3121,0.12784887291491032,0.00697259622393176,0.08756761997938156,12.000060319900513
3122,0.12836844101548195,0.0075084438431076705,0.08728775382041931,11.998712182044983
3123,0.12880233116447926,0.007923963537905365,0.08700872957706451,12.000828504562378
3124,0.12789089046418667,0.007015745679382235,0.08673037588596344,12.000784397125244
3125,0.12794084288179874,0.007063321419991553,0.08645277470350266,12.001299858093262
3126,0.1285804957151413,0.007703316397964954,0.08617594838142395,12.001542568206787
3127,0.12787394411861897,0.0070149319362826645,0.08589987456798553,12.000001549720764
3128,0.1283895317465067,0.007542900450062007,0.08562446385622025,11.999038815498352
3129,0.12892355024814606,0.008075816847849637,0.08534984290599823,11.999423861503601
3130,0.12838853150606155,0.00752582005225122,0.08507602661848068,12.001195669174194
3131,0.1289354097098112,0.0080730629269965,0.08480293303728104,12.001432061195374
3132,0.12838037684559822,0.007508582959417254,0.08453064411878586,12.002648949623108
3133,0.12857438810169697,0.007728741620667279,0.08425915241241455,12.000306010246277
3134,0.1284048892557621,0.007558991375844926,0.08398836851119995,12.000601649284363
3135,0.12901625595986843,0.008174132846761495,0.08371826261281967,12.000494360923767
3136,0.12888028658926487,0.008051237498875707,0.08344893157482147,11.999456405639648
3137,0.12764333188533783,0.0068191271857358515,0.08318030089139938,11.999240517616272
3138,0.12853503599762917,0.007693487103097141,0.08291245251893997,12.001242756843567
3139,0.1290026791393757,0.008165873703546822,0.08264536410570145,12.001035213470459
3140,0.1279902048408985,0.007157998799812049,0.08237899839878082,12.000841856002808
3141,0.1291088741272688,0.008272538369055837,0.0821133404970169,12.00152051448822
3142,0.127803610637784,0.006983271450735629,0.08184846490621567,12.00018560886383
3143,0.12891817837953568,0.008098697988316417,0.08158436417579651,12.000363945960999
3144,0.12807402200996876,0.007250445079989731,0.08132088929414749,12.001037240028381
3145,0.12794071808457375,0.007129696838092059,0.08105814456939697,12.000044107437134
3146,0.1285054311156273,0.007686035358346999,0.08079619705677032,12.00114381313324
3147,0.12794139981269836,0.00712735834531486,0.08053494989871979,12.000869512557983
3148,0.1276567466557026,0.00685604359023273,0.08027438819408417,11.999796152114868
3149,0.127460278570652,0.006670091359410435,0.08001463115215302,11.999004244804382
3150,0.12846328504383564,0.007663265394512564,0.07975570112466812,12.00024688243866
3151,0.12812529131770134,0.007313478039577603,0.0794973224401474,12.001683950424194
3152,0.12897730246186256,0.008175190712790936,0.07923956960439682,12.000971913337708
3153,0.1290559321641922,0.008264152682386339,0.07898259162902832,12.000195860862732
3154,0.1278488803654909,0.007052053406368941,0.0787263885140419,12.000956773757935
3155,0.12840851955115795,0.007616264629177749,0.0784708708524704,12.000754714012146
3156,0.12777933478355408,0.006977317912969738,0.0782160684466362,12.001985549926758
3157,0.1284788604825735,0.007684749842155725,0.0779620110988617,12.001449227333069
3158,0.12810146622359753,0.007323424506466836,0.07770867645740509,12.000095844268799
3159,0.1284521259367466,0.007668007106985897,0.07745606452226639,12.000955939292908
3160,0.12743507511913776,0.0066852522431872785,0.07720406353473663,11.997778534889221
3161,0.12779836170375347,0.007033952453639358,0.07695277780294418,11.999488472938538
3162,0.12735262885689735,0.006577681400813162,0.07670223712921143,12.000792741775513
3163,0.1279733832925558,0.007204743043985218,0.07645241171121597,12.00041151046753
3164,0.1281571015715599,0.007370384351816028,0.07620328664779663,12.002468585968018
3165,0.12789189163595438,0.007106100092642009,0.07595483958721161,12.00262463092804
3166,0.12894708290696144,0.008169406850356609,0.07570701837539673,12.002060890197754
3167,0.12860266491770744,0.007865398481953889,0.07545992732048035,11.99826693534851
3168,0.12894047982990742,0.008188391046132892,0.07521359622478485,11.999995946884155
3169,0.1287483423948288,0.007994046143721789,0.07496785372495651,12.000462055206299
3170,0.1280769445002079,0.007334311958402395,0.07472280412912369,11.99954068660736
3171,0.12747224792838097,0.006695664196740836,0.07447855174541473,12.003180146217346
3172,0.12801943719387054,0.00727216323139146,0.0742349922657013,12.000492572784424
3173,0.12725658528506756,0.006519102142192423,0.073992058634758,11.999756693840027
3174,0.12782502826303244,0.007080158567987382,0.07374987751245499,12.000737428665161
3175,0.12751286663115025,0.006793529784772545,0.0735083520412445,11.998425602912903
3176,0.12878444232046604,0.00804941839305684,0.07326745986938477,12.000235438346863
3177,0.12795519270002842,0.007216712459921837,0.07302716374397278,12.000820875167847
3178,0.12642588280141354,0.005682687333319336,0.0727875679731369,12.001532316207886
3179,0.12849779054522514,0.007739442982710898,0.07254880666732788,12.003286123275757
3180,0.12834160588681698,0.00758724263869226,0.072310671210289,12.00312614440918
3181,0.12821394484490156,0.007511547824833542,0.07207313179969788,11.998166799545288
3182,0.12743880227208138,0.00671657983912155,0.07183631509542465,12.000386357307434
3183,0.12790502049028873,0.007172991870902479,0.07160018384456635,12.00160264968872
3184,0.128723518922925,0.007999451772775501,0.07136467099189758,12.001042366027832
3185,0.12818963639438152,0.007451662793755531,0.07112975418567657,12.002667903900146
3186,0.12782576121389866,0.007130302954465151,0.07089552283287048,11.998650431632996
3187,0.1280651669949293,0.007358590723015368,0.07066209614276886,11.999995708465576
3188,0.12896732613444328,0.008253487991169095,0.07042938470840454,12.000954747200012
3189,0.12903836369514465,0.008334444486536086,0.07019707560539246,12.000195264816284
3190,0.12832376547157764,0.007611794688273221,0.06996555626392365,12.001231789588928
3191,0.1287426743656397,0.008005271316505969,0.06973478198051453,12.004005551338196
3192,0.12851617112755775,0.007810614770278335,0.06950458139181137,12.001051306724548
3193,0.12854106910526752,0.00783382641384378,0.06927500665187836,12.001449465751648
3194,0.1285097487270832,0.007815170392859727,0.06904616951942444,12.000411629676819
3195,0.12754125893115997,0.006880951055791229,0.06881794333457947,11.997213125228882
3196,0.12888870015740395,0.008198417257517576,0.06859039515256882,12.000438451766968
3197,0.12781956791877747,0.0071121344226412475,0.06836342811584473,12.002379894256592
3198,0.12934891507029533,0.008664914290420711,0.06813710927963257,12.000263333320618
3199,0.12850699946284294,0.007827892492059618,0.06791146099567413,11.999999642372131
3200,0.1288907267153263,0.008203530451282859,0.06768640875816345,12.001033663749695
3201,0.12869608961045742,0.008017058076802641,0.0674620121717453,12.000441312789917
3202,0.1283602174371481,0.007663410156965256,0.06723834574222565,12.002442717552185
3203,0.1287672482430935,0.008088053902611136,0.06701529026031494,12.000903964042664
3204,0.12707638647407293,0.00639273488195613,0.06679292023181915,12.001572608947754
3205,0.12833762913942337,0.007668290403671563,0.06657114624977112,12.000362753868103
3206,0.12819703295826912,0.0075508077861741185,0.06634993851184845,11.998272895812988
3207,0.12798010371625423,0.007323938829358667,0.06612937152385712,11.999487161636353
3208,0.12797916494309902,0.0073111195815727115,0.06590945273637772,12.000895380973816
3209,0.12825657054781914,0.007583914790302515,0.06569012999534607,12.001575827598572
3210,0.12731964141130447,0.006651263509411365,0.06547147035598755,12.00136661529541
3211,0.1285901963710785,0.007922800083179027,0.06525354087352753,12.001486420631409
3212,0.12731404323130846,0.006657760473899543,0.06503614783287048,12.000592589378357
3213,0.12777914106845856,0.007146311225369573,0.06481937319040298,11.998463869094849
3214,0.12691458500921726,0.006263287039473653,0.0646032765507698,12.000527262687683
3215,0.1282444428652525,0.007591290806885809,0.06438777595758438,12.000927805900574
3216,0.12766630947589874,0.00702294462826103,0.06417281925678253,12.000163912773132
3217,0.12847335264086723,0.007806573645211756,0.06395852565765381,12.002719163894653
3218,0.12765243463218212,0.007010232948232442,0.06374480575323105,12.000475645065308
3219,0.12783079780638218,0.007198799634352326,0.06353174895048141,11.99966812133789
3220,0.12755742110311985,0.0069245698396116495,0.06331934034824371,11.999966025352478
3221,0.1283212136477232,0.00768516690004617,0.06310750544071198,12.000497341156006
3222,0.12811331637203693,0.007465438509825617,0.06289631873369217,12.001891732215881
3223,0.12736958265304565,0.006730574066750705,0.0626857653260231,12.001215100288391
3224,0.12766706757247448,0.007034471433144063,0.06247573345899582,12.000784039497375
3225,0.1279187798500061,0.007299981778487563,0.062266308814287186,11.999613642692566
3226,0.12784233875572681,0.00722301792120561,0.062057510018348694,11.999874949455261
3227,0.12819672375917435,0.007583857572171837,0.06184935197234154,11.99943721294403
3228,0.12743593007326126,0.00681886775419116,0.06164183467626572,12.000064730644226
3229,0.12930533662438393,0.008671071496792138,0.06143483147025108,12.001991748809814
3230,0.12792194820940495,0.00730200408725068,0.06122836843132973,12.000766277313232
3231,0.12863055616617203,0.008007610158529133,0.0610225573182106,12.001272201538086
3232,0.12828624062240124,0.007679323316551745,0.06081738695502281,11.999874591827393
3233,0.12715847790241241,0.006561825051903725,0.06061282753944397,11.99905264377594
3234,0.12797082029283047,0.007355013047344983,0.060408905148506165,12.001172065734863
3235,0.12872308865189552,0.008102088642772287,0.06020551919937134,12.001894474029541
3236,0.12854450941085815,0.00791880942415446,0.06000269204378128,12.002567648887634
3237,0.12833742424845695,0.007733789680059999,0.0598004013299942,12.000563383102417
3238,0.12862357310950756,0.008029103395529091,0.05959869921207428,11.99984872341156
3239,0.1275053769350052,0.006931208190508187,0.059397682547569275,11.998019456863403
3240,0.12729165703058243,0.006688313675113022,0.059197258204221725,12.001137614250183
3241,0.12650552857667208,0.005906338687054813,0.05899742990732193,12.000922203063965
3242,0.12795456312596798,0.0073511728551238775,0.058798208832740784,12.001540899276733
3243,0.12803492695093155,0.007425796065945178,0.05859954655170441,12.00231385231018
3244,0.12815665267407894,0.007559824560303241,0.05840139463543892,12.001281499862671
3245,0.12806355021893978,0.007489024894312024,0.05820377916097641,11.99924921989441
3246,0.12769586220383644,0.007136950211133808,0.05800674110651016,11.997884511947632
3247,0.12904276512563229,0.008447195985354483,0.05781032145023346,12.001746892929077
3248,0.12779561802744865,0.0072002520901151,0.05761454254388809,12.001922369003296
3249,0.12794565223157406,0.007360993418842554,0.05741932615637779,12.001046776771545
3250,0.12782558053731918,0.007245423854328692,0.057224638760089874,12.000791311264038
3251,0.12814385630190372,0.007576736155897379,0.05703052878379822,11.999681830406189
3252,0.12752803415060043,0.0069553154171444476,0.056837014853954315,12.00043499469757
3253,0.12821444310247898,0.007657476991880685,0.05664406344294548,11.99905264377594
3254,0.1282166074961424,0.007642527285497636,0.05645165592432022,12.000956892967224
3255,0.12768650148063898,0.007108365185558796,0.05625984072685242,12.001554012298584
3256,0.1284110527485609,0.007834834628738463,0.05606856942176819,12.001553297042847
3257,0.1278518307954073,0.007273627503309399,0.055877819657325745,12.001942873001099
3258,0.12780382949858904,0.007223243825137615,0.05568765103816986,12.002371072769165
3259,0.1277947500348091,0.007257596531417221,0.05549810081720352,11.998217582702637
3260,0.1279192715883255,0.007381981762591749,0.05530912056565285,11.998420119285583
3261,0.1283126398921013,0.007760005129966885,0.05512062832713127,12.00014317035675
3262,0.1287103984504938,0.008150842972099781,0.05493267998099327,12.001023292541504
3263,0.1281568519771099,0.007594250200781971,0.05474531278014183,12.0015150308609
3264,0.12773482874035835,0.0071666648727841675,0.054558493196964264,12.002258062362671
3265,0.12761240638792515,0.00703912804601714,0.05437222495675087,12.002955794334412
3266,0.1280285008251667,0.00747779879020527,0.05418657138943672,12.000884175300598
3267,0.12636097520589828,0.005826035630889237,0.05400137975811958,11.99949300289154
3268,0.129176564514637,0.00863827730063349,0.0538167767226696,12.000012159347534
3269,0.1280612088739872,0.007520613842643797,0.0536327101290226,12.00042724609375
3270,0.12730569206178188,0.006770769658032805,0.0534491166472435,12.000043392181396
3271,0.12708136066794395,0.00653464300557971,0.05326616019010544,12.001405715942383
3272,0.1280854493379593,0.0075274844421073794,0.05308378487825394,12.002712845802307
3273,0.1293404959142208,0.008814973814878613,0.05290190875530243,11.999650597572327
3274,0.12834715843200684,0.0078081361134536564,0.052720557898283005,12.001182079315186
3275,0.12742703966796398,0.006897409970406443,0.05253971368074417,12.000423312187195
3276,0.12770240381360054,0.007179250591434538,0.052359439432621,11.999955892562866
3277,0.1285303756594658,0.007993382576387376,0.05217965692281723,12.001520037651062
3278,0.12697872146964073,0.006451514316722751,0.052000418305397034,12.000720381736755
3279,0.1283385455608368,0.007814901531673968,0.05182177200913429,12.000542998313904
3280,0.12803563475608826,0.007515744131524116,0.051643695682287216,12.000345587730408
3281,0.12787101604044437,0.007358505565207452,0.05146605521440506,11.999785304069519
3282,0.1275948528200388,0.007073022599797696,0.051288969814777374,12.00089406967163
3283,0.1292506381869316,0.008719487581402063,0.05111248418688774,12.002002716064453
3284,0.1285216100513935,0.008005949086509645,0.05093638226389885,12.000629901885986
3285,0.12761692143976688,0.007119170273654163,0.05076080933213234,11.999014973640442
3286,0.12827179860323668,0.007732864702120423,0.05058589577674866,12.003307700157166
3287,0.12732934579253197,0.006825019489042461,0.05041155964136124,12.00002145767212
3288,0.12768517434597015,0.007170307508204132,0.050237663090229034,12.001249551773071
3289,0.12755957059562206,0.007051953114569187,0.050064243376255035,12.00069773197174
3290,0.12809637933969498,0.00760949362302199,0.04989130049943924,11.99879777431488
3291,0.12738207262009382,0.006874759856145829,0.04971896484494209,12.001012563705444
3292,0.128263209015131,0.0077585342223756015,0.04954712837934494,12.00092077255249
3293,0.12833462469279766,0.007832506264094263,0.04937572032213211,12.000836491584778
3294,0.1283331010490656,0.007846344204153866,0.049204856157302856,11.999471187591553
3295,0.12698279321193695,0.006481846095994115,0.04903457313776016,12.001060605049133
3296,0.12819048576056957,0.0076858410611748695,0.04886478930711746,12.00160002708435
3297,0.12681427411735058,0.006317746767308563,0.04869548976421356,12.000957727432251
3298,0.12791322264820337,0.007425818359479308,0.04852675646543503,12.000213742256165
3299,0.1268569827079773,0.006378296471666545,0.048358552157878876,11.999510407447815
3300,0.12780943885445595,0.007315239519812167,0.04819078743457794,12.001229524612427
3301,0.12848054245114326,0.007991176389623433,0.04802344739437103,12.000913739204407
3302,0.12783746793866158,0.00736186234280467,0.047856640070676804,11.999704360961914
3303,0.12768305093050003,0.007194351754151285,0.04769036918878555,12.001179814338684
3304,0.1271875761449337,0.006698853161651641,0.047524601221084595,12.00134789943695
3305,0.12783643789589405,0.007361092837527394,0.04735936224460602,12.000175714492798
3306,0.12713888846337795,0.0066411265870556235,0.047194644808769226,12.00258219242096
3307,0.12846924364566803,0.007982759329024702,0.047030430287122726,12.001618266105652
3308,0.1286350917071104,0.008188189298380166,0.04686668515205383,11.997823715209961
3309,0.12696613743901253,0.006501622847281396,0.04670342803001404,11.99974799156189
3310,0.12825886718928814,0.007767341565340757,0.04654059559106827,12.002612233161926
3311,0.12792043387889862,0.007464000838808715,0.04637829214334488,11.999265432357788
3312,0.12891307659447193,0.008433023525867611,0.04621659219264984,12.001788854598999
3313,0.12741312384605408,0.006931817217264324,0.04605526849627495,12.002075791358948
3314,0.12819952331483364,0.007749315642286092,0.04589441418647766,11.999126553535461
3315,0.1275945845991373,0.007128429249860346,0.0457342192530632,12.000881671905518
3316,0.12706196121871471,0.006584577960893512,0.04557439684867859,12.002164244651794
3317,0.1284355167299509,0.007974838314112276,0.04541498422622681,12.000653386116028
3318,0.12828321382403374,0.007819709368050098,0.04525616765022278,12.001094579696655
3319,0.12802281603217125,0.0075816778116859496,0.045097775757312775,11.999016523361206
3320,0.12754774279892445,0.007101345690898597,0.044939808547496796,11.99970018863678
3321,0.12753557227551937,0.007077515823766589,0.044782474637031555,12.001023173332214
3322,0.12641084752976894,0.005957313405815512,0.044625602662563324,12.000728011131287
3323,0.12844013143330812,0.00797003909246996,0.044469185173511505,12.002540469169617
3324,0.12866564095020294,0.008202899771276861,0.044313229620456696,12.001960754394531
3325,0.1280473954975605,0.0076213652500882745,0.04415769875049591,11.998445630073547
3326,0.1280820220708847,0.0076532994862645864,0.044002652168273926,11.998869895935059
3327,0.12799258157610893,0.007548551890067756,0.04384811595082283,12.000555396080017
3328,0.12745426781475544,0.0069977083476260304,0.04369407147169113,12.001962184906006
3329,0.1275751944631338,0.007119338784832507,0.043540503829717636,12.002045512199402
3330,0.1272916980087757,0.006846585718449205,0.04338735342025757,12.001124024391174
3331,0.1270762486383319,0.006652001233305782,0.0432346947491169,11.999190211296082
3332,0.12743476405739784,0.0070077081909403205,0.04308248683810234,11.999623537063599
3333,0.1283897366374731,0.007968174410052598,0.042930666357278824,11.999225854873657
3334,0.12864718027412891,0.008206358994357288,0.04277940094470978,12.001302719116211
3335,0.1282658837735653,0.0078056626371107996,0.04262863099575043,12.003393769264221
3336,0.12771950475871563,0.007306737301405519,0.04247827082872391,11.998798727989197
3337,0.12964635156095028,0.009206562826875597,0.0423283688724041,12.00165069103241
3338,0.129108726978302,0.008693312585819513,0.04217898100614548,11.999362468719482
3339,0.12917548418045044,0.008741426398046315,0.04203002154827118,12.001375913619995
3340,0.12848825007677078,0.008061965461820364,0.041881583631038666,12.000747442245483
3341,0.1287232507020235,0.008269790618214756,0.04173356294631958,12.003612518310547
3342,0.1284961011260748,0.008076026802882552,0.04158672317862511,12.000421166419983
3343,0.1278978195041418,0.007489629439078271,0.041442275047302246,11.999376893043518
3344,0.12765518948435783,0.0072088397573679686,0.04129800945520401,12.003337144851685
3345,0.12855129316449165,0.008137454220559448,0.041153907775878906,12.000230312347412
3346,0.12844685092568398,0.008023801201488823,0.041011106222867966,12.001294016838074
3347,0.12741530127823353,0.00699139415519312,0.04086891561746597,12.001521825790405
3348,0.12762750778347254,0.007220139232231304,0.04072675481438637,12.000010251998901
3349,0.1288162488490343,0.008398874779231846,0.04058472067117691,12.001153111457825
3350,0.12756779231131077,0.007155134982895106,0.040442854166030884,12.000823140144348
3351,0.12782179564237595,0.007423130853567272,0.040301259607076645,11.999565362930298
3352,0.12751956284046173,0.007112200080882758,0.040160033851861954,12.000576496124268
3353,0.12757123820483685,0.007154613442253321,0.04001897573471069,12.001643657684326
3354,0.1273526567965746,0.006954548298381269,0.03987810015678406,11.999933123588562
3355,0.12795620411634445,0.007537118915934116,0.039737604558467865,12.002171397209167
3356,0.1274853702634573,0.007072020263876766,0.03959740325808525,12.001737594604492
3357,0.12764564342796803,0.007258445257321,0.039457499980926514,11.99926245212555
3358,0.12761955708265305,0.007221157778985798,0.039317891001701355,12.000522255897522
3359,0.12775140069425106,0.007372039253823459,0.039178598672151566,11.99875783920288
3360,0.12776141241192818,0.007363279117271304,0.03903970867395401,12.000773787498474
3361,0.1271647335961461,0.006750845350325108,0.038901157677173615,12.002487659454346
3362,0.12669822201132774,0.0063117919489741325,0.038762934505939484,11.999880194664001
3363,0.12800999358296394,0.00761222728760913,0.03862510621547699,12.001152038574219
3364,0.1272841952741146,0.006881313165649772,0.038487643003463745,12.001800894737244
3365,0.1271427758038044,0.0067660475615412,0.03835053741931915,11.999322414398193
3366,0.12858590111136436,0.008190439199097455,0.03821389377117157,12.001332402229309
3367,0.12768710032105446,0.007299878809135407,0.038077596575021744,12.00064480304718
3368,0.12767150811851025,0.007310046465136111,0.03794163465499878,11.998204827308655
3369,0.1272409949451685,0.006861198460683227,0.037806130945682526,12.000173687934875
3370,0.12774745374917984,0.00734592933440581,0.03767097741365433,12.002481937408447
3371,0.1272911485284567,0.006907630187924951,0.03753620386123657,12.000815749168396
3372,0.12726964429020882,0.006879539636429399,0.03740192577242851,12.001608490943909
3373,0.1282566897571087,0.007866036146879196,0.03726796433329582,12.001797318458557
3374,0.12928413785994053,0.00891688111005351,0.037134356796741486,11.999591708183289
3375,0.12858855724334717,0.008209143241401762,0.037001222372055054,12.000940322875977
3376,0.12740249559283257,0.007036336988676339,0.036868445575237274,11.999747633934021
3377,0.1269600000232458,0.006575138191692531,0.036736082285642624,12.001750230789185
3378,0.12710187770426273,0.006724997540004551,0.036604154855012894,12.001084446907043
3379,0.12705531530082226,0.006678984209429473,0.036472611129283905,12.001160621643066
3380,0.12774231657385826,0.0073616624576970935,0.036341533064842224,12.001724123954773
3381,0.12833480164408684,0.007960486924275756,0.03621082007884979,12.001220703125
3382,0.1275427034124732,0.007204386522062123,0.036080412566661835,11.997751593589783
3383,0.1276592956855893,0.007298157783225179,0.035950493067502975,12.000163316726685
3384,0.12806647457182407,0.007684767770115286,0.03582097217440605,12.002349734306335
3385,0.12762867100536823,0.007276374206412584,0.03569180145859718,11.999537706375122
3386,0.12710266280919313,0.006738672935171053,0.035563141107559204,12.00083589553833
3387,0.12813339568674564,0.007731297344435006,0.03543487563729286,12.004775404930115
3388,0.12723776139318943,0.006884712202008814,0.03530691936612129,11.999998211860657
3389,0.12859697453677654,0.008248678524978459,0.03517936170101166,11.999650478363037
3390,0.1279612798243761,0.007596073148306459,0.03505223989486694,12.001468777656555
3391,0.12752635590732098,0.007171794481109828,0.03492553532123566,12.00053060054779
3392,0.12789684906601906,0.007533954398240894,0.034799277782440186,12.001490712165833
3393,0.12835676595568657,0.007981718983501196,0.0346732959151268,12.00283169746399
3394,0.12824909202754498,0.007904027996119112,0.03454773500561714,11.999958872795105
3395,0.12819200567901134,0.007840356673114002,0.034422703087329865,12.000742435455322
3396,0.12684274092316628,0.0064777390798553824,0.03429796174168587,12.00220263004303
3397,0.1274635698646307,0.007119459449313581,0.034173548221588135,12.000237941741943
3398,0.1283332109451294,0.007968220568727702,0.03404970467090607,12.002449035644531
3399,0.12740687187761068,0.007051824009977281,0.03392621502280235,12.0015789270401
3400,0.12674207612872124,0.00639943644637242,0.03380294144153595,12.000460982322693
3401,0.12699197232723236,0.006644104199949652,0.03368023410439491,12.0011066198349
3402,0.12681201100349426,0.006441286590415984,0.03355792909860611,12.003514528274536
3403,0.12684200890362263,0.0065094337915070355,0.0334358736872673,11.999821543693542
3404,0.12837211601436138,0.008032987068872899,0.03331436216831207,12.000598788261414
3405,0.1273719947785139,0.006991419359110296,0.03319315239787102,12.004864811897278
3406,0.12727825716137886,0.00695611466653645,0.03307223692536354,11.999142289161682
3407,0.12752140499651432,0.007183893991168588,0.03295186161994934,12.000799775123596
3408,0.1282131616026163,0.007779966865200549,0.032831959426403046,12.010488152503967
3409,0.12695740722119808,0.006621884822379798,0.032712213695049286,12.000840306282043
3410,0.12858411110937595,0.008274194435216486,0.032592955976724625,11.998399019241333
3411,0.12933562882244587,0.008842565584927797,0.03247417137026787,12.01683235168457
3412,0.12748017814010382,0.0071435775607824326,0.032355524599552155,12.001304745674133
3413,0.12765103206038475,0.007338899478781968,0.03223741799592972,11.998975992202759
3414,0.12836659885942936,0.00782318681012839,0.03211996704339981,12.022221446037292
3415,0.12796751782298088,0.0076413111528381705,0.032002706080675125,12.00061810016632
3416,0.12675289809703827,0.006427482236176729,0.03188582509756088,12.000656127929688
3417,0.12689069472253323,0.006465621117968112,0.03176942467689514,12.010738253593445
3418,0.12909450009465218,0.008781616343185306,0.0316532701253891,11.999635338783264
3419,0.12728690914809704,0.006988934590481222,0.03153752535581589,11.998260259628296
3420,0.1275941450148821,0.0072598293772898614,0.031422216445207596,12.002009749412537
3421,0.1287144273519516,0.008365546760614961,0.03130725026130676,12.003581523895264
3422,0.12776923552155495,0.007429524906910956,0.03119262307882309,12.00277853012085
3423,0.12718528509140015,0.006859405781142414,0.031078366562724113,12.00151014328003
3424,0.12799600139260292,0.007644241850357503,0.030964506790041924,12.004211902618408
3425,0.12846215814352036,0.008169126987922937,0.030850989744067192,11.998452425003052
3426,0.12723108381032944,0.006942462350707501,0.030737925320863724,11.998124837875366
3427,0.12815029360353947,0.0078079066588543355,0.030625171959400177,12.003613948822021
3428,0.1271360320970416,0.00683332554763183,0.030512675642967224,11.99975836277008
3429,0.12844118103384972,0.008109175716526806,0.030400646850466728,12.002800345420837
3430,0.12816603109240532,0.0078184133162722,0.030289022251963615,12.004473090171814
3431,0.12758875079452991,0.0072864037938416,0.030177609995007515,12.000057578086853
3432,0.12739151995629072,0.007095056877005845,0.03006669506430626,11.999579906463623
3433,0.12752704694867134,0.007206074136774987,0.029956214129924774,12.002141237258911
3434,0.12798727303743362,0.0076669229893013835,0.029845938086509705,12.0021892786026
3435,0.12709135189652443,0.006803876720368862,0.0297359898686409,11.999011635780334
3436,0.12820483557879925,0.007909832696896046,0.02962653338909149,11.999874234199524
3437,0.12861624918878078,0.008300491434056312,0.029517393559217453,12.002058744430542
3438,0.12743817083537579,0.007146685617044568,0.02940850704908371,11.999740362167358
3439,0.12782723642885685,0.007517141755670309,0.029300034046173096,12.001709342002869
3440,0.127573162317276,0.007260057318489999,0.029191916808485985,12.002118945121765
3441,0.12759605050086975,0.007307830732315779,0.029084106907248497,11.999738097190857
3442,0.12755017913877964,0.0072618580888956785,0.028976721689105034,11.999855875968933
3443,0.1273434404283762,0.007034068054053932,0.028869740664958954,12.00206744670868
3444,0.12749414704740047,0.00719955435488373,0.028763022273778915,12.000696659088135
3445,0.1271438542753458,0.006859347922727466,0.028656627982854843,11.999794363975525
3446,0.12728851474821568,0.006992875772994012,0.028550615534186363,12.001013398170471
3447,0.1274757068604231,0.007163311296608299,0.02844490483403206,12.002794742584229
3448,0.12770996987819672,0.007419434725306928,0.02833951823413372,12.000714540481567
3449,0.12795829586684704,0.007682637078687549,0.028234509751200676,11.999331593513489
3450,0.12757162377238274,0.0072911111055873334,0.02812988869845867,11.999921917915344
3451,0.12844756059348583,0.008162582700606436,0.02802555076777935,12.00047242641449
3452,0.12775041908025742,0.007443612616043538,0.02792159467935562,12.002759218215942
3453,0.12784227542579174,0.0075349994585849345,0.027817970141768456,12.002910017967224
3454,0.12761424481868744,0.00734980299603194,0.02771463617682457,11.998729586601257
3455,0.1273182164877653,0.007046516984701157,0.02761167287826538,11.999558568000793
3456,0.12688607349991798,0.006607933552004397,0.027509082108736038,12.000305414199829
3457,0.12753204349428415,0.0072439396171830595,0.02740677073597908,12.001404047012329
3458,0.12876384891569614,0.0084695965051651,0.02730480767786503,12.002120733261108
3459,0.1277394201606512,0.007447026204317808,0.027203183621168137,12.002036333084106
3460,0.12758190371096134,0.007302951184101403,0.027101853862404823,12.00079357624054
3461,0.12698994111269712,0.006715272786095738,0.027000894770026207,12.000466346740723
3462,0.12647024914622307,0.0061893173842690885,0.026900311931967735,12.001193046569824
3463,0.12774676829576492,0.007484006055165082,0.02680002897977829,11.999476313591003
3464,0.12800150364637375,0.007747813418973237,0.026700038462877274,11.998669028282166
3465,0.1280452460050583,0.00777503103017807,0.026600420475006104,12.000421404838562
3466,0.12793998420238495,0.007656753819901496,0.02650107629597187,12.001822352409363
3467,0.12733240239322186,0.007049115258269012,0.026402004063129425,12.001927018165588
3468,0.12861698679625988,0.00832759658806026,0.026303309947252274,12.002635955810547
3469,0.12797202914953232,0.007701127207837999,0.02620502933859825,12.000885367393494
3470,0.12762668170034885,0.00737827317789197,0.026107031852006912,11.998733878135681
3471,0.12743846140801907,0.0071779085556045175,0.02600935474038124,12.000046014785767
3472,0.12687492184340954,0.00660495477495715,0.02591201849281788,12.001084804534912
3473,0.12891240417957306,0.008641765685752034,0.025814920663833618,12.001249074935913
3474,0.12755871936678886,0.007300643948838115,0.025718115270137787,12.000089645385742
3475,0.1281635072082281,0.00789068453013897,0.025621697306632996,12.001660466194153
3476,0.12672726809978485,0.006471736531239003,0.025525640696287155,12.000027894973755
3477,0.12744270730763674,0.007190706266555935,0.02542983740568161,11.999770522117615
3478,0.12757206708192825,0.007314235612284392,0.025334380567073822,12.000449180603027
3479,0.12776125594973564,0.007492381730116904,0.02523927018046379,12.001648426055908
3480,0.12755301967263222,0.007289260101970285,0.025144420564174652,12.001231670379639
3481,0.1279107630252838,0.007651072170119733,0.025049805641174316,12.000919461250305
3482,0.1268366239964962,0.006579624430742115,0.024955561384558678,12.000744700431824
3483,0.1274535469710827,0.007203611254226416,0.02486169897019863,12.000132203102112
3484,0.12688368000090122,0.006639379309490323,0.024768181145191193,11.999662280082703
3485,0.1278621293604374,0.007607208215631545,0.024674933403730392,12.00081741809845
3486,0.12716351263225079,0.006917656457517296,0.02458197996020317,12.000003695487976
3487,0.12861879356205463,0.00835869851289317,0.02448929101228714,12.00152039527893
3488,0.12807093188166618,0.007823312422260642,0.02439689263701439,12.000365018844604
3489,0.12749617733061314,0.007255346514284611,0.024304792284965515,11.999778270721436
3490,0.126941392198205,0.006693206029012799,0.024213086813688278,12.000605702400208
3491,0.12796328961849213,0.0077058280585333705,0.0241217203438282,12.001624703407288
3492,0.12730368226766586,0.007053353823721409,0.024030596017837524,12.00100290775299
3493,0.12695438601076603,0.006717607611790299,0.023939751088619232,11.999738454818726
3494,0.12786005437374115,0.0076148611842654645,0.023849183693528175,12.000670671463013
3495,0.12736892513930798,0.0071184918051585555,0.023758910596370697,12.001284956932068
3496,0.12764965929090977,0.007414864783640951,0.02366899885237217,11.999810695648193
3497,0.12810668908059597,0.007859735866077244,0.023579400032758713,12.001116156578064
3498,0.12719155848026276,0.006959634891245514,0.023490063846111298,11.999702453613281
3499,0.12782829627394676,0.007598117634188384,0.02340102568268776,11.999617099761963
3500,0.12743910402059555,0.007194743258878589,0.023312333971261978,12.001123785972595
3501,0.12798136845231056,0.007728449127171189,0.023223884403705597,12.002068281173706
3502,0.12822071462869644,0.007994582876563072,0.0231357142329216,11.999477982521057
3503,0.12833859771490097,0.00811335165053606,0.023047875612974167,11.99947702884674
3504,0.12776081264019012,0.0075217384728603065,0.022960327565670013,12.00094735622406
3505,0.12774087488651276,0.007501579821109772,0.022873029112815857,12.001056790351868
3506,0.1284690424799919,0.008235577319283038,0.022786054760217667,12.000560522079468
3507,0.12838866002857685,0.00814829021692276,0.022699400782585144,12.001337885856628
3508,0.12769419141113758,0.0074654052732512355,0.02261299267411232,12.000266075134277
3509,0.1287748347967863,0.008558179601095617,0.022526850923895836,11.999138832092285
3510,0.12908143177628517,0.008856547763571143,0.022441033273935318,12.00004768371582
3511,0.12736381776630878,0.0071233397466130555,0.02235548570752144,12.001692533493042
3512,0.12862184643745422,0.008387210546061397,0.022270241752266884,12.001193404197693
3513,0.12870349921286106,0.008468001033179462,0.022185299545526505,12.001364707946777
3514,0.12739542312920094,0.007181320223025978,0.022100653499364853,11.99931001663208
3515,0.127945507876575,0.007720137218711898,0.022016264498233795,12.000520944595337
3516,0.12827093526721,0.008057773928157985,0.021932227537035942,11.99938440322876
3517,0.127402625977993,0.0071678824606351554,0.021848449483513832,12.001626372337341
3518,0.12643457762897015,0.006207619560882449,0.021764831617474556,12.000931024551392
3519,0.12709497101604939,0.006870010867714882,0.0216815248131752,12.0008145570755
3520,0.12696781009435654,0.0067383492132648826,0.021598584949970245,12.00134789943695
3521,0.12816545739769936,0.007955175824463367,0.02151593565940857,11.999512434005737
3522,0.1277494877576828,0.007533866912126541,0.0214335098862648,12.000128626823425
3523,0.12738872226327658,0.0071667370502837,0.021351417526602745,12.000847101211548
3524,0.12786810286343098,0.007641176169272512,0.021269571036100388,12.001422882080078
3525,0.1286450605839491,0.008419446763582528,0.02118799462914467,12.001373529434204
3526,0.12817216105759144,0.007938586990348995,0.021106671541929245,12.002251267433167
3527,0.12713573127985,0.00693125935504213,0.0210256390273571,11.9994215965271
3528,0.12780728936195374,0.007593413814902306,0.020944876596331596,12.00044298171997
3529,0.1277468539774418,0.007540336868260056,0.020864427089691162,11.99978756904602
3530,0.12755898386240005,0.007357757713180035,0.020784199237823486,11.999338865280151
3531,0.12668803241103888,0.006470137974247336,0.020704228430986404,12.00108551979065
3532,0.12711124494671822,0.00688073446508497,0.02062458172440529,12.002426981925964
3533,0.1282398235052824,0.008013107115402818,0.020545167848467827,12.002126812934875
3534,0.12816791608929634,0.007972697087097913,0.020465999841690063,11.999056458473206
3535,0.12762540392577648,0.007437054940965027,0.020387139171361923,11.998448371887207
3536,0.1275714486837387,0.007362727483268827,0.020308606326580048,12.000563740730286
3537,0.12815247476100922,0.007949209888465703,0.02023029327392578,12.000096321105957
3538,0.12726379744708538,0.0070505207986570895,0.020152226090431213,12.00117576122284
3539,0.12812533043324947,0.007896138413343579,0.020074453204870224,12.002845168113708
3540,0.1278002467006445,0.0075883520767092705,0.01999695971608162,12.001193046569824
3541,0.12774396501481533,0.007548885652795434,0.0199197418987751,11.99958848953247
3542,0.12687956355512142,0.006665538006927818,0.019842728972434998,12.001560091972351
3543,0.12792242504656315,0.007725179078988731,0.019765963777899742,11.999958872795105
3544,0.12677493132650852,0.006587331532500684,0.019689470529556274,11.999070525169373
3545,0.1267256084829569,0.0065295803360641,0.019613254815340042,11.999989748001099
3546,0.12752078473567963,0.007309345004614443,0.019537288695573807,12.001606822013855
3547,0.1279866574332118,0.007770307012833655,0.019461624324321747,12.002173781394958
3548,0.1278732679784298,0.007671942992601544,0.019386254251003265,12.000746369361877
3549,0.12929631397128105,0.009084225923288614,0.01931106485426426,12.001897931098938
3550,0.12837274186313152,0.008178726595360786,0.019236138090491295,12.000165820121765
3551,0.1271790685132146,0.006988294597249478,0.019161440432071686,11.999916434288025
3552,0.12713192496448755,0.006952662894036621,0.019087038934230804,11.998839616775513
3553,0.12759944051504135,0.007405854179523885,0.019012898206710815,12.000345945358276
3554,0.12744353339076042,0.007226864108815789,0.01893899217247963,12.002728462219238
3555,0.12842723727226257,0.008218934526666999,0.018865371122956276,12.001965284347534
3556,0.12785431556403637,0.007650742249097675,0.018792027607560158,12.001565337181091
3557,0.12753179855644703,0.007332070264965296,0.018718929961323738,12.001254200935364
3558,0.12752652168273926,0.007348215265665203,0.018646007403731346,11.999184966087341
3559,0.12836243584752083,0.00819341279566288,0.018573343753814697,11.998329043388367
3560,0.12757185101509094,0.007378550129942596,0.01850096695125103,12.000829458236694
3561,0.1275718007236719,0.007358273258432746,0.018428832292556763,12.00292432308197
3562,0.12723013665527105,0.007031978922896087,0.018356960266828537,12.001458883285522
3563,0.12783358432352543,0.00763032102258876,0.018285375088453293,12.002041101455688
3564,0.12789293006062508,0.007703398237936199,0.018214024603366852,12.000739216804504
3565,0.12700047343969345,0.006827784993220121,0.01814286783337593,11.999125957489014
3566,0.1277254419401288,0.007557145436294377,0.01807195320725441,11.998757719993591
3567,0.12798979319632053,0.007798044825904071,0.018001284450292587,12.001173853874207
3568,0.12776014022529125,0.007557454984635115,0.017930831760168076,12.00233805179596
3569,0.12807119637727737,0.007880837772972882,0.017860691994428635,12.00117540359497
3570,0.12769417464733124,0.007492720324080437,0.017790835350751877,12.002354979515076
3571,0.12734283972531557,0.007153506565373391,0.017721138894557953,12.001212358474731
3572,0.12756347097456455,0.007398241083137691,0.01765166036784649,11.998871803283691
3573,0.12769408896565437,0.007520176412072033,0.017582479864358902,11.999809384346008
3574,0.12695461884140968,0.006779861520044506,0.01751355081796646,11.999962329864502
3575,0.12708335369825363,0.006908192532137036,0.017444802448153496,12.00007164478302
3576,0.12739457096904516,0.0072087261360138655,0.017376363277435303,12.001208305358887
3577,0.12701145838946104,0.006827338016591966,0.017308175563812256,12.00110387802124
3578,0.12711447291076183,0.006928833317942917,0.017240112647414207,12.00132417678833
3579,0.12722856551408768,0.007058696646708995,0.01717229187488556,11.999814748764038
3580,0.12820841372013092,0.008028489886783063,0.017104772850871086,12.000888109207153
3581,0.12724856194108725,0.007058425399009138,0.01703749969601631,12.001976132392883
3582,0.12814962677657604,0.007970669365022331,0.01697046495974064,12.000925660133362
3583,0.12880389764904976,0.008623189700301737,0.016903672367334366,12.00116753578186
3584,0.12671635672450066,0.006551019323524088,0.016837090253829956,11.999697089195251
3585,0.12786246743053198,0.0076964967884123325,0.01677071861922741,11.999826431274414
3586,0.12816285900771618,0.00799650012049824,0.016704604029655457,11.999931335449219
3587,0.1285153366625309,0.008342119632288814,0.01663867011666298,12.000683188438416
3588,0.12763298489153385,0.007452260761056095,0.016572944819927216,12.001499772071838
3589,0.12775419652462006,0.0075682130409404635,0.016507478430867195,12.0020911693573
3590,0.12702099606394768,0.006844943796750158,0.0164423156529665,12.001163125038147
3591,0.12772264517843723,0.007547096232883632,0.016377395018935204,12.001177906990051
3592,0.1267795143648982,0.006606537557672709,0.01631268672645092,12.000985383987427
3593,0.12729772552847862,0.007130213489290327,0.016248151659965515,12.000503301620483
3594,0.12746605463325977,0.007299943536054343,0.016183827072381973,12.000427603721619
3595,0.1266657505184412,0.0065072617726400495,0.016119711101055145,11.99972927570343
3596,0.12705962732434273,0.006897272600326687,0.016055813059210777,12.000179767608643
3597,0.12807338126003742,0.007909312844276428,0.0159921795129776,12.000414848327637
3598,0.12754753977060318,0.007374129723757505,0.01592879556119442,12.001412630081177
3599,0.128012552857399,0.007831796654500067,0.01586565002799034,12.002210259437561
3600,0.12784861028194427,0.007675765024032444,0.015802718698978424,12.001482129096985
3601,0.12814020551741123,0.007984312251210213,0.015739988535642624,11.999849557876587
3602,0.12816245295107365,0.008013049024157226,0.015677444636821747,11.999263286590576
3603,0.12626471742987633,0.006108404428232461,0.015615105628967285,12.000016450881958
3604,0.12655108515173197,0.006387007015291601,0.015553034842014313,12.000855445861816
3605,0.12675446830689907,0.006586090486962348,0.015491209924221039,12.001346588134766
3606,0.1275466661900282,0.007389643811620772,0.015429596416652203,12.000272989273071
3607,0.12684639729559422,0.006686434440780431,0.015368178486824036,12.000628471374512
3608,0.12685427255928516,0.00670286436798051,0.01530696265399456,11.999834418296814
3609,0.12746988981962204,0.007320801203604788,0.015245966613292694,11.99966299533844
3610,0.1281453985720873,0.007984580472111702,0.01518518291413784,12.000896573066711
3611,0.1264370884746313,0.006292927253525704,0.015124628320336342,11.999292016029358
3612,0.12630825396627188,0.0061417617835104465,0.015064306557178497,12.001585125923157
3613,0.12816162779927254,0.007987639168277383,0.015004187822341919,12.002395153045654
3614,0.1280898842960596,0.007928118051495403,0.014944210648536682,12.001232981681824
3615,0.1276064645498991,0.007465381408110261,0.014884432777762413,11.999224185943604
3616,0.12726423889398575,0.00711542833596468,0.014824925921857357,12.000056385993958
3617,0.1278973836451769,0.007749249169137329,0.01476570125669241,12.000048279762268
3618,0.1274256333708763,0.0072704433696344495,0.014706635847687721,12.000812530517578
3619,0.1283566728234291,0.008215843350626528,0.01464778371155262,11.999435186386108
3620,0.1278577707707882,0.0076925831963308156,0.014589116908609867,12.001929879188538
3621,0.12824049778282642,0.008092430245596915,0.014530688524246216,12.000276684761047
3622,0.12676671333611012,0.006625444919336587,0.014472419396042824,11.999654531478882
3623,0.1267382837831974,0.006586151313968003,0.014414331875741482,12.000799179077148
3624,0.12800095789134502,0.007854554511141032,0.014356516301631927,12.00028395652771
3625,0.1271225567907095,0.00695778796216473,0.014298893511295319,12.002178192138672
3626,0.1271413117647171,0.006992899638134986,0.01424146443605423,12.000600099563599
3627,0.12762277387082577,0.00747707363916561,0.014184278436005116,12.000385880470276
3628,0.12742515467107296,0.007294731098227203,0.01412727776914835,11.998915195465088
3629,0.12615198455750942,0.006008889002259821,0.014070434495806694,12.000239372253418
3630,0.127075569704175,0.006918812112417072,0.014013823121786118,12.001662015914917
3631,0.12698106467723846,0.0068298474652692676,0.013957422226667404,12.001164317131042
3632,0.12723539397120476,0.00709042145172134,0.013901211321353912,12.000596642494202
3633,0.12777172960340977,0.007641448581125587,0.013845257461071014,11.999183177947998
3634,0.12785744667053223,0.007711045676842332,0.013789517804980278,12.000850796699524
3635,0.12707597389817238,0.006937746191397309,0.013733896426856518,12.000089287757874
3636,0.12806436978280544,0.007929303159471601,0.013678460381925106,11.999828696250916
3637,0.12804391607642174,0.007899907184764743,0.01362328976392746,12.00077760219574
3638,0.12699341028928757,0.006859112996608019,0.013568317517638206,11.99986207485199
3639,0.12682532705366611,0.006677604746073484,0.013513476587831974,12.001259088516235
3640,0.12735146563500166,0.007202180859167129,0.013458874076604843,12.00147008895874
3641,0.12749118730425835,0.007339300180319697,0.013404469937086105,12.001784443855286
3642,0.1274788472801447,0.00734984694281593,0.013350225985050201,11.999549984931946
3643,0.126891634427011,0.0067528170184232295,0.013296201825141907,12.000585675239563
3644,0.12682576477527618,0.0066881339298561215,0.013242398388683796,12.000520586967468
3645,0.1277615912258625,0.007629529281985015,0.013188738375902176,12.000018000602722
3646,0.12714245170354843,0.007013742811977863,0.013135256245732307,11.999735951423645
3647,0.12808593921363354,0.007948886079248041,0.013082016259431839,12.00062346458435
3648,0.12672712188214064,0.006593343452550471,0.013028975576162338,12.000348806381226
3649,0.12821131199598312,0.008068894210737199,0.012976115569472313,12.00126576423645
3650,0.12705813348293304,0.006917771999724209,0.01292344182729721,12.001112937927246
3651,0.12768553756177425,0.007554093725048006,0.012870955280959606,12.00027346611023
3652,0.12784580700099468,0.0077040686737746,0.012818659655749798,12.001355648040771
3653,0.12666774168610573,0.006533262669108808,0.012766536325216293,12.00068187713623
3654,0.12687015160918236,0.006740698590874672,0.012714613229036331,12.00023090839386
3655,0.127406669780612,0.007280275691300631,0.012662883847951889,11.999976992607117
3656,0.12800784409046173,0.007873223745264113,0.01261133048683405,12.000850796699524
3657,0.12794872000813484,0.00782415724825114,0.012559960596263409,11.99989628791809
3658,0.1282598413527012,0.008133627939969301,0.012508789077401161,12.000112771987915
3659,0.127914285287261,0.007796610472723842,0.012457756325602531,11.99930989742279
3660,0.12705016694962978,0.006914440076798201,0.01240692101418972,12.001165986061096
3661,0.12666212767362595,0.006523090531118214,0.012356352061033249,12.001547455787659
3662,0.12643839046359062,0.006304106209427118,0.012305955402553082,12.00112271308899
3663,0.12727268878370523,0.007150990015361458,0.012255711480975151,11.999914169311523
3664,0.12765652313828468,0.007534620352089405,0.012205678969621658,11.999984860420227
3665,0.12847810238599777,0.00834878534078598,0.012155771255493164,12.000776171684265
3666,0.1263935025781393,0.006269261997658759,0.012105977162718773,12.000318169593811
3667,0.12799298577010632,0.007855636882595718,0.012056417763233185,12.001678705215454
3668,0.12831982038915157,0.008190826396457851,0.012007123790681362,12.000892519950867
3669,0.1290535219013691,0.00891819893149659,0.011957989074289799,12.001574754714966
3670,0.1273491820320487,0.007231975090689957,0.011909001506865025,11.999812126159668
3671,0.12824441865086555,0.008111869334243238,0.0118601955473423,12.001394987106323
3672,0.12714467756450176,0.007025524566415697,0.011811573058366776,12.000103950500488
3673,0.12870362773537636,0.008585683885030448,0.01176308374851942,12.000031590461731
3674,0.12664992827922106,0.006534909945912659,0.011714817956089973,11.999787330627441
3675,0.12756814900785685,0.007444109185598791,0.011666744947433472,12.000737428665161
3676,0.12711535952985287,0.006975327851250768,0.011618821881711483,12.002384781837463
3677,0.12780255265533924,0.007672644744161516,0.011571047827601433,12.001420140266418
3678,0.12718224432319403,0.007051925116684288,0.011523453518748283,12.001508831977844
3679,0.12775660678744316,0.007643996388651431,0.011476075276732445,11.999785304069519
3680,0.12643818091601133,0.006320144224446267,0.011428837664425373,12.000375151634216
3681,0.127396447584033,0.007287790649570525,0.011381775140762329,11.999484419822693
3682,0.12765028700232506,0.007531300885602832,0.011334914714097977,12.000563621520996
3683,0.12702782358974218,0.006897902116179466,0.011288237757980824,12.001703977584839
3684,0.12786527629941702,0.007745308626908809,0.011241698637604713,12.000755429267883
3685,0.1264799814671278,0.006364771048538387,0.011195313185453415,12.000325918197632
3686,0.12793325074017048,0.007807990245055407,0.01114911399781704,12.00137722492218
3687,0.1280374377965927,0.007933419779874384,0.011103088036179543,11.999298930168152
3688,0.12685707584023476,0.006748500803951174,0.011057272553443909,11.999800443649292
3689,0.12663588486611843,0.0064988849917426705,0.01101160142570734,12.002688527107239
3690,0.1271105445921421,0.006988217122852802,0.010966090485453606,12.001266956329346
3691,0.12652385607361794,0.006412089423974976,0.010920742526650429,12.000256299972534
3692,0.12766266986727715,0.0075553584028966725,0.010875520296394825,11.999856114387512
3693,0.1273576309904456,0.00724752526730299,0.0108304712921381,12.000180125236511
3694,0.12695627752691507,0.0068501115893013775,0.010785604827105999,11.999831199645996
3695,0.12783019058406353,0.007719896791968495,0.010740941390395164,12.000288605690002
3696,0.1268700510263443,0.006753868306986988,0.01069643720984459,12.000922083854675
3697,0.1278040325269103,0.007686398923397064,0.010652098804712296,12.001111626625061
3698,0.1270696558058262,0.006946894864086062,0.01060792151838541,12.001668572425842
3699,0.12617799546569586,0.006069908267818391,0.010563883930444717,12.000245332717896
3700,0.12757157161831856,0.0074675006326287985,0.010519994422793388,11.999887228012085
3701,0.12725803069770336,0.007152692065574229,0.010476280003786087,12.000057816505432
3702,0.12696903944015503,0.006871162331663072,0.010432727634906769,11.999355435371399
3703,0.12725332751870155,0.007140870671719313,0.010389342904090881,12.000856399536133
3704,0.12856987677514553,0.008451295900158584,0.01034616306424141,12.00151240825653
3705,0.12776198238134384,0.007644228346180171,0.010303091257810593,12.00147259235382
3706,0.12852580100297928,0.008421085076406598,0.010260175913572311,12.000211954116821
3707,0.12723231129348278,0.007115901680663228,0.010217455215752125,12.001423597335815
3708,0.12706024944782257,0.006965466309338808,0.010174892842769623,11.999304056167603
3709,0.12701863050460815,0.006901039159856737,0.010132454335689545,12.00162661075592
3710,0.12752309441566467,0.007415760948788375,0.010090190917253494,12.000643372535706
3711,0.12674819864332676,0.006633887183852494,0.010048100724816322,12.001383185386658
3712,0.1271814238280058,0.0070781472604721785,0.010006152093410492,12.000321745872498
3713,0.12720607966184616,0.007101980794686824,0.009964320808649063,12.00044596195221
3714,0.12690559215843678,0.006803548778407276,0.009922660887241364,12.000281810760498
3715,0.12770679406821728,0.007612726360093802,0.009881210513412952,11.999525904655457
3716,0.12696319073438644,0.00685817637713626,0.009839890524744987,12.000661730766296
3717,0.12783742882311344,0.007740810513496399,0.00979872141033411,11.999863266944885
3718,0.12700997851788998,0.006882377725560218,0.00975770503282547,12.003002405166626
3719,0.12740078195929527,0.007290451962035149,0.00971680972725153,12.001316547393799
3720,0.1280879992991686,0.00798718846635893,0.009676067158579826,12.000405550003052
3721,0.1268474981188774,0.006750932487193495,0.009635524824261665,12.00002145767212
3722,0.12714164704084396,0.0070540112210437655,0.009595142677426338,11.999168634414673
3723,0.12751713301986456,0.007415901112835854,0.009554890915751457,12.000568628311157
3724,0.1272103451192379,0.00710966857150197,0.009514765813946724,12.000553131103516
3725,0.12729527335613966,0.007186179223936051,0.009474771097302437,12.001435041427612
3726,0.126821955665946,0.006720966950524598,0.009434944950044155,12.000663995742798
3727,0.12727728113532066,0.007187244191300124,0.009395316243171692,11.999608755111694
3728,0.12733151018619537,0.007240432780236006,0.009355837479233742,11.999752044677734
3729,0.1277236919850111,0.007618976116646081,0.009316480718553066,12.001155376434326
3730,0.12740940786898136,0.007299808494281024,0.009277239441871643,12.001682758331299
3731,0.12691456824541092,0.006830528553109616,0.009238133206963539,11.999166369438171
3732,0.12713229190558195,0.00703228113707155,0.009199213236570358,12.000802278518677
3733,0.1272117029875517,0.007111718121450394,0.00916045717895031,12.000838279724121
3734,0.12706209812313318,0.006972399773076177,0.009121853858232498,11.999848484992981
3735,0.12728003785014153,0.007175423263106495,0.009083382785320282,12.001378178596497
3736,0.12766461446881294,0.007559534220490605,0.00904504768550396,12.001463294029236
3737,0.128352964296937,0.008255192369688302,0.009006846696138382,12.000770211219788
3738,0.12821596302092075,0.008142560895066708,0.00896877609193325,11.998371481895447
3739,0.12739280052483082,0.007297337870113552,0.008930841460824013,12.000615954399109
3740,0.12763601914048195,0.007543316460214555,0.008893085643649101,12.000377416610718
3741,0.12719269655644894,0.00710126938065514,0.00885549746453762,12.000287652015686
3742,0.12771185114979744,0.007612304703798145,0.008818056434392929,12.001136779785156
3743,0.12662585824728012,0.006523230986203998,0.008780715987086296,12.001482367515564
3744,0.1274113915860653,0.007323323225136846,0.008743495680391788,12.00006365776062
3745,0.12840370647609234,0.008303407346829772,0.008706454187631607,12.001323342323303
3746,0.1278764922171831,0.0077765025780536234,0.0086695346981287,12.001329779624939
3747,0.1274689845740795,0.007380972965620458,0.008632750250399113,12.000168561935425
3748,0.12858578376471996,0.008490636886563152,0.00859612226486206,12.000918626785278
3749,0.12698467262089252,0.006904011883307248,0.008559666574001312,11.999506711959839
3750,0.12843887694180012,0.008347737486474216,0.008523283526301384,12.000591158866882
3751,0.12708615697920322,0.00701577850850299,0.008487047627568245,11.99855101108551
3752,0.12784827128052711,0.007749696262180805,0.008450955152511597,12.00140643119812
3753,0.12665296718478203,0.006544574222061783,0.008414993062615395,12.002424597740173
3754,0.12667591590434313,0.006581483758054674,0.008379187434911728,12.00106394290924
3755,0.1277140025049448,0.007610821339767426,0.00834355503320694,12.001974821090698
3756,0.12757690623402596,0.007502308173570782,0.00830806978046894,11.999152064323425
3757,0.12737149186432362,0.007298972399439663,0.008272679522633553,11.998979568481445
3758,0.12774540670216084,0.007655341527424753,0.008237425237894058,12.00076937675476
3759,0.12676150910556316,0.006676139892078936,0.008202256634831429,12.000335097312927
3760,0.12673915922641754,0.006649186776485294,0.00816722959280014,12.000830292701721
3761,0.12721655704081059,0.007118393084965646,0.008132394403219223,12.001684427261353
3762,0.12785621359944344,0.007761046581435949,0.008097666315734386,12.001419305801392
3763,0.12830084189772606,0.008224495919421315,0.008063046261668205,11.999571919441223
3764,0.12741611152887344,0.007319336466025561,0.008028579875826836,12.001649260520935
3765,0.12724660336971283,0.007163639587815851,0.007994262501597404,12.00030243396759
3766,0.1287328042089939,0.008653231954667717,0.007960077375173569,11.99999737739563
3767,0.12761928513646126,0.007532869465649128,0.007926023565232754,12.000715613365173
3768,0.1278893891721964,0.007804011343978345,0.007892075926065445,12.000645637512207
3769,0.1273488886654377,0.007268256333190948,0.007858280092477798,12.000205039978027
3770,0.12705116905272007,0.006963085208553821,0.007824596017599106,12.00098443031311
3771,0.1268467828631401,0.006761215743608773,0.007791054435074329,12.000765919685364
3772,0.12715369556099176,0.00706485949922353,0.007757669314742088,12.001126170158386
3773,0.12673314847052097,0.006642859778366983,0.007724388502538204,12.001304507255554
3774,0.1277445126324892,0.0076759710791520774,0.0076912217773497105,11.999163269996643
3775,0.12606113404035568,0.005984166695270687,0.007658183574676514,12.000038981437683
3776,0.12743926234543324,0.007358834962360561,0.007625254336744547,12.000417828559875
3777,0.12747106701135635,0.0073985864873975515,0.007592441979795694,11.999655961990356
3778,0.12748241424560547,0.007379991817288101,0.007559803314507008,12.00268268585205
3779,0.12747868616133928,0.007376764551736414,0.007527275942265987,12.002665042877197
3780,0.12673242576420307,0.006655087927356362,0.0074948640540242195,12.000239133834839
3781,0.1266370229423046,0.00655821367399767,0.007462620735168457,12.000418782234192
3782,0.12784203700721264,0.007764660520479083,0.007430444937199354,12.000307440757751
3783,0.12849504686892033,0.008423663442954421,0.007398368790745735,11.999740242958069
3784,0.1284373700618744,0.008361996267922223,0.007366467267274857,12.000171661376953
3785,0.1286979280412197,0.00861340033588931,0.007334703579545021,12.001118302345276
3786,0.12755564413964748,0.007464235823135823,0.007303038612008095,12.001837849617004
3787,0.12832905910909176,0.008254642016254365,0.0072715142741799355,12.000170826911926
3788,0.12791552767157555,0.007832188566680998,0.007240109145641327,12.001093864440918
3789,0.12844492308795452,0.008378162106964737,0.007208839058876038,11.999467372894287
3790,0.12776687555015087,0.007677279703784734,0.007177683524787426,12.001782059669495
3791,0.12779331393539906,0.0077243546256795526,0.007146626710891724,11.999749779701233
3792,0.1272628353908658,0.007186258735600859,0.007115671876817942,12.000542163848877
3793,0.1275873500853777,0.007494037505239248,0.007084846496582031,12.002246618270874
3794,0.12808813713490963,0.008027156756725162,0.0070541719906032085,11.999043941497803
3795,0.12750433199107647,0.007438059139531106,0.0070236120373010635,11.999603986740112
3796,0.128051801584661,0.00797092349966988,0.006993161514401436,12.001094937324524
3797,0.12742121517658234,0.007330128573812544,0.006962834857404232,12.002146244049072
3798,0.12627188675105572,0.006205911748111248,0.006932626478374004,11.999665260314941
3799,0.12712082266807556,0.007052358705550432,0.00690251961350441,11.9999440908432
3800,0.12766775861382484,0.007596855517476797,0.006872532889246941,12.000218033790588
3801,0.127383129671216,0.007319932745303959,0.006842673756182194,11.99947726726532
3802,0.12778175622224808,0.007699231617152691,0.00681292312219739,12.001439809799194
3803,0.1273412574082613,0.0072419458301737905,0.006783278193324804,12.003147959709167
3804,0.1275805812329054,0.007505565648898482,0.006753771565854549,12.000748038291931
3805,0.12792215682566166,0.007867171603720635,0.006724373437464237,11.998774290084839
3806,0.12690232880413532,0.006839324370957911,0.006695070303976536,11.999605655670166
3807,0.12691220082342625,0.00683906493941322,0.006665884051471949,12.000648021697998
3808,0.1266189832240343,0.006552789360284805,0.006636837497353554,11.999982833862305
3809,0.12738016806542873,0.007288154447451234,0.006607899442315102,12.002593755722046
3810,0.1270723743364215,0.006985693005844951,0.006579075939953327,12.002089262008667
3811,0.12722306698560715,0.007147185038775206,0.006550381425768137,12.001038312911987
3812,0.12736275792121887,0.007303570338990539,0.006521791219711304,11.999397277832031
3813,0.12598953675478697,0.005936268134973943,0.0064932736568152905,11.998833775520325
3814,0.12732026726007462,0.007243693806231022,0.006464886479079723,12.001192808151245
3815,0.1273374818265438,0.007274702831637114,0.00643662316724658,11.999841570854187
3816,0.12687426805496216,0.006802696036174893,0.006408451125025749,12.000748753547668
3817,0.12796270288527012,0.007871004519984126,0.006380403880029917,12.002789855003357
3818,0.1267241295427084,0.006652791576925665,0.006352446507662535,12.000781536102295
3819,0.12737923488020897,0.007324511650949717,0.00632461067289114,11.99914801120758
3820,0.1270972266793251,0.00702174921752885,0.006296909414231777,12.001251220703125
3821,0.12700095027685165,0.006937710219062865,0.006269308738410473,12.000055193901062
3822,0.12716646399348974,0.0070978584117256105,0.006241821683943272,12.000619053840637
3823,0.1271348912268877,0.007071386848110706,0.006214442662894726,12.000136017799377
3824,0.1269368063658476,0.006872179510537535,0.006187135353684425,12.0002760887146
3825,0.12765690684318542,0.007591630215756595,0.0061599453911185265,12.000368237495422
3826,0.1268882304430008,0.006829472433310002,0.006132868118584156,11.999742984771729
3827,0.1272685332223773,0.00720564927905798,0.006105898413807154,12.000182628631592
3828,0.12693933956325054,0.006863885500933975,0.006079067941755056,12.001466631889343
3829,0.12741541489958763,0.007339573057834059,0.006052323617041111,12.001531958580017
3830,0.127094273455441,0.007035200658719987,0.006025680340826511,11.999882102012634
3831,0.12727319076657295,0.007202726439572871,0.005999140907078981,12.001047372817993
3832,0.12745539844036102,0.0074005016358569264,0.005972684361040592,11.999517440795898
3833,0.12766970694065094,0.0076088630012236536,0.005946332588791847,12.0001380443573
3834,0.1278876792639494,0.007816840021405369,0.005920137744396925,12.001163721084595
3835,0.12780991196632385,0.007733772392384708,0.005894029513001442,12.001720309257507
3836,0.12773661315441132,0.007683460658881813,0.005867998115718365,11.999447464942932
3837,0.1281382255256176,0.008059588260948658,0.005842073820531368,12.00202214717865
3838,0.12739155441522598,0.007339634699746966,0.005816275719553232,11.999375820159912
3839,0.12713748961687088,0.007068697130307555,0.005790586583316326,12.001089096069336
3840,0.12864465825259686,0.008582530077546835,0.005765008274465799,12.000448226928711
3841,0.12744177877902985,0.0073757675709202886,0.005739494692534208,12.000861883163452
3842,0.12778538651764393,0.0077289617620408535,0.005714046768844128,11.999928593635559
3843,0.12722683884203434,0.007158176915254444,0.005688697565346956,12.001177906990051
3844,0.12694661505520344,0.006876771512906998,0.005663484800606966,12.001320958137512
3845,0.12774440459907055,0.007679377682507038,0.005638420581817627,12.000864624977112
3846,0.12809447199106216,0.008034706464968622,0.0056134420447051525,12.00036334991455
3847,0.12767980434000492,0.007626155391335487,0.00558856874704361,11.999776721000671
3848,0.12781054340302944,0.007741773908492178,0.00556376064196229,12.00131344795227
3849,0.128107700496912,0.008048297488130629,0.005539020989090204,12.000401735305786
3850,0.12804937921464443,0.007989938836544752,0.005514410324394703,12.00042974948883
3851,0.12708084657788277,0.007036552531644702,0.0054899100214242935,11.998939633369446
3852,0.126837863586843,0.00677649409044534,0.005465512163937092,12.000671982765198
3853,0.12678089551627636,0.006702818383928388,0.005441200919449329,12.002366542816162
3854,0.12744866497814655,0.007379105547443032,0.005416993983089924,12.00153911113739
3855,0.12779399007558823,0.007728135271463543,0.0053928629495203495,12.001193165779114
3856,0.12630191259086132,0.006263844785280526,0.005368843674659729,11.998438119888306
3857,0.12710131332278252,0.007057571434415877,0.005344938486814499,11.999029397964478
3858,0.12740495800971985,0.007359989162068814,0.005321115721017122,11.999176144599915
3859,0.12685545906424522,0.0067790416069328785,0.005297384224832058,12.002344608306885
3860,0.1265574861317873,0.006466004066169262,0.005273745395243168,12.00387454032898
3861,0.12696698307991028,0.0069057082873769104,0.005250202491879463,12.000877380371094
3862,0.12731081433594227,0.007270468166097999,0.005226778797805309,11.99880838394165
3863,0.12647506035864353,0.006433760980144143,0.005203445442020893,11.998926758766174
3864,0.12819309905171394,0.008144711726345122,0.0051801735535264015,11.999658703804016
3865,0.12732435017824173,0.007262797967996448,0.005156977102160454,12.000998377799988
3866,0.12742313742637634,0.007337011571507901,0.005133903585374355,12.00347900390625
3867,0.12690274603664875,0.006828292214777321,0.005110936239361763,12.002334475517273
3868,0.126596974208951,0.006545373587869108,0.005088047590106726,12.000072240829468
3869,0.12733773328363895,0.00728986447211355,0.0050652530044317245,11.999721765518188
3870,0.12776937894523144,0.007727717864327133,0.005042552016675472,11.999123573303223
3871,0.12690073065459728,0.006870199867989868,0.005019960924983025,11.998033165931702
3872,0.12794996052980423,0.007872833521105349,0.004997437819838524,12.002715826034546
3873,0.1268134517595172,0.006744713871739805,0.004974975250661373,12.001898765563965
3874,0.1276557855308056,0.00758069526636973,0.004952641203999519,12.002556681632996
3875,0.12729040067642927,0.007242975058034062,0.004930406808853149,11.999812364578247
3876,0.12761820666491985,0.007575368625111878,0.004908247850835323,11.999375939369202
3877,0.1277850028127432,0.007736512809060514,0.004886174574494362,11.999963164329529
3878,0.1269702985882759,0.006914519588463008,0.004864180460572243,12.000714182853699
3879,0.1265440657734871,0.006498014961834997,0.004842283204197884,11.999762892723083
3880,0.1265080738812685,0.00643793266499415,0.004820491187274456,12.002194046974182
3881,0.1268222276121378,0.0067809546017088,0.0047987946309149265,11.999328970909119
3882,0.1275428356602788,0.007505410467274487,0.004777180962264538,11.998965620994568
3883,0.127179941162467,0.007130710408091545,0.004755636677145958,12.000167846679688
3884,0.12751621939241886,0.0074468632228672504,0.0047341762110590935,12.002201676368713
3885,0.12714037485420704,0.007071569503750652,0.004712807945907116,12.00216805934906
3886,0.12731561437249184,0.007272953167557716,0.00469152582809329,11.999574899673462
3887,0.12668492645025253,0.006622403918299824,0.004670340102165937,12.001582503318787
3888,0.12826245464384556,0.008223089622333646,0.004649253562092781,11.999287605285645
3889,0.12719245441257954,0.007148914854042232,0.004628247581422329,11.999726295471191
3890,0.12701169587671757,0.006973290990572423,0.004607301205396652,11.999233603477478
3891,0.12739777565002441,0.007352215063292533,0.004586441442370415,11.999969959259033
3892,0.12790431454777718,0.007840435369871557,0.004565687850117683,12.001822352409363
3893,0.1274061892181635,0.007345163787249476,0.00454501248896122,12.00155770778656
3894,0.12770410254597664,0.007652409432921559,0.004524423275142908,12.000645160675049
3895,0.1270394353196025,0.006990663823671639,0.004503924399614334,12.000373363494873
3896,0.12688909843564034,0.006844178307801485,0.004483507014811039,12.000008702278137
3897,0.12779548205435276,0.007739949913229793,0.004463174380362034,12.001090288162231
3898,0.12748387455940247,0.007432678597979248,0.004442892968654633,12.000677108764648
3899,0.12641078047454357,0.00636884180130437,0.004422694444656372,11.999771237373352
3900,0.1272947769612074,0.00724271300714463,0.00440262071788311,12.00080406665802
3901,0.12793062813580036,0.007891963527072221,0.004382639192044735,11.999484419822693
3902,0.12723084073513746,0.007185843773186207,0.004362720530480146,12.000137090682983
3903,0.1269160583615303,0.006858592096250504,0.004342874512076378,12.00140392780304
3904,0.12641836144030094,0.00638229213654995,0.004323099739849567,11.999284267425537
3905,0.12818017415702343,0.008127622306346893,0.004303423687815666,12.000952124595642
3906,0.12762529402971268,0.007572696718852967,0.0042838118970394135,12.000976204872131
3907,0.12676028162240982,0.006711321067996323,0.004264285787940025,12.00063180923462
3908,0.12700240314006805,0.006955008371733129,0.004244858864694834,12.000494718551636
3909,0.1273655267432332,0.0073217813624069095,0.004225500859320164,12.000149250030518
3910,0.1276579163968563,0.007598739757668227,0.00420621782541275,12.00171160697937
3911,0.12777502462267876,0.007721886911895126,0.0041870176792144775,12.001126766204834
3912,0.12732916325330734,0.007292050227988511,0.004167864099144936,11.99954378604889
3913,0.12729841750115156,0.0072552531491965055,0.0041488166898489,12.000167846679688
3914,0.12765392288565636,0.0076212341082282364,0.004129872191697359,11.999139189720154
3915,0.12845915742218494,0.008408725494518876,0.004110986366868019,12.000932455062866
3916,0.12762119993567467,0.007570847461465746,0.004092170856893063,12.000943064689636
3917,0.12754875607788563,0.007487740716896951,0.004073426127433777,12.002028703689575
3918,0.1274548564106226,0.007417229760903865,0.004054770804941654,11.99970817565918
3919,0.1282325591892004,0.008186195627786219,0.004036202095448971,12.000600576400757
3920,0.1279850024729967,0.007938951312098652,0.004017810337245464,12.000587463378906
3921,0.128104530274868,0.008057534112595022,0.0039995769038796425,12.000700116157532
3922,0.12810583412647247,0.008077455742750317,0.0039814370684325695,11.998856544494629
3923,0.13004521653056145,0.009977426496334374,0.003963339142501354,12.002815842628479
3924,0.1285666488111019,0.008526318822987378,0.003945287317037582,12.00008773803711
3925,0.1288939155638218,0.008829434867948294,0.003927260637283325,12.002521276473999
3926,0.12766104750335217,0.007640147989150137,0.00390930799767375,11.998181223869324
3927,0.1286961268633604,0.008636522921733558,0.0038915248587727547,12.002068877220154
3928,0.12762181647121906,0.007561956474091858,0.003874038113281131,12.00211250782013
3929,0.12745876237750053,0.007433970517013222,0.0038565886206924915,11.99862265586853
3930,0.12830305099487305,0.008227390237152576,0.003839165437966585,12.003727316856384
3931,0.1267965566366911,0.006739589909557253,0.003822285681962967,12.001874327659607
3932,0.12808196060359478,0.008050729287788272,0.0038054068572819233,11.99931788444519
3933,0.12770048901438713,0.007656271511223167,0.003788944333791733,12.000633120536804
3934,0.12766152527183294,0.007627195387613028,0.0037724145222455263,11.99966049194336
3935,0.12777737714350224,0.007740448461845517,0.0037558977492153645,11.999936819076538
3936,0.12906906567513943,0.008997432887554169,0.003739341162145138,12.003424525260925
3937,0.12745657563209534,0.0074130327557213604,0.0037227612920105457,12.00063169002533
3938,0.12726100161671638,0.007208693539723754,0.0037062340416014194,12.001525163650513
3939,0.12783374451100826,0.007782745873555541,0.0036897328682243824,12.001410484313965
3940,0.12799247726798058,0.007964080548845232,0.003673186292871833,11.99916660785675
3941,0.1274498514831066,0.007396063709165901,0.0036566341295838356,12.00172245502472
3942,0.127265440300107,0.007228752365335822,0.003640127833932638,12.000028848648071
3943,0.12889650277793407,0.008863026567269117,0.00362364761531353,11.99972414970398
3944,0.12776278890669346,0.007693598105106503,0.0036071958020329475,12.003312349319458
3945,0.12844985537230968,0.008395434357225895,0.003590816166251898,12.001851797103882
3946,0.1260200785472989,0.005978641624096781,0.003574465401470661,12.000569581985474
3947,0.12654925882816315,0.006519428396131843,0.0035581490956246853,11.999424934387207
3948,0.12713042832911015,0.0070939865545369685,0.0035418770276010036,12.000102639198303
3949,0.1279699206352234,0.007891438086517155,0.0035256468690931797,12.00432288646698
3950,0.12669716030359268,0.006667171139270067,0.0035094181075692177,11.999489784240723
3951,0.12790243327617645,0.00786565721500665,0.003493286669254303,12.000184535980225
3952,0.12751611694693565,0.007447322888765484,0.003477215301245451,12.003402471542358
3953,0.12651086505502462,0.006473375658970326,0.0034611746668815613,12.000287890434265
3954,0.12802528217434883,0.007986344106029719,0.0034452108666300774,12.000448942184448
3955,0.12753820605576038,0.007479546940885484,0.0034292712807655334,12.002436876296997
3956,0.1278465799987316,0.007837637327611446,0.003413373837247491,11.99748158454895
3957,0.12664262857288122,0.006603656860534102,0.003397588385269046,12.000499963760376
3958,0.12727689370512962,0.007215546735096723,0.003381866030395031,12.002753257751465
3959,0.12643720768392086,0.0063979942933656275,0.0033661529887467623,12.000555276870728
3960,0.1268007569015026,0.006773596862331033,0.0033505328465253115,11.99936580657959
3961,0.1280425786972046,0.008000027271918952,0.0033349827863276005,12.000920534133911
3962,0.1266663232818246,0.006627208029385656,0.0033194520510733128,12.000592470169067
3963,0.12814795412123203,0.008105860732030123,0.0033039990812540054,12.000905513763428
3964,0.1270281719043851,0.006987495929934084,0.003288604086264968,12.000779271125793
3965,0.12735441327095032,0.007321067561861128,0.0032732579857110977,12.000061869621277
3966,0.1282671680673957,0.008228622900787741,0.0032580094411969185,12.00059711933136
3967,0.12713737040758133,0.0070901415310800076,0.003242817474529147,12.001480460166931
3968,0.1283092387020588,0.008265372482128441,0.0032276464626193047,12.001159310340881
3969,0.126676881685853,0.0066471113241277635,0.003212547395378351,11.999764800071716
3970,0.12742196395993233,0.00739571126177907,0.0031975433230400085,11.999428033828735
3971,0.1282677836716175,0.008230720297433436,0.0031825853511691093,12.000524044036865
3972,0.126432279124856,0.006406994652934372,0.003167693968862295,11.999360799789429
3973,0.12747235223650932,0.0074262499692849815,0.003152879886329174,12.001457333564758
3974,0.12708291970193386,0.007039341144263744,0.003138099331408739,12.001219868659973
3975,0.12773383036255836,0.007689072983339429,0.00312337139621377,12.001352787017822
3976,0.1267910972237587,0.006750211236067116,0.0031087170355021954,12.000980257987976
3977,0.1275631207972765,0.007535451848525554,0.0030941064469516277,11.999672889709473
3978,0.12652882933616638,0.00649792788317427,0.0030795675702393055,12.000010967254639
3979,0.1272223498672247,0.007195204962044954,0.003065107623115182,11.9996497631073
3980,0.1267951186746359,0.006752362591214478,0.003050702391192317,12.001225233078003
3981,0.1272906195372343,0.007248676556628197,0.003036337671801448,12.001158475875854
3982,0.12672579288482666,0.006701609876472503,0.0030220532789826393,11.999396443367004
3983,0.12808240018785,0.008041694934945554,0.003007852006703615,12.001062631607056
3984,0.12670647259801626,0.006661762308795005,0.0029936700593680143,12.001477718353271
3985,0.127688592299819,0.007647775346413255,0.0029795202426612377,12.001102089881897
3986,0.12612282950431108,0.006079942686483264,0.002965447958558798,12.001323580741882
3987,0.12643799744546413,0.006407109729479998,0.002951480448246002,12.00013780593872
3988,0.12734981067478657,0.007308629690669477,0.002937575802206993,12.001180648803711
3989,0.12604832276701927,0.006032214587321505,0.0029237144626677036,11.998687148094177
3990,0.12709944415837526,0.007084745215252042,0.0029099006205797195,11.998560428619385
3991,0.12729887384921312,0.007261013437528163,0.0028961263597011566,12.000890374183655
3992,0.1272407080978155,0.007214965240564197,0.0028824135661125183,11.99969232082367
3993,0.12821553833782673,0.008157964912243187,0.0028687685262411833,12.002888679504395
3994,0.12754007801413536,0.0074861469911411405,0.0028551844879984856,12.002538084983826
3995,0.12746011652052402,0.007434116443619132,0.002841680310666561,11.99975872039795
3996,0.12767482921481133,0.007642962504178286,0.0028282441198825836,12.000358939170837
3997,0.12666393630206585,0.00663507980061695,0.002814830280840397,12.000071167945862
3998,0.12761249393224716,0.007583975908346474,0.0028014665003865957,12.000050783157349
3999,0.1274687834084034,0.007432133483234793,0.0027881741989403963,12.000877141952515
