{
  "seed": 2,
  "eta": 57.03900146484375,
  "h32_MAE_uniform": 4.417535779464085,
  "h32_RMSE_uniform": 6.0669832812588815,
  "h32_CRPS_uniform": 3.8513967247039247,
  "h32_MAE_gaussian": 4.417998570154462,
  "h32_RMSE_gaussian": 6.0676693247951174,
  "h32_CRPS_gaussian": 3.8517516161241794,
  "h64_MAE_uniform": 6.547635480017649,
  "h64_RMSE_uniform": 8.939522672627179,
  "h64_CRPS_uniform": 5.619633703395774,
  "h64_MAE_gaussian": 6.548466427440955,
  "h64_RMSE_gaussian": 8.94069617717911,
  "h64_CRPS_gaussian": 5.620287354369355
}