{
  "seed": 3,
  "eta": 56.316036224365234,
  "h32_MAE_uniform": 4.502729450390198,
  "h32_RMSE_uniform": 6.142381471179656,
  "h32_CRPS_uniform": 3.9599741774543666,
  "h32_MAE_gaussian": 4.503118454348023,
  "h32_RMSE_gaussian": 6.14295216043128,
  "h32_CRPS_gaussian": 3.9602916961448322,
  "h64_MAE_uniform": 6.629771916802303,
  "h64_RMSE_uniform": 9.007370061081842,
  "h64_CRPS_uniform": 5.744550818720041,
  "h64_MAE_gaussian": 6.630478600550402,
  "h64_RMSE_gaussian": 9.008351449335292,
  "h64_CRPS_gaussian": 5.745132454698867
}