{
  "seed": 1,
  "eta": 57.16888427734375,
  "h32_MAE_uniform": 4.5010442746620125,
  "h32_RMSE_uniform": 6.1325110946010675,
  "h32_CRPS_uniform": 3.957833018551714,
  "h32_MAE_gaussian": 4.501475371212846,
  "h32_RMSE_gaussian": 6.13312580854074,
  "h32_CRPS_gaussian": 3.958146795986611,
  "h64_MAE_uniform": 6.635756210361036,
  "h64_RMSE_uniform": 9.00535605426173,
  "h64_CRPS_uniform": 5.751330304438406,
  "h64_MAE_gaussian": 6.636541218285796,
  "h64_RMSE_gaussian": 9.006431647717514,
  "h64_CRPS_gaussian": 5.751925982016177
}