{
  "seed": 0,
  "eta": 54.55226135253906,
  "h32_MAE_uniform": 4.382694639823184,
  "h32_RMSE_uniform": 5.970053415374623,
  "h32_CRPS_uniform": 3.7735420376312767,
  "h32_MAE_gaussian": 4.383162443039801,
  "h32_RMSE_gaussian": 5.970721122468144,
  "h32_CRPS_gaussian": 3.7738852737027777,
  "h64_MAE_uniform": 6.418578943330164,
  "h64_RMSE_uniform": 8.723273921788481,
  "h64_CRPS_uniform": 5.433825786767615,
  "h64_MAE_gaussian": 6.419464157479545,
  "h64_RMSE_gaussian": 8.724472871524338,
  "h64_CRPS_gaussian": 5.434494601869604
}