{
  "seed": 2,
  "eta": 57.13774108886719,
  "h32_MAE_uniform": 4.481317790530388,
  "h32_RMSE_uniform": 6.103022692999291,
  "h32_CRPS_uniform": 3.9125987236623843,
  "h32_MAE_gaussian": 4.481807657051831,
  "h32_RMSE_gaussian": 6.103724573866708,
  "h32_CRPS_gaussian": 3.9129800462199995,
  "h64_MAE_uniform": 6.594811960163328,
  "h64_RMSE_uniform": 8.935419879713429,
  "h64_CRPS_uniform": 5.667536913514915,
  "h64_MAE_gaussian": 6.595687798844299,
  "h64_RMSE_gaussian": 8.936596063216452,
  "h64_CRPS_gaussian": 5.668230942841426
}