{
  "seed": 4,
  "eta": 55.74639892578125,
  "h32_MAE_uniform": 4.507212736119055,
  "h32_RMSE_uniform": 6.158574752399617,
  "h32_CRPS_uniform": 3.9569030946874655,
  "h32_MAE_gaussian": 4.507678108043383,
  "h32_RMSE_gaussian": 6.159272250590981,
  "h32_CRPS_gaussian": 3.9572608194662937,
  "h64_MAE_uniform": 6.654450129801355,
  "h64_RMSE_uniform": 9.059128543276689,
  "h64_CRPS_uniform": 5.751703920891126,
  "h64_MAE_gaussian": 6.655296977594201,
  "h64_RMSE_gaussian": 9.060332584235463,
  "h64_CRPS_gaussian": 5.752362285362527
}