{
  "seed": 3,
  "eta": 56.263938903808594,
  "h32_MAE_uniform": 4.447052562107089,
  "h32_RMSE_uniform": 6.103608719831881,
  "h32_CRPS_uniform": 3.9065610699275695,
  "h32_MAE_gaussian": 4.447409372484439,
  "h32_RMSE_gaussian": 6.104124794913864,
  "h32_CRPS_gaussian": 3.906847695243222,
  "h64_MAE_uniform": 6.600156919223532,
  "h64_RMSE_uniform": 9.010633764434225,
  "h64_CRPS_uniform": 5.714256527699224,
  "h64_MAE_gaussian": 6.600814871077959,
  "h64_RMSE_gaussian": 9.011561589511814,
  "h64_CRPS_gaussian": 5.714792097266145
}