{
  "seed": 0,
  "eta": 54.51349639892578,
  "h32_MAE_uniform": 4.326683717306531,
  "h32_RMSE_uniform": 5.946105470850946,
  "h32_CRPS_uniform": 3.7223718776021073,
  "h32_MAE_gaussian": 4.32714207814212,
  "h32_RMSE_gaussian": 5.946766114386806,
  "h32_CRPS_gaussian": 3.7227033819121758,
  "h64_MAE_uniform": 6.3821450388230705,
  "h64_RMSE_uniform": 8.734333769686717,
  "h64_CRPS_uniform": 5.398895698700539,
  "h64_MAE_gaussian": 6.38299039578251,
  "h64_RMSE_gaussian": 8.735526729683539,
  "h64_CRPS_gaussian": 5.39953544374281
}