{
  "seed": 4,
  "eta": 55.585609436035156,
  "h32_MAE_uniform": 4.431422053917041,
  "h32_RMSE_uniform": 6.101268387977648,
  "h32_CRPS_uniform": 3.8861491370050594,
  "h32_MAE_gaussian": 4.431853844567797,
  "h32_RMSE_gaussian": 6.101934147862495,
  "h32_CRPS_gaussian": 3.8864796517074716,
  "h64_MAE_uniform": 6.599152878012273,
  "h64_RMSE_uniform": 9.0306973824483,
  "h64_CRPS_uniform": 5.6986381360167595,
  "h64_MAE_gaussian": 6.599949391456047,
  "h64_RMSE_gaussian": 9.031874951224488,
  "h64_CRPS_gaussian": 5.69925394890336
}