{
  "seed": 1,
  "eta": 56.992061614990234,
  "h32_MAE_uniform": 4.447498717546491,
  "h32_RMSE_uniform": 6.103829180089994,
  "h32_CRPS_uniform": 3.910658707132761,
  "h32_MAE_gaussian": 4.447888970845449,
  "h32_RMSE_gaussian": 6.104404225096788,
  "h32_CRPS_gaussian": 3.9109371811610423,
  "h64_MAE_uniform": 6.614311014809159,
  "h64_RMSE_uniform": 9.018313129548673,
  "h64_CRPS_uniform": 5.73616551737538,
  "h64_MAE_gaussian": 6.615021860796266,
  "h64_RMSE_gaussian": 9.019335055957425,
  "h64_CRPS_gaussian": 5.736697662175088
}