{
  "baseline": {
    "MAE_h32": 3.7378173987486645,
    "RMSE_h32": 5.039875056706717,
    "CRPS_h32": 3.7378173987486645,
    "MAE_h64": 5.245856609882988,
    "RMSE_h64": 7.066083253003601,
    "CRPS_h64": 5.245856609882988
  },
  "h32_MAE_uniform": {
    "mean": 4.4749997783049675,
    "std": 0.047000172391599856
  },
  "h32_RMSE_uniform": {
    "mean": 6.10130868531085,
    "std": 0.06807473868145525
  },
  "h32_CRPS_uniform": {
    "mean": 3.9121702103974414,
    "std": 0.07153921464472755
  },
  "h32_MAE_gaussian": {
    "mean": 4.475448406739177,
    "std": 0.0469870774171141
  },
  "h32_RMSE_gaussian": {
    "mean": 6.101959183179571,
    "std": 0.06806337576118572
  },
  "h32_CRPS_gaussian": {
    "mean": 3.912512926304103,
    "std": 0.071533878853195
  },
  "h64_MAE_uniform": {
    "mean": 6.586673832091637,
    "std": 0.08623487931201342
  },
  "h64_RMSE_uniform": {
    "mean": 8.946109692024432,
    "std": 0.11815775689955949
  },
  "h64_CRPS_uniform": {
    "mean": 5.6697895488664205,
    "std": 0.1221737107756219
  },
  "h64_MAE_gaussian": {
    "mean": 6.587493750550848,
    "std": 0.08619943804147524
  },
  "h64_RMSE_gaussian": {
    "mean": 8.94723692320581,
    "std": 0.1181242395790471
  },
  "h64_CRPS_gaussian": {
    "mean": 5.670429253357719,
    "std": 0.12215179012040035
  },
  "per_seed": [
    {
      "seed": 0,
      "eta": 54.55226135253906,
      "h32_MAE_uniform": 4.382694639823184,
      "h32_RMSE_uniform": 5.970053415374623,
      "h32_CRPS_uniform": 3.7735420376312767,
      "h32_MAE_gaussian": 4.383162443039801,
      "h32_RMSE_gaussian": 5.970721122468144,
      "h32_CRPS_gaussian": 3.7738852737027777,
      "h64_MAE_uniform": 6.418578943330164,
      "h64_RMSE_uniform": 8.723273921788481,
      "h64_CRPS_uniform": 5.433825786767615,
      "h64_MAE_gaussian": 6.419464157479545,
      "h64_RMSE_gaussian": 8.724472871524338,
      "h64_CRPS_gaussian": 5.434494601869604
    },
    {
      "seed": 1,
      "eta": 57.16888427734375,
      "h32_MAE_uniform": 4.5010442746620125,
      "h32_RMSE_uniform": 6.1325110946010675,
      "h32_CRPS_uniform": 3.957833018551714,
      "h32_MAE_gaussian": 4.501475371212846,
      "h32_RMSE_gaussian": 6.13312580854074,
      "h32_CRPS_gaussian": 3.958146795986611,
      "h64_MAE_uniform": 6.635756210361036,
      "h64_RMSE_uniform": 9.00535605426173,
      "h64_CRPS_uniform": 5.751330304438406,
      "h64_MAE_gaussian": 6.636541218285796,
      "h64_RMSE_gaussian": 9.006431647717514,
      "h64_CRPS_gaussian": 5.751925982016177
    },
    {
      "seed": 2,
      "eta": 57.13774108886719,
      "h32_MAE_uniform": 4.481317790530388,
      "h32_RMSE_uniform": 6.103022692999291,
      "h32_CRPS_uniform": 3.9125987236623843,
      "h32_MAE_gaussian": 4.481807657051831,
      "h32_RMSE_gaussian": 6.103724573866708,
      "h32_CRPS_gaussian": 3.9129800462199995,
      "h64_MAE_uniform": 6.594811960163328,
      "h64_RMSE_uniform": 8.935419879713429,
      "h64_CRPS_uniform": 5.667536913514915,
      "h64_MAE_gaussian": 6.595687798844299,
      "h64_RMSE_gaussian": 8.936596063216452,
      "h64_CRPS_gaussian": 5.668230942841426
    },
    {
      "seed": 3,
      "eta": 56.316036224365234,
      "h32_MAE_uniform": 4.502729450390198,
      "h32_RMSE_uniform": 6.142381471179656,
      "h32_CRPS_uniform": 3.9599741774543666,
      "h32_MAE_gaussian": 4.503118454348023,
      "h32_RMSE_gaussian": 6.14295216043128,
      "h32_CRPS_gaussian": 3.9602916961448322,
      "h64_MAE_uniform": 6.629771916802303,
      "h64_RMSE_uniform": 9.007370061081842,
      "h64_CRPS_uniform": 5.744550818720041,
      "h64_MAE_gaussian": 6.630478600550402,
      "h64_RMSE_gaussian": 9.008351449335292,
      "h64_CRPS_gaussian": 5.745132454698867
    },
    {
      "seed": 4,
      "eta": 55.74639892578125,
      "h32_MAE_uniform": 4.507212736119055,
      "h32_RMSE_uniform": 6.158574752399617,
      "h32_CRPS_uniform": 3.9569030946874655,
      "h32_MAE_gaussian": 4.507678108043383,
      "h32_RMSE_gaussian": 6.159272250590981,
      "h32_CRPS_gaussian": 3.9572608194662937,
      "h64_MAE_uniform": 6.654450129801355,
      "h64_RMSE_uniform": 9.059128543276689,
      "h64_CRPS_uniform": 5.751703920891126,
      "h64_MAE_gaussian": 6.655296977594201,
      "h64_RMSE_gaussian": 9.060332584235463,
      "h64_CRPS_gaussian": 5.752362285362527
    }
  ]
}