{
  "baseline": {
    "MAE_h32": 3.7316868595980903,
    "RMSE_h32": 5.068157455771573,
    "CRPS_h32": 3.7316868595980903,
    "MAE_h64": 5.301255779606787,
    "RMSE_h64": 7.180981683588902,
    "CRPS_h64": 5.301255779606787
  },
  "h32_MAE_uniform": {
    "mean": 4.414038566068247,
    "std": 0.04506615453953721
  },
  "h32_RMSE_uniform": {
    "mean": 6.06435900800187,
    "std": 0.06074787659241071
  },
  "h32_CRPS_uniform": {
    "mean": 3.855427503274284,
    "std": 0.06975527649766462
  },
  "h32_MAE_gaussian": {
    "mean": 4.414458567238854,
    "std": 0.045039191852887024
  },
  "h32_RMSE_gaussian": {
    "mean": 6.064979721411014,
    "std": 0.060718940631089235
  },
  "h32_CRPS_gaussian": {
    "mean": 3.8557439052296183,
    "std": 0.06973994607142747
  },
  "h64_MAE_uniform": {
    "mean": 6.548680266177138,
    "std": 0.08630156319361611
  },
  "h64_RMSE_uniform": {
    "mean": 8.94670014374902,
    "std": 0.11083542450159116
  },
  "h64_CRPS_uniform": {
    "mean": 5.633517916637535,
    "std": 0.1237224739102989
  },
  "h64_MAE_gaussian": {
    "mean": 6.549448589310748,
    "std": 0.0862530865393735
  },
  "h64_RMSE_gaussian": {
    "mean": 8.947798900711275,
    "std": 0.11078069103844672
  },
  "h64_CRPS_gaussian": {
    "mean": 5.634113301291352,
    "std": 0.1236881976985133
  },
  "per_seed": [
    {
      "seed": 0,
      "eta": 54.51349639892578,
      "h32_MAE_uniform": 4.326683717306531,
      "h32_RMSE_uniform": 5.946105470850946,
      "h32_CRPS_uniform": 3.7223718776021073,
      "h32_MAE_gaussian": 4.32714207814212,
      "h32_RMSE_gaussian": 5.946766114386806,
      "h32_CRPS_gaussian": 3.7227033819121758,
      "h64_MAE_uniform": 6.3821450388230705,
      "h64_RMSE_uniform": 8.734333769686717,
      "h64_CRPS_uniform": 5.398895698700539,
      "h64_MAE_gaussian": 6.38299039578251,
      "h64_RMSE_gaussian": 8.735526729683539,
      "h64_CRPS_gaussian": 5.39953544374281
    },
    {
      "seed": 1,
      "eta": 56.992061614990234,
      "h32_MAE_uniform": 4.447498717546491,
      "h32_RMSE_uniform": 6.103829180089994,
      "h32_CRPS_uniform": 3.910658707132761,
      "h32_MAE_gaussian": 4.447888970845449,
      "h32_RMSE_gaussian": 6.104404225096788,
      "h32_CRPS_gaussian": 3.9109371811610423,
      "h64_MAE_uniform": 6.614311014809159,
      "h64_RMSE_uniform": 9.018313129548673,
      "h64_CRPS_uniform": 5.73616551737538,
      "h64_MAE_gaussian": 6.615021860796266,
      "h64_RMSE_gaussian": 9.019335055957425,
      "h64_CRPS_gaussian": 5.736697662175088
    },
    {
      "seed": 2,
      "eta": 57.03900146484375,
      "h32_MAE_uniform": 4.417535779464085,
      "h32_RMSE_uniform": 6.0669832812588815,
      "h32_CRPS_uniform": 3.8513967247039247,
      "h32_MAE_gaussian": 4.417998570154462,
      "h32_RMSE_gaussian": 6.0676693247951174,
      "h32_CRPS_gaussian": 3.8517516161241794,
      "h64_MAE_uniform": 6.547635480017649,
      "h64_RMSE_uniform": 8.939522672627179,
      "h64_CRPS_uniform": 5.619633703395774,
      "h64_MAE_gaussian": 6.548466427440955,
      "h64_RMSE_gaussian": 8.94069617717911,
      "h64_CRPS_gaussian": 5.620287354369355
    },
    {
      "seed": 3,
      "eta": 56.263938903808594,
      "h32_MAE_uniform": 4.447052562107089,
      "h32_RMSE_uniform": 6.103608719831881,
      "h32_CRPS_uniform": 3.9065610699275695,
      "h32_MAE_gaussian": 4.447409372484439,
      "h32_RMSE_gaussian": 6.104124794913864,
      "h32_CRPS_gaussian": 3.906847695243222,
      "h64_MAE_uniform": 6.600156919223532,
      "h64_RMSE_uniform": 9.010633764434225,
      "h64_CRPS_uniform": 5.714256527699224,
      "h64_MAE_gaussian": 6.600814871077959,
      "h64_RMSE_gaussian": 9.011561589511814,
      "h64_CRPS_gaussian": 5.714792097266145
    },
    {
      "seed": 4,
      "eta": 55.585609436035156,
      "h32_MAE_uniform": 4.431422053917041,
      "h32_RMSE_uniform": 6.101268387977648,
      "h32_CRPS_uniform": 3.8861491370050594,
      "h32_MAE_gaussian": 4.431853844567797,
      "h32_RMSE_gaussian": 6.101934147862495,
      "h32_CRPS_gaussian": 3.8864796517074716,
      "h64_MAE_uniform": 6.599152878012273,
      "h64_RMSE_uniform": 9.0306973824483,
      "h64_CRPS_uniform": 5.6986381360167595,
      "h64_MAE_gaussian": 6.599949391456047,
      "h64_RMSE_gaussian": 9.031874951224488,
      "h64_CRPS_gaussian": 5.69925394890336
    }
  ]
}