{
  "B_log_ret_hist": {
    "name": "Log-return histogram",
    "mse": {
      "mean": 4.882949332840893,
      "std": 0.5078541620809349,
      "per_seed": [
        5.006187358343422,
        5.7016827810043536,
        4.145351980278624,
        4.920642461107753,
        4.640882083470308
      ]
    },
    "pct": {
      "mean": 42.14037348224657,
      "std": 1.002981309651095,
      "per_seed": [
        42.486473765277196,
        43.593611843858376,
        40.65921669393483,
        42.50745986144162,
        41.4551052467208
      ]
    },
    "nrmse": {
      "mean": 10.280797055397674,
      "std": 0.5316585184936702,
      "per_seed": [
        10.39011444732741,
        11.132986891295921,
        9.501343721665961,
        10.349467921741782,
        10.03007229495729
      ]
    }
  },
  "B_qq_plot": {
    "name": "QQ plot",
    "mse": {
      "mean": 3.4769337884237137e-06,
      "std": 1.7480753310479964e-07,
      "per_seed": [
        3.531350151155084e-06,
        3.7273094960262013e-06,
        3.223744519249014e-06,
        3.555302926125396e-06,
        3.3469618495628736e-06
      ]
    },
    "pct": {
      "mean": 25.70708263052068,
      "std": 1.743041785366308,
      "per_seed": [
        25.95822596211594,
        26.73143817605946,
        22.28318601866347,
        26.93575099165838,
        26.62681200410616
      ]
    },
    "nrmse": {
      "mean": 8.688631021918281,
      "std": 0.22483067384438804,
      "per_seed": [
        8.761707556065526,
        9.013050992303182,
        8.361275750016436,
        8.781103128209551,
        8.526017682996716
      ]
    }
  },
  "B_acf_abs_r": {
    "name": "ACF |r|",
    "mse": {
      "mean": 0.00017156475395267826,
      "std": 4.7949990096238e-05,
      "per_seed": [
        0.00015460933574604929,
        9.006986239684717e-05,
        0.0001825789629883187,
        0.00023293578620374933,
        0.00019762982242842688
      ]
    },
    "pct": {
      "mean": 73.33275233633381,
      "std": 13.170487700835562,
      "per_seed": [
        75.94191064670046,
        49.1977667076864,
        72.15662058326996,
        87.7603155509156,
        81.60714819309656
      ]
    },
    "nrmse": {
      "mean": 51.97665250952143,
      "std": 7.839984040213253,
      "per_seed": [
        52.82997574992445,
        37.44216416766616,
        52.472911452755014,
        60.591491395369665,
        56.546719781891895
      ]
    }
  },
  "B_acf_sq_r": {
    "name": "ACF r\u00b2",
    "mse": {
      "mean": 0.00013162070089315912,
      "std": 4.4267675198958215e-05,
      "per_seed": [
        0.00011109429366724641,
        5.683254615145016e-05,
        0.0001477666647088317,
        0.00018515147336062394,
        0.00015725852657764335
      ]
    },
    "pct": {
      "mean": 73.19122873891611,
      "std": 16.723052329306924,
      "per_seed": [
        76.69396672001658,
        42.260264698975135,
        72.08930541931136,
        90.70512932827822,
        84.20747752799926
      ]
    },
    "nrmse": {
      "mean": 46.31678803137986,
      "std": 8.701908652519103,
      "per_seed": [
        47.24554122138812,
        30.116930249075352,
        46.99715738216611,
        55.66281608620015,
        51.56149521806955
      ]
    }
  },
  "B_roll_vol_hist": {
    "name": "Rolling vol histogram",
    "mse": {
      "mean": 220.18023417393073,
      "std": 15.359391971858045,
      "per_seed": [
        217.24552300308565,
        248.3190395349444,
        205.7232012205933,
        222.3031776432649,
        207.31022946776537
      ]
    },
    "pct": {
      "mean": 69.04773375978,
      "std": 1.4413303940800053,
      "per_seed": [
        68.55142563607241,
        71.1962566810815,
        67.59141149342182,
        70.25067806259794,
        67.64889692572633
      ]
    },
    "nrmse": {
      "mean": 28.870513777741614,
      "std": 0.9919283636586759,
      "per_seed": [
        28.687473865266387,
        30.672208585775085,
        27.920825884526206,
        29.043147660746428,
        28.028912892393965
      ]
    }
  },
  "B_tail_surv": {
    "name": "Tail survival",
    "mse": {
      "mean": 0.002258061790106781,
      "std": 0.0001998371840328367,
      "per_seed": [
        0.0022986484917747697,
        0.002594938957542688,
        0.0020019712622328487,
        0.0022735095133999757,
        0.0021212407255836226
      ]
    },
    "pct": {
      "mean": 28.38609001395746,
      "std": 0.8410505041333145,
      "per_seed": [
        28.63169922995682,
        29.691234456544606,
        27.23346897539501,
        28.614407488976035,
        27.759639918914814
      ]
    },
    "nrmse": {
      "mean": 8.300613143483702,
      "std": 0.3647502916795216,
      "per_seed": [
        8.382962787867049,
        8.907075499223112,
        7.823173357997749,
        8.336962187126803,
        8.052891885203792
      ]
    }
  }
}