{
  "B_log_ret_hist": {
    "name": "Log-return histogram",
    "mse": {
      "mean": 4.882949332840893,
      "std": 0.5078541620809349,
      "per_seed": [
        5.006187358343422,
        5.7016827810043536,
        4.145351980278624,
        4.920642461107753,
        4.640882083470308
      ]
    },
    "pct": {
      "mean": 313.84110265497736,
      "std": 111.71851227618919,
      "per_seed": [
        443.6808299325507,
        195.25373281654637,
        445.1124990113564,
        287.82920455266475,
        197.32924696176872
      ]
    },
    "nrmse": {
      "mean": 26.203992855703962,
      "std": 2.003979420832872,
      "per_seed": [
        28.847249646605814,
        27.77159555048854,
        23.079937069436664,
        25.282975309804545,
        26.038206702184254
      ]
    }
  },
  "B_qq_plot": {
    "name": "QQ plot",
    "mse": {
      "mean": 3.4769337884237137e-06,
      "std": 1.7480753310479964e-07,
      "per_seed": [
        3.531350151155084e-06,
        3.7273094960262013e-06,
        3.223744519249014e-06,
        3.555302926125396e-06,
        3.3469618495628736e-06
      ]
    },
    "pct": {
      "mean": 31.897498393378264,
      "std": 0.7666640323756014,
      "per_seed": [
        31.685015036230343,
        32.94858540802782,
        30.871098341814843,
        32.59048122324563,
        31.392311957572684
      ]
    },
    "nrmse": {
      "mean": 6.488251158624547,
      "std": 0.13716647052059078,
      "per_seed": [
        6.486080640237638,
        6.369458250687404,
        6.4374989080437315,
        6.751080476788661,
        6.397137517365298
      ]
    }
  },
  "B_acf_abs_r": {
    "name": "ACF |r|",
    "mse": {
      "mean": 0.00017156475395267826,
      "std": 4.7949990096238e-05,
      "per_seed": [
        0.00015460933574604929,
        9.006986239684717e-05,
        0.0001825789629883187,
        0.00023293578620374933,
        0.00019762982242842688
      ]
    },
    "pct": {
      "mean": 215.47052748642835,
      "std": 57.658304234131144,
      "per_seed": [
        155.36864867650368,
        155.1007690393411,
        244.87028550669802,
        307.6662318857609,
        214.34670232383814
      ]
    },
    "nrmse": {
      "mean": 117.09622159349183,
      "std": 20.98787733704363,
      "per_seed": [
        92.80015377402096,
        91.21110152272558,
        132.7939555460636,
        141.44932937150517,
        127.22656775314385
      ]
    }
  },
  "B_acf_sq_r": {
    "name": "ACF r\u00b2",
    "mse": {
      "mean": 0.00013162070089315912,
      "std": 4.4267675198958215e-05,
      "per_seed": [
        0.00011109429366724641,
        5.683254615145016e-05,
        0.0001477666647088317,
        0.00018515147336062394,
        0.00015725852657764335
      ]
    },
    "pct": {
      "mean": 365.5117304400513,
      "std": 60.59790175124298,
      "per_seed": [
        329.5162022989787,
        381.85336958302383,
        452.6875208147635,
        390.5665057823755,
        272.9350537211147
      ]
    },
    "nrmse": {
      "mean": 97.45058151513602,
      "std": 20.228423575672625,
      "per_seed": [
        77.17525743279175,
        69.08137087670902,
        114.07535175049343,
        117.98976164291845,
        108.9311658727675
      ]
    }
  },
  "B_roll_vol_hist": {
    "name": "Rolling vol histogram",
    "mse": {
      "mean": 220.18023417393073,
      "std": 15.359391971858045,
      "per_seed": [
        217.24552300308565,
        248.3190395349444,
        205.7232012205933,
        222.3031776432649,
        207.31022946776537
      ]
    },
    "pct": {
      "mean": 167.05134203239314,
      "std": 16.20600986873605,
      "per_seed": [
        190.9619537796879,
        179.56521397501044,
        146.38464736000233,
        163.27081354923192,
        155.07408149803314
      ]
    },
    "nrmse": {
      "mean": 35.771267895131764,
      "std": 1.4026092061017519,
      "per_seed": [
        36.1092213602878,
        38.37461718995284,
        34.82638475775747,
        34.600905489165804,
        34.94521067849491
      ]
    }
  },
  "B_tail_surv": {
    "name": "Tail survival",
    "mse": {
      "mean": 0.002258061790106781,
      "std": 0.0001998371840328367,
      "per_seed": [
        0.0022986484917747697,
        0.002594938957542688,
        0.0020019712622328487,
        0.0022735095133999757,
        0.0021212407255836226
      ]
    },
    "pct": {
      "mean": 27.96874594909599,
      "std": 0.8383730651906852,
      "per_seed": [
        28.212118117050156,
        29.27282034808327,
        26.82018947298247,
        28.191064048619264,
        27.34753775874477
      ]
    },
    "nrmse": {
      "mean": 8.300613143483702,
      "std": 0.3647502916795216,
      "per_seed": [
        8.382962787867049,
        8.907075499223112,
        7.823173357997749,
        8.336962187126803,
        8.052891885203792
      ]
    }
  }
}