{
  "B_log_ret_hist": {
    "name": "Log-return histogram",
    "mse": {
      "mean": 14.505378990701635,
      "std": 1.468763427279217,
      "per_seed": [
        14.89776580730459,
        16.80672076177777,
        12.225102557251237,
        14.787625069884992,
        13.809680757289579
      ]
    },
    "pct": {
      "mean": 41.94278439376804,
      "std": 0.9957470917618235,
      "per_seed": [
        42.31076791217575,
        43.37522718608922,
        40.47049860940941,
        42.302543109029244,
        41.25488515213658
      ]
    }
  },
  "B_qq_plot": {
    "name": "QQ plot",
    "mse": {
      "mean": 1.0284495967963859e-05,
      "std": 5.244541874538479e-07,
      "per_seed": [
        1.0448198133569483e-05,
        1.1026246117138274e-05,
        9.524742053028066e-06,
        1.0520716960435886e-05,
        9.902576575647586e-06
      ]
    },
    "pct": {
      "mean": 25.391916193435602,
      "std": 1.7040526830346068,
      "per_seed": [
        25.640756534020063,
        26.437978252742223,
        22.044488793970974,
        26.57803918574707,
        26.25831820069769
      ]
    }
  },
  "B_acf_abs_r": {
    "name": "ACF |r|",
    "mse": {
      "mean": 0.0005757670076268675,
      "std": 0.00012597859623684034,
      "per_seed": [
        0.0005314531531024839,
        0.0003069703854254335,
        0.0006056619731993476,
        0.000766635949568872,
        0.0006681135768382004
      ]
    },
    "pct": {
      "mean": 74.75503880175798,
      "std": 12.016991913103023,
      "per_seed": [
        77.24861732768974,
        52.699532318615574,
        73.70822729665998,
        87.88086982673937,
        82.23794723908522
      ]
    }
  },
  "B_acf_sq_r": {
    "name": "ACF r\u00b2",
    "mse": {
      "mean": 0.00043344268404512396,
      "std": 0.00010710003261458414,
      "per_seed": [
        0.0003834197911933743,
        0.00018414822067911097,
        0.000472384438374902,
        0.0005955962717212716,
        0.0005316646982569609
      ]
    },
    "pct": {
      "mean": 73.89934132183268,
      "std": 14.288855682318824,
      "per_seed": [
        76.726808019466,
        47.460432766918125,
        73.13796492363933,
        88.93616280328229,
        83.23533809585767
      ]
    }
  },
  "B_roll_vol_hist": {
    "name": "Rolling vol histogram",
    "mse": {
      "mean": 652.3529938279571,
      "std": 44.94639908577195,
      "per_seed": [
        643.5472004018834,
        735.6774155137128,
        609.5893104006077,
        658.9603461687137,
        613.9906966548679
      ]
    },
    "pct": {
      "mean": 68.60894778787191,
      "std": 1.4204283913284803,
      "per_seed": [
        68.12712717982514,
        70.70223989764602,
        67.18314167964212,
        69.82453059123047,
        67.2076995910158
      ]
    }
  },
  "B_tail_surv": {
    "name": "Tail survival",
    "mse": {
      "mean": 0.006702188915804305,
      "std": 0.0005965208503871102,
      "per_seed": [
        0.006823016815634056,
        0.007708931273793885,
        0.005937154326444585,
        0.00674815918157727,
        0.00629368298157173
      ]
    },
    "pct": {
      "mean": 28.24664254414115,
      "std": 0.8419062409822042,
      "per_seed": [
        28.492918795486773,
        29.55275112812342,
        27.09230833327042,
        28.475255716904858,
        27.61997874692029
      ]
    }
  }
}