{
  "seed": 2,
  "A1_kurtosis_error": 0.4649413345411211,
  "A2_abs_r_q95_error": 0.006663894497147417,
  "A3_abs_r_q99_error": 0.010121280605497607,
  "A4_tail_qq_error": 0.006560531183733074,
  "A5_hill_tail_index_error": 2.9949949258712643,
  "A6_path_mmd2": 0.0036442310450638116,
  "A7_terminal_mmd2": 0.0025064557770905216,
  "A8_increment_mmd2": 0.009961014457186668,
  "A9_volatility_mmd": 0.35223178080375206,
  "A10_terminal_swd": 1.3126046938528537,
  "A11_path_swd": 1.0339838925879836,
  "A12_rv_law_loss": 2.2043840399770103,
  "A13_mean_path_rmse": 0.8015604727324862,
  "A14_ks_logreturns": 0.05760949803149608,
  "A15_skewness_error": 0.03853833721395199,
  "A16_qq_rmse": 0.0029526080307464672,
  "A17_terminal_ks": 0.0509033203125,
  "A18_disc_score_gru": 0.008697,
  "A18_disc_score_mlp": 0.003814,
  "A19_pred_score_gru": 0.051154,
  "A19_pred_score_mlp": 0.051173,
  "A20_cov_error": 36.365165313822274,
  "A21_acf_abs": 0.018443567084654527,
  "A22_acf_sq": 0.017243476795160653,
  "A23_acf_lag1_abs_error": 0.0014275506334151186,
  "A24_acf_lag1_sq_error": 0.010436325389933575,
  "A25_mean_rmse": 1.3751423545119223,
  "A26_std_error": 0.29652856183005094,
  "A27_logreturn_std_error": 0.003125550581591646,
  "A28_kurtosis_ratio": 2.1703608958803495,
  "A29_sigma_mean_error": 0.04703644470471577,
  "A30_vol_path_rmse": 1.2174043687048122,
  "A31_rolling_vol_ks": 0.24981639831046754,
  "A32_vol_of_vol_error": 0.0015888036664643305,
  "A33_sigma_corr": 0.008148330862147378,
  "A34_sigma_rmse": 0.09535283003450971,
  "compute_time_sec": 51.98,
  "B_log_ret_hist_funct": 12.054141612812941,
  "B_log_ret_hist_der": 0.19501112444776292,
  "B_log_ret_hist_sec_der": 0.18690320357516832,
  "B_log_ret_hist_funct_pct": 40.65921669393483,
  "B_log_ret_hist_der_pct": 49.17191564633971,
  "B_log_ret_hist_sec_der_pct": 1286356.8240082394,
  "B_log_ret_hist_funct_nrmse": 9.501343721665961,
  "B_log_ret_hist_der_nrmse": 23.989950342679396,
  "B_log_ret_hist_sec_der_nrmse": 35.74851714396464,
  "B_qq_plot_funct": 9.456868168068853e-06,
  "B_qq_plot_der": 1.7593361529331377e-07,
  "B_qq_plot_sec_der": 3.843177438487491e-08,
  "B_qq_plot_funct_pct": 22.28318601866347,
  "B_qq_plot_der_pct": 23.607121622708185,
  "B_qq_plot_sec_der_pct": 73.88286195999628,
  "B_qq_plot_funct_nrmse": 8.361275750016436,
  "B_qq_plot_der_nrmse": 5.848852064407476,
  "B_qq_plot_sec_der_nrmse": 5.102368909707284,
  "B_acf_abs_r_funct": 0.00039500697279223635,
  "B_acf_abs_r_der": 5.7726654724702035e-05,
  "B_acf_abs_r_sec_der": 9.500326144801768e-05,
  "B_acf_abs_r_funct_pct": 72.15662058326996,
  "B_acf_abs_r_der_pct": 221.89477211630023,
  "B_acf_abs_r_sec_der_pct": 444.3344400305828,
  "B_acf_abs_r_funct_nrmse": 52.472911452755014,
  "B_acf_abs_r_der_nrmse": 167.2105604148212,
  "B_acf_abs_r_sec_der_nrmse": 178.6983947706146,
  "B_acf_sq_r_funct": 0.00026159725390902474,
  "B_acf_sq_r_der": 7.101743152862184e-05,
  "B_acf_sq_r_sec_der": 0.0001106853086888485,
  "B_acf_sq_r_funct_pct": 72.08930541931136,
  "B_acf_sq_r_der_pct": 646.0619267219473,
  "B_acf_sq_r_sec_der_pct": 731.1235542020656,
  "B_acf_sq_r_funct_nrmse": 46.99715738216611,
  "B_acf_sq_r_der_nrmse": 149.35422549582657,
  "B_acf_sq_r_sec_der_nrmse": 145.87467237348758,
  "B_roll_vol_hist_funct": 608.7325062806923,
  "B_roll_vol_hist_der": 5.918271321971072,
  "B_roll_vol_hist_sec_der": 2.518826059116608,
  "B_roll_vol_hist_funct_pct": 67.59141149342182,
  "B_roll_vol_hist_der_pct": 204.69290548540425,
  "B_roll_vol_hist_sec_der_pct": 179.5123519975081,
  "B_roll_vol_hist_funct_nrmse": 27.920825884526206,
  "B_roll_vol_hist_der_nrmse": 45.59312063077366,
  "B_roll_vol_hist_sec_der_nrmse": 30.965207757972536,
  "B_tail_surv_funct": 0.005998410212955929,
  "B_tail_surv_der": 7.437220783920113e-06,
  "B_tail_surv_sec_der": 6.635295869787459e-08,
  "B_tail_surv_funct_pct": 27.23346897539501,
  "B_tail_surv_der_pct": 21.753948859826604,
  "B_tail_surv_sec_der_pct": 16610.53932230669,
  "B_tail_surv_funct_nrmse": 7.823173357997749,
  "B_tail_surv_der_nrmse": 283725.6174882017,
  "B_tail_surv_sec_der_nrmse": 26799.294373776804
}