{
  "seed": 4,
  "A1_kurtosis_error": 0.4213530046104679,
  "A2_abs_r_q95_error": 0.006786494047575961,
  "A3_abs_r_q99_error": 0.010137026369724515,
  "A4_tail_qq_error": 0.006661658115262708,
  "A5_hill_tail_index_error": 3.32464706208901,
  "A6_path_mmd2": 0.00467493433118471,
  "A7_terminal_mmd2": 0.004298247766758023,
  "A8_increment_mmd2": 0.011074655637206554,
  "A9_volatility_mmd": 0.3839617836344957,
  "A10_terminal_swd": 1.815409484827096,
  "A11_path_swd": 1.2695490354984096,
  "A12_rv_law_loss": 2.233570988516929,
  "A13_mean_path_rmse": 0.13792995168616656,
  "A14_ks_logreturns": 0.059710645300196874,
  "A15_skewness_error": 0.1143019589002422,
  "A16_qq_rmse": 0.003014028027654511,
  "A17_terminal_ks": 0.0352783203125,
  "A18_disc_score_gru": 0.393805,
  "A18_disc_score_mlp": 0.016021,
  "A19_pred_score_gru": 0.051258,
  "A19_pred_score_mlp": 0.051235,
  "A20_cov_error": 45.28685719994803,
  "A21_acf_abs": 0.019509722672107693,
  "A22_acf_sq": 0.018093339836439206,
  "A23_acf_lag1_abs_error": 0.00032663720514370526,
  "A24_acf_lag1_sq_error": 0.00803212416842733,
  "A25_mean_rmse": 0.1636310291408165,
  "A26_std_error": 0.3057600496451268,
  "A27_logreturn_std_error": 0.0031720584165645365,
  "A28_kurtosis_ratio": 1.8382264056654327,
  "A29_sigma_mean_error": 0.04792237397069063,
  "A30_vol_path_rmse": 1.4765477667824873,
  "A31_rolling_vol_ks": 0.2507582253556911,
  "A32_vol_of_vol_error": 0.0015421358036101663,
  "A33_sigma_corr": 0.005191959915349113,
  "A34_sigma_rmse": 0.0960144399904519,
  "compute_time_sec": 51.94,
  "B_log_ret_hist_funct": 13.433041518399396,
  "B_log_ret_hist_der": 0.2339977434932964,
  "B_log_ret_hist_sec_der": 0.25560698851823405,
  "B_log_ret_hist_funct_pct": 41.4551052467208,
  "B_log_ret_hist_der_pct": 57.26172317533322,
  "B_log_ret_hist_sec_der_pct": 315426.84224738384,
  "B_log_ret_hist_funct_nrmse": 10.03007229495729,
  "B_log_ret_hist_der_nrmse": 26.278797630318216,
  "B_log_ret_hist_sec_der_nrmse": 41.80575018127726,
  "B_qq_plot_funct": 9.833196095894863e-06,
  "B_qq_plot_der": 1.726613090827068e-07,
  "B_qq_plot_sec_der": 3.502814371105067e-08,
  "B_qq_plot_funct_pct": 26.62681200410616,
  "B_qq_plot_der_pct": 24.147798655492284,
  "B_qq_plot_sec_der_pct": 74.76992758203576,
  "B_qq_plot_funct_nrmse": 8.526017682996716,
  "B_qq_plot_der_nrmse": 5.7942034171471,
  "B_qq_plot_sec_der_nrmse": 4.871191451952077,
  "B_acf_abs_r_funct": 0.0004587216869636316,
  "B_acf_abs_r_der": 5.247856535655784e-05,
  "B_acf_abs_r_sec_der": 8.168921496509116e-05,
  "B_acf_abs_r_funct_pct": 81.60714819309656,
  "B_acf_abs_r_der_pct": 156.9123682942406,
  "B_acf_abs_r_sec_der_pct": 407.60553579900323,
  "B_acf_abs_r_funct_nrmse": 56.546719781891895,
  "B_acf_abs_r_der_nrmse": 159.4286923645445,
  "B_acf_abs_r_sec_der_nrmse": 165.70429111299515,
  "B_acf_sq_r_funct": 0.00031487704817875783,
  "B_acf_sq_r_der": 6.350914556712313e-05,
  "B_acf_sq_r_sec_der": 9.338938598704906e-05,
  "B_acf_sq_r_funct_pct": 84.20747752799926,
  "B_acf_sq_r_der_pct": 348.0594488802569,
  "B_acf_sq_r_sec_der_pct": 430.8988097813508,
  "B_acf_sq_r_funct_nrmse": 51.56149521806955,
  "B_acf_sq_r_der_nrmse": 141.23852336908783,
  "B_acf_sq_r_sec_der_nrmse": 133.99347903114509,
  "B_roll_vol_hist_funct": 613.454675334114,
  "B_roll_vol_hist_der": 5.91377034960818,
  "B_roll_vol_hist_sec_der": 2.5622427195739625,
  "B_roll_vol_hist_funct_pct": 67.64889692572633,
  "B_roll_vol_hist_der_pct": 230.29146358881226,
  "B_roll_vol_hist_sec_der_pct": 185.08554392779055,
  "B_roll_vol_hist_funct_nrmse": 28.028912892393965,
  "B_roll_vol_hist_der_nrmse": 45.57578005978014,
  "B_roll_vol_hist_sec_der_nrmse": 31.230939083310638,
  "B_tail_surv_funct": 0.006355855152065426,
  "B_tail_surv_der": 7.798799958341042e-06,
  "B_tail_surv_sec_der": 6.822472710129575e-08,
  "B_tail_surv_funct_pct": 27.759639918914814,
  "B_tail_surv_der_pct": 22.462250322120276,
  "B_tail_surv_sec_der_pct": 18156.08148141736,
  "B_tail_surv_funct_nrmse": 8.052891885203792,
  "B_tail_surv_der_nrmse": 290540.7833054162,
  "B_tail_surv_sec_der_nrmse": 27174.659828093154
}