{
  "seed": 1,
  "A1_kurtosis_error": 0.3931876624015862,
  "A2_abs_r_q95_error": 0.007038846366660592,
  "A3_abs_r_q99_error": 0.010400956097597589,
  "A4_tail_qq_error": 0.006929228098929878,
  "A5_hill_tail_index_error": 3.9673704572475152,
  "A6_path_mmd2": 0.0032799189705402243,
  "A7_terminal_mmd2": 0.002159922841164452,
  "A8_increment_mmd2": 0.012266721431220429,
  "A9_volatility_mmd": 0.4071894520750571,
  "A10_terminal_swd": 1.7005925453550645,
  "A11_path_swd": 1.004905419559527,
  "A12_rv_law_loss": 2.3193781290319704,
  "A13_mean_path_rmse": 0.5903388708431585,
  "A14_ks_logreturns": 0.06265475055364172,
  "A15_skewness_error": 0.030232468512263827,
  "A16_qq_rmse": 0.003171545489775679,
  "A17_terminal_ks": 0.0479736328125,
  "A18_disc_score_gru": 0.404181,
  "A18_disc_score_mlp": 0.00412,
  "A19_pred_score_gru": 0.054669,
  "A19_pred_score_mlp": 0.054579,
  "A20_cov_error": 35.68917552276963,
  "A21_acf_abs": 0.014596493740678045,
  "A22_acf_sq": 0.01202686357761321,
  "A23_acf_lag1_abs_error": 0.0009868430901955674,
  "A24_acf_lag1_sq_error": 0.006930760895662025,
  "A25_mean_rmse": 1.027546953450738,
  "A26_std_error": 0.32352944912809556,
  "A27_logreturn_std_error": 0.0033270645929259855,
  "A28_kurtosis_ratio": 1.4338992564350854,
  "A29_sigma_mean_error": 0.05038365600380573,
  "A30_vol_path_rmse": 0.8906410440512899,
  "A31_rolling_vol_ks": 0.26956896277947157,
  "A32_vol_of_vol_error": 0.0015627601434512858,
  "A33_sigma_corr": -0.0031693862674202038,
  "A34_sigma_rmse": 0.09740406857469548,
  "compute_time_sec": 47.2,
  "B_log_ret_hist_funct": 16.39441574891299,
  "B_log_ret_hist_der": 0.24550825820782887,
  "B_log_ret_hist_sec_der": 0.1667967546569488,
  "B_log_ret_hist_funct_pct": 43.37522718608922,
  "B_log_ret_hist_der_pct": 265.52194368019076,
  "B_log_ret_hist_sec_der_pct": 32813.94299834141,
  "B_qq_plot_funct": 1.0829674661775467e-05,
  "B_qq_plot_der": 1.66151912646107e-07,
  "B_qq_plot_sec_der": 3.041954271669805e-08,
  "B_qq_plot_funct_pct": 26.437978252742223,
  "B_qq_plot_der_pct": 25.667202108188715,
  "B_qq_plot_sec_der_pct": 76.08174824595062,
  "B_acf_abs_r_funct": 0.0002549995348047229,
  "B_acf_abs_r_der": 2.6969760953656084e-05,
  "B_acf_abs_r_sec_der": 2.5001089667054462e-05,
  "B_acf_abs_r_funct_pct": 52.699532318615574,
  "B_acf_abs_r_der_pct": 94.81630277707144,
  "B_acf_abs_r_sec_der_pct": 206.94059660446356,
  "B_acf_sq_r_funct": 0.00014041363354867314,
  "B_acf_sq_r_der": 2.425942044099901e-05,
  "B_acf_sq_r_sec_der": 1.947516668943881e-05,
  "B_acf_sq_r_funct_pct": 47.460432766918125,
  "B_acf_sq_r_der_pct": 123.1906215578151,
  "B_acf_sq_r_sec_der_pct": 781.714418571661,
  "B_roll_vol_hist_funct": 726.4527500102632,
  "B_roll_vol_hist_der": 7.075546920445201,
  "B_roll_vol_hist_sec_der": 2.149118583004505,
  "B_roll_vol_hist_funct_pct": 70.70223989764602,
  "B_roll_vol_hist_der_pct": 260.44484049239765,
  "B_roll_vol_hist_sec_der_pct": 431.52580668024115,
  "B_tail_surv_funct": 0.00769993863236262,
  "B_tail_surv_der": 8.923526278325837e-06,
  "B_tail_surv_sec_der": 6.911515293907421e-08,
  "B_tail_surv_funct_pct": 29.55275112812342,
  "B_tail_surv_der_pct": 24.44876997972234,
  "B_tail_surv_sec_der_pct": 17868.186740116347
}