{
  "seed": 3,
  "A1_kurtosis_error": 0.41729751600721743,
  "A2_abs_r_q95_error": 0.006901973544513978,
  "A3_abs_r_q99_error": 0.01056935866152504,
  "A4_tail_qq_error": 0.006799325012267318,
  "A5_hill_tail_index_error": 3.235781825315126,
  "A6_path_mmd2": 0.003481732940902399,
  "A7_terminal_mmd2": 0.002068044886406828,
  "A8_increment_mmd2": 0.011699666657335905,
  "A9_volatility_mmd": 0.4011587072971966,
  "A10_terminal_swd": 1.2806616004945557,
  "A11_path_swd": 1.0018698444928242,
  "A12_rv_law_loss": 2.273107454547978,
  "A13_mean_path_rmse": 0.16613363387264427,
  "A14_ks_logreturns": 0.06060742956446852,
  "A15_skewness_error": 0.08595776966795524,
  "A16_qq_rmse": 0.0030772849801144163,
  "A17_terminal_ks": 0.046142578125,
  "A18_disc_score_gru": 0.116417,
  "A18_disc_score_mlp": 0.110619,
  "A19_pred_score_gru": 0.054785,
  "A19_pred_score_mlp": 0.055657,
  "A20_cov_error": 57.85137184858215,
  "A21_acf_abs": 0.023436909944284864,
  "A22_acf_sq": 0.018983217984084078,
  "A23_acf_lag1_abs_error": 0.006428939048773369,
  "A24_acf_lag1_sq_error": 0.0018037912321083246,
  "A25_mean_rmse": 0.31489668746067423,
  "A26_std_error": 0.31179667250978016,
  "A27_logreturn_std_error": 0.0032483127021565236,
  "A28_kurtosis_ratio": 2.100812903040678,
  "A29_sigma_mean_error": 0.04876880089402344,
  "A30_vol_path_rmse": 1.4702206142840641,
  "A31_rolling_vol_ks": 0.258447662601626,
  "A32_vol_of_vol_error": 0.0016546545058670988,
  "A33_sigma_corr": 0.0010309756430011913,
  "A34_sigma_rmse": 0.0955271143330122,
  "compute_time_sec": 47.51,
  "B_log_ret_hist_funct": 14.162767833454389,
  "B_log_ret_hist_der": 0.2686059461014826,
  "B_log_ret_hist_sec_der": 0.3562512903291204,
  "B_log_ret_hist_funct_pct": 42.302543109029244,
  "B_log_ret_hist_der_pct": 302.38717449968334,
  "B_log_ret_hist_sec_der_pct": 2928.113900911671,
  "B_qq_plot_funct": 1.0280443533073614e-05,
  "B_qq_plot_der": 1.9653546324940694e-07,
  "B_qq_plot_sec_der": 4.373796411286569e-08,
  "B_qq_plot_funct_pct": 26.57803918574707,
  "B_qq_plot_der_pct": 24.740947487573457,
  "B_qq_plot_sec_der_pct": 87.43811621950917,
  "B_acf_abs_r_funct": 0.0006197564928916963,
  "B_acf_abs_r_der": 5.214747807773405e-05,
  "B_acf_abs_r_sec_der": 9.473197859944169e-05,
  "B_acf_abs_r_funct_pct": 87.88086982673937,
  "B_acf_abs_r_der_pct": 173.99574455885843,
  "B_acf_abs_r_sec_der_pct": 515.3001602255001,
  "B_acf_sq_r_funct": 0.00043874108449381926,
  "B_acf_sq_r_der": 5.9481653152989514e-05,
  "B_acf_sq_r_sec_der": 9.737353407446279e-05,
  "B_acf_sq_r_funct_pct": 88.93616280328229,
  "B_acf_sq_r_der_pct": 162.60639449259583,
  "B_acf_sq_r_sec_der_pct": 816.1023484802845,
  "B_roll_vol_hist_funct": 651.5690191381585,
  "B_roll_vol_hist_der": 5.916331720894633,
  "B_roll_vol_hist_sec_der": 1.4749953096605821,
  "B_roll_vol_hist_funct_pct": 69.82453059123047,
  "B_roll_vol_hist_der_pct": 221.64814913428518,
  "B_roll_vol_hist_sec_der_pct": 342.9882226926823,
  "B_tail_surv_funct": 0.0067399132314470535,
  "B_tail_surv_der": 8.176127327623716e-06,
  "B_tail_surv_sec_der": 6.982280259273465e-08,
  "B_tail_surv_funct_pct": 28.475255716904858,
  "B_tail_surv_der_pct": 23.03219544876758,
  "B_tail_surv_sec_der_pct": 18180.582211646062
}