{
  "seed": 0,
  "A1_kurtosis_error": 0.4235067990817907,
  "A2_abs_r_q95_error": 0.006982168806321097,
  "A3_abs_r_q99_error": 0.010363265329454634,
  "A4_tail_qq_error": 0.0068473422020782476,
  "A5_hill_tail_index_error": 2.8439221550439804,
  "A6_path_mmd2": 0.004700466424741839,
  "A7_terminal_mmd2": 0.0037995561447911053,
  "A8_increment_mmd2": 0.01175769057562781,
  "A9_volatility_mmd": 0.4163180771509923,
  "A10_terminal_swd": 1.624516535798158,
  "A11_path_swd": 1.2811801201072812,
  "A12_rv_law_loss": 2.291589293964894,
  "A13_mean_path_rmse": 0.31419785347311796,
  "A14_ks_logreturns": 0.06075833538385822,
  "A15_skewness_error": 0.07100034854778964,
  "A16_qq_rmse": 0.003099578574695507,
  "A17_terminal_ks": 0.036376953125,
  "A18_disc_score_gru": 0.037077,
  "A18_disc_score_mlp": 0.005951,
  "A19_pred_score_gru": 0.051227,
  "A19_pred_score_mlp": 0.051084,
  "A20_cov_error": 33.69199874523676,
  "A21_acf_abs": 0.017881970705981288,
  "A22_acf_sq": 0.014794589275557874,
  "A23_acf_lag1_abs_error": 0.0028789162920209443,
  "A24_acf_lag1_sq_error": 0.004062983863684214,
  "A25_mean_rmse": 0.5277132859117586,
  "A26_std_error": 0.3141370741151335,
  "A27_logreturn_std_error": 0.003269065477571026,
  "A28_kurtosis_ratio": 1.9015517267375213,
  "A29_sigma_mean_error": 0.049311923537676716,
  "A30_vol_path_rmse": 1.349288445233745,
  "A31_rolling_vol_ks": 0.2557422668953252,
  "A32_vol_of_vol_error": 0.0015840109708951614,
  "A33_sigma_corr": -0.001106508379503989,
  "A34_sigma_rmse": 0.09667359943651636,
  "compute_time_sec": 52.03,
  "B_log_ret_hist_funct": 14.414742644203047,
  "B_log_ret_hist_der": 0.26198451748721086,
  "B_log_ret_hist_sec_der": 0.3418349133400111,
  "B_log_ret_hist_funct_pct": 42.486473765277196,
  "B_log_ret_hist_der_pct": 61.05060320946754,
  "B_log_ret_hist_sec_der_pct": 1122887.4303803989,
  "B_log_ret_hist_funct_nrmse": 10.39011444732741,
  "B_log_ret_hist_der_nrmse": 27.80593281296285,
  "B_log_ret_hist_sec_der_nrmse": 48.34570167952718,
  "B_qq_plot_funct": 1.0384360315041806e-05,
  "B_qq_plot_der": 1.7470612944448694e-07,
  "B_qq_plot_sec_der": 3.498400897895892e-08,
  "B_qq_plot_funct_pct": 25.95822596211594,
  "B_qq_plot_der_pct": 24.888782396369344,
  "B_qq_plot_sec_der_pct": 68.38957305153154,
  "B_qq_plot_funct_nrmse": 8.761707556065526,
  "B_qq_plot_der_nrmse": 5.828412679887399,
  "B_qq_plot_sec_der_nrmse": 4.868121684759993,
  "B_acf_abs_r_funct": 0.00040040109951354757,
  "B_acf_abs_r_der": 2.798707530614514e-05,
  "B_acf_abs_r_sec_der": 3.5439832418455154e-05,
  "B_acf_abs_r_funct_pct": 75.94191064670046,
  "B_acf_abs_r_der_pct": 146.39557880318677,
  "B_acf_abs_r_sec_der_pct": 245.80673804999614,
  "B_acf_abs_r_funct_nrmse": 52.82997574992445,
  "B_acf_abs_r_der_nrmse": 116.42714964702525,
  "B_acf_abs_r_sec_der_nrmse": 109.14333592511316,
  "B_acf_sq_r_funct": 0.0002643696868405461,
  "B_acf_sq_r_der": 3.150134561402594e-05,
  "B_acf_sq_r_sec_der": 3.7411848547167215e-05,
  "B_acf_sq_r_funct_pct": 76.69396672001658,
  "B_acf_sq_r_der_pct": 362.10772287061747,
  "B_acf_sq_r_sec_der_pct": 612.9888668589974,
  "B_acf_sq_r_funct_nrmse": 47.24554122138812,
  "B_acf_sq_r_der_nrmse": 99.47171053919239,
  "B_acf_sq_r_sec_der_nrmse": 84.80852053779476,
  "B_roll_vol_hist_funct": 642.6205173255717,
  "B_roll_vol_hist_der": 6.3666400268387076,
  "B_roll_vol_hist_sec_der": 2.7494116568466005,
  "B_roll_vol_hist_funct_pct": 68.55142563607241,
  "B_roll_vol_hist_der_pct": 226.75348656272973,
  "B_roll_vol_hist_sec_der_pct": 307.07448727404943,
  "B_roll_vol_hist_funct_nrmse": 28.687473865266387,
  "B_roll_vol_hist_der_nrmse": 47.288662480997885,
  "B_roll_vol_hist_sec_der_nrmse": 32.35152773459914,
  "B_tail_surv_funct": 0.006887558980869916,
  "B_tail_surv_der": 8.32001818681905e-06,
  "B_tail_surv_sec_der": 6.647626757391029e-08,
  "B_tail_surv_funct_pct": 28.63169922995682,
  "B_tail_surv_der_pct": 23.32082091417537,
  "B_tail_surv_sec_der_pct": 16847.772525677065,
  "B_tail_surv_funct_nrmse": 8.382962787867049,
  "B_tail_surv_der_nrmse": 300092.64440469444,
  "B_tail_surv_sec_der_nrmse": 26824.184424369985
}