{
  "seed": 3,
  "A1_kurtosis_error": 0.4176542452652594,
  "A2_abs_r_q95_error": 0.006971388496753404,
  "A3_abs_r_q99_error": 0.010584164072047052,
  "A4_tail_qq_error": 0.006851759725090746,
  "A5_hill_tail_index_error": 2.6703212819396107,
  "A6_path_mmd2": 0.005848161948080327,
  "A7_terminal_mmd2": 0.005277853648588626,
  "A8_increment_mmd2": 0.010620569340260566,
  "A9_volatility_mmd": 0.36320332728367904,
  "A10_terminal_swd": 2.1866449432551707,
  "A11_path_swd": 1.4370459489062855,
  "A12_rv_law_loss": 2.296670077187901,
  "A13_mean_path_rmse": 0.2562484363776382,
  "A14_ks_logreturns": 0.06083426888533461,
  "A15_skewness_error": 0.07705868849361588,
  "A16_qq_rmse": 0.0031013206351376255,
  "A17_terminal_ks": 0.0484619140625,
  "A18_disc_score_gru": 0.00534,
  "A18_disc_score_mlp": 0.086512,
  "A19_pred_score_gru": 0.051002,
  "A19_pred_score_mlp": 0.050907,
  "A20_cov_error": 63.85905116705288,
  "A21_acf_abs": 0.020894374094890415,
  "A22_acf_sq": 0.01807586348263722,
  "A23_acf_lag1_abs_error": 0.0027510714469772754,
  "A24_acf_lag1_sq_error": 0.005908847895128758,
  "A25_mean_rmse": 0.5128542587137588,
  "A26_std_error": 0.31276624836117894,
  "A27_logreturn_std_error": 0.0032777831256156423,
  "A28_kurtosis_ratio": 2.1418312529811283,
  "A29_sigma_mean_error": 0.0491276431191672,
  "A30_vol_path_rmse": 1.6785294574857739,
  "A31_rolling_vol_ks": 0.26020825393800817,
  "A32_vol_of_vol_error": 0.0016556493463567566,
  "A33_sigma_corr": 0.0011593661001853722,
  "A34_sigma_rmse": 0.09613224709564756,
  "compute_time_sec": 51.89,
  "B_log_ret_hist_funct": 14.302181197639996,
  "B_log_ret_hist_der": 0.23616188951678305,
  "B_log_ret_hist_sec_der": 0.22358429616648073,
  "B_log_ret_hist_funct_pct": 42.50745986144162,
  "B_log_ret_hist_der_pct": 52.09418248903512,
  "B_log_ret_hist_sec_der_pct": 606136.1289738363,
  "B_log_ret_hist_funct_nrmse": 10.349467921741782,
  "B_log_ret_hist_der_nrmse": 26.400038683361277,
  "B_log_ret_hist_sec_der_nrmse": 39.09941932431059,
  "B_qq_plot_funct": 1.0430386397783294e-05,
  "B_qq_plot_der": 1.9344038283919932e-07,
  "B_qq_plot_sec_der": 4.208199775369564e-08,
  "B_qq_plot_funct_pct": 26.93575099165838,
  "B_qq_plot_der_pct": 24.877106312140747,
  "B_qq_plot_sec_der_pct": 75.0346024624846,
  "B_qq_plot_funct_nrmse": 8.781103128209551,
  "B_qq_plot_der_nrmse": 6.132955235394957,
  "B_qq_plot_sec_der_nrmse": 5.339183066761477,
  "B_acf_abs_r_funct": 0.0005266932146077612,
  "B_acf_abs_r_der": 5.851774533606822e-05,
  "B_acf_abs_r_sec_der": 0.00011359639866741856,
  "B_acf_abs_r_funct_pct": 87.7603155509156,
  "B_acf_abs_r_der_pct": 255.86388601217976,
  "B_acf_abs_r_sec_der_pct": 584.2521967440188,
  "B_acf_abs_r_funct_nrmse": 60.591491395369665,
  "B_acf_abs_r_der_nrmse": 168.35239510611115,
  "B_acf_abs_r_sec_der_nrmse": 195.4041016130347,
  "B_acf_sq_r_funct": 0.0003669613699201279,
  "B_acf_sq_r_der": 6.790794207287277e-05,
  "B_acf_sq_r_sec_der": 0.00012058510808887109,
  "B_acf_sq_r_funct_pct": 90.70512932827822,
  "B_acf_sq_r_der_pct": 380.461671194235,
  "B_acf_sq_r_sec_der_pct": 763.1985763723819,
  "B_acf_sq_r_funct_nrmse": 55.66281608620015,
  "B_acf_sq_r_der_nrmse": 146.04790051217608,
  "B_acf_sq_r_sec_der_nrmse": 152.25856833037915,
  "B_roll_vol_hist_funct": 658.6540077029927,
  "B_roll_vol_hist_der": 6.159673245291245,
  "B_roll_vol_hist_sec_der": 2.0958519815107173,
  "B_roll_vol_hist_funct_pct": 70.25067806259794,
  "B_roll_vol_hist_der_pct": 226.05612606425663,
  "B_roll_vol_hist_sec_der_pct": 214.57243313443178,
  "B_roll_vol_hist_funct_nrmse": 29.043147660746428,
  "B_roll_vol_hist_der_nrmse": 46.51368208196788,
  "B_roll_vol_hist_sec_der_nrmse": 28.245886724783105,
  "B_tail_surv_funct": 0.006812176906892169,
  "B_tail_surv_der": 8.280521870847062e-06,
  "B_tail_surv_sec_der": 7.111143691088433e-08,
  "B_tail_surv_funct_pct": 28.614407488976035,
  "B_tail_surv_der_pct": 23.19150902593802,
  "B_tail_surv_sec_der_pct": 16863.984836905027,
  "B_tail_surv_funct_nrmse": 8.336962187126803,
  "B_tail_surv_der_nrmse": 299379.5057091443,
  "B_tail_surv_sec_der_nrmse": 27743.60802127091
}