{
  "seed": 1,
  "A1_kurtosis_error": 0.3935443916596282,
  "A2_abs_r_q95_error": 0.007108261318900019,
  "A3_abs_r_q99_error": 0.010415761508119601,
  "A4_tail_qq_error": 0.006981662811753307,
  "A5_hill_tail_index_error": 3.401909913872,
  "A6_path_mmd2": 0.003512286760243205,
  "A7_terminal_mmd2": 0.002499914114437618,
  "A8_increment_mmd2": 0.012032465067764342,
  "A9_volatility_mmd": 0.4075036142636203,
  "A10_terminal_swd": 1.480310519987799,
  "A11_path_swd": 1.0369389708929266,
  "A12_rv_law_loss": 2.3429327858841176,
  "A13_mean_path_rmse": 0.6895266973487442,
  "A14_ks_logreturns": 0.06349482498769685,
  "A15_skewness_error": 0.02133338733792447,
  "A16_qq_rmse": 0.0031961491064306036,
  "A17_terminal_ks": 0.05078125,
  "A18_disc_score_gru": 0.004425,
  "A18_disc_score_mlp": 0.009002,
  "A19_pred_score_gru": 0.050951,
  "A19_pred_score_mlp": 0.05122,
  "A20_cov_error": 41.696854841240366,
  "A21_acf_abs": 0.01389289169218164,
  "A22_acf_sq": 0.01111950907616635,
  "A23_acf_lag1_abs_error": 0.004664710691991661,
  "A24_acf_lag1_sq_error": 0.011035817558682458,
  "A25_mean_rmse": 1.2255045247038225,
  "A26_std_error": 0.32449902497949434,
  "A27_logreturn_std_error": 0.003356535016385104,
  "A28_kurtosis_ratio": 1.4618961244068482,
  "A29_sigma_mean_error": 0.050742498228949495,
  "A30_vol_path_rmse": 1.1010272238918597,
  "A31_rolling_vol_ks": 0.2715965208968496,
  "A32_vol_of_vol_error": 0.0015637549839409436,
  "A33_sigma_corr": -0.004280017050063838,
  "A34_sigma_rmse": 0.09805846257882386,
  "compute_time_sec": 47.8,
  "B_log_ret_hist_funct": 16.549680951408995,
  "B_log_ret_hist_der": 0.2783829328373233,
  "B_log_ret_hist_sec_der": 0.27698445876673955,
  "B_log_ret_hist_funct_pct": 42.95578348019218,
  "B_log_ret_hist_der_pct": 63.54610910706631,
  "B_log_ret_hist_sec_der_pct": 479.25930586238064,
  "B_log_ret_hist_funct_nrmse": 11.132986891295921,
  "B_log_ret_hist_der_nrmse": 28.662954794744728,
  "B_log_ret_hist_sec_der_nrmse": 43.518844965424975,
  "B_qq_plot_funct": 1.0988689405383469e-05,
  "B_qq_plot_der": 1.6403696722740433e-07,
  "B_qq_plot_sec_der": 2.920211546773065e-08,
  "B_qq_plot_funct_pct": 25.57613057815734,
  "B_qq_plot_der_pct": 25.43095038410747,
  "B_qq_plot_sec_der_pct": 47.83867526181864,
  "B_qq_plot_funct_nrmse": 9.013050992303182,
  "B_qq_plot_der_nrmse": 5.64764108460907,
  "B_qq_plot_sec_der_nrmse": 4.447682675149959,
  "B_acf_abs_r_funct": 0.00020112049303574157,
  "B_acf_abs_r_der": 3.209710519140376e-05,
  "B_acf_abs_r_sec_der": 3.699198896339617e-05,
  "B_acf_abs_r_funct_pct": 49.090343997774895,
  "B_acf_abs_r_der_pct": 152.75181294128274,
  "B_acf_abs_r_sec_der_pct": 263.46015017896565,
  "B_acf_abs_r_funct_nrmse": 37.44216416766616,
  "B_acf_abs_r_der_nrmse": 124.68334351987325,
  "B_acf_abs_r_sec_der_nrmse": 111.50779688063739,
  "B_acf_sq_r_funct": 0.0001074264949398206,
  "B_acf_sq_r_der": 3.080645062298213e-05,
  "B_acf_sq_r_sec_der": 3.226469289154777e-05,
  "B_acf_sq_r_funct_pct": 42.15792338175065,
  "B_acf_sq_r_der_pct": 857.227200008921,
  "B_acf_sq_r_sec_der_pct": 246.17498535839988,
  "B_acf_sq_r_funct_nrmse": 30.116930249075352,
  "B_acf_sq_r_der_nrmse": 98.36845841094926,
  "B_acf_sq_r_sec_der_nrmse": 78.75872397010242,
  "B_roll_vol_hist_funct": 734.6154718684056,
  "B_roll_vol_hist_der": 7.397264131530822,
  "B_roll_vol_hist_sec_der": 2.944382604896706,
  "B_roll_vol_hist_funct_pct": 70.45221874631231,
  "B_roll_vol_hist_der_pct": 219.2958322364331,
  "B_roll_vol_hist_sec_der_pct": 248.9475909422858,
  "B_roll_vol_hist_funct_nrmse": 30.672208585775085,
  "B_roll_vol_hist_der_nrmse": 50.97267739492509,
  "B_roll_vol_hist_sec_der_nrmse": 33.47896558915835,
  "B_tail_surv_funct": 0.007775718351139286,
  "B_tail_surv_der": 9.032096675321607e-06,
  "B_tail_surv_sec_der": 6.642481345728331e-08,
  "B_tail_surv_funct_pct": 29.27282034808327,
  "B_tail_surv_der_pct": 24.58033349223017,
  "B_tail_surv_sec_der_pct": 14089782.701563593,
  "B_tail_surv_funct_nrmse": 8.907075499223112,
  "B_tail_surv_der_nrmse": 312670.9271452405,
  "B_tail_surv_sec_der_nrmse": 26813.801155672394
}