{
  "seed": 4,
  "A1_kurtosis_error": 0.4209962753524259,
  "A2_abs_r_q95_error": 0.006717079095336535,
  "A3_abs_r_q99_error": 0.010122220959202503,
  "A4_tail_qq_error": 0.006609223402439279,
  "A5_hill_tail_index_error": 3.890107605464525,
  "A6_path_mmd2": 0.004024095148042112,
  "A7_terminal_mmd2": 0.0022514970991767136,
  "A8_increment_mmd2": 0.011061772439572959,
  "A9_volatility_mmd": 0.37825301377805404,
  "A10_terminal_swd": 1.4409591970993467,
  "A11_path_swd": 1.1081249782212717,
  "A12_rv_law_loss": 2.2099936861282803,
  "A13_mean_path_rmse": 0.1329959782920273,
  "A14_ks_logreturns": 0.059490534264271644,
  "A15_skewness_error": 0.12320104007458155,
  "A16_qq_rmse": 0.002990373409724467,
  "A17_terminal_ks": 0.0335693359375,
  "A18_disc_score_gru": 0.391669,
  "A18_disc_score_mlp": 0.076137,
  "A19_pred_score_gru": 0.055101,
  "A19_pred_score_mlp": 0.054969,
  "A20_cov_error": 39.279177881477295,
  "A21_acf_abs": 0.02188893991893029,
  "A22_acf_sq": 0.019000694337886065,
  "A23_acf_lag1_abs_error": 0.003351230396652388,
  "A24_acf_lag1_sq_error": 0.003927067505406896,
  "A25_mean_rmse": 0.034326542112268044,
  "A26_std_error": 0.30479047379372803,
  "A27_logreturn_std_error": 0.003142587993105418,
  "A28_kurtosis_ratio": 1.8030224119463136,
  "A29_sigma_mean_error": 0.047563531745546866,
  "A30_vol_path_rmse": 1.2668176256333148,
  "A31_rolling_vol_ks": 0.24904229388973576,
  "A32_vol_of_vol_error": 0.0015411409631205086,
  "A33_sigma_corr": -0.0034293534660279706,
  "A34_sigma_rmse": 0.09570498573922988,
  "compute_time_sec": 47.39,
  "B_log_ret_hist_funct": 13.298524034212694,
  "B_log_ret_hist_der": 0.23870098953976915,
  "B_log_ret_hist_sec_der": 0.27245573353711583,
  "B_log_ret_hist_funct_pct": 41.25488515213658,
  "B_log_ret_hist_der_pct": 370.10340144787415,
  "B_log_ret_hist_sec_der_pct": 11121.141317323858,
  "B_qq_plot_funct": 9.690364274590161e-06,
  "B_qq_plot_der": 1.758161512354243e-07,
  "B_qq_plot_sec_der": 3.639614982199967e-08,
  "B_qq_plot_funct_pct": 26.25831820069769,
  "B_qq_plot_der_pct": 24.010851011106134,
  "B_qq_plot_sec_der_pct": 78.9231809748513,
  "B_acf_abs_r_funct": 0.00054534232665792,
  "B_acf_abs_r_der": 4.875312047086319e-05,
  "B_acf_abs_r_sec_der": 7.401812970941717e-05,
  "B_acf_abs_r_funct_pct": 82.23794723908522,
  "B_acf_abs_r_der_pct": 136.52541913662876,
  "B_acf_abs_r_sec_der_pct": 261.71201558606475,
  "B_acf_sq_r_funct": 0.0003818000861296513,
  "B_acf_sq_r_der": 5.9983467331088187e-05,
  "B_acf_sq_r_sec_der": 8.988114479622147e-05,
  "B_acf_sq_r_funct_pct": 83.23533809585767,
  "B_acf_sq_r_der_pct": 160.06409559551273,
  "B_acf_sq_r_sec_der_pct": 361.04918917475004,
  "B_roll_vol_hist_funct": 606.39992108574,
  "B_roll_vol_hist_der": 5.6764957039182224,
  "B_roll_vol_hist_sec_der": 1.9142798652096116,
  "B_roll_vol_hist_funct_pct": 67.2076995910158,
  "B_roll_vol_hist_der_pct": 236.02340479811383,
  "B_roll_vol_hist_sec_der_pct": 455.19436985493877,
  "B_tail_surv_funct": 0.0062859220446445825,
  "B_tail_surv_der": 7.696616189228687e-06,
  "B_tail_surv_sec_der": 6.432073791908055e-08,
  "B_tail_surv_funct_pct": 27.61997874692029,
  "B_tail_surv_der_pct": 22.295073563021848,
  "B_tail_surv_sec_der_pct": 17119.05015798375
}