{
  "seed": 2,
  "A1_kurtosis_error": 0.4645846052830791,
  "A2_abs_r_q95_error": 0.006594479544907991,
  "A3_abs_r_q99_error": 0.010106475194975595,
  "A4_tail_qq_error": 0.006508096470909647,
  "A5_hill_tail_index_error": 3.5604554692467794,
  "A6_path_mmd2": 0.0021118398500608038,
  "A7_terminal_mmd2": 0.0013502406698505665,
  "A8_increment_mmd2": 0.009532166879199888,
  "A9_volatility_mmd": 0.3250665425571738,
  "A10_terminal_swd": 1.040944104665371,
  "A11_path_swd": 0.7761446379225766,
  "A12_rv_law_loss": 2.1807586779264487,
  "A13_mean_path_rmse": 0.7015304428038397,
  "A14_ks_logreturns": 0.05691071758120078,
  "A15_skewness_error": 0.02963925603961263,
  "A16_qq_rmse": 0.002927640547748331,
  "A17_terminal_ks": 0.0430908203125,
  "A18_disc_score_gru": 0.028227,
  "A18_disc_score_mlp": 0.070034,
  "A19_pred_score_gru": 0.054961,
  "A19_pred_score_mlp": 0.055389,
  "A20_cov_error": 30.35748599535154,
  "A21_acf_abs": 0.02027232761734142,
  "A22_acf_sq": 0.018150831296607512,
  "A23_acf_lag1_abs_error": 0.002250316968380975,
  "A24_acf_lag1_sq_error": 0.006331268726913142,
  "A25_mean_rmse": 1.1771847832588378,
  "A26_std_error": 0.29555898597865216,
  "A27_logreturn_std_error": 0.0030960801581325272,
  "A28_kurtosis_ratio": 2.1287961728890403,
  "A29_sigma_mean_error": 0.046677602479572006,
  "A30_vol_path_rmse": 1.0072989540348587,
  "A31_rolling_vol_ks": 0.24813222497459347,
  "A32_vol_of_vol_error": 0.0015878088259746728,
  "A33_sigma_corr": -0.00892983184859722,
  "A34_sigma_rmse": 0.09533430012165568,
  "compute_time_sec": 47.28,
  "B_log_ret_hist_funct": 11.899033502180156,
  "B_log_ret_hist_der": 0.17370365740084498,
  "B_log_ret_hist_sec_der": 0.15236539767023669,
  "B_log_ret_hist_funct_pct": 40.47049860940941,
  "B_log_ret_hist_der_pct": 249.00738286105874,
  "B_log_ret_hist_sec_der_pct": 35445.059917672166,
  "B_qq_plot_funct": 9.306967130374763e-06,
  "B_qq_plot_der": 1.7789505021911833e-07,
  "B_qq_plot_sec_der": 3.987987243418573e-08,
  "B_qq_plot_funct_pct": 22.044488793970974,
  "B_qq_plot_der_pct": 23.472831454052546,
  "B_qq_plot_sec_der_pct": 70.63703971871439,
  "B_acf_abs_r_funct": 0.0004731927080636227,
  "B_acf_abs_r_der": 5.20852989520056e-05,
  "B_acf_abs_r_sec_der": 8.038396618371927e-05,
  "B_acf_abs_r_funct_pct": 73.70822729665998,
  "B_acf_abs_r_der_pct": 146.84719189926867,
  "B_acf_abs_r_sec_der_pct": 349.8027075419076,
  "B_acf_sq_r_funct": 0.0003182960975833571,
  "B_acf_sq_r_der": 6.279605614022203e-05,
  "B_acf_sq_r_sec_der": 9.129228465132281e-05,
  "B_acf_sq_r_funct_pct": 73.13796492363933,
  "B_acf_sq_r_der_pct": 163.901065213786,
  "B_acf_sq_r_sec_der_pct": 597.2778160134977,
  "B_roll_vol_hist_funct": 602.0482607089522,
  "B_roll_vol_hist_der": 5.7004837225776726,
  "B_roll_vol_hist_sec_der": 1.8405659690777971,
  "B_roll_vol_hist_funct_pct": 67.18314167964212,
  "B_roll_vol_hist_der_pct": 223.17795613866588,
  "B_roll_vol_hist_sec_der_pct": 394.6088010946795,
  "B_tail_surv_funct": 0.0059297638427184595,
  "B_tail_surv_der": 7.3309674998477205e-06,
  "B_tail_surv_sec_der": 5.9516226277818873e-08,
  "B_tail_surv_funct_pct": 27.09230833327042,
  "B_tail_surv_der_pct": 21.58764602709966,
  "B_tail_surv_sec_der_pct": 16048.59480018436
}