{
  "seed": 0,
  "A1_kurtosis_error": 0.4231500698237487,
  "A2_abs_r_q95_error": 0.006912753854081671,
  "A3_abs_r_q99_error": 0.010348459918932622,
  "A4_tail_qq_error": 0.006794907489254818,
  "A5_hill_tail_index_error": 3.4093826984194955,
  "A6_path_mmd2": 0.003727228909665259,
  "A7_terminal_mmd2": 0.002526250432834942,
  "A8_increment_mmd2": 0.011655588630489655,
  "A9_volatility_mmd": 0.4084815060495307,
  "A10_terminal_swd": 1.3285085077147436,
  "A11_path_swd": 1.0280620145951886,
  "A12_rv_law_loss": 2.268015424505172,
  "A13_mean_path_rmse": 0.21653680119008856,
  "A14_ks_logreturns": 0.06052284541092512,
  "A15_skewness_error": 0.07989942972212899,
  "A16_qq_rmse": 0.003075507020105482,
  "A17_terminal_ks": 0.0294189453125,
  "A18_disc_score_gru": 0.370003,
  "A18_disc_score_mlp": 0.016326,
  "A19_pred_score_gru": 0.055025,
  "A19_pred_score_mlp": 0.054996,
  "A20_cov_error": 27.684319426766024,
  "A21_acf_abs": 0.02042450655537574,
  "A22_acf_sq": 0.01572298017667284,
  "A23_acf_lag1_abs_error": 0.006556783893817038,
  "A24_acf_lag1_sq_error": 4.207279933621938e-05,
  "A25_mean_rmse": 0.32975571465867404,
  "A26_std_error": 0.3131674982637347,
  "A27_logreturn_std_error": 0.0032395950541119073,
  "A28_kurtosis_ratio": 1.8651349856667092,
  "A29_sigma_mean_error": 0.04895308131253295,
  "A30_vol_path_rmse": 1.1367987954626266,
  "A31_rolling_vol_ks": 0.25394991742886186,
  "A32_vol_of_vol_error": 0.0015830161304055037,
  "A33_sigma_corr": -0.0034728083869899947,
  "A34_sigma_rmse": 0.09614291143000535,
  "compute_time_sec": 51.14,
  "B_log_ret_hist_funct": 14.27533366283703,
  "B_log_ret_hist_der": 0.2663237375188878,
  "B_log_ret_hist_sec_der": 0.3561084069486723,
  "B_log_ret_hist_funct_pct": 42.31076791217575,
  "B_log_ret_hist_der_pct": 332.16945926206927,
  "B_log_ret_hist_sec_der_pct": 15265.560484182106,
  "B_qq_plot_funct": 1.0234187944520863e-05,
  "B_qq_plot_der": 1.7751807856076e-07,
  "B_qq_plot_sec_der": 3.6492110487861195e-08,
  "B_qq_plot_funct_pct": 25.640756534020063,
  "B_qq_plot_der_pct": 24.755745949592146,
  "B_qq_plot_sec_der_pct": 64.81414617602358,
  "B_acf_abs_r_funct": 0.00048171060434398896,
  "B_acf_abs_r_der": 2.3778057859271578e-05,
  "B_acf_abs_r_sec_der": 2.596449089922336e-05,
  "B_acf_abs_r_funct_pct": 77.24861732768974,
  "B_acf_abs_r_der_pct": 93.28539093495417,
  "B_acf_abs_r_sec_der_pct": 219.9297250279924,
  "B_acf_sq_r_funct": 0.00032640034643925203,
  "B_acf_sq_r_der": 2.704306905163129e-05,
  "B_acf_sq_r_sec_der": 2.9976375702490947e-05,
  "B_acf_sq_r_funct_pct": 76.726808019466,
  "B_acf_sq_r_der_pct": 107.22038231495465,
  "B_acf_sq_r_sec_der_pct": 520.8107059268508,
  "B_roll_vol_hist_funct": 635.590428916473,
  "B_roll_vol_hist_der": 6.057527908056825,
  "B_roll_vol_hist_sec_der": 1.8992435773536132,
  "B_roll_vol_hist_funct_pct": 68.12712717982514,
  "B_roll_vol_hist_der_pct": 246.3763132525804,
  "B_roll_vol_hist_sec_der_pct": 358.55751325891384,
  "B_tail_surv_funct": 0.0068147440121650435,
  "B_tail_surv_der": 8.211691571200739e-06,
  "B_tail_surv_sec_der": 6.111189781182374e-08,
  "B_tail_surv_funct_pct": 28.492918795486773,
  "B_tail_surv_der_pct": 23.146071012950284,
  "B_tail_surv_sec_der_pct": 16751.330681759042
}