{
  "task": "heston_imputation",
  "missing_ratio": 0.5,
  "seed": 1,
  "nsample": 100,
  "epochs": 200,
  "rmse": 0.11527795212989064,
  "mae": 0.08729146186248724,
  "CRPS": 0.08611334625043367,
  "model_folder": "../heston_imputation/save/heston_r0.5_seed1_20260720_074000"
}