{
  "B_log_ret_hist": {
    "name": "Log-return histogram",
    "mse": {
      "mean": 13.85352753521561,
      "std": 1.4999310269170503,
      "per_seed": [
        13.383907312852294,
        14.429329956615698,
        12.111630782516983,
        12.721384041091897,
        16.621385583001185
      ]
    },
    "pct": {
      "mean": 35.03348365052517,
      "std": 1.0592160172357663,
      "per_seed": [
        34.531113466549385,
        35.43862963123601,
        34.153714029793726,
        34.11807160237236,
        36.92588952267435
      ]
    }
  },
  "B_qq_plot": {
    "name": "QQ plot",
    "mse": {
      "mean": 6.9447682757563015e-06,
      "std": 4.632122028770342e-07,
      "per_seed": [
        6.7197492686700215e-06,
        7.154806643102987e-06,
        6.528495785169138e-06,
        6.556350882792174e-06,
        7.764438799047183e-06
      ]
    },
    "pct": {
      "mean": 23.92841636702831,
      "std": 1.0695833740153988,
      "per_seed": [
        23.45220370573483,
        23.953247998751202,
        24.117181662752525,
        22.413131993529028,
        25.706316474373946
      ]
    }
  },
  "B_acf_abs_r": {
    "name": "ACF |r|",
    "mse": {
      "mean": 6.269982123121682e-05,
      "std": 2.097301634114586e-05,
      "per_seed": [
        4.301774104141621e-05,
        4.7792077422798444e-05,
        4.7410383674982005e-05,
        5.609083219996394e-05,
        0.0001191880718169235
      ]
    },
    "pct": {
      "mean": 15.149697926493142,
      "std": 5.424944615361347,
      "per_seed": [
        8.884114288781415,
        12.007935059118033,
        21.034202302545417,
        11.563722050540985,
        22.25851593147985
      ]
    }
  },
  "B_acf_sq_r": {
    "name": "ACF r\u00b2",
    "mse": {
      "mean": 5.590120842950617e-05,
      "std": 1.6052109600731717e-05,
      "per_seed": [
        5.02308017254225e-05,
        4.3511191194004304e-05,
        4.274177130147511e-05,
        5.203881903633098e-05,
        9.098345889029799e-05
      ]
    },
    "pct": {
      "mean": 16.270703369394756,
      "std": 4.883471883336749,
      "per_seed": [
        10.51975251990855,
        14.112003722082136,
        19.540152266211937,
        13.111158341275248,
        24.07044999749591
      ]
    }
  },
  "B_roll_vol_hist": {
    "name": "Rolling vol histogram",
    "mse": {
      "mean": 463.7856432347591,
      "std": 36.61275881801768,
      "per_seed": [
        447.58666267218933,
        465.8120794848276,
        438.6561664516053,
        433.004715122176,
        533.8685924429976
      ]
    },
    "pct": {
      "mean": 61.28283219148235,
      "std": 2.3232755047857587,
      "per_seed": [
        60.334792566612585,
        62.06069200216394,
        58.63107517890832,
        60.0039380285004,
        65.3836631812265
      ]
    }
  },
  "B_tail_surv": {
    "name": "Tail survival",
    "mse": {
      "mean": 0.00581736307117109,
      "std": 0.0005524919820023203,
      "per_seed": [
        0.0056659127583060616,
        0.00601805675958384,
        0.005209016752795425,
        0.005411576876482672,
        0.006782252208687447
      ]
    },
    "pct": {
      "mean": 24.630421302049545,
      "std": 0.8801427116387692,
      "per_seed": [
        24.30637676142292,
        25.01174600124877,
        23.73414752326161,
        23.93915694525383,
        26.160679279060588
      ]
    }
  }
}