{
  "B_log_ret_hist": {
    "name": "Log-return histogram",
    "mse": {
      "mean": 4.6436746129310755,
      "std": 0.4940021143305437,
      "per_seed": [
        4.5208781229215775,
        4.808394423956404,
        4.127672883903334,
        4.248516894340443,
        5.512910739533619
      ]
    },
    "pct": {
      "mean": 173.06643047025523,
      "std": 52.65303379824564,
      "per_seed": [
        171.483250421009,
        174.01822100738525,
        125.227452142037,
        269.39544682331746,
        125.20778195752746
      ]
    },
    "nrmse": {
      "mean": 26.956867327936795,
      "std": 1.8216387432859629,
      "per_seed": [
        26.05951862971625,
        27.360834982682775,
        29.839150915594626,
        24.26869124175809,
        27.256140869932224
      ]
    }
  },
  "B_qq_plot": {
    "name": "QQ plot",
    "mse": {
      "mean": 2.356162781045157e-06,
      "std": 1.5699368110822952e-07,
      "per_seed": [
        2.2803392435279655e-06,
        2.4264673756123734e-06,
        2.2169347902192787e-06,
        2.225210322590896e-06,
        2.6318621732752722e-06
      ]
    },
    "pct": {
      "mean": 29.512140530957275,
      "std": 1.4321204235570812,
      "per_seed": [
        30.08481488274605,
        28.404967523504865,
        28.52501378944628,
        28.460639042138187,
        32.085267416951005
      ]
    },
    "nrmse": {
      "mean": 4.410744946278828,
      "std": 0.15836525325337664,
      "per_seed": [
        4.275010404211183,
        4.563305961994508,
        4.206385113798276,
        4.394167354673584,
        4.614855896716593
      ]
    }
  },
  "B_acf_abs_r": {
    "name": "ACF |r|",
    "mse": {
      "mean": 3.023197405047779e-05,
      "std": 1.6097130560167344e-05,
      "per_seed": [
        2.163460713411949e-05,
        2.9760865975669614e-05,
        1.417138424973052e-05,
        2.4799646897658397e-05,
        6.079336599521093e-05
      ]
    },
    "pct": {
      "mean": 150.77864565123306,
      "std": 32.95872827376828,
      "per_seed": [
        167.20607721651245,
        150.48912263640756,
        109.23471321065476,
        124.03033842866613,
        202.93297676392447
      ]
    },
    "nrmse": {
      "mean": 58.94084289620489,
      "std": 13.421576003856432,
      "per_seed": [
        54.92907915563186,
        59.45143126789401,
        43.58189733254377,
        53.03158666129453,
        83.71022006366029
      ]
    }
  },
  "B_acf_sq_r": {
    "name": "ACF r\u00b2",
    "mse": {
      "mean": 2.7064526106087183e-05,
      "std": 1.1635381602853735e-05,
      "per_seed": [
        2.1810912180230276e-05,
        2.7173750960332305e-05,
        1.3619029248509586e-05,
        2.4199600224922733e-05,
        4.851933791644102e-05
      ]
    },
    "pct": {
      "mean": 362.4357956813839,
      "std": 86.7511509441691,
      "per_seed": [
        418.7223357151708,
        394.7223225752695,
        293.6855093547503,
        233.16121306959795,
        471.887597692131
      ]
    },
    "nrmse": {
      "mean": 45.478341883074236,
      "std": 7.13125596788607,
      "per_seed": [
        44.82959309696372,
        45.884515840774775,
        36.04283052700138,
        42.64188318460381,
        57.992886766027475
      ]
    }
  },
  "B_roll_vol_hist": {
    "name": "Rolling vol histogram",
    "mse": {
      "mean": 157.516855813998,
      "std": 12.451707242912443,
      "per_seed": [
        152.3383717926893,
        157.9477604661028,
        148.62318445521757,
        147.36568928986034,
        181.30927306611997
      ]
    },
    "pct": {
      "mean": 157.26644753566563,
      "std": 11.63604122330044,
      "per_seed": [
        164.36295452182256,
        170.75891563868663,
        156.19881073301528,
        136.26080179737895,
        158.75075498742478
      ]
    },
    "nrmse": {
      "mean": 32.04066239335021,
      "std": 0.9269329346427211,
      "per_seed": [
        32.895687500541186,
        31.711383387863965,
        30.89320020641739,
        31.36496181796693,
        33.33807905396157
      ]
    }
  },
  "B_tail_surv": {
    "name": "Tail survival",
    "mse": {
      "mean": 0.0019600188679986742,
      "std": 0.00018485712777244364,
      "per_seed": [
        0.0019093550738453725,
        0.0020272380762187425,
        0.0017567211933890983,
        0.0018242511036977405,
        0.0022825288928424174
      ]
    },
    "pct": {
      "mean": 24.43807607466883,
      "std": 0.8699481616119301,
      "per_seed": [
        24.118995267150186,
        24.814774168956692,
        23.550057448720583,
        23.75624102665229,
        25.950312461864396
      ]
    },
    "nrmse": {
      "mean": 7.733049245466257,
      "std": 0.3598102285891859,
      "per_seed": [
        7.640720723107355,
        7.873060014757118,
        7.328836776939728,
        7.468457261784316,
        8.35417145074277
      ]
    }
  }
}