{
  "B_log_ret_hist": {
    "name": "Log-return histogram",
    "mse": {
      "mean": 4.6436746129310755,
      "std": 0.4940021143305437,
      "per_seed": [
        4.5208781229215775,
        4.808394423956404,
        4.127672883903334,
        4.248516894340443,
        5.512910739533619
      ]
    },
    "pct": {
      "mean": 35.270139949096155,
      "std": 1.0632571793182997,
      "per_seed": [
        34.78767508130265,
        35.69131439365216,
        34.36168751931006,
        34.35021023883128,
        37.15981251238462
      ]
    },
    "nrmse": {
      "mean": 9.998408790772832,
      "std": 0.5467269256121767,
      "per_seed": [
        9.889125873755797,
        10.191995950589952,
        9.36780700360425,
        9.601388258200004,
        10.941726867714157
      ]
    }
  },
  "B_qq_plot": {
    "name": "QQ plot",
    "mse": {
      "mean": 2.356162781045157e-06,
      "std": 1.5699368110822952e-07,
      "per_seed": [
        2.2803392435279655e-06,
        2.4264673756123734e-06,
        2.2169347902192787e-06,
        2.225210322590896e-06,
        2.6318621732752722e-06
      ]
    },
    "pct": {
      "mean": 24.21582903223632,
      "std": 1.0828082394714245,
      "per_seed": [
        23.730154267607325,
        24.228382309869637,
        24.45112683705751,
        22.670005797297335,
        25.999475949349783
      ]
    },
    "nrmse": {
      "mean": 7.188178218275827,
      "std": 0.23701172589946112,
      "per_seed": [
        7.077432533641943,
        7.2963665485448885,
        6.977455234531702,
        6.9867964381060546,
        7.60284033655455
      ]
    }
  },
  "B_acf_abs_r": {
    "name": "ACF |r|",
    "mse": {
      "mean": 3.023197405047779e-05,
      "std": 1.6097130560167344e-05,
      "per_seed": [
        2.163460713411949e-05,
        2.9760865975669614e-05,
        1.417138424973052e-05,
        2.4799646897658397e-05,
        6.079336599521093e-05
      ]
    },
    "pct": {
      "mean": 19.264603555620013,
      "std": 8.314407498385311,
      "per_seed": [
        11.943971242333895,
        22.669767997768282,
        16.141262085918193,
        11.694996153340934,
        33.873020298738766
      ]
    },
    "nrmse": {
      "mean": 19.330658506759573,
      "std": 5.195633133636333,
      "per_seed": [
        16.16621322854866,
        19.90370811491593,
        13.313728762108463,
        18.566495960653533,
        28.703146467571283
      ]
    }
  },
  "B_acf_sq_r": {
    "name": "ACF r\u00b2",
    "mse": {
      "mean": 2.7064526106087183e-05,
      "std": 1.1635381602853735e-05,
      "per_seed": [
        2.1810912180230276e-05,
        2.7173750960332305e-05,
        1.3619029248509586e-05,
        2.4199600224922733e-05,
        4.851933791644102e-05
      ]
    },
    "pct": {
      "mean": 21.751706791421906,
      "std": 10.67422427172882,
      "per_seed": [
        14.048538568024918,
        28.031040968305742,
        13.0988701341291,
        13.650688046212114,
        39.92939624043765
      ]
    },
    "nrmse": {
      "mean": 20.427784412715006,
      "std": 5.059899238398148,
      "per_seed": [
        17.809836533594712,
        20.99176514741619,
        13.87007948917359,
        20.219352267935776,
        29.247888625454767
      ]
    }
  },
  "B_roll_vol_hist": {
    "name": "Rolling vol histogram",
    "mse": {
      "mean": 157.516855813998,
      "std": 12.451707242912443,
      "per_seed": [
        152.3383717926893,
        157.9477604661028,
        148.62318445521757,
        147.36568928986034,
        181.30927306611997
      ]
    },
    "pct": {
      "mean": 61.911917288404425,
      "std": 2.3640044743844078,
      "per_seed": [
        60.96247655902,
        62.70911162831795,
        59.18960903388973,
        60.623104477339,
        66.07528474345546
      ]
    },
    "nrmse": {
      "mean": 24.39461513656726,
      "std": 0.9522794753405013,
      "per_seed": [
        23.988514025943743,
        24.45280029208547,
        23.715622840848024,
        23.608535392480604,
        26.207603131478464
      ]
    }
  },
  "B_tail_surv": {
    "name": "Tail survival",
    "mse": {
      "mean": 0.0019600188679986742,
      "std": 0.00018485712777244364,
      "per_seed": [
        0.0019093550738453725,
        0.0020272380762187425,
        0.0017567211933890983,
        0.0018242511036977405,
        0.0022825288928424174
      ]
    },
    "pct": {
      "mean": 24.781946825132515,
      "std": 0.877176954114536,
      "per_seed": [
        24.45717370014547,
        25.16378706497949,
        23.887947394696145,
        24.094416902317505,
        26.30640906352396
      ]
    },
    "nrmse": {
      "mean": 7.733049245466257,
      "std": 0.3598102285891859,
      "per_seed": [
        7.640720723107355,
        7.873060014757118,
        7.328836776939728,
        7.468457261784316,
        8.35417145074277
      ]
    }
  }
}