{
  "seed": 3,
  "A1_kurtosis_error": 0.08371913763433847,
  "A2_abs_r_q95_error": 0.0051790586410832284,
  "A3_abs_r_q99_error": 0.007154545224054662,
  "A4_tail_qq_error": 0.005111837318769739,
  "A5_hill_tail_index_error": 1.9260128351944488,
  "A6_path_mmd2": 0.003671232594630036,
  "A7_terminal_mmd2": 0.004587406728130794,
  "A8_increment_mmd2": 0.007844443119324085,
  "A9_volatility_mmd": 0.24968057446618502,
  "A10_terminal_swd": 1.781449005668758,
  "A11_path_swd": 1.07915121402847,
  "A12_rv_law_loss": 1.8513289935934996,
  "A13_mean_path_rmse": 0.19019723839619748,
  "A14_ks_logreturns": 0.05219995693897639,
  "A15_skewness_error": 0.04342720728419988,
  "A16_qq_rmse": 0.0024780453529915317,
  "A17_terminal_ks": 0.0379638671875,
  "A18_disc_score_gru": 0.001373,
  "A18_disc_score_mlp": 0.001373,
  "A19_pred_score_gru": 0.053975,
  "A19_pred_score_mlp": 0.05385,
  "A20_cov_error": 41.95090090054654,
  "A21_acf_abs": 0.009551760895436285,
  "A22_acf_sq": 0.009004062535266512,
  "A23_acf_lag1_abs_error": 0.018439177513303248,
  "A24_acf_lag1_sq_error": 0.017362897972878814,
  "A25_mean_rmse": 0.1424753472853979,
  "A26_std_error": 0.25272886975888453,
  "A27_logreturn_std_error": 0.0025656590877781906,
  "A28_kurtosis_ratio": 0.8911324813299967,
  "A29_sigma_mean_error": 0.03916905376623553,
  "A30_vol_path_rmse": 1.070706327773042,
  "A31_rolling_vol_ks": 0.21178901486280488,
  "A32_vol_of_vol_error": 0.0010328369597245469,
  "A33_sigma_corr": 0.0008506143256945614,
  "A34_sigma_rmse": 0.09842097350118267,
  "compute_time_sec": 47.01,
  "B_log_ret_hist_funct": 12.22041676576527,
  "B_log_ret_hist_der": 0.2524424096100362,
  "B_log_ret_hist_sec_der": 0.2485248657165891,
  "B_log_ret_hist_funct_pct": 34.11807160237236,
  "B_log_ret_hist_der_pct": 489.71280976303194,
  "B_log_ret_hist_sec_der_pct": 68229.2306361415,
  "B_qq_plot_funct": 6.482238803207606e-06,
  "B_qq_plot_der": 6.239164928049637e-08,
  "B_qq_plot_sec_der": 1.1720430304071318e-08,
  "B_qq_plot_funct_pct": 22.413131993529028,
  "B_qq_plot_der_pct": 20.420535593954313,
  "B_qq_plot_sec_der_pct": 61.41991552827201,
  "B_acf_abs_r_funct": 3.317915872713024e-05,
  "B_acf_abs_r_der": 8.68743604303157e-06,
  "B_acf_abs_r_sec_der": 1.4224237429802137e-05,
  "B_acf_abs_r_funct_pct": 11.563722050540985,
  "B_acf_abs_r_der_pct": 144.0919335265225,
  "B_acf_abs_r_sec_der_pct": 288.5352915077136,
  "B_acf_sq_r_funct": 3.105326494435196e-05,
  "B_acf_sq_r_der": 7.291812674067408e-06,
  "B_acf_sq_r_sec_der": 1.3693741417911609e-05,
  "B_acf_sq_r_funct_pct": 13.111158341275248,
  "B_acf_sq_r_der_pct": 137.156477003648,
  "B_acf_sq_r_sec_der_pct": 696.4685342676053,
  "B_roll_vol_hist_funct": 427.85570307988013,
  "B_roll_vol_hist_der": 3.6042428597084717,
  "B_roll_vol_hist_sec_der": 1.544769182587428,
  "B_roll_vol_hist_funct_pct": 60.0039380285004,
  "B_roll_vol_hist_der_pct": 170.91864487172387,
  "B_roll_vol_hist_sec_der_pct": 481.7965032628673,
  "B_tail_surv_funct": 0.005405677206806436,
  "B_tail_surv_der": 5.8335555860627685e-06,
  "B_tail_surv_sec_der": 6.61140901733664e-08,
  "B_tail_surv_funct_pct": 23.93915694525383,
  "B_tail_surv_der_pct": 20.0313644188946,
  "B_tail_surv_sec_der_pct": 18076.399154722447
}