{
  "seed": 3,
  "A1_kurtosis_error": 0.08336240837629649,
  "A2_abs_r_q95_error": 0.005248473593322655,
  "A3_abs_r_q99_error": 0.007169350634576674,
  "A4_tail_qq_error": 0.005164272031593168,
  "A5_hill_tail_index_error": 1.3605522918189337,
  "A6_path_mmd2": 0.004271562683960117,
  "A7_terminal_mmd2": 0.0036168276165852165,
  "A8_increment_mmd2": 0.007855132115237584,
  "A9_volatility_mmd": 0.2527368353714044,
  "A10_terminal_swd": 1.4983070969951826,
  "A11_path_swd": 1.1814357032705571,
  "A12_rv_law_loss": 1.8748824073415626,
  "A13_mean_path_rmse": 0.12570387897361718,
  "A14_ks_logreturns": 0.05199522484005914,
  "A15_skewness_error": 0.03452812610986052,
  "A16_qq_rmse": 0.002502093951014266,
  "A17_terminal_ks": 0.0400390625,
  "A18_disc_score_gru": 0.026396,
  "A18_disc_score_mlp": 0.01419,
  "A19_pred_score_gru": 0.050232,
  "A19_pred_score_mlp": 0.050498,
  "A20_cov_error": 47.95858021901728,
  "A21_acf_abs": 0.012094296744830738,
  "A22_acf_sq": 0.011963945368223585,
  "A23_acf_lag1_abs_error": 0.02211704511509934,
  "A24_acf_lag1_sq_error": 0.021467954635899247,
  "A25_mean_rmse": 0.05548222396768665,
  "A26_std_error": 0.2536984456102833,
  "A27_logreturn_std_error": 0.0025951295112373093,
  "A28_kurtosis_ratio": 0.9085318336995435,
  "A29_sigma_mean_error": 0.03952789599137929,
  "A30_vol_path_rmse": 1.2766942556874872,
  "A31_rolling_vol_ks": 0.2138880287728659,
  "A32_vol_of_vol_error": 0.0010338318002142046,
  "A33_sigma_corr": -0.001423387126106499,
  "A34_sigma_rmse": 0.09902043920854989,
  "compute_time_sec": 49.17,
  "B_log_ret_hist_funct": 12.309326581552957,
  "B_log_ret_hist_der": 0.24100037610775926,
  "B_log_ret_hist_sec_der": 0.1952237253606115,
  "B_log_ret_hist_funct_pct": 34.35021023883128,
  "B_log_ret_hist_der_pct": 52.87591408261856,
  "B_log_ret_hist_sec_der_pct": 654599.0389027445,
  "B_log_ret_hist_funct_nrmse": 9.601388258200004,
  "B_log_ret_hist_der_nrmse": 26.669109586134866,
  "B_log_ret_hist_sec_der_nrmse": 36.535575880939405,
  "B_qq_plot_funct": 6.603260373682881e-06,
  "B_qq_plot_der": 6.125001853199657e-08,
  "B_qq_plot_sec_der": 1.1120575557811492e-08,
  "B_qq_plot_funct_pct": 22.670005797297335,
  "B_qq_plot_der_pct": 20.56457538301016,
  "B_qq_plot_sec_der_pct": 67.51847103909313,
  "B_qq_plot_funct_nrmse": 6.9867964381060546,
  "B_qq_plot_der_nrmse": 3.451034774294284,
  "B_qq_plot_sec_der_nrmse": 2.744670851620414,
  "B_acf_abs_r_funct": 4.945319255066011e-05,
  "B_acf_abs_r_der": 1.0050692523796882e-05,
  "B_acf_abs_r_sec_der": 1.4895055618518197e-05,
  "B_acf_abs_r_funct_pct": 11.694996153340934,
  "B_acf_abs_r_der_pct": 158.94253484192038,
  "B_acf_abs_r_sec_der_pct": 203.53123658761217,
  "B_acf_abs_r_funct_nrmse": 18.566495960653533,
  "B_acf_abs_r_der_nrmse": 69.77076753185726,
  "B_acf_abs_r_sec_der_nrmse": 70.75749649137278,
  "B_acf_sq_r_funct": 4.841996567664307e-05,
  "B_acf_sq_r_der": 9.460599184564011e-06,
  "B_acf_sq_r_sec_der": 1.4718235813561114e-05,
  "B_acf_sq_r_funct_pct": 13.650688046212114,
  "B_acf_sq_r_der_pct": 277.6201992028231,
  "B_acf_sq_r_sec_der_pct": 450.20485701706815,
  "B_acf_sq_r_funct_nrmse": 20.219352267935776,
  "B_acf_sq_r_der_nrmse": 54.51228101675748,
  "B_acf_sq_r_sec_der_nrmse": 53.19401626911817,
  "B_roll_vol_hist_funct": 435.2192176664962,
  "B_roll_vol_hist_der": 4.083907587793777,
  "B_roll_vol_hist_sec_der": 2.793942615291064,
  "B_roll_vol_hist_funct_pct": 60.623104477339,
  "B_roll_vol_hist_der_pct": 185.60580979340324,
  "B_roll_vol_hist_sec_der_pct": 181.64881126831233,
  "B_roll_vol_hist_funct_nrmse": 23.608535392480604,
  "B_roll_vol_hist_der_nrmse": 37.873883238934205,
  "B_roll_vol_hist_sec_der_nrmse": 32.61246682248598,
  "B_tail_surv_funct": 0.005466785759465458,
  "B_tail_surv_der": 5.912985592948325e-06,
  "B_tail_surv_sec_der": 5.4566034815366413e-08,
  "B_tail_surv_funct_pct": 24.094416902317505,
  "B_tail_surv_der_pct": 20.175825259994852,
  "B_tail_surv_sec_der_pct": 15354.349429129728,
  "B_tail_surv_funct_nrmse": 7.468457261784316,
  "B_tail_surv_der_nrmse": 252986.07848369487,
  "B_tail_surv_sec_der_nrmse": 24302.693550497115
}