{
  "seed": 2,
  "A1_kurtosis_error": 0.05045912888431081,
  "A2_abs_r_q95_error": 0.005280861107862741,
  "A3_abs_r_q99_error": 0.00714918373981225,
  "A4_tail_qq_error": 0.0051855743212413695,
  "A5_hill_tail_index_error": 0.6380614943236367,
  "A6_path_mmd2": 0.003718275063351484,
  "A7_terminal_mmd2": 0.004160988860371473,
  "A8_increment_mmd2": 0.007392553260549661,
  "A9_volatility_mmd": 0.23974377843672945,
  "A10_terminal_swd": 2.063313658731964,
  "A11_path_swd": 1.2312345365195292,
  "A12_rv_law_loss": 1.86851752533986,
  "A13_mean_path_rmse": 0.999393347318792,
  "A14_ks_logreturns": 0.05293333999753938,
  "A15_skewness_error": 0.03396201863274193,
  "A16_qq_rmse": 0.00249885176147011,
  "A17_terminal_ks": 0.0433349609375,
  "A18_disc_score_gru": 0.273573,
  "A18_disc_score_mlp": 0.011749,
  "A19_pred_score_gru": 0.050231,
  "A19_pred_score_mlp": 0.050143,
  "A20_cov_error": 31.78680782523898,
  "A21_acf_abs": 0.006606522870586702,
  "A22_acf_sq": 0.007158995486461772,
  "A23_acf_lag1_abs_error": 0.01572117034053184,
  "A24_acf_lag1_sq_error": 0.01707922304962385,
  "A25_mean_rmse": 1.3929390859442208,
  "A26_std_error": 0.24456680288132526,
  "A27_logreturn_std_error": 0.0025869657974140273,
  "A28_kurtosis_ratio": 0.90041034914977,
  "A29_sigma_mean_error": 0.03940898165129625,
  "A30_vol_path_rmse": 0.9400966008848369,
  "A31_rolling_vol_ks": 0.21306033250762202,
  "A32_vol_of_vol_error": 0.0010600173892614364,
  "A33_sigma_corr": 0.005419994006604578,
  "A34_sigma_rmse": 0.09814207533303276,
  "compute_time_sec": 48.62,
  "B_log_ret_hist_funct": 11.717692581444389,
  "B_log_ret_hist_der": 0.2749787433624242,
  "B_log_ret_hist_sec_der": 0.39034732690318696,
  "B_log_ret_hist_funct_pct": 34.36168751931006,
  "B_log_ret_hist_der_pct": 56.78871059546997,
  "B_log_ret_hist_sec_der_pct": 95092.83744104467,
  "B_log_ret_hist_funct_nrmse": 9.36780700360425,
  "B_log_ret_hist_der_nrmse": 28.487164093744,
  "B_log_ret_hist_sec_der_nrmse": 51.662481649435634,
  "B_qq_plot_funct": 6.58561532966321e-06,
  "B_qq_plot_der": 5.7367454502666534e-08,
  "B_qq_plot_sec_der": 7.821586491960854e-09,
  "B_qq_plot_funct_pct": 24.45112683705751,
  "B_qq_plot_der_pct": 20.461262518189372,
  "B_qq_plot_sec_der_pct": 64.87034559471554,
  "B_qq_plot_funct_nrmse": 6.977455234531702,
  "B_qq_plot_der_nrmse": 3.3398657733256667,
  "B_qq_plot_sec_der_nrmse": 2.3018343335374576,
  "B_acf_abs_r_funct": 2.542926739537026e-05,
  "B_acf_abs_r_der": 7.913074833163668e-06,
  "B_acf_abs_r_sec_der": 9.171810520657624e-06,
  "B_acf_abs_r_funct_pct": 16.141262085918193,
  "B_acf_abs_r_der_pct": 141.81903194425118,
  "B_acf_abs_r_sec_der_pct": 171.534197029039,
  "B_acf_abs_r_funct_nrmse": 13.313728762108463,
  "B_acf_abs_r_der_nrmse": 61.9081952288714,
  "B_acf_abs_r_sec_der_nrmse": 55.52376800665143,
  "B_acf_sq_r_funct": 2.2784940551083747e-05,
  "B_acf_sq_r_der": 8.135860811890687e-06,
  "B_acf_sq_r_sec_der": 9.93628638255432e-06,
  "B_acf_sq_r_funct_pct": 13.0988701341291,
  "B_acf_sq_r_der_pct": 670.0961698853141,
  "B_acf_sq_r_sec_der_pct": 293.42803001790475,
  "B_acf_sq_r_funct_nrmse": 13.87007948917359,
  "B_acf_sq_r_der_nrmse": 50.551819131581574,
  "B_acf_sq_r_sec_der_nrmse": 43.70659296024899,
  "B_roll_vol_hist_funct": 439.1764490189718,
  "B_roll_vol_hist_der": 4.344593376841878,
  "B_roll_vol_hist_sec_der": 2.3485109698390163,
  "B_roll_vol_hist_funct_pct": 59.18960903388973,
  "B_roll_vol_hist_der_pct": 204.5425520405373,
  "B_roll_vol_hist_sec_der_pct": 231.57413282053682,
  "B_roll_vol_hist_funct_nrmse": 23.715622840848024,
  "B_roll_vol_hist_der_nrmse": 39.063976569254784,
  "B_roll_vol_hist_sec_der_nrmse": 29.900001209149362,
  "B_tail_surv_funct": 0.005264296636250526,
  "B_tail_surv_der": 5.80964004781392e-06,
  "B_tail_surv_sec_der": 5.730386895444361e-08,
  "B_tail_surv_funct_pct": 23.887947394696145,
  "B_tail_surv_der_pct": 19.991284770708962,
  "B_tail_surv_sec_der_pct": 16255.337292227721,
  "B_tail_surv_funct_nrmse": 7.328836776939728,
  "B_tail_surv_der_nrmse": 250765.52239934594,
  "B_tail_surv_sec_der_nrmse": 24904.92196045736
}