{
  "seed": 1,
  "A1_kurtosis_error": 0.10389863027457524,
  "A2_abs_r_q95_error": 0.0053864895625177454,
  "A3_abs_r_q99_error": 0.007474649796601035,
  "A4_tail_qq_error": 0.005306070614215388,
  "A5_hill_tail_index_error": 1.6128062429950596,
  "A6_path_mmd2": 0.002934772712923084,
  "A7_terminal_mmd2": 0.0034968964414870962,
  "A8_increment_mmd2": 0.008088518460328986,
  "A9_volatility_mmd": 0.2459690930601141,
  "A10_terminal_swd": 1.2977592336271686,
  "A11_path_swd": 0.6766888060791408,
  "A12_rv_law_loss": 1.9234713105696788,
  "A13_mean_path_rmse": 0.09833885248822702,
  "A14_ks_logreturns": 0.054442398191437036,
  "A15_skewness_error": 0.046915260403717754,
  "A16_qq_rmse": 0.002587675524722602,
  "A17_terminal_ks": 0.029541015625,
  "A18_disc_score_gru": 0.000153,
  "A18_disc_score_mlp": 0.000153,
  "A19_pred_score_gru": 0.053898,
  "A19_pred_score_mlp": 0.054228,
  "A20_cov_error": 40.66145238451685,
  "A21_acf_abs": 0.009192012806742622,
  "A22_acf_sq": 0.008790247304155046,
  "A23_acf_lag1_abs_error": 0.018162627899297346,
  "A24_acf_lag1_sq_error": 0.015928725845578057,
  "A25_mean_rmse": 0.1132236139203826,
  "A26_std_error": 0.2611745279919515,
  "A27_logreturn_std_error": 0.002678555027661204,
  "A28_kurtosis_ratio": 0.8460705696277271,
  "A29_sigma_mean_error": 0.041037373393957216,
  "A30_vol_path_rmse": 1.0539734686658495,
  "A31_rolling_vol_ks": 0.21951616488821135,
  "A32_vol_of_vol_error": 0.0010517544820721307,
  "A33_sigma_corr": 0.009045195044248314,
  "A34_sigma_rmse": 0.09859710526819497,
  "compute_time_sec": 47.25,
  "B_log_ret_hist_funct": 13.79078499591625,
  "B_log_ret_hist_der": 0.303112728726452,
  "B_log_ret_hist_sec_der": 0.3354322319729955,
  "B_log_ret_hist_funct_pct": 35.43862963123601,
  "B_log_ret_hist_der_pct": 327.81770762281445,
  "B_log_ret_hist_sec_der_pct": 21962.540850014368,
  "B_qq_plot_funct": 7.074668185680364e-06,
  "B_qq_plot_der": 6.781264003951436e-08,
  "B_qq_plot_sec_der": 1.2325817383107442e-08,
  "B_qq_plot_funct_pct": 23.953247998751202,
  "B_qq_plot_der_pct": 21.351547939202977,
  "B_qq_plot_sec_der_pct": 60.38014620982173,
  "B_acf_abs_r_funct": 3.174707723031588e-05,
  "B_acf_abs_r_der": 7.0492416971568436e-06,
  "B_acf_abs_r_sec_der": 8.995758495325726e-06,
  "B_acf_abs_r_funct_pct": 12.007935059118033,
  "B_acf_abs_r_der_pct": 111.68753362632357,
  "B_acf_abs_r_sec_der_pct": 241.0037023721922,
  "B_acf_sq_r_funct": 2.813343059703143e-05,
  "B_acf_sq_r_der": 5.876236462598089e-06,
  "B_acf_sq_r_sec_der": 9.501524134374787e-06,
  "B_acf_sq_r_funct_pct": 14.112003722082136,
  "B_acf_sq_r_der_pct": 135.49002518035462,
  "B_acf_sq_r_sec_der_pct": 706.4950669740546,
  "B_roll_vol_hist_funct": 459.2753652666857,
  "B_roll_vol_hist_der": 4.043402247333587,
  "B_roll_vol_hist_sec_der": 2.49331197080834,
  "B_roll_vol_hist_funct_pct": 62.06069200216394,
  "B_roll_vol_hist_der_pct": 178.2808243458441,
  "B_roll_vol_hist_sec_der_pct": 572.3753618792693,
  "B_tail_surv_funct": 0.006011602899302287,
  "B_tail_surv_der": 6.4079466269389085e-06,
  "B_tail_surv_sec_der": 4.591365461413157e-08,
  "B_tail_surv_funct_pct": 25.01174600124877,
  "B_tail_surv_der_pct": 21.09740640068142,
  "B_tail_surv_sec_der_pct": 14290.432673532123
}