{
  "seed": 4,
  "A1_kurtosis_error": 0.1223965694243212,
  "A2_abs_r_q95_error": 0.005588637450609418,
  "A3_abs_r_q99_error": 0.007684621176449618,
  "A4_tail_qq_error": 0.005510309070049923,
  "A5_hill_tail_index_error": 2.913124151591031,
  "A6_path_mmd2": 0.0027144342597203996,
  "A7_terminal_mmd2": 0.001665899106914448,
  "A8_increment_mmd2": 0.009159340194854204,
  "A9_volatility_mmd": 0.2709751013376085,
  "A10_terminal_swd": 1.145434179812163,
  "A11_path_swd": 0.7560324386219224,
  "A12_rv_law_loss": 1.9948817872656885,
  "A13_mean_path_rmse": 0.24724596393388443,
  "A14_ks_logreturns": 0.05767774206446852,
  "A15_skewness_error": 0.04780594429193753,
  "A16_qq_rmse": 0.0027022327364705345,
  "A17_terminal_ks": 0.0289306640625,
  "A18_disc_score_gru": 0.22719,
  "A18_disc_score_mlp": 0.016021,
  "A19_pred_score_gru": 0.053983,
  "A19_pred_score_mlp": 0.054501,
  "A20_cov_error": 33.49893922431778,
  "A21_acf_abs": 0.01353316285122041,
  "A22_acf_sq": 0.01220013585678744,
  "A23_acf_lag1_abs_error": 0.026973583484199856,
  "A24_acf_lag1_sq_error": 0.02385648107285209,
  "A25_mean_rmse": 0.26944566353293453,
  "A26_std_error": 0.2731860760324909,
  "A27_logreturn_std_error": 0.0027929043483231678,
  "A28_kurtosis_ratio": 0.8392884038857444,
  "A29_sigma_mean_error": 0.04304601201163383,
  "A30_vol_path_rmse": 0.8262850532798955,
  "A31_rolling_vol_ks": 0.23332896659044722,
  "A32_vol_of_vol_error": 0.0010772211794755904,
  "A33_sigma_corr": 0.01159451773500408,
  "A34_sigma_rmse": 0.09947278143116257,
  "compute_time_sec": 47.03,
  "B_log_ret_hist_funct": 15.91382216390821,
  "B_log_ret_hist_der": 0.34677481959280176,
  "B_log_ret_hist_sec_der": 0.3607885995001743,
  "B_log_ret_hist_funct_pct": 36.92588952267435,
  "B_log_ret_hist_der_pct": 366.86836205091265,
  "B_log_ret_hist_sec_der_pct": 92490.68201064394,
  "B_qq_plot_funct": 7.686406859444116e-06,
  "B_qq_plot_der": 6.713380780847568e-08,
  "B_qq_plot_sec_der": 1.0898131794591589e-08,
  "B_qq_plot_funct_pct": 25.706316474373946,
  "B_qq_plot_der_pct": 22.32276567267364,
  "B_qq_plot_sec_der_pct": 71.15249192926241,
  "B_acf_abs_r_funct": 7.922531294024319e-05,
  "B_acf_abs_r_der": 1.6187936707154793e-05,
  "B_acf_abs_r_sec_der": 2.377482216952552e-05,
  "B_acf_abs_r_funct_pct": 22.25851593147985,
  "B_acf_abs_r_der_pct": 141.6826051661175,
  "B_acf_abs_r_sec_der_pct": 313.9575141528347,
  "B_acf_sq_r_funct": 6.493016257677194e-05,
  "B_acf_sq_r_der": 1.1032180960450979e-05,
  "B_acf_sq_r_sec_der": 1.5021115353075068e-05,
  "B_acf_sq_r_funct_pct": 24.07044999749591,
  "B_acf_sq_r_der_pct": 130.1237806256143,
  "B_acf_sq_r_sec_der_pct": 600.571699999492,
  "B_roll_vol_hist_funct": 527.7831002334574,
  "B_roll_vol_hist_der": 4.304054034860203,
  "B_roll_vol_hist_sec_der": 1.7814381746800771,
  "B_roll_vol_hist_funct_pct": 65.3836631812265,
  "B_roll_vol_hist_der_pct": 187.94838292513498,
  "B_roll_vol_hist_sec_der_pct": 330.62744422334293,
  "B_tail_surv_funct": 0.006775095776223272,
  "B_tail_surv_der": 7.110254449660369e-06,
  "B_tail_surv_sec_der": 4.617801451485214e-08,
  "B_tail_surv_funct_pct": 26.160679279060588,
  "B_tail_surv_der_pct": 22.39535763130207,
  "B_tail_surv_sec_der_pct": 14338.502034581983
}