{
  "seed": 1,
  "A1_kurtosis_error": 0.10354190101653327,
  "A2_abs_r_q95_error": 0.005455904514757172,
  "A3_abs_r_q99_error": 0.007489455207123047,
  "A4_tail_qq_error": 0.005358505327038817,
  "A5_hill_tail_index_error": 1.0473456996195445,
  "A6_path_mmd2": 0.003479653329650584,
  "A7_terminal_mmd2": 0.004823644473408273,
  "A8_increment_mmd2": 0.008333101278325206,
  "A9_volatility_mmd": 0.25319759686331417,
  "A10_terminal_swd": 1.7936216752107725,
  "A11_path_swd": 0.9827878926326652,
  "A12_rv_law_loss": 1.9465730515187418,
  "A13_mean_path_rmse": 0.19269623832253335,
  "A14_ks_logreturns": 0.05419056809793299,
  "A15_skewness_error": 0.038016179229378395,
  "A16_qq_rmse": 0.002611811907440629,
  "A17_terminal_ks": 0.0335693359375,
  "A18_disc_score_gru": 0.002289,
  "A18_disc_score_mlp": 0.013274,
  "A19_pred_score_gru": 0.050224,
  "A19_pred_score_mlp": 0.050137,
  "A20_cov_error": 46.669131702987585,
  "A21_acf_abs": 0.011734548656137074,
  "A22_acf_sq": 0.01175013013711212,
  "A23_acf_lag1_abs_error": 0.02184049550109344,
  "A24_acf_lag1_sq_error": 0.02003378250859849,
  "A25_mean_rmse": 0.31118118517346716,
  "A26_std_error": 0.2621441038433503,
  "A27_logreturn_std_error": 0.0027080254511203227,
  "A28_kurtosis_ratio": 0.8625900886429976,
  "A29_sigma_mean_error": 0.04139621561910098,
  "A30_vol_path_rmse": 1.261177788476479,
  "A31_rolling_vol_ks": 0.22168365726626016,
  "A32_vol_of_vol_error": 0.0010527493225617884,
  "A33_sigma_corr": 0.006939457619294653,
  "A34_sigma_rmse": 0.09920537663708706,
  "compute_time_sec": 48.38,
  "B_log_ret_hist_funct": 13.870263614616228,
  "B_log_ret_hist_der": 0.28746145819819763,
  "B_log_ret_hist_sec_der": 0.2674581990547867,
  "B_log_ret_hist_funct_pct": 35.17837557066512,
  "B_log_ret_hist_der_pct": 59.71821574755677,
  "B_log_ret_hist_sec_der_pct": 427.1580717039339,
  "B_log_ret_hist_funct_nrmse": 10.191995950589952,
  "B_log_ret_hist_der_nrmse": 29.126578290329203,
  "B_log_ret_hist_sec_der_nrmse": 42.76393070712918,
  "B_qq_plot_funct": 7.20137669849204e-06,
  "B_qq_plot_der": 6.646310773756713e-08,
  "B_qq_plot_sec_der": 1.1562320607513013e-08,
  "B_qq_plot_funct_pct": 23.2355855738834,
  "B_qq_plot_der_pct": 21.16631727316728,
  "B_qq_plot_sec_der_pct": 40.81299972346391,
  "B_qq_plot_funct_nrmse": 7.2963665485448885,
  "B_qq_plot_der_nrmse": 3.594897777307903,
  "B_qq_plot_sec_der_nrmse": 2.798653560130732,
  "B_acf_abs_r_funct": 5.683324153159086e-05,
  "B_acf_abs_r_der": 1.1423359348986105e-05,
  "B_acf_abs_r_sec_der": 2.102599704643187e-05,
  "B_acf_abs_r_funct_pct": 22.61691671859837,
  "B_acf_abs_r_der_pct": 203.25388316957182,
  "B_acf_abs_r_sec_der_pct": 225.5965680210525,
  "B_acf_abs_r_funct_nrmse": 19.90370811491593,
  "B_acf_abs_r_der_nrmse": 74.38278354575247,
  "B_acf_abs_r_sec_der_nrmse": 84.06780214301361,
  "B_acf_sq_r_funct": 5.219007459226956e-05,
  "B_acf_sq_r_der": 9.723618633033612e-06,
  "B_acf_sq_r_sec_der": 1.9607559655693737e-05,
  "B_acf_sq_r_funct_pct": 27.950270398315542,
  "B_acf_sq_r_der_pct": 703.5621432813463,
  "B_acf_sq_r_sec_der_pct": 452.6545540461467,
  "B_acf_sq_r_funct_nrmse": 20.99176514741619,
  "B_acf_sq_r_der_nrmse": 55.264849549232196,
  "B_acf_sq_r_sec_der_nrmse": 61.39693282567594,
  "B_roll_vol_hist_funct": 466.90354876521155,
  "B_roll_vol_hist_der": 4.216194158779713,
  "B_roll_vol_hist_sec_der": 2.7235384743171345,
  "B_roll_vol_hist_funct_pct": 62.04235006753751,
  "B_roll_vol_hist_der_pct": 178.6696571530226,
  "B_roll_vol_hist_sec_der_pct": 271.56473969549984,
  "B_roll_vol_hist_funct_nrmse": 24.45280029208547,
  "B_roll_vol_hist_der_nrmse": 38.482403057783024,
  "B_roll_vol_hist_sec_der_nrmse": 32.1989468137234,
  "B_tail_surv_funct": 0.006075155214893373,
  "B_tail_surv_der": 6.499655066494484e-06,
  "B_tail_surv_sec_der": 5.935869636050937e-08,
  "B_tail_surv_funct_pct": 24.814774168956692,
  "B_tail_surv_der_pct": 21.244495028531432,
  "B_tail_surv_sec_der_pct": 13291437.96416951,
  "B_tail_surv_funct_nrmse": 7.873060014757118,
  "B_tail_surv_der_nrmse": 265239.60192581086,
  "B_tail_surv_sec_der_nrmse": 25347.51506844169
}