{
  "seed": 2,
  "A1_kurtosis_error": 0.05081585814235279,
  "A2_abs_r_q95_error": 0.005211446155623314,
  "A3_abs_r_q99_error": 0.007134378329290238,
  "A4_tail_qq_error": 0.00513313960841794,
  "A5_hill_tail_index_error": 1.2035220376991518,
  "A6_path_mmd2": 0.0018824072166507833,
  "A7_terminal_mmd2": 0.002628025302690129,
  "A8_increment_mmd2": 0.006493377482203355,
  "A9_volatility_mmd": 0.20749100692272687,
  "A10_terminal_swd": 1.1346613192615678,
  "A11_path_swd": 0.6469497032360699,
  "A12_rv_law_loss": 1.8449485959981151,
  "A13_mean_path_rmse": 0.9072938279164466,
  "A14_ks_logreturns": 0.05199522484005906,
  "A15_skewness_error": 0.04286109980708129,
  "A16_qq_rmse": 0.00247416129604768,
  "A17_terminal_ks": 0.0386962890625,
  "A18_disc_score_gru": 0.006256,
  "A18_disc_score_mlp": 0.002594,
  "A19_pred_score_gru": 0.053918,
  "A19_pred_score_mlp": 0.053909,
  "A20_cov_error": 25.779128506768245,
  "A21_acf_abs": 0.006005284478718767,
  "A22_acf_sq": 0.005869608730814789,
  "A23_acf_lag1_abs_error": 0.012043302738735745,
  "A24_acf_lag1_sq_error": 0.012974166386603418,
  "A25_mean_rmse": 1.1949815146911362,
  "A26_std_error": 0.24359722702992648,
  "A27_logreturn_std_error": 0.0025574953739549086,
  "A28_kurtosis_ratio": 0.8831665318602324,
  "A29_sigma_mean_error": 0.039050139426152486,
  "A30_vol_path_rmse": 0.7295172080501808,
  "A31_rolling_vol_ks": 0.21096330348069114,
  "A32_vol_of_vol_error": 0.0010590225487717786,
  "A33_sigma_corr": 0.011636856154694251,
  "A34_sigma_rmse": 0.09739290428140775,
  "compute_time_sec": 47.6,
  "B_log_ret_hist_funct": 11.606052010073372,
  "B_log_ret_hist_der": 0.23554823287585944,
  "B_log_ret_hist_sec_der": 0.27003053956775297,
  "B_log_ret_hist_funct_pct": 34.153714029793726,
  "B_log_ret_hist_der_pct": 418.597414288449,
  "B_log_ret_hist_sec_der_pct": 58535.027677535676,
  "B_qq_plot_funct": 6.461677764886354e-06,
  "B_qq_plot_der": 5.8541996142603245e-08,
  "B_qq_plot_sec_der": 8.276024140180992e-09,
  "B_qq_plot_funct_pct": 24.117181662752525,
  "B_qq_plot_der_pct": 20.319353009918622,
  "B_qq_plot_sec_der_pct": 55.48051257579786,
  "B_acf_abs_r_funct": 3.2734497433923434e-05,
  "B_acf_abs_r_der": 6.736145065756151e-06,
  "B_acf_abs_r_sec_der": 7.939741175302418e-06,
  "B_acf_abs_r_funct_pct": 21.034202302545417,
  "B_acf_abs_r_der_pct": 103.79177212969144,
  "B_acf_abs_r_sec_der_pct": 237.9367027871579,
  "B_acf_sq_r_funct": 2.3028547425215896e-05,
  "B_acf_sq_r_der": 7.48643539560529e-06,
  "B_acf_sq_r_sec_der": 1.2226788480653923e-05,
  "B_acf_sq_r_funct_pct": 19.540152266211937,
  "B_acf_sq_r_der_pct": 124.51134792047142,
  "B_acf_sq_r_sec_der_pct": 275.22849837628434,
  "B_roll_vol_hist_funct": 432.2276076658893,
  "B_roll_vol_hist_der": 4.199529600169297,
  "B_roll_vol_hist_sec_der": 2.229029185546706,
  "B_roll_vol_hist_funct_pct": 58.63107517890832,
  "B_roll_vol_hist_der_pct": 175.84187468495577,
  "B_roll_vol_hist_sec_der_pct": 557.9745702773831,
  "B_tail_surv_funct": 0.005203239204459851,
  "B_tail_surv_der": 5.721588618214066e-06,
  "B_tail_surv_sec_der": 5.595971736024167e-08,
  "B_tail_surv_funct_pct": 23.73414752326161,
  "B_tail_surv_der_pct": 19.867405259577453,
  "B_tail_surv_sec_der_pct": 16112.019468782137
}