{
  "seed": 0,
  "A1_kurtosis_error": 0.11810250731394412,
  "A2_abs_r_q95_error": 0.005253192676229989,
  "A3_abs_r_q99_error": 0.007111568295656408,
  "A4_tail_qq_error": 0.005158639933935874,
  "A5_hill_tail_index_error": 2.3020825347749323,
  "A6_path_mmd2": 0.002218474414444088,
  "A7_terminal_mmd2": 0.0017701599906927434,
  "A8_increment_mmd2": 0.00812606614596123,
  "A9_volatility_mmd": 0.2500139860163503,
  "A10_terminal_swd": 1.1559102439063327,
  "A11_path_swd": 0.6970564886953825,
  "A12_rv_law_loss": 1.869155574245381,
  "A13_mean_path_rmse": 0.1072673568121118,
  "A14_ks_logreturns": 0.052972748523622104,
  "A15_skewness_error": 0.0475513717000116,
  "A16_qq_rmse": 0.002514179549378127,
  "A17_terminal_ks": 0.0255126953125,
  "A18_disc_score_gru": 0.000153,
  "A18_disc_score_mlp": 0.002899,
  "A19_pred_score_gru": 0.053941,
  "A19_pred_score_mlp": 0.053929,
  "A20_cov_error": 35.801122583088414,
  "A21_acf_abs": 0.007256699558697696,
  "A22_acf_sq": 0.007220411422400667,
  "A23_acf_lag1_abs_error": 0.018594969936445216,
  "A24_acf_lag1_sq_error": 0.017753621354873066,
  "A25_mean_rmse": 0.14443568254890238,
  "A26_std_error": 0.25422413754607753,
  "A27_logreturn_std_error": 0.0025916643022915065,
  "A28_kurtosis_ratio": 0.8098922166793593,
  "A29_sigma_mean_error": 0.03981310683518294,
  "A30_vol_path_rmse": 0.9503936426106717,
  "A31_rolling_vol_ks": 0.2145122745172765,
  "A32_vol_of_vol_error": 0.001015128318677552,
  "A33_sigma_corr": 0.008960116104064575,
  "A34_sigma_rmse": 0.0984966666594945,
  "compute_time_sec": 51.12,
  "B_log_ret_hist_funct": 12.9691098800972,
  "B_log_ret_hist_der": 0.2443317582186684,
  "B_log_ret_hist_sec_der": 0.1704656745364257,
  "B_log_ret_hist_funct_pct": 34.531113466549385,
  "B_log_ret_hist_der_pct": 281.97429981741095,
  "B_log_ret_hist_sec_der_pct": 47762.172261159285,
  "B_qq_plot_funct": 6.65263933038788e-06,
  "B_qq_plot_der": 5.777854638174337e-08,
  "B_qq_plot_sec_der": 9.331391900397811e-09,
  "B_qq_plot_funct_pct": 23.45220370573483,
  "B_qq_plot_der_pct": 20.731709835549616,
  "B_qq_plot_sec_der_pct": 72.756037387597,
  "B_acf_abs_r_funct": 2.375375814282341e-05,
  "B_acf_abs_r_der": 9.626458280764212e-06,
  "B_acf_abs_r_sec_der": 9.637524617828587e-06,
  "B_acf_abs_r_funct_pct": 8.884114288781415,
  "B_acf_abs_r_der_pct": 109.37958906926649,
  "B_acf_abs_r_sec_der_pct": 294.2799409041081,
  "B_acf_sq_r_funct": 2.3098206414012278e-05,
  "B_acf_sq_r_der": 1.0560828295647203e-05,
  "B_acf_sq_r_sec_der": 1.6571767015763015e-05,
  "B_acf_sq_r_funct_pct": 10.51975251990855,
  "B_acf_sq_r_der_pct": 159.33068156541853,
  "B_acf_sq_r_sec_der_pct": 653.6745514582205,
  "B_roll_vol_hist_funct": 441.9523273975966,
  "B_roll_vol_hist_der": 3.8258620756970947,
  "B_roll_vol_hist_sec_der": 1.8084731988956237,
  "B_roll_vol_hist_funct_pct": 60.334792566612585,
  "B_roll_vol_hist_der_pct": 183.06547410917085,
  "B_roll_vol_hist_sec_der_pct": 449.8767948882895,
  "B_tail_surv_funct": 0.005659825293210619,
  "B_tail_surv_der": 6.042330002512695e-06,
  "B_tail_surv_sec_der": 4.5135092929464e-08,
  "B_tail_surv_funct_pct": 24.30637676142292,
  "B_tail_surv_der_pct": 20.461822657327165,
  "B_tail_surv_sec_der_pct": 14828.286339149776
}