{
  "seed": 0,
  "A1_kurtosis_error": 0.11774577805590214,
  "A2_abs_r_q95_error": 0.005322607628469415,
  "A3_abs_r_q99_error": 0.00712637370617842,
  "A4_tail_qq_error": 0.0052110746467593045,
  "A5_hill_tail_index_error": 1.7366219913994172,
  "A6_path_mmd2": 0.003766519845949806,
  "A7_terminal_mmd2": 0.0029819471522283814,
  "A8_increment_mmd2": 0.007419636843062349,
  "A9_volatility_mmd": 0.2274652817321488,
  "A10_terminal_swd": 1.4457282306964765,
  "A11_path_swd": 1.078951557381592,
  "A12_rv_law_loss": 1.8920432511830523,
  "A13_mean_path_rmse": 0.197891777677467,
  "A14_ks_logreturns": 0.05282953217273623,
  "A15_skewness_error": 0.03865229052567224,
  "A16_qq_rmse": 0.0025383322291123063,
  "A17_terminal_ks": 0.0308837890625,
  "A18_disc_score_gru": 0.002289,
  "A18_disc_score_mlp": 0.010833,
  "A19_pred_score_gru": 0.050241,
  "A19_pred_score_mlp": 0.050155,
  "A20_cov_error": 41.80880190155915,
  "A21_acf_abs": 0.009799235408092149,
  "A22_acf_sq": 0.010180294255357741,
  "A23_acf_lag1_abs_error": 0.02227283753824131,
  "A24_acf_lag1_sq_error": 0.0218586780178935,
  "A25_mean_rmse": 0.34239325380198693,
  "A26_std_error": 0.2551937133974763,
  "A27_logreturn_std_error": 0.002621134725750625,
  "A28_kurtosis_ratio": 0.8257053537320297,
  "A29_sigma_mean_error": 0.0401719490603267,
  "A30_vol_path_rmse": 1.160224435756403,
  "A31_rolling_vol_ks": 0.21662815993394308,
  "A32_vol_of_vol_error": 0.0010161231591672096,
  "A33_sigma_corr": 0.0009191306378558128,
  "A34_sigma_rmse": 0.09931944287774676,
  "compute_time_sec": 52.61,
  "B_log_ret_hist_funct": 13.058161635396038,
  "B_log_ret_hist_der": 0.2693587318049522,
  "B_log_ret_hist_sec_der": 0.23511400156374257,
  "B_log_ret_hist_funct_pct": 34.78767508130265,
  "B_log_ret_hist_der_pct": 57.694892692608676,
  "B_log_ret_hist_sec_der_pct": 263095.04757738207,
  "B_log_ret_hist_funct_nrmse": 9.889125873755797,
  "B_log_ret_hist_der_nrmse": 28.19455114794074,
  "B_log_ret_hist_sec_der_nrmse": 40.094878867452216,
  "B_qq_plot_funct": 6.775692966568288e-06,
  "B_qq_plot_der": 5.66086814859187e-08,
  "B_qq_plot_sec_der": 8.716082529690325e-09,
  "B_qq_plot_funct_pct": 23.730154267607325,
  "B_qq_plot_der_pct": 20.87370846107095,
  "B_qq_plot_sec_der_pct": 76.038526442381,
  "B_qq_plot_funct_nrmse": 7.077432533641943,
  "B_qq_plot_der_nrmse": 3.317704814596465,
  "B_qq_plot_sec_der_nrmse": 2.4298938643951393,
  "B_acf_abs_r_funct": 3.7493073584063486e-05,
  "B_acf_abs_r_der": 1.2523291795340777e-05,
  "B_acf_abs_r_sec_der": 1.4887456022954202e-05,
  "B_acf_abs_r_funct_pct": 11.943971242333895,
  "B_acf_abs_r_der_pct": 186.75563394334242,
  "B_acf_abs_r_sec_der_pct": 305.9970303042407,
  "B_acf_abs_r_funct_nrmse": 16.16621322854866,
  "B_acf_abs_r_der_nrmse": 77.88158061553104,
  "B_acf_abs_r_sec_der_nrmse": 70.73944362281588,
  "B_acf_sq_r_funct": 3.75672899170936e-05,
  "B_acf_sq_r_der": 1.2069908240554446e-05,
  "B_acf_sq_r_sec_der": 1.5795538383042785e-05,
  "B_acf_sq_r_funct_pct": 14.048538568024918,
  "B_acf_sq_r_der_pct": 724.4848829850613,
  "B_acf_sq_r_sec_der_pct": 635.5406920012566,
  "B_acf_sq_r_funct_nrmse": 17.809836533594712,
  "B_acf_sq_r_der_nrmse": 61.572532648938626,
  "B_acf_sq_r_sec_der_nrmse": 55.10641010835781,
  "B_roll_vol_hist_funct": 449.34163953668883,
  "B_roll_vol_hist_der": 4.299940206583613,
  "B_roll_vol_hist_sec_der": 3.373535634795419,
  "B_roll_vol_hist_funct_pct": 60.96247655902,
  "B_roll_vol_hist_der_pct": 176.49516932228832,
  "B_roll_vol_hist_sec_der_pct": 280.2672716855892,
  "B_roll_vol_hist_funct_nrmse": 23.988514025943743,
  "B_roll_vol_hist_der_nrmse": 38.86271083188203,
  "B_roll_vol_hist_sec_der_nrmse": 35.83583764379778,
  "B_tail_surv_funct": 0.005721882118951646,
  "B_tail_surv_der": 6.134142587846798e-06,
  "B_tail_surv_sec_der": 4.8959996625371514e-08,
  "B_tail_surv_funct_pct": 24.45717370014547,
  "B_tail_surv_der_pct": 20.639676592757137,
  "B_tail_surv_sec_der_pct": 14746.430477762064,
  "B_tail_surv_funct_nrmse": 7.640720723107355,
  "B_tail_surv_der_nrmse": 257673.73116654524,
  "B_tail_surv_sec_der_nrmse": 23020.454952115357
}