{
  "seed": 4,
  "A1_kurtosis_error": 0.12203984016627922,
  "A2_abs_r_q95_error": 0.005658052402848845,
  "A3_abs_r_q99_error": 0.00769942658697163,
  "A4_tail_qq_error": 0.005562743782873352,
  "A5_hill_tail_index_error": 2.347663608215516,
  "A6_path_mmd2": 0.002992195775812473,
  "A7_terminal_mmd2": 0.002441348231461138,
  "A8_increment_mmd2": 0.009307694540880096,
  "A9_volatility_mmd": 0.2756904282717242,
  "A10_terminal_swd": 1.2896160960476115,
  "A11_path_swd": 0.8722476140215975,
  "A12_rv_law_loss": 2.0184352010137516,
  "A13_mean_path_rmse": 0.31139461348523195,
  "A14_ks_logreturns": 0.05759508027805116,
  "A15_skewness_error": 0.038906863117598174,
  "A16_qq_rmse": 0.00272641490821422,
  "A17_terminal_ks": 0.0355224609375,
  "A18_disc_score_gru": 0.010528,
  "A18_disc_score_mlp": 0.006866,
  "A19_pred_score_gru": 0.050277,
  "A19_pred_score_mlp": 0.050334,
  "A20_cov_error": 39.506618542788516,
  "A21_acf_abs": 0.016075698700614864,
  "A22_acf_sq": 0.015160018689744516,
  "A23_acf_lag1_abs_error": 0.03065145108599595,
  "A24_acf_lag1_sq_error": 0.027961537735872524,
  "A25_mean_rmse": 0.4674032347860191,
  "A26_std_error": 0.2741556518838897,
  "A27_logreturn_std_error": 0.0028223747717822864,
  "A28_kurtosis_ratio": 0.8556755011858987,
  "A29_sigma_mean_error": 0.04340485423677759,
  "A30_vol_path_rmse": 1.0337880417331875,
  "A31_rolling_vol_ks": 0.23572670541158536,
  "A32_vol_of_vol_error": 0.001078216019965248,
  "A33_sigma_corr": 0.00788604889082308,
  "A34_sigma_rmse": 0.10015409630141696,
  "compute_time_sec": 48.7,
  "B_log_ret_hist_funct": 15.98593229974481,
  "B_log_ret_hist_der": 0.3146251377509672,
  "B_log_ret_hist_sec_der": 0.23817478110508025,
  "B_log_ret_hist_funct_pct": 36.63479192848295,
  "B_log_ret_hist_der_pct": 60.908492656148916,
  "B_log_ret_hist_sec_der_pct": 278.0800612879505,
  "B_log_ret_hist_funct_nrmse": 10.941726867714157,
  "B_log_ret_hist_der_nrmse": 30.471677629366823,
  "B_log_ret_hist_sec_der_nrmse": 40.35501811271569,
  "B_qq_plot_funct": 7.819049856635074e-06,
  "B_qq_plot_der": 6.612262820466696e-08,
  "B_qq_plot_sec_der": 1.0414034986076689e-08,
  "B_qq_plot_funct_pct": 24.864478350392357,
  "B_qq_plot_der_pct": 22.116175936317305,
  "B_qq_plot_sec_der_pct": 49.27514796414335,
  "B_qq_plot_funct_nrmse": 7.60284033655455,
  "B_qq_plot_der_nrmse": 3.5856779201613156,
  "B_qq_plot_sec_der_nrmse": 2.6560494334339118,
  "B_acf_abs_r_funct": 0.00011819346179869326,
  "B_acf_abs_r_der": 2.2131216408307905e-05,
  "B_acf_abs_r_sec_der": 4.205541977863163e-05,
  "B_acf_abs_r_funct_pct": 33.79679328484516,
  "B_acf_abs_r_der_pct": 249.09108009129568,
  "B_acf_abs_r_sec_der_pct": 325.9110569156326,
  "B_acf_abs_r_funct_nrmse": 28.703146467571283,
  "B_acf_abs_r_der_nrmse": 103.53284530563558,
  "B_acf_abs_r_sec_der_nrmse": 118.89466841777399,
  "B_acf_sq_r_funct": 0.00010131623445731519,
  "B_acf_sq_r_der": 1.617034555166451e-05,
  "B_acf_sq_r_sec_der": 2.8071433740343348e-05,
  "B_acf_sq_r_funct_pct": 39.821914129213795,
  "B_acf_sq_r_der_pct": 818.6942110801743,
  "B_acf_sq_r_sec_der_pct": 557.1466678670048,
  "B_acf_sq_r_funct_nrmse": 29.247888625454767,
  "B_acf_sq_r_der_nrmse": 71.26801845542367,
  "B_acf_sq_r_sec_der_nrmse": 73.46275321720398,
  "B_roll_vol_hist_funct": 536.3207253040723,
  "B_roll_vol_hist_der": 4.762332153743202,
  "B_roll_vol_hist_sec_der": 2.8447617405444534,
  "B_roll_vol_hist_funct_pct": 65.38621422668203,
  "B_roll_vol_hist_der_pct": 167.73168074712075,
  "B_roll_vol_hist_sec_der_pct": 243.13436998847155,
  "B_roll_vol_hist_funct_nrmse": 26.207603131478464,
  "B_roll_vol_hist_der_nrmse": 40.898909091997936,
  "B_roll_vol_hist_sec_der_nrmse": 32.90772493840833,
  "B_tail_surv_funct": 0.006840329498211503,
  "B_tail_surv_der": 7.199897629901059e-06,
  "B_tail_surv_sec_der": 5.728268584708122e-08,
  "B_tail_surv_funct_pct": 25.950312461864396,
  "B_tail_surv_der_pct": 22.54573848947688,
  "B_tail_surv_sec_der_pct": 13555918.99328815,
  "B_tail_surv_funct_nrmse": 8.35417145074277,
  "B_tail_surv_der_nrmse": 279162.04654864094,
  "B_tail_surv_sec_der_nrmse": 24900.318323656385
}