{
  "B_log_ret_hist": {
    "name": "Log-return histogram",
    "mse": {
      "mean": 2887.25905271304,
      "std": 310.9939323531063,
      "per_seed": [
        2082.29411367655,
        3156.602863213075,
        2445.721322026049,
        3386.1129056512937,
        3365.5640589982327
      ]
    },
    "pct": {
      "mean": 114.82742868551993,
      "std": 0.5881571860949347,
      "per_seed": [
        113.75401612808449,
        115.20271027933,
        114.63864818727258,
        115.33272913144363,
        115.20903970146892
      ]
    }
  },
  "B_qq_plot": {
    "name": "QQ plot",
    "mse": {
      "mean": 0.00011910796596583126,
      "std": 1.7975928214288393e-06,
      "per_seed": [
        0.00011595532668625363,
        0.00012028311025739235,
        0.00011825795431148291,
        0.00012067661415269691,
        0.00012036682442133058
      ]
    },
    "pct": {
      "mean": 90.29078031236256,
      "std": 1.5359026152680333,
      "per_seed": [
        87.50356377525031,
        91.291014817573,
        89.75786654035483,
        91.29106643292249,
        91.61038999571215
      ]
    }
  },
  "B_acf_abs_r": {
    "name": "ACF |r|",
    "mse": {
      "mean": 0.10046091401383643,
      "std": 0.04528019710150733,
      "per_seed": [
        0.039925901126444514,
        0.12066804643239058,
        0.060039672201544395,
        0.13890732979886286,
        0.14276362050993982
      ]
    },
    "pct": {
      "mean": 891.100499406127,
      "std": 249.26436170565987,
      "per_seed": [
        519.1955204117585,
        1042.6996685884255,
        666.7043724692351,
        1105.2520615012197,
        1121.6508740599959
      ]
    }
  },
  "B_acf_sq_r": {
    "name": "ACF r\u00b2",
    "mse": {
      "mean": 0.07976953381717554,
      "std": 0.032962069481389585,
      "per_seed": [
        0.03601722102398883,
        0.09424600236805872,
        0.050182628764421394,
        0.10817107649520537,
        0.1102307404342034
      ]
    },
    "pct": {
      "mean": 903.1542005646854,
      "std": 234.32672821980717,
      "per_seed": [
        558.5863157126033,
        1048.8214452122659,
        685.0348979813807,
        1105.7372058062733,
        1117.5911381109036
      ]
    }
  },
  "B_roll_vol_hist": {
    "name": "Rolling vol histogram",
    "mse": {
      "mean": 47159.415619700405,
      "std": 4926.054920897524,
      "per_seed": [
        56934.00521429544,
        35525.63437617453,
        50667.271779020084,
        48666.272628336505,
        44003.89410067548
      ]
    },
    "pct": {
      "mean": 334.809491296897,
      "std": 11.759243658637962,
      "per_seed": [
        347.7422613292396,
        312.8377228147772,
        340.85099561297176,
        335.8657193060731,
        336.7507574214235
      ]
    }
  },
  "B_tail_surv": {
    "name": "Tail survival",
    "mse": {
      "mean": 0.21682915714009146,
      "std": 0.005672370473567605,
      "per_seed": [
        0.20711767375329473,
        0.22057606115976439,
        0.21351919611501383,
        0.2219078559971843,
        0.22102499867520004
      ]
    },
    "pct": {
      "mean": 90.07625289832232,
      "std": 0.6376860602375515,
      "per_seed": [
        88.99260419506491,
        90.48214548739104,
        89.7044888678781,
        90.65209863323997,
        90.54992730803758
      ]
    }
  }
}