{
  "B_log_ret_hist": {
    "name": "Log-return histogram",
    "mse": {
      "mean": 968.0407359964217,
      "std": 183.10798276184104,
      "per_seed": [
        693.2164383393962,
        1055.4756080631155,
        810.625230977413,
        1151.501094701538,
        1129.385307900646
      ]
    },
    "pct": {
      "mean": 114.85110090246508,
      "std": 0.6458419414348677,
      "per_seed": [
        113.68025749391744,
        115.26463539078343,
        114.62692432430693,
        115.41853125250296,
        115.26515605081468
      ]
    },
    "nrmse": {
      "mean": 123.70295028822366,
      "std": 6.783360209706413,
      "per_seed": [
        112.70942780894511,
        128.05296672013927,
        118.81988280692555,
        129.55109732028052,
        129.3813767848278
      ]
    }
  },
  "B_qq_plot": {
    "name": "QQ plot",
    "mse": {
      "mean": 3.987088770245085e-05,
      "std": 5.993045362964753e-07,
      "per_seed": [
        3.8817214225248385e-05,
        4.026343053798586e-05,
        3.9587605783459324e-05,
        4.0394600166123396e-05,
        4.029158779943726e-05
      ]
    },
    "pct": {
      "mean": 90.529003613626,
      "std": 1.555341793239956,
      "per_seed": [
        87.69870118027761,
        91.54404268680551,
        90.00919626992516,
        91.52617609681468,
        91.86690183430703
      ]
    },
    "nrmse": {
      "mean": 29.565356187060424,
      "std": 0.22599022188390122,
      "per_seed": [
        29.167886732802025,
        29.714085149373354,
        29.45855333866878,
        29.761061746697248,
        29.72519396776071
      ]
    }
  },
  "B_acf_abs_r": {
    "name": "ACF |r|",
    "mse": {
      "mean": 0.033897836648387726,
      "std": 0.014222799667676462,
      "per_seed": [
        0.013607107581885136,
        0.04072602550409216,
        0.020277770724487484,
        0.04678250833515892,
        0.0480957710963149
      ]
    },
    "pct": {
      "mean": 983.5674670022788,
      "std": 273.1015295500368,
      "per_seed": [
        577.2682664704204,
        1150.6534923360864,
        736.009715869528,
        1217.797617726468,
        1236.1082426088917
      ]
    },
    "nrmse": {
      "mean": 795.3404860504022,
      "std": 212.42020833286702,
      "per_seed": [
        476.6498893881954,
        910.4421932680305,
        609.0729012284833,
        982.8533096272755,
        997.6841367400267
      ]
    }
  },
  "B_acf_sq_r": {
    "name": "ACF r\u00b2",
    "mse": {
      "mean": 0.0269430563084621,
      "std": 0.010337148340177996,
      "per_seed": [
        0.012239978344695883,
        0.031874415630565256,
        0.01699150084230967,
        0.03645316406058873,
        0.037156222664150945
      ]
    },
    "pct": {
      "mean": 1026.4232638918133,
      "std": 265.11381178903997,
      "per_seed": [
        637.153822271125,
        1194.7578510775709,
        778.4062064624742,
        1254.2274139437661,
        1267.57102570413
      ]
    },
    "nrmse": {
      "mean": 782.1355019870582,
      "std": 188.69876543660104,
      "per_seed": [
        505.0965984850644,
        881.9064922333031,
        609.1247698721661,
        952.223205629593,
        962.3264437151647
      ]
    }
  },
  "B_roll_vol_hist": {
    "name": "Rolling vol histogram",
    "mse": {
      "mean": 16018.811566596696,
      "std": 2352.306582486896,
      "per_seed": [
        19159.651725389376,
        12098.56053866692,
        17211.735107451193,
        16492.100569603845,
        15132.009891872143
      ]
    },
    "pct": {
      "mean": 339.97228285625664,
      "std": 11.743763894048193,
      "per_seed": [
        352.7590304604819,
        317.9528047913058,
        345.9448132821224,
        341.25883402184974,
        341.94593172552345
      ]
    },
    "nrmse": {
      "mean": 221.45867224742534,
      "std": 13.054308370729236,
      "per_seed": [
        237.55443448280013,
        198.28816877359435,
        228.53618052224465,
        223.19480345055473,
        219.71977400793273
      ]
    }
  },
  "B_tail_surv": {
    "name": "Tail survival",
    "mse": {
      "mean": 0.07223592719970355,
      "std": 0.001902974337697612,
      "per_seed": [
        0.0689966325958192,
        0.07348624102786461,
        0.07113100586647764,
        0.07392997714529465,
        0.07363577936306166
      ]
    },
    "pct": {
      "mean": 90.06461824352803,
      "std": 0.6385382059039789,
      "per_seed": [
        88.9795721310453,
        90.47124150594094,
        89.69222236663511,
        90.64101275509962,
        90.53904245891913
      ]
    },
    "nrmse": {
      "mean": 46.973988398098605,
      "std": 0.6195624709682637,
      "per_seed": [
        45.91668759213114,
        47.381211764124195,
        46.61897825138928,
        47.52364737123968,
        47.429417011608734
      ]
    }
  }
}