{
  "B_log_ret_hist": {
    "name": "Log-return histogram",
    "mse": {
      "mean": 968.0407359964217,
      "std": 183.10798276184104,
      "per_seed": [
        693.2164383393962,
        1055.4756080631155,
        810.625230977413,
        1151.501094701538,
        1129.385307900646
      ]
    },
    "pct": {
      "mean": 2019.4691243153163,
      "std": 124.340167729118,
      "per_seed": [
        1824.561427730272,
        1949.8249804339623,
        2023.0298594583353,
        2163.9684662097998,
        2135.960887744213
      ]
    },
    "nrmse": {
      "mean": 944.9923541752967,
      "std": 211.69341421484867,
      "per_seed": [
        629.048144351361,
        1035.6138560180652,
        763.7349799851958,
        1164.554925560484,
        1132.0098649613772
      ]
    }
  },
  "B_qq_plot": {
    "name": "QQ plot",
    "mse": {
      "mean": 3.987088770245085e-05,
      "std": 5.993045362964753e-07,
      "per_seed": [
        3.8817214225248385e-05,
        4.026343053798586e-05,
        3.9587605783459324e-05,
        4.0394600166123396e-05,
        4.029158779943726e-05
      ]
    },
    "pct": {
      "mean": 77.68126503164947,
      "std": 0.6153004754280358,
      "per_seed": [
        76.51432837956239,
        78.16267627393783,
        77.64593046707976,
        77.90311767878949,
        78.18027235887787
      ]
    },
    "nrmse": {
      "mean": 18.71937231654037,
      "std": 0.06454086530712123,
      "per_seed": [
        18.609407220046606,
        18.727116144908816,
        18.72221687516618,
        18.812242672396064,
        18.72587867018417
      ]
    }
  },
  "B_acf_abs_r": {
    "name": "ACF |r|",
    "mse": {
      "mean": 0.033897836648387726,
      "std": 0.014222799667676462,
      "per_seed": [
        0.013607107581885136,
        0.04072602550409216,
        0.020277770724487484,
        0.04678250833515892,
        0.0480957710963149
      ]
    },
    "pct": {
      "mean": 2097.3812451236568,
      "std": 543.3277955590977,
      "per_seed": [
        2916.763888532514,
        2090.90012938257,
        2449.0008277942397,
        1477.0122471541142,
        1553.2291327548471
      ]
    },
    "nrmse": {
      "mean": 845.133628998238,
      "std": 120.63342357698123,
      "per_seed": [
        978.862541509327,
        830.3409445786128,
        987.2939919415597,
        728.0869102148754,
        701.0837567468153
      ]
    }
  },
  "B_acf_sq_r": {
    "name": "ACF r\u00b2",
    "mse": {
      "mean": 0.0269430563084621,
      "std": 0.010337148340177996,
      "per_seed": [
        0.012239978344695883,
        0.031874415630565256,
        0.01699150084230967,
        0.03645316406058873,
        0.037156222664150945
      ]
    },
    "pct": {
      "mean": 4567.570080249279,
      "std": 1770.6571864154105,
      "per_seed": [
        3180.455950262464,
        3311.6570562690126,
        7949.083443653185,
        4681.761385749553,
        3714.892565312184
      ]
    },
    "nrmse": {
      "mean": 706.8775369663108,
      "std": 56.847605446113995,
      "per_seed": [
        736.7906574921558,
        721.1408327786626,
        789.8956059364045,
        649.5570974721014,
        637.0034911522297
      ]
    }
  },
  "B_roll_vol_hist": {
    "name": "Rolling vol histogram",
    "mse": {
      "mean": 16018.811566596696,
      "std": 2352.306582486896,
      "per_seed": [
        19159.651725389376,
        12098.56053866692,
        17211.735107451193,
        16492.100569603845,
        15132.009891872143
      ]
    },
    "pct": {
      "mean": 2764.567472032889,
      "std": 431.0068938049678,
      "per_seed": [
        3176.247752132517,
        2032.4336092574738,
        2867.631496766165,
        3180.7380739124123,
        2565.7864280958743
      ]
    },
    "nrmse": {
      "mean": 897.334264443529,
      "std": 133.27778475203752,
      "per_seed": [
        1070.4726142634984,
        689.1981610407953,
        961.4780431584135,
        956.8495238429814,
        808.6729799119563
      ]
    }
  },
  "B_tail_surv": {
    "name": "Tail survival",
    "mse": {
      "mean": 0.07223592719970355,
      "std": 0.001902974337697612,
      "per_seed": [
        0.0689966325958192,
        0.07348624102786461,
        0.07113100586647764,
        0.07392997714529465,
        0.07363577936306166
      ]
    },
    "pct": {
      "mean": 89.46446666840492,
      "std": 0.6378004022704881,
      "per_seed": [
        88.38068683045206,
        89.87062408760815,
        89.09247739754916,
        90.04019309963915,
        89.93835192677611
      ]
    },
    "nrmse": {
      "mean": 46.973988398098605,
      "std": 0.6195624709682637,
      "per_seed": [
        45.91668759213114,
        47.381211764124195,
        46.61897825138928,
        47.52364737123968,
        47.429417011608734
      ]
    }
  }
}