{
  "seed": 0,
  "A1_kurtosis_error": 1.3677334520928603,
  "A2_abs_r_q95_error": 0.02197473202807258,
  "A3_abs_r_q99_error": 0.03060962814443372,
  "A4_tail_qq_error": 0.02164397928780091,
  "A5_hill_tail_index_error": 2.056349190662246,
  "A6_path_mmd2": 0.017989604277093396,
  "A7_terminal_mmd2": 0.0032120753846250905,
  "A8_increment_mmd2": 0.21311524194879317,
  "A9_volatility_mmd": 2.9405073107789796,
  "A10_terminal_swd": 1.5230605716489498,
  "A11_path_swd": 0.8340681614871885,
  "A12_rv_law_loss": 4.971104036670333,
  "A13_mean_path_rmse": 0.49986552998859735,
  "A14_ks_logreturns": 0.3612204724409448,
  "A15_skewness_error": 0.47201394698886534,
  "A16_qq_rmse": 0.010401618847328651,
  "A17_terminal_ks": 0.06640625,
  "A18_disc_score_gru": 0.007171,
  "A18_disc_score_mlp": 0.339182,
  "A19_pred_score_gru": 0.056574,
  "A19_pred_score_mlp": 0.056778,
  "A20_cov_error": 52.10453449939618,
  "A21_acf_abs": 0.22108230379422994,
  "A22_acf_sq": 0.22534142743805835,
  "A23_acf_lag1_abs_error": 0.2783985661318664,
  "A24_acf_lag1_sq_error": 0.3016030978718964,
  "A25_mean_rmse": 0.8152017498102566,
  "A26_std_error": 1.0595930258727593,
  "A27_logreturn_std_error": 0.010808946764356854,
  "A28_kurtosis_ratio": 0.34866760110130496,
  "A29_sigma_mean_error": 0.17115395717825443,
  "A30_vol_path_rmse": 1.128488513426446,
  "A31_rolling_vol_ks": 0.9785235645325204,
  "A32_vol_of_vol_error": 0.004470453790235227,
  "A33_sigma_corr": 0.024052053636964225,
  "A34_sigma_rmse": 0.17658519934890207,
  "compute_time_sec": 67.89,
  "B_log_ret_hist_funct": 1699.1940257369279,
  "B_log_ret_hist_der": 269.56313079443277,
  "B_log_ret_hist_sec_der": 113.53695714518912,
  "B_log_ret_hist_funct_pct": 113.75401612808449,
  "B_log_ret_hist_der_pct": 17078.371602851366,
  "B_log_ret_hist_sec_der_pct": 1288.3685977329333,
  "B_qq_plot_funct": 0.00011457717166073701,
  "B_qq_plot_der": 1.1767404275537028e-06,
  "B_qq_plot_sec_der": 2.0141459796291754e-07,
  "B_qq_plot_funct_pct": 87.50356377525031,
  "B_qq_plot_der_pct": 85.64838511060128,
  "B_qq_plot_sec_der_pct": 74.80737530673733,
  "B_acf_abs_r_funct": 0.03189070137404383,
  "B_acf_abs_r_der": 0.002200882712755127,
  "B_acf_abs_r_sec_der": 0.005834317039645555,
  "B_acf_abs_r_funct_pct": 519.1955204117585,
  "B_acf_abs_r_der_pct": 2638.006146281103,
  "B_acf_abs_r_sec_der_pct": 6300.200224344961,
  "B_acf_sq_r_funct": 0.029576190886981497,
  "B_acf_sq_r_der": 0.0018218320877853385,
  "B_acf_sq_r_sec_der": 0.004619198049221992,
  "B_acf_sq_r_funct_pct": 558.5863157126033,
  "B_acf_sq_r_der_pct": 2946.452448505299,
  "B_acf_sq_r_sec_der_pct": 11058.66873652911,
  "B_roll_vol_hist_funct": 43652.41081137925,
  "B_roll_vol_hist_der": 10359.147223607088,
  "B_roll_vol_hist_sec_der": 2922.447179309092,
  "B_roll_vol_hist_funct_pct": 347.7422613292396,
  "B_roll_vol_hist_der_pct": 577.4893101652262,
  "B_roll_vol_hist_sec_der_pct": 2984.6270549365468,
  "B_tail_surv_funct": 0.20676617935144662,
  "B_tail_surv_der": 0.00034960896817217243,
  "B_tail_surv_sec_der": 1.8854336759486153e-06,
  "B_tail_surv_funct_pct": 88.99260419506491,
  "B_tail_surv_der_pct": 136.64501530599497,
  "B_tail_surv_sec_der_pct": 59375.36568910677
}