{
  "seed": 0,
  "A1_kurtosis_error": 1.3673767228348184,
  "A2_abs_r_q95_error": 0.022044146980312006,
  "A3_abs_r_q99_error": 0.03062443355495573,
  "A4_tail_qq_error": 0.021696414000624338,
  "A5_hill_tail_index_error": 1.4908886472867309,
  "A6_path_mmd2": 0.021429208698821534,
  "A7_terminal_mmd2": 0.007400397793327018,
  "A8_increment_mmd2": 0.21450576649317288,
  "A9_volatility_mmd": 2.9363675527097213,
  "A10_terminal_swd": 2.3864976652798418,
  "A11_path_swd": 1.3578282476888361,
  "A12_rv_law_loss": 4.994657450418396,
  "A13_mean_path_rmse": 0.4066101077758802,
  "A14_ks_logreturns": 0.36097152589813,
  "A15_skewness_error": 0.463114865814526,
  "A16_qq_rmse": 0.010425666823943538,
  "A17_terminal_ks": 0.0662841796875,
  "A18_disc_score_gru": 0.325755,
  "A18_disc_score_mlp": 0.320568,
  "A19_pred_score_gru": 0.052886,
  "A19_pred_score_mlp": 0.052667,
  "A20_cov_error": 58.112213817866916,
  "A21_acf_abs": 0.2236248396436244,
  "A22_acf_sq": 0.22830131027101544,
  "A23_acf_lag1_abs_error": 0.2820764337336625,
  "A24_acf_lag1_sq_error": 0.30570815453491684,
  "A25_mean_rmse": 0.6172441785571721,
  "A26_std_error": 1.060562601724158,
  "A27_logreturn_std_error": 0.010838417187815972,
  "A28_kurtosis_ratio": 0.35547533236293727,
  "A29_sigma_mean_error": 0.1715127994033982,
  "A30_vol_path_rmse": 1.330605411718042,
  "A31_rolling_vol_ks": 0.9782516355436992,
  "A32_vol_of_vol_error": 0.004471448630724885,
  "A33_sigma_corr": 0.01589871842085707,
  "A34_sigma_rmse": 0.17758355906210754,
  "compute_time_sec": 51.81,
  "B_log_ret_hist_funct": 1696.237734822116,
  "B_log_ret_hist_der": 269.4671594062355,
  "B_log_ret_hist_sec_der": 113.94442078983715,
  "B_log_ret_hist_funct_pct": 112.77021320699845,
  "B_log_ret_hist_der_pct": 1273.174976866374,
  "B_log_ret_hist_sec_der_pct": 4087.739093117444,
  "B_log_ret_hist_funct_nrmse": 112.70942780894511,
  "B_log_ret_hist_der_nrmse": 891.7694244948734,
  "B_log_ret_hist_sec_der_nrmse": 882.6655807502644,
  "B_qq_plot_funct": 0.00011508326419468406,
  "B_qq_plot_der": 1.170663642480698e-06,
  "B_qq_plot_sec_der": 1.9771483858041007e-07,
  "B_qq_plot_funct_pct": 86.00369320842081,
  "B_qq_plot_der_pct": 84.37329312848684,
  "B_qq_plot_sec_der_pct": 59.16599880177953,
  "B_qq_plot_funct_nrmse": 29.167886732802025,
  "B_qq_plot_der_nrmse": 15.08732648905802,
  "B_qq_plot_sec_der_nrmse": 11.573008438279768,
  "B_acf_abs_r_funct": 0.03259368258768699,
  "B_acf_abs_r_der": 0.002237180444873355,
  "B_acf_abs_r_sec_der": 0.005990459713095063,
  "B_acf_abs_r_funct_pct": 576.0541544015923,
  "B_acf_abs_r_der_pct": 2888.118338916288,
  "B_acf_abs_r_sec_der_pct": 5286.119172279663,
  "B_acf_abs_r_funct_nrmse": 476.6498893881954,
  "B_acf_abs_r_der_nrmse": 1040.9407596086464,
  "B_acf_abs_r_sec_der_nrmse": 1418.9969755311392,
  "B_acf_sq_r_funct": 0.03021613327607393,
  "B_acf_sq_r_der": 0.0018224473580060005,
  "B_acf_sq_r_sec_der": 0.004681354400007719,
  "B_acf_sq_r_funct_pct": 635.6899206086139,
  "B_acf_sq_r_der_pct": 4124.869952038138,
  "B_acf_sq_r_sec_der_pct": 4780.8079781406395,
  "B_acf_sq_r_funct_nrmse": 505.0965984850644,
  "B_acf_sq_r_der_nrmse": 756.5933672372976,
  "B_acf_sq_r_sec_der_nrmse": 948.6820067541051,
  "B_roll_vol_hist_funct": 44065.25186341844,
  "B_roll_vol_hist_der": 10496.926537437123,
  "B_roll_vol_hist_sec_der": 2916.776775312569,
  "B_roll_vol_hist_funct_pct": 350.1467229674386,
  "B_roll_vol_hist_der_pct": 600.5851569576054,
  "B_roll_vol_hist_sec_der_pct": 8578.011376472507,
  "B_roll_vol_hist_funct_nrmse": 237.55443448280013,
  "B_roll_vol_hist_der_nrmse": 1920.1402959368413,
  "B_roll_vol_hist_sec_der_nrmse": 1053.7231123708534,
  "B_tail_surv_funct": 0.20663855476724446,
  "B_tail_surv_der": 0.0003494489840838978,
  "B_tail_surv_sec_der": 1.8940361292532526e-06,
  "B_tail_surv_funct_pct": 88.38068683045206,
  "B_tail_surv_der_pct": 136.63030823744953,
  "B_tail_surv_sec_der_pct": 49533911.91557989,
  "B_tail_surv_funct_nrmse": 45.91668759213114,
  "B_tail_surv_der_nrmse": 1944845.4887358341,
  "B_tail_surv_sec_der_nrmse": 143181.64320502305
}