{
  "seed": 1,
  "A1_kurtosis_error": 2.661776133892339,
  "A2_abs_r_q95_error": 0.022343912735156388,
  "A3_abs_r_q99_error": 0.030867092584245293,
  "A4_tail_qq_error": 0.021982522900618688,
  "A5_hill_tail_index_error": 0.6971472695680667,
  "A6_path_mmd2": 0.019277724469943025,
  "A7_terminal_mmd2": 0.0052996120448492445,
  "A8_increment_mmd2": 0.2133680760409833,
  "A9_volatility_mmd": 3.8440767021678823,
  "A10_terminal_swd": 1.9341983661875912,
  "A11_path_swd": 1.0363062887479093,
  "A12_rv_law_loss": 5.014837797558987,
  "A13_mean_path_rmse": 0.22538418249457612,
  "A14_ks_logreturns": 0.3706352654404528,
  "A15_skewness_error": 0.6805825233737229,
  "A16_qq_rmse": 0.010628696269294321,
  "A17_terminal_ks": 0.0489501953125,
  "A18_disc_score_gru": 0.312939,
  "A18_disc_score_mlp": 0.019988,
  "A19_pred_score_gru": 0.054202,
  "A19_pred_score_mlp": 0.05225,
  "A20_cov_error": 57.97173345957481,
  "A21_acf_abs": 0.45134169652266537,
  "A22_acf_sq": 0.41594247804113776,
  "A23_acf_lag1_abs_error": 0.5252284204999408,
  "A24_acf_lag1_sq_error": 0.5207777597164754,
  "A25_mean_rmse": 0.268032916227952,
  "A26_std_error": 1.0790151633237965,
  "A27_logreturn_std_error": 0.011025568093158095,
  "A28_kurtosis_ratio": 0.2391530493610433,
  "A29_sigma_mean_error": 0.17556024013417693,
  "A30_vol_path_rmse": 1.3490936968917853,
  "A31_rolling_vol_ks": 0.9870158870045732,
  "A32_vol_of_vol_error": 0.0045790376556974904,
  "A33_sigma_corr": 0.022341592701743893,
  "A34_sigma_rmse": 0.18129015299746032,
  "compute_time_sec": 47.9,
  "B_log_ret_hist_funct": 2189.5028739991644,
  "B_log_ret_hist_der": 554.4504393233892,
  "B_log_ret_hist_sec_der": 422.4735108667927,
  "B_log_ret_hist_funct_pct": 115.26463539078343,
  "B_log_ret_hist_der_pct": 2159.3283427659117,
  "B_log_ret_hist_sec_der_pct": 2686661.9637838104,
  "B_log_ret_hist_funct_nrmse": 128.05296672013927,
  "B_log_ret_hist_der_nrmse": 1279.178118305663,
  "B_log_ret_hist_sec_der_nrmse": 1699.6104830283932,
  "B_qq_plot_funct": 0.00011943372263576165,
  "B_qq_plot_der": 1.163934197368759e-06,
  "B_qq_plot_sec_der": 1.926347808271919e-07,
  "B_qq_plot_funct_pct": 91.54404268680551,
  "B_qq_plot_der_pct": 87.47994148235753,
  "B_qq_plot_sec_der_pct": 74.92400255372715,
  "B_qq_plot_funct_nrmse": 29.714085149373354,
  "B_qq_plot_der_nrmse": 15.043899982697825,
  "B_qq_plot_sec_der_nrmse": 11.42336330265527,
  "B_acf_abs_r_funct": 0.1189156985466723,
  "B_acf_abs_r_der": 0.0010861892324354357,
  "B_acf_abs_r_sec_der": 0.0021761887331687517,
  "B_acf_abs_r_funct_pct": 1150.6534923360864,
  "B_acf_abs_r_der_pct": 2681.2298872366773,
  "B_acf_abs_r_sec_der_pct": 2476.863191540782,
  "B_acf_abs_r_funct_nrmse": 910.4421932680305,
  "B_acf_abs_r_der_nrmse": 725.3176632054999,
  "B_acf_abs_r_sec_der_nrmse": 855.262977262308,
  "B_acf_sq_r_funct": 0.09211600171246004,
  "B_acf_sq_r_der": 0.0012141605649519584,
  "B_acf_sq_r_sec_der": 0.002293084614283779,
  "B_acf_sq_r_funct_pct": 1194.7578510775709,
  "B_acf_sq_r_der_pct": 4744.661799449782,
  "B_acf_sq_r_sec_der_pct": 4615.690716513561,
  "B_acf_sq_r_funct_nrmse": 881.9064922333031,
  "B_acf_sq_r_der_nrmse": 617.551377898119,
  "B_acf_sq_r_sec_der_nrmse": 663.9646282045657,
  "B_roll_vol_hist_funct": 30701.781528132964,
  "B_roll_vol_hist_der": 4694.052059077879,
  "B_roll_vol_hist_sec_der": 899.8480287899158,
  "B_roll_vol_hist_funct_pct": 317.9528047913058,
  "B_roll_vol_hist_der_pct": 487.2087293593812,
  "B_roll_vol_hist_sec_der_pct": 5740.506661045852,
  "B_roll_vol_hist_funct_nrmse": 198.28816877359435,
  "B_roll_vol_hist_der_nrmse": 1284.03196052883,
  "B_roll_vol_hist_sec_der_nrmse": 585.2743538199614,
  "B_tail_surv_funct": 0.2200303457996563,
  "B_tail_surv_der": 0.0004245909968955129,
  "B_tail_surv_sec_der": 3.786287041998419e-06,
  "B_tail_surv_funct_pct": 90.47124150594094,
  "B_tail_surv_der_pct": 140.2246765954223,
  "B_tail_surv_sec_der_pct": 75408.84720426913,
  "B_tail_surv_funct_nrmse": 47.381211764124195,
  "B_tail_surv_der_nrmse": 2143772.0443672747,
  "B_tail_surv_sec_der_nrmse": 202441.70217306065
}