{
  "seed": 1,
  "A1_kurtosis_error": 2.662132863150381,
  "A2_abs_r_q95_error": 0.02227449778291696,
  "A3_abs_r_q99_error": 0.03085228717372328,
  "A4_tail_qq_error": 0.02193008818779526,
  "A5_hill_tail_index_error": 1.2626078129435818,
  "A6_path_mmd2": 0.01902807368773346,
  "A7_terminal_mmd2": 0.005958716159735145,
  "A8_increment_mmd2": 0.211819932406905,
  "A9_volatility_mmd": 3.812369339260607,
  "A10_terminal_swd": 2.05721560737796,
  "A11_path_swd": 1.2019741735195224,
  "A12_rv_law_loss": 4.991284383810923,
  "A13_mean_path_rmse": 0.1395037978545503,
  "A14_ks_logreturns": 0.37088901790108264,
  "A15_skewness_error": 0.6894816045480623,
  "A16_qq_rmse": 0.010604586985399803,
  "A17_terminal_ks": 0.0467529296875,
  "A18_disc_score_gru": 0.14144,
  "A18_disc_score_mlp": 0.121605,
  "A19_pred_score_gru": 0.057554,
  "A19_pred_score_mlp": 0.056091,
  "A20_cov_error": 51.96405414110407,
  "A21_acf_abs": 0.44879916067327086,
  "A22_acf_sq": 0.41298259520818065,
  "A23_acf_lag1_abs_error": 0.5215505528981447,
  "A24_acf_lag1_sq_error": 0.516672703053455,
  "A25_mean_rmse": 0.07007534497486745,
  "A26_std_error": 1.0780455874723978,
  "A27_logreturn_std_error": 0.010996097669698977,
  "A28_kurtosis_ratio": 0.23457301372361233,
  "A29_sigma_mean_error": 0.17520139790903316,
  "A30_vol_path_rmse": 1.146200905230762,
  "A31_rolling_vol_ks": 0.9872312468241871,
  "A32_vol_of_vol_error": 0.004578042815207833,
  "A33_sigma_corr": 0.026438884219738185,
  "A34_sigma_rmse": 0.18031145966827508,
  "compute_time_sec": 63.45,
  "B_log_ret_hist_funct": 2190.15405285354,
  "B_log_ret_hist_der": 550.8576413264549,
  "B_log_ret_hist_sec_der": 415.5911690330799,
  "B_log_ret_hist_funct_pct": 115.20271027933,
  "B_log_ret_hist_der_pct": 22023.410668608656,
  "B_log_ret_hist_sec_der_pct": 1648.8254785574593,
  "B_qq_plot_funct": 0.00011891675029711873,
  "B_qq_plot_der": 1.1700977241171053e-06,
  "B_qq_plot_sec_der": 1.9626223615652321e-07,
  "B_qq_plot_funct_pct": 91.291014817573,
  "B_qq_plot_der_pct": 87.45695433467249,
  "B_qq_plot_sec_der_pct": 75.16045786785422,
  "B_acf_abs_r_funct": 0.1175414310436433,
  "B_acf_abs_r_der": 0.0010579778940298379,
  "B_acf_abs_r_sec_der": 0.0020686374947174514,
  "B_acf_abs_r_funct_pct": 1042.6996685884255,
  "B_acf_abs_r_der_pct": 1849.7887296438428,
  "B_acf_abs_r_sec_der_pct": 4017.9070846833033,
  "B_acf_sq_r_funct": 0.09093716302057495,
  "B_acf_sq_r_der": 0.0011723223200096396,
  "B_acf_sq_r_sec_der": 0.0021365170274741346,
  "B_acf_sq_r_funct_pct": 1048.8214452122659,
  "B_acf_sq_r_der_pct": 2000.1293721149902,
  "B_acf_sq_r_sec_der_pct": 6591.756736257364,
  "B_roll_vol_hist_funct": 30350.819697711322,
  "B_roll_vol_hist_der": 4457.8882181397685,
  "B_roll_vol_hist_sec_der": 716.9264603234396,
  "B_roll_vol_hist_funct_pct": 312.8377228147772,
  "B_roll_vol_hist_der_pct": 473.25468775238465,
  "B_roll_vol_hist_sec_der_pct": 1873.3437113817154,
  "B_tail_surv_funct": 0.22014800127401885,
  "B_tail_surv_der": 0.0004243152219068943,
  "B_tail_surv_sec_der": 3.744663838650881e-06,
  "B_tail_surv_funct_pct": 90.48214548739104,
  "B_tail_surv_der_pct": 140.15409355782035,
  "B_tail_surv_sec_der_pct": 75201.26822828203
}