{
  "seed": 2,
  "A1_kurtosis_error": 1.790705425945076,
  "A2_abs_r_q95_error": 0.022225368996267526,
  "A3_abs_r_q99_error": 0.030838039274600538,
  "A4_tail_qq_error": 0.02187125003077005,
  "A5_hill_tail_index_error": 1.9751899677019402,
  "A6_path_mmd2": 0.019307054795220824,
  "A7_terminal_mmd2": 0.005500727283052398,
  "A8_increment_mmd2": 0.21244265957845077,
  "A9_volatility_mmd": 3.1346033392482213,
  "A10_terminal_swd": 1.8157665268691758,
  "A11_path_swd": 1.1353174555305374,
  "A12_rv_law_loss": 5.005796865660341,
  "A13_mean_path_rmse": 0.7117209806825072,
  "A14_ks_logreturns": 0.36194520484744097,
  "A15_skewness_error": 0.4098970117634319,
  "A16_qq_rmse": 0.010532235845830684,
  "A17_terminal_ks": 0.049072265625,
  "A18_disc_score_gru": 0.5,
  "A18_disc_score_mlp": 0.318737,
  "A19_pred_score_gru": 0.052983,
  "A19_pred_score_mlp": 0.052157,
  "A20_cov_error": 59.76745888331325,
  "A21_acf_abs": 0.30493647727534096,
  "A22_acf_sq": 0.28179921792475937,
  "A23_acf_lag1_abs_error": 0.3319721916795232,
  "A24_acf_lag1_sq_error": 0.33424969372286234,
  "A25_mean_rmse": 0.6588033990586553,
  "A26_std_error": 1.0692484813046743,
  "A27_logreturn_std_error": 0.01094458392533874,
  "A28_kurtosis_ratio": 0.3251392641570544,
  "A29_sigma_mean_error": 0.17327932318945607,
  "A30_vol_path_rmse": 1.3916045417058855,
  "A31_rolling_vol_ks": 0.9882385750127034,
  "A32_vol_of_vol_error": 0.004581480856512345,
  "A33_sigma_corr": 0.022828846948626687,
  "A34_sigma_rmse": 0.17915405732777215,
  "compute_time_sec": 47.96,
  "B_log_ret_hist_funct": 1885.1437378032113,
  "B_log_ret_hist_der": 352.48923557597846,
  "B_log_ret_hist_sec_der": 194.24271955304903,
  "B_log_ret_hist_funct_pct": 113.71586202157302,
  "B_log_ret_hist_der_pct": 1689.021954849729,
  "B_log_ret_hist_sec_der_pct": 4266.3517615037035,
  "B_log_ret_hist_funct_nrmse": 118.81988280692555,
  "B_log_ret_hist_der_nrmse": 1019.935211308764,
  "B_log_ret_hist_sec_der_nrmse": 1152.4498458398978,
  "B_qq_plot_funct": 0.00011738837021502463,
  "B_qq_plot_der": 1.1763508299734114e-06,
  "B_qq_plot_sec_der": 1.9809630537992707e-07,
  "B_qq_plot_funct_pct": 87.94355949383284,
  "B_qq_plot_der_pct": 85.27478384434957,
  "B_qq_plot_sec_der_pct": 59.719448063056845,
  "B_qq_plot_funct_nrmse": 29.45855333866878,
  "B_qq_plot_der_nrmse": 15.12392987040449,
  "B_qq_plot_sec_der_nrmse": 11.584167416425274,
  "B_acf_abs_r_funct": 0.05321977001696131,
  "B_acf_abs_r_der": 0.0019597557917408735,
  "B_acf_abs_r_sec_der": 0.005653786364760273,
  "B_acf_abs_r_funct_pct": 734.4905004656093,
  "B_acf_abs_r_der_pct": 2691.595045644583,
  "B_acf_abs_r_sec_der_pct": 3920.9169372725264,
  "B_acf_abs_r_funct_nrmse": 609.0729012284833,
  "B_acf_abs_r_der_nrmse": 974.2636189199131,
  "B_acf_abs_r_sec_der_nrmse": 1378.5454556762825,
  "B_acf_sq_r_funct": 0.043944296914822475,
  "B_acf_sq_r_der": 0.0018529353903059638,
  "B_acf_sq_r_sec_der": 0.005177270221800569,
  "B_acf_sq_r_funct_pct": 776.6296820601913,
  "B_acf_sq_r_der_pct": 7686.289645038331,
  "B_acf_sq_r_sec_der_pct": 15384.331003861033,
  "B_acf_sq_r_funct_nrmse": 609.1247698721661,
  "B_acf_sq_r_der_nrmse": 762.8957079914068,
  "B_acf_sq_r_sec_der_nrmse": 997.6663399456407,
  "B_roll_vol_hist_funct": 40783.06885838313,
  "B_roll_vol_hist_der": 8675.35985096447,
  "B_roll_vol_hist_sec_der": 2176.7766130059836,
  "B_roll_vol_hist_funct_pct": 343.3954371818355,
  "B_roll_vol_hist_der_pct": 585.7605638838479,
  "B_roll_vol_hist_sec_der_pct": 7673.738489232812,
  "B_roll_vol_hist_funct_nrmse": 228.53618052224465,
  "B_roll_vol_hist_der_nrmse": 1745.6036124396387,
  "B_roll_vol_hist_sec_der_nrmse": 910.2943365133572,
  "B_tail_surv_funct": 0.21300792216719722,
  "B_tail_surv_der": 0.00038248850810695126,
  "B_tail_surv_sec_der": 2.6069241287380552e-06,
  "B_tail_surv_funct_pct": 89.09247739754916,
  "B_tail_surv_der_pct": 138.84745334649068,
  "B_tail_surv_sec_der_pct": 51238988.54401352,
  "B_tail_surv_funct_nrmse": 46.61897825138928,
  "B_tail_surv_der_nrmse": 2034709.4791912674,
  "B_tail_surv_sec_der_nrmse": 167979.93489230407
}