{
  "seed": 4,
  "A1_kurtosis_error": 2.7990522017656674,
  "A2_abs_r_q95_error": 0.022338970391906708,
  "A3_abs_r_q99_error": 0.030816863247648842,
  "A4_tail_qq_error": 0.021977975190278363,
  "A5_hill_tail_index_error": 2.4451442507754315,
  "A6_path_mmd2": 0.018165448712436638,
  "A7_terminal_mmd2": 0.004435843157296004,
  "A8_increment_mmd2": 0.21351387983530268,
  "A9_volatility_mmd": 3.980175753727042,
  "A10_terminal_swd": 2.242019404409536,
  "A11_path_swd": 1.2225543793164522,
  "A12_rv_law_loss": 5.01521715111313,
  "A13_mean_path_rmse": 0.16693013166861825,
  "A14_ks_logreturns": 0.3698586291215551,
  "A15_skewness_error": 0.5778498918409911,
  "A16_qq_rmse": 0.01063338033011746,
  "A17_terminal_ks": 0.0430908203125,
  "A18_disc_score_gru": 0.497864,
  "A18_disc_score_mlp": 0.001068,
  "A19_pred_score_gru": 0.054758,
  "A19_pred_score_mlp": 0.052526,
  "A20_cov_error": 55.437557746591665,
  "A21_acf_abs": 0.4828258623212771,
  "A22_acf_sq": 0.4374045398495356,
  "A23_acf_lag1_abs_error": 0.6001726843482909,
  "A24_acf_lag1_sq_error": 0.5737859072337178,
  "A25_mean_rmse": 0.3745934007341418,
  "A26_std_error": 1.0792768062883735,
  "A27_logreturn_std_error": 0.01102992560602076,
  "A28_kurtosis_ratio": 0.24400106031339064,
  "A29_sigma_mean_error": 0.1757997269739196,
  "A30_vol_path_rmse": 1.2596473667464925,
  "A31_rolling_vol_ks": 0.9898235041920733,
  "A32_vol_of_vol_error": 0.004621056243276648,
  "A33_sigma_corr": 0.027600580525880946,
  "A34_sigma_rmse": 0.18159299656250472,
  "compute_time_sec": 47.83,
  "B_log_ret_hist_funct": 2235.1659193516903,
  "B_log_ret_hist_der": 612.8310240762105,
  "B_log_ret_hist_sec_der": 540.1589802740369,
  "B_log_ret_hist_funct_pct": 114.35348644187012,
  "B_log_ret_hist_der_pct": 2386.7000308606607,
  "B_log_ret_hist_sec_der_pct": 3906.829145930108,
  "B_log_ret_hist_funct_nrmse": 129.3813767848278,
  "B_log_ret_hist_der_nrmse": 1344.8381707880023,
  "B_log_ret_hist_sec_der_nrmse": 1921.810047311301,
  "B_qq_plot_funct": 0.00011952304159261814,
  "B_qq_plot_der": 1.1583725817584127e-06,
  "B_qq_plot_sec_der": 1.9334922393521268e-07,
  "B_qq_plot_funct_pct": 89.73353708655578,
  "B_qq_plot_der_pct": 86.2044744857437,
  "B_qq_plot_sec_der_pct": 58.602805504334135,
  "B_qq_plot_funct_nrmse": 29.72519396776071,
  "B_qq_plot_der_nrmse": 15.007914882919643,
  "B_qq_plot_sec_der_nrmse": 11.444527159872152,
  "B_acf_abs_r_funct": 0.14279748962720762,
  "B_acf_abs_r_der": 0.0008681468035079307,
  "B_acf_abs_r_sec_der": 0.0006216768582291349,
  "B_acf_abs_r_funct_pct": 1233.5156211615847,
  "B_acf_abs_r_der_pct": 1890.6523648344437,
  "B_acf_abs_r_sec_der_pct": 1535.5194122685123,
  "B_acf_abs_r_funct_nrmse": 997.6841367400267,
  "B_acf_abs_r_der_nrmse": 648.4434269694768,
  "B_acf_abs_r_sec_der_nrmse": 457.1237065309423,
  "B_acf_sq_r_funct": 0.1096818683127544,
  "B_acf_sq_r_der": 0.0009807988282909018,
  "B_acf_sq_r_sec_der": 0.0008060008514075381,
  "B_acf_sq_r_funct_pct": 1264.5990717313975,
  "B_acf_sq_r_der_pct": 6227.419110596702,
  "B_acf_sq_r_sec_der_pct": 3652.659513608453,
  "B_acf_sq_r_funct_nrmse": 962.3264437151647,
  "B_acf_sq_r_der_nrmse": 555.0409203590132,
  "B_acf_sq_r_sec_der_nrmse": 393.64310938251106,
  "B_roll_vol_hist_funct": 37697.12765565116,
  "B_roll_vol_hist_der": 6374.936071894504,
  "B_roll_vol_hist_sec_der": 1323.9659480707742,
  "B_roll_vol_hist_funct_pct": 339.4574577016804,
  "B_roll_vol_hist_der_pct": 525.874780713146,
  "B_roll_vol_hist_sec_der_pct": 6832.027045872796,
  "B_roll_vol_hist_funct_nrmse": 219.71977400793273,
  "B_roll_vol_hist_der_nrmse": 1496.372781343951,
  "B_roll_vol_hist_sec_der_nrmse": 709.9263843839852,
  "B_tail_surv_funct": 0.22047828760696767,
  "B_tail_surv_der": 0.0004253750050564316,
  "B_tail_surv_sec_der": 3.675477160907368e-06,
  "B_tail_surv_funct_pct": 89.93835192677611,
  "B_tail_surv_der_pct": 139.77900793527613,
  "B_tail_surv_sec_der_pct": 60343630.50510372,
  "B_tail_surv_funct_nrmse": 47.429417011608734,
  "B_tail_surv_der_nrmse": 2145750.371316794,
  "B_tail_surv_sec_der_nrmse": 199457.36480925942
}