{
  "seed": 2,
  "A1_kurtosis_error": 1.791062155203118,
  "A2_abs_r_q95_error": 0.0221559540440281,
  "A3_abs_r_q99_error": 0.030823233864078526,
  "A4_tail_qq_error": 0.02181881531794662,
  "A5_hill_tail_index_error": 2.5406505110774553,
  "A6_path_mmd2": 0.017752156177758383,
  "A7_terminal_mmd2": 0.004139746381232268,
  "A8_increment_mmd2": 0.21304837296081702,
  "A9_volatility_mmd": 3.1529035583116425,
  "A10_terminal_swd": 1.819011480077412,
  "A11_path_swd": 0.895189988494073,
  "A12_rv_law_loss": 4.982243451912278,
  "A13_mean_path_rmse": 0.6195749708358967,
  "A14_ks_logreturns": 0.3621912678395669,
  "A15_skewness_error": 0.41879609293777126,
  "A16_qq_rmse": 0.010508039106049326,
  "A17_terminal_ks": 0.044921875,
  "A18_disc_score_gru": 0.457583,
  "A18_disc_score_mlp": 0.330027,
  "A19_pred_score_gru": 0.057101,
  "A19_pred_score_mlp": 0.056101,
  "A20_cov_error": 53.75977956484252,
  "A21_acf_abs": 0.3023939414259465,
  "A22_acf_sq": 0.27883933509180225,
  "A23_acf_lag1_abs_error": 0.3282943240777271,
  "A24_acf_lag1_sq_error": 0.3301446370598419,
  "A25_mean_rmse": 0.4608458278055707,
  "A26_std_error": 1.0682789054532755,
  "A27_logreturn_std_error": 0.010915113501879622,
  "A28_kurtosis_ratio": 0.31891250091508017,
  "A29_sigma_mean_error": 0.1729204809643123,
  "A30_vol_path_rmse": 1.1878880181251532,
  "A31_rolling_vol_ks": 0.9884519499491871,
  "A32_vol_of_vol_error": 0.0045804860160226874,
  "A33_sigma_corr": 0.02608006680581324,
  "A34_sigma_rmse": 0.17818117327819055,
  "compute_time_sec": 60.11,
  "B_log_ret_hist_funct": 1889.2660133803354,
  "B_log_ret_hist_der": 354.3534039195358,
  "B_log_ret_hist_sec_der": 202.10190472617785,
  "B_log_ret_hist_funct_pct": 114.63864818727258,
  "B_log_ret_hist_der_pct": 22238.705275518667,
  "B_log_ret_hist_sec_der_pct": 1258.9486409380888,
  "B_qq_plot_funct": 0.00011687379664567811,
  "B_qq_plot_der": 1.1824007963742692e-06,
  "B_qq_plot_sec_der": 2.0175686943052715e-07,
  "B_qq_plot_funct_pct": 89.75786654035483,
  "B_qq_plot_der_pct": 86.56709781203091,
  "B_qq_plot_sec_der_pct": 76.91969545194179,
  "B_acf_abs_r_funct": 0.05233174966122013,
  "B_acf_abs_r_der": 0.001982335784271445,
  "B_acf_abs_r_sec_der": 0.005725586756052819,
  "B_acf_abs_r_funct_pct": 666.7043724692351,
  "B_acf_abs_r_der_pct": 2325.7722729979664,
  "B_acf_abs_r_sec_der_pct": 5975.7959449149275,
  "B_acf_sq_r_funct": 0.04316227283402103,
  "B_acf_sq_r_der": 0.0018555848664278147,
  "B_acf_sq_r_sec_der": 0.005164771063972552,
  "B_acf_sq_r_funct_pct": 685.0348979813807,
  "B_acf_sq_r_der_pct": 2483.8796012493785,
  "B_acf_sq_r_sec_der_pct": 14997.423803083408,
  "B_roll_vol_hist_funct": 40361.08492856298,
  "B_roll_vol_hist_der": 8336.832418912507,
  "B_roll_vol_hist_sec_der": 1969.3544315446002,
  "B_roll_vol_hist_funct_pct": 340.85099561297176,
  "B_roll_vol_hist_der_pct": 571.8520119247336,
  "B_roll_vol_hist_sec_der_pct": 3187.134142307687,
  "B_tail_surv_funct": 0.21313408164565353,
  "B_tail_surv_der": 0.0003825439278925172,
  "B_tail_surv_sec_der": 2.5705414677759635e-06,
  "B_tail_surv_funct_pct": 89.7044888678781,
  "B_tail_surv_der_pct": 138.85503017497422,
  "B_tail_surv_sec_der_pct": 63498.729616511664
}