{
  "seed": 3,
  "A1_kurtosis_error": 2.6678494450225494,
  "A2_abs_r_q95_error": 0.022377008370534045,
  "A3_abs_r_q99_error": 0.03093871514954181,
  "A4_tail_qq_error": 0.022019153930790215,
  "A5_hill_tail_index_error": 2.5443580758700257,
  "A6_path_mmd2": 0.017508361879917778,
  "A7_terminal_mmd2": 0.0021203989604983153,
  "A8_increment_mmd2": 0.21092983078686944,
  "A9_volatility_mmd": 3.9791351173878873,
  "A10_terminal_swd": 1.3556992921194495,
  "A11_path_swd": 1.0845124648980518,
  "A12_rv_law_loss": 5.017060889524289,
  "A13_mean_path_rmse": 0.08735394515508187,
  "A14_ks_logreturns": 0.37175504429133854,
  "A15_skewness_error": 0.6082803384408537,
  "A16_qq_rmse": 0.010644664999796266,
  "A17_terminal_ks": 0.0489501953125,
  "A18_disc_score_gru": 0.49939,
  "A18_disc_score_mlp": 0.018462,
  "A19_pred_score_gru": 0.054438,
  "A19_pred_score_mlp": 0.052533,
  "A20_cov_error": 55.11077728073337,
  "A21_acf_abs": 0.4823990328705338,
  "A22_acf_sq": 0.4411153783304036,
  "A23_acf_lag1_abs_error": 0.5974196347969157,
  "A24_acf_lag1_sq_error": 0.580462862694988,
  "A25_mean_rmse": 0.02275430398307776,
  "A26_std_error": 1.0809958511303241,
  "A27_logreturn_std_error": 0.011045041037724782,
  "A28_kurtosis_ratio": 0.253338311413667,
  "A29_sigma_mean_error": 0.1760997347203738,
  "A30_vol_path_rmse": 1.2918889126432298,
  "A31_rolling_vol_ks": 0.9910630637068091,
  "A32_vol_of_vol_error": 0.0046285875685285,
  "A33_sigma_corr": 0.024024848799527074,
  "A34_sigma_rmse": 0.18176824516121595,
  "compute_time_sec": 47.9,
  "B_log_ret_hist_funct": 2241.033879350626,
  "B_log_ret_hist_der": 624.8734195534691,
  "B_log_ret_hist_sec_der": 588.5959852005187,
  "B_log_ret_hist_funct_pct": 114.5066847283311,
  "B_log_ret_hist_der_pct": 2494.5408781061515,
  "B_log_ret_hist_sec_der_pct": 3882.857835794917,
  "B_log_ret_hist_funct_nrmse": 129.55109732028052,
  "B_log_ret_hist_der_nrmse": 1357.9872156664933,
  "B_log_ret_hist_sec_der_nrmse": 2006.1264636946785,
  "B_qq_plot_funct": 0.00011981165955751277,
  "B_qq_plot_der": 1.1748153743739803e-06,
  "B_qq_plot_sec_der": 1.9732556648343377e-07,
  "B_qq_plot_funct_pct": 89.52457763579193,
  "B_qq_plot_der_pct": 86.28706099666057,
  "B_qq_plot_sec_der_pct": 57.89771440391591,
  "B_qq_plot_funct_nrmse": 29.761061746697248,
  "B_qq_plot_der_nrmse": 15.114056240468422,
  "B_qq_plot_sec_der_nrmse": 11.561610030022523,
  "B_acf_abs_r_funct": 0.13858360278526716,
  "B_acf_abs_r_der": 0.0009509476628620049,
  "B_acf_abs_r_sec_der": 0.0008129745573475995,
  "B_acf_abs_r_funct_pct": 1215.2428840048021,
  "B_acf_abs_r_der_pct": 1772.7571743876365,
  "B_acf_abs_r_sec_der_pct": 1443.036683069904,
  "B_acf_abs_r_funct_nrmse": 982.8533096272755,
  "B_acf_abs_r_der_nrmse": 678.662440899177,
  "B_acf_abs_r_sec_der_nrmse": 522.744980118174,
  "B_acf_sq_r_funct": 0.10739090982212796,
  "B_acf_sq_r_der": 0.0011001910838188771,
  "B_acf_sq_r_sec_der": 0.0008683912758193535,
  "B_acf_sq_r_funct_pct": 1251.2770239070137,
  "B_acf_sq_r_der_pct": 4745.512782123067,
  "B_acf_sq_r_sec_der_pct": 8048.494351218576,
  "B_acf_sq_r_funct_nrmse": 952.223205629593,
  "B_acf_sq_r_der_nrmse": 587.8534806438596,
  "B_acf_sq_r_sec_der_nrmse": 408.5946061428517,
  "B_roll_vol_hist_funct": 38898.97258577683,
  "B_roll_vol_hist_der": 8210.903668840408,
  "B_roll_vol_hist_sec_der": 2366.425454194303,
  "B_roll_vol_hist_funct_pct": 338.749910112763,
  "B_roll_vol_hist_der_pct": 558.1289616667058,
  "B_roll_vol_hist_sec_der_pct": 8645.335349957768,
  "B_roll_vol_hist_funct_nrmse": 223.19480345055473,
  "B_roll_vol_hist_der_nrmse": 1698.233334527028,
  "B_roll_vol_hist_sec_der_nrmse": 949.1204335513613,
  "B_tail_surv_funct": 0.22135522802680654,
  "B_tail_surv_der": 0.00043071338753746284,
  "B_tail_surv_sec_der": 3.990021539905134e-06,
  "B_tail_surv_funct_pct": 90.04019309963915,
  "B_tail_surv_der_pct": 140.18072249413694,
  "B_tail_surv_sec_der_pct": 62095318.626553856,
  "B_tail_surv_funct_nrmse": 47.52364737123968,
  "B_tail_surv_der_nrmse": 2159172.7877312982,
  "B_tail_surv_sec_der_nrmse": 207816.8859543438
}