{
  "seed": 3,
  "A1_kurtosis_error": 2.6682061742805914,
  "A2_abs_r_q95_error": 0.022307593418294618,
  "A3_abs_r_q99_error": 0.0309239097390198,
  "A4_tail_qq_error": 0.021966719217966786,
  "A5_hill_tail_index_error": 3.109818619245541,
  "A6_path_mmd2": 0.019889226378884184,
  "A7_terminal_mmd2": 0.004602303663087393,
  "A8_increment_mmd2": 0.21553349445422398,
  "A9_volatility_mmd": 3.9994612824807674,
  "A10_terminal_swd": 2.1081010038469303,
  "A11_path_swd": 1.2615657735529855,
  "A12_rv_law_loss": 4.993507475776225,
  "A13_mean_path_rmse": 0.12591266506609847,
  "A14_ks_logreturns": 0.3720039908341536,
  "A15_skewness_error": 0.6171794196151931,
  "A16_qq_rmse": 0.010620590047858038,
  "A17_terminal_ks": 0.0439453125,
  "A18_disc_score_gru": 0.005645,
  "A18_disc_score_mlp": 0.084071,
  "A19_pred_score_gru": 0.058375,
  "A19_pred_score_mlp": 0.056606,
  "A20_cov_error": 49.10309796226264,
  "A21_acf_abs": 0.4798564970211394,
  "A22_acf_sq": 0.43815549549744653,
  "A23_acf_lag1_abs_error": 0.5937417671951196,
  "A24_acf_lag1_sq_error": 0.5763578060319676,
  "A25_mean_rmse": 0.1752032672700068,
  "A26_std_error": 1.0800262752789254,
  "A27_logreturn_std_error": 0.011015570614265663,
  "A28_kurtosis_ratio": 0.24848661289800428,
  "A29_sigma_mean_error": 0.17574089249523003,
  "A30_vol_path_rmse": 1.089950250215616,
  "A31_rolling_vol_ks": 0.9912952950330286,
  "A32_vol_of_vol_error": 0.004627592728038843,
  "A33_sigma_corr": 0.022769459159301116,
  "A34_sigma_rmse": 0.18081871119425466,
  "compute_time_sec": 47.95,
  "B_log_ret_hist_funct": 2237.9220254629636,
  "B_log_ret_hist_der": 609.2676384900035,
  "B_log_ret_hist_sec_der": 538.9232416983267,
  "B_log_ret_hist_funct_pct": 115.33272913144363,
  "B_log_ret_hist_der_pct": 19474.969594612325,
  "B_log_ret_hist_sec_der_pct": 2152.6270568501177,
  "B_qq_plot_funct": 0.00011929460287535858,
  "B_qq_plot_der": 1.1809997596596287e-06,
  "B_qq_plot_sec_der": 2.0101151767870478e-07,
  "B_qq_plot_funct_pct": 91.29106643292249,
  "B_qq_plot_der_pct": 87.60250688386785,
  "B_qq_plot_sec_der_pct": 74.96157203164407,
  "B_acf_abs_r_funct": 0.13711434002478046,
  "B_acf_abs_r_der": 0.000953423073512007,
  "B_acf_abs_r_sec_der": 0.0008395667005703803,
  "B_acf_abs_r_funct_pct": 1105.2520615012197,
  "B_acf_abs_r_der_pct": 1380.3318865536235,
  "B_acf_abs_r_sec_der_pct": 2748.287644578596,
  "B_acf_sq_r_funct": 0.10614103452956666,
  "B_acf_sq_r_der": 0.0011057262995217503,
  "B_acf_sq_r_sec_der": 0.0009243156661169535,
  "B_acf_sq_r_funct_pct": 1105.7372058062733,
  "B_acf_sq_r_der_pct": 1834.0541784779284,
  "B_acf_sq_r_sec_der_pct": 5813.353727132605,
  "B_roll_vol_hist_funct": 38290.91091105797,
  "B_roll_vol_hist_der": 7992.125626635866,
  "B_roll_vol_hist_sec_der": 2383.236090642667,
  "B_roll_vol_hist_funct_pct": 335.8657193060731,
  "B_roll_vol_hist_der_pct": 536.8708339708515,
  "B_roll_vol_hist_sec_der_pct": 3418.8724401413438,
  "B_tail_surv_funct": 0.2214738726991461,
  "B_tail_surv_der": 0.00043008525640698557,
  "B_tail_surv_sec_der": 3.898041631229159e-06,
  "B_tail_surv_funct_pct": 90.65209863323997,
  "B_tail_surv_der_pct": 140.22473979332574,
  "B_tail_surv_sec_der_pct": 75157.5201874545
}