{
  "seed": 4,
  "A1_kurtosis_error": 2.7994089310237094,
  "A2_abs_r_q95_error": 0.02226955543966728,
  "A3_abs_r_q99_error": 0.03080205783712683,
  "A4_tail_qq_error": 0.02192554047745493,
  "A5_hill_tail_index_error": 3.0106047941509466,
  "A6_path_mmd2": 0.017232256276671964,
  "A7_terminal_mmd2": 0.0029021213225612907,
  "A8_increment_mmd2": 0.21361759769601485,
  "A9_volatility_mmd": 4.049280412717645,
  "A10_terminal_swd": 1.4829069551656346,
  "A11_path_swd": 0.7480396015317685,
  "A12_rv_law_loss": 4.991663737365067,
  "A13_mean_path_rmse": 0.10577524144941569,
  "A14_ks_logreturns": 0.37013064406988194,
  "A15_skewness_error": 0.5867489730153305,
  "A16_qq_rmse": 0.010609259094576103,
  "A17_terminal_ks": 0.0369873046875,
  "A18_disc_score_gru": 0.405706,
  "A18_disc_score_mlp": 0.003204,
  "A19_pred_score_gru": 0.058939,
  "A19_pred_score_mlp": 0.056501,
  "A20_cov_error": 49.42987842812093,
  "A21_acf_abs": 0.48028332647188254,
  "A22_acf_sq": 0.43444465701657853,
  "A23_acf_lag1_abs_error": 0.5964948167464947,
  "A24_acf_lag1_sq_error": 0.5696808505706974,
  "A25_mean_rmse": 0.17663582948105727,
  "A26_std_error": 1.0783072304369745,
  "A27_logreturn_std_error": 0.011000455182561642,
  "A28_kurtosis_ratio": 0.23932818010219517,
  "A29_sigma_mean_error": 0.17544088474877584,
  "A30_vol_path_rmse": 1.0587614491932358,
  "A31_rolling_vol_ks": 0.9900080983231709,
  "A32_vol_of_vol_error": 0.00462006140278699,
  "A33_sigma_corr": 0.03697954152078452,
  "A34_sigma_rmse": 0.18058430185763866,
  "compute_time_sec": 47.95,
  "B_log_ret_hist_funct": 2237.2189174091995,
  "B_log_ret_hist_der": 607.4757459807083,
  "B_log_ret_hist_sec_der": 520.8693956083248,
  "B_log_ret_hist_funct_pct": 115.20903970146892,
  "B_log_ret_hist_der_pct": 19672.526145450884,
  "B_log_ret_hist_sec_der_pct": 1968.2313053822006,
  "B_qq_plot_funct": 0.00011900543552362208,
  "B_qq_plot_der": 1.1644060084688137e-06,
  "B_qq_plot_sec_der": 1.9698288923968404e-07,
  "B_qq_plot_funct_pct": 91.61038999571215,
  "B_qq_plot_der_pct": 87.52004133359023,
  "B_qq_plot_sec_der_pct": 74.34652688733358,
  "B_acf_abs_r_funct": 0.1412972649683488,
  "B_acf_abs_r_der": 0.0008576498531712405,
  "B_acf_abs_r_sec_der": 0.0006087056884197723,
  "B_acf_abs_r_funct_pct": 1121.6508740599959,
  "B_acf_abs_r_der_pct": 1353.7510270170549,
  "B_acf_abs_r_sec_der_pct": 1878.3113236188267,
  "B_acf_sq_r_funct": 0.10841350662579227,
  "B_acf_sq_r_der": 0.00098074871903229,
  "B_acf_sq_r_sec_der": 0.00083648508937884,
  "B_acf_sq_r_funct_pct": 1117.5911381109036,
  "B_acf_sq_r_der_pct": 1599.909194599607,
  "B_acf_sq_r_sec_der_pct": 4396.535941690981,
  "B_roll_vol_hist_funct": 37234.87557183825,
  "B_roll_vol_hist_der": 5843.946881301873,
  "B_roll_vol_hist_sec_der": 925.0716475353566,
  "B_roll_vol_hist_funct_pct": 336.7507574214235,
  "B_roll_vol_hist_der_pct": 503.701513972158,
  "B_roll_vol_hist_sec_der_pct": 2037.6795542051836,
  "B_tail_surv_funct": 0.22059623302733755,
  "B_tail_surv_der": 0.00042504448969347096,
  "B_tail_surv_sec_der": 3.721158169004497e-06,
  "B_tail_surv_funct_pct": 90.54992730803758,
  "B_tail_surv_der_pct": 139.82887607856853,
  "B_tail_surv_sec_der_pct": 73721.74516074933
}