{
  "B_log_ret_hist": {
    "name": "Log-return histogram",
    "mse": {
      "mean": 4.081600595349409,
      "std": 0.0478197592951068,
      "per_seed": [
        4.1242940812412865,
        4.101951876646146,
        4.121174297671857,
        3.995901060731208,
        4.064681660456545
      ]
    },
    "pct": {
      "mean": 39.168557293185884,
      "std": 0.1360601316135735,
      "per_seed": [
        39.310701761485156,
        39.20739848069923,
        39.308110937887456,
        39.008577488951346,
        39.007997796906245
      ]
    },
    "nrmse": {
      "mean": 9.367810362771325,
      "std": 0.06168099886751638,
      "per_seed": [
        9.434698960860178,
        9.374483676062317,
        9.433885515562746,
        9.28404676381052,
        9.311936897560862
      ]
    }
  },
  "B_qq_plot": {
    "name": "QQ plot",
    "mse": {
      "mean": 3.0144902839496193e-06,
      "std": 2.2843382770553357e-08,
      "per_seed": [
        3.0395467800470177e-06,
        3.0146721012712606e-06,
        3.0400518762266777e-06,
        2.993422156276242e-06,
        2.984758505926898e-06
      ]
    },
    "pct": {
      "mean": 21.467892626420387,
      "std": 0.38412720641085774,
      "per_seed": [
        21.498649801245527,
        21.039211304176312,
        21.857382244931475,
        21.024160596805203,
        21.92005918494343
      ]
    },
    "nrmse": {
      "mean": 8.083183562632172,
      "std": 0.031061316861972374,
      "per_seed": [
        8.119963438834109,
        8.083322715422458,
        8.115539633298965,
        8.052068323386093,
        8.04502370221923
      ]
    }
  },
  "B_acf_abs_r": {
    "name": "ACF |r|",
    "mse": {
      "mean": 0.0015123398090099323,
      "std": 1.4199107957275253e-05,
      "per_seed": [
        0.0015199959664888268,
        0.0014990805384039664,
        0.0015036313406679754,
        0.0015022416114137335,
        0.0015367495880751591
      ]
    },
    "pct": {
      "mean": 148.96661130211518,
      "std": 1.7795863643235714,
      "per_seed": [
        150.11476868545526,
        150.2379474841048,
        149.1203405039224,
        145.493026358609,
        149.8669734784845
      ]
    },
    "nrmse": {
      "mean": 127.89418069298844,
      "std": 0.8849352338616084,
      "per_seed": [
        128.2470100142466,
        127.84891567343495,
        127.5324889699441,
        126.56907418557842,
        129.27341462173825
      ]
    }
  },
  "B_acf_sq_r": {
    "name": "ACF r\u00b2",
    "mse": {
      "mean": 0.0017225866859293657,
      "std": 2.8529519174239194e-05,
      "per_seed": [
        0.0017482909800074508,
        0.001687160303413593,
        0.0016953371177054104,
        0.0017219945512817305,
        0.0017601504772386432
      ]
    },
    "pct": {
      "mean": 171.2783820958582,
      "std": 1.9080974282867296,
      "per_seed": [
        172.69503329596745,
        171.96990580160661,
        170.94785019701823,
        167.74099355955232,
        173.0381276251465
      ]
    },
    "nrmse": {
      "mean": 145.18596353786768,
      "std": 1.199519854656338,
      "per_seed": [
        146.04052010087042,
        144.4938659707691,
        144.2511163405491,
        144.0209093674006,
        147.12340590974918
      ]
    }
  },
  "B_roll_vol_hist": {
    "name": "Rolling vol histogram",
    "mse": {
      "mean": 412.85040336465966,
      "std": 1.7722884844177973,
      "per_seed": [
        415.4317818096585,
        412.4305602224417,
        414.2557877998249,
        411.5810863749269,
        410.55280061644606
      ]
    },
    "pct": {
      "mean": 84.56137006218258,
      "std": 0.12736828805845457,
      "per_seed": [
        84.75320435727734,
        84.61489592554881,
        84.59894631705019,
        84.42208213848103,
        84.41772157255551
      ]
    },
    "nrmse": {
      "mean": 39.58861509229467,
      "std": 0.08241442202677011,
      "per_seed": [
        39.708771731465376,
        39.570319951302416,
        39.655397880700875,
        39.52022979535249,
        39.4883561026522
      ]
    }
  },
  "B_tail_surv": {
    "name": "Tail survival",
    "mse": {
      "mean": 0.0019366399420302153,
      "std": 2.20301689453386e-05,
      "per_seed": [
        0.0019616680243972483,
        0.0019397997576729253,
        0.0019590793679681484,
        0.0019097197970252766,
        0.0019129327630874775
      ]
    },
    "pct": {
      "mean": 26.62319514733941,
      "std": 0.1128345329472774,
      "per_seed": [
        26.75937958540453,
        26.64627387739117,
        26.725214825141812,
        26.496852138650368,
        26.488255310109142
      ]
    },
    "nrmse": {
      "mean": 7.6944874388609765,
      "std": 0.04378345181622463,
      "per_seed": [
        7.744178196203928,
        7.7008831111246945,
        7.7390671687978125,
        7.64093821886867,
        7.647370499309774
      ]
    }
  }
}