{
  "B_log_ret_hist": {
    "name": "Log-return histogram",
    "mse": {
      "mean": 12.137861588425576,
      "std": 0.16051089101874363,
      "per_seed": [
        12.213262108380242,
        12.18749469367171,
        12.373854998570135,
        11.91660837195863,
        11.998087769547164
      ]
    },
    "pct": {
      "mean": 38.984717549066104,
      "std": 0.13223730003548123,
      "per_seed": [
        39.11463099474625,
        39.04993985905355,
        39.108692707909206,
        38.828020117761916,
        38.82230406585957
      ]
    }
  },
  "B_qq_plot": {
    "name": "QQ plot",
    "mse": {
      "mean": 8.903853241358519e-06,
      "std": 6.773674045207696e-08,
      "per_seed": [
        8.97855095850404e-06,
        8.905706990087767e-06,
        8.979864403243875e-06,
        8.841557492507762e-06,
        8.813586362449152e-06
      ]
    },
    "pct": {
      "mean": 21.270792905266653,
      "std": 0.36408556514751306,
      "per_seed": [
        21.310845202146833,
        20.865231765719912,
        21.641930350407385,
        20.844334516628603,
        21.691622691430535
      ]
    }
  },
  "B_acf_abs_r": {
    "name": "ACF |r|",
    "mse": {
      "mean": 0.004573425487373387,
      "std": 3.7015945967538795e-05,
      "per_seed": [
        0.004602894558042952,
        0.00454039877620898,
        0.00454914255637499,
        0.004535773486551366,
        0.004638918059688648
      ]
    },
    "pct": {
      "mean": 142.9899707855646,
      "std": 1.5798269974791352,
      "per_seed": [
        143.98688155679426,
        144.11957552214233,
        143.09627791880132,
        139.91073253897767,
        143.8363863911074
      ]
    }
  },
  "B_acf_sq_r": {
    "name": "ACF r\u00b2",
    "mse": {
      "mean": 0.005169491613656971,
      "std": 5.66746656840111e-05,
      "per_seed": [
        0.0052514646561651925,
        0.005067049144884404,
        0.005094480759223868,
        0.005155292326799239,
        0.00527917118121215
      ]
    },
    "pct": {
      "mean": 159.5975909913819,
      "std": 1.6148651336538966,
      "per_seed": [
        160.9346741135754,
        160.3042401223359,
        159.0761597679089,
        156.6775968050117,
        160.9952841480776
      ]
    }
  },
  "B_roll_vol_hist": {
    "name": "Rolling vol histogram",
    "mse": {
      "mean": 1227.3026012701305,
      "std": 5.108661938009994,
      "per_seed": [
        1234.153528691968,
        1226.4373485161352,
        1230.9514894274005,
        1223.1978099816954,
        1221.7728297334534
      ]
    },
    "pct": {
      "mean": 84.04360585413113,
      "std": 0.12379114002691094,
      "per_seed": [
        84.23133535105973,
        84.09417612506815,
        84.0792870170952,
        83.90940777179341,
        83.90382300563921
      ]
    }
  },
  "B_tail_surv": {
    "name": "Tail survival",
    "mse": {
      "mean": 0.005743535900148534,
      "std": 6.597206816027408e-05,
      "per_seed": [
        0.005818816657751157,
        0.005752676137402271,
        0.005810740705054113,
        0.005662947449280515,
        0.005672498551254613
      ]
    },
    "pct": {
      "mean": 26.477856381211346,
      "std": 0.11398813217131284,
      "per_seed": [
        26.616183748991553,
        26.499273612128004,
        26.5813310059618,
        26.34972061167165,
        26.34277292730374
      ]
    }
  }
}