{
  "B_log_ret_hist": {
    "name": "Log-return histogram",
    "mse": {
      "mean": 12.137861588425576,
      "std": 0.16051089101874363,
      "per_seed": [
        12.213262108380242,
        12.18749469367171,
        12.373854998570135,
        11.91660837195863,
        11.998087769547164
      ]
    },
    "pct": {
      "mean": 14264.293831459965,
      "std": 8212.120546652819,
      "per_seed": [
        25115.13562390745,
        3364.221680919486,
        16927.440046634507,
        19647.579467674794,
        6267.092338163595
      ]
    }
  },
  "B_qq_plot": {
    "name": "QQ plot",
    "mse": {
      "mean": 8.903853241358519e-06,
      "std": 6.773674045207696e-08,
      "per_seed": [
        8.97855095850404e-06,
        8.905706990087767e-06,
        8.979864403243875e-06,
        8.841557492507762e-06,
        8.813586362449152e-06
      ]
    },
    "pct": {
      "mean": 113.07649939306961,
      "std": 5.786705960759888,
      "per_seed": [
        122.15772357161073,
        115.9633537188377,
        107.4000493657279,
        112.68408336423568,
        107.17728694493613
      ]
    }
  },
  "B_acf_abs_r": {
    "name": "ACF |r|",
    "mse": {
      "mean": 0.004573425487373387,
      "std": 3.7015945967538795e-05,
      "per_seed": [
        0.004602894558042952,
        0.00454039877620898,
        0.00454914255637499,
        0.004535773486551366,
        0.004638918059688648
      ]
    },
    "pct": {
      "mean": 1269.8622569321997,
      "std": 40.026780092416125,
      "per_seed": [
        1230.2587684761943,
        1289.3545475304732,
        1225.868322453296,
        1297.6132497325143,
        1306.21639646852
      ]
    }
  },
  "B_acf_sq_r": {
    "name": "ACF r\u00b2",
    "mse": {
      "mean": 0.005169491613656971,
      "std": 5.66746656840111e-05,
      "per_seed": [
        0.0052514646561651925,
        0.005067049144884404,
        0.005094480759223868,
        0.005155292326799239,
        0.00527917118121215
      ]
    },
    "pct": {
      "mean": 1603.526143656217,
      "std": 142.76689898234537,
      "per_seed": [
        1631.0320934513347,
        1811.231123122633,
        1702.5473123664567,
        1470.2490003000871,
        1402.5711890405723
      ]
    }
  },
  "B_roll_vol_hist": {
    "name": "Rolling vol histogram",
    "mse": {
      "mean": 1227.3026012701305,
      "std": 5.108661938009994,
      "per_seed": [
        1234.153528691968,
        1226.4373485161352,
        1230.9514894274005,
        1223.1978099816954,
        1221.7728297334534
      ]
    },
    "pct": {
      "mean": 715.9359873803754,
      "std": 20.234663190456263,
      "per_seed": [
        706.0020551831108,
        687.3322842213606,
        724.5542226411424,
        731.3184197849416,
        730.4729550713216
      ]
    }
  },
  "B_tail_surv": {
    "name": "Tail survival",
    "mse": {
      "mean": 0.005743535900148534,
      "std": 6.597206816027408e-05,
      "per_seed": [
        0.005818816657751157,
        0.005752676137402271,
        0.005810740705054113,
        0.005662947449280515,
        0.005672498551254613
      ]
    },
    "pct": {
      "mean": 17151.324818832967,
      "std": 910.1727203651807,
      "per_seed": [
        18513.515870884825,
        17266.293393747488,
        17220.192263596815,
        17111.43389336742,
        15645.188672568303
      ]
    }
  }
}