{
  "B_log_ret_hist": {
    "name": "Log-return histogram",
    "mse": {
      "mean": 12.137861588425576,
      "std": 0.16051089101874363,
      "per_seed": [
        12.213262108380242,
        12.18749469367171,
        12.373854998570135,
        11.91660837195863,
        11.998087769547164
      ]
    },
    "pct": {
      "mean": 4754.764610486655,
      "std": 2734.8763296052143,
      "per_seed": [
        8371.711874635816,
        1121.407226973162,
        5642.480015544836,
        6549.193155891598,
        2089.030779387865
      ]
    }
  },
  "B_qq_plot": {
    "name": "QQ plot",
    "mse": {
      "mean": 8.903853241358519e-06,
      "std": 6.773674045207696e-08,
      "per_seed": [
        8.97855095850404e-06,
        8.905706990087767e-06,
        8.979864403243875e-06,
        8.841557492507762e-06,
        8.813586362449152e-06
      ]
    },
    "pct": {
      "mean": 37.69216646435654,
      "std": 1.8736734165799802,
      "per_seed": [
        40.71924119053691,
        38.65445123961256,
        35.800016455242634,
        37.56136112141189,
        35.72576231497871
      ]
    }
  },
  "B_acf_abs_r": {
    "name": "ACF |r|",
    "mse": {
      "mean": 0.004573425487373387,
      "std": 3.7015945967538795e-05,
      "per_seed": [
        0.004602894558042952,
        0.00454039877620898,
        0.00454914255637499,
        0.004535773486551366,
        0.004638918059688648
      ]
    },
    "pct": {
      "mean": 423.28741897739985,
      "std": 11.523495828008606,
      "per_seed": [
        410.08625615873143,
        429.78484917682437,
        408.62277415109867,
        432.5377499108381,
        435.4054654895067
      ]
    }
  },
  "B_acf_sq_r": {
    "name": "ACF r\u00b2",
    "mse": {
      "mean": 0.005169491613656971,
      "std": 5.66746656840111e-05,
      "per_seed": [
        0.0052514646561651925,
        0.005067049144884404,
        0.005094480759223868,
        0.005155292326799239,
        0.00527917118121215
      ]
    },
    "pct": {
      "mean": 534.5087145520722,
      "std": 49.85508295667527,
      "per_seed": [
        543.6773644837782,
        603.7437077075443,
        567.5157707888189,
        490.08300010002904,
        467.5237296801908
      ]
    }
  },
  "B_roll_vol_hist": {
    "name": "Rolling vol histogram",
    "mse": {
      "mean": 1227.3026012701305,
      "std": 5.108661938009994,
      "per_seed": [
        1234.153528691968,
        1226.4373485161352,
        1230.9514894274005,
        1223.1978099816954,
        1221.7728297334534
      ]
    },
    "pct": {
      "mean": 238.64532912679178,
      "std": 5.65503016721981,
      "per_seed": [
        235.33401839437025,
        229.1107614071202,
        241.51807421371413,
        243.77280659498055,
        243.49098502377387
      ]
    }
  },
  "B_tail_surv": {
    "name": "Tail survival",
    "mse": {
      "mean": 0.005743535900148534,
      "std": 6.597206816027408e-05,
      "per_seed": [
        0.005818816657751157,
        0.005752676137402271,
        0.005810740705054113,
        0.005662947449280515,
        0.005672498551254613
      ]
    },
    "pct": {
      "mean": 5717.108272944323,
      "std": 303.44548613386496,
      "per_seed": [
        6171.171956961608,
        5755.431131249163,
        5740.064087865605,
        5703.81129778914,
        5215.062890856101
      ]
    }
  }
}