{
  "B_log_ret_hist": {
    "name": "Log-return histogram",
    "mse": {
      "mean": 4.081600595349409,
      "std": 0.0478197592951068,
      "per_seed": [
        4.1242940812412865,
        4.101951876646146,
        4.121174297671857,
        3.995901060731208,
        4.064681660456545
      ]
    },
    "pct": {
      "mean": 227.6985300131239,
      "std": 114.11840868533442,
      "per_seed": [
        436.3410439932855,
        153.5867757641332,
        188.25377774911522,
        109.39451173993668,
        250.91654081914905
      ]
    },
    "nrmse": {
      "mean": 26.79505839736182,
      "std": 1.3197436318840134,
      "per_seed": [
        25.854486706285496,
        27.882535553313726,
        25.709189181763467,
        25.680022020579887,
        28.84905852486655
      ]
    }
  },
  "B_qq_plot": {
    "name": "QQ plot",
    "mse": {
      "mean": 3.0144902839496193e-06,
      "std": 2.2843382770553357e-08,
      "per_seed": [
        3.0395467800470177e-06,
        3.0146721012712606e-06,
        3.0400518762266777e-06,
        2.993422156276242e-06,
        2.984758505926898e-06
      ]
    },
    "pct": {
      "mean": 29.607168879391942,
      "std": 1.135596825150029,
      "per_seed": [
        29.02964071900293,
        30.82488347702868,
        30.11151056646044,
        27.67068337660849,
        30.399126257859137
      ]
    },
    "nrmse": {
      "mean": 6.25347927020791,
      "std": 0.05502111749337653,
      "per_seed": [
        6.194510361414011,
        6.271627063281897,
        6.313175909136912,
        6.305637412954513,
        6.182445604252212
      ]
    }
  },
  "B_acf_abs_r": {
    "name": "ACF |r|",
    "mse": {
      "mean": 0.0015123398090099323,
      "std": 1.4199107957275253e-05,
      "per_seed": [
        0.0015199959664888268,
        0.0014990805384039664,
        0.0015036313406679754,
        0.0015022416114137335,
        0.0015367495880751591
      ]
    },
    "pct": {
      "mean": 624.4100863134859,
      "std": 17.173378028205587,
      "per_seed": [
        602.2852998907554,
        639.1257127746311,
        606.9353673478594,
        645.6155641590235,
        628.0884873951599
      ]
    },
    "nrmse": {
      "mean": 489.35147248089436,
      "std": 2.3772050165747762,
      "per_seed": [
        490.4886029485219,
        485.4442094282001,
        487.91699045142303,
        490.82187098559916,
        492.08568859072744
      ]
    }
  },
  "B_acf_sq_r": {
    "name": "ACF r\u00b2",
    "mse": {
      "mean": 0.0017225866859293657,
      "std": 2.8529519174239194e-05,
      "per_seed": [
        0.0017482909800074508,
        0.001687160303413593,
        0.0016953371177054104,
        0.0017219945512817305,
        0.0017601504772386432
      ]
    },
    "pct": {
      "mean": 759.0321365373892,
      "std": 46.4487370607981,
      "per_seed": [
        753.6712698370925,
        846.8925031112216,
        739.6251526299692,
        745.8199882490925,
        709.1517688595699
      ]
    },
    "nrmse": {
      "mean": 436.01224799558105,
      "std": 4.231483970961092,
      "per_seed": [
        439.77703509079447,
        429.78809856526414,
        432.11969499647154,
        438.3856341948662,
        439.9907771305089
      ]
    }
  },
  "B_roll_vol_hist": {
    "name": "Rolling vol histogram",
    "mse": {
      "mean": 412.85040336465966,
      "std": 1.7722884844177973,
      "per_seed": [
        415.4317818096585,
        412.4305602224417,
        414.2557877998249,
        411.5810863749269,
        410.55280061644606
      ]
    },
    "pct": {
      "mean": 203.10566927357445,
      "std": 11.455046729438022,
      "per_seed": [
        200.8068794771052,
        192.1816813505126,
        193.72142610550077,
        224.10118195253585,
        204.7171774822178
      ]
    },
    "nrmse": {
      "mean": 45.40946166738128,
      "std": 0.7117820360120106,
      "per_seed": [
        45.93926222271412,
        45.309126481790635,
        45.53649508666953,
        46.14891301850209,
        44.113511527230024
      ]
    }
  },
  "B_tail_surv": {
    "name": "Tail survival",
    "mse": {
      "mean": 0.0019366399420302153,
      "std": 2.20301689453386e-05,
      "per_seed": [
        0.0019616680243972483,
        0.0019397997576729253,
        0.0019590793679681484,
        0.0019097197970252766,
        0.0019129327630874775
      ]
    },
    "pct": {
      "mean": 26.216204331199748,
      "std": 0.11214419260816982,
      "per_seed": [
        26.351927126568548,
        26.238764214328203,
        26.31743260273956,
        26.090439132844097,
        26.082458579518335
      ]
    },
    "nrmse": {
      "mean": 7.6944874388609765,
      "std": 0.04378345181622463,
      "per_seed": [
        7.744178196203928,
        7.7008831111246945,
        7.7390671687978125,
        7.64093821886867,
        7.647370499309774
      ]
    }
  }
}