{
  "seed": 1,
  "A1_kurtosis_error": 0.11160462915763558,
  "A2_abs_r_q95_error": 0.006318720400827878,
  "A3_abs_r_q99_error": 0.009782835002424786,
  "A4_tail_qq_error": 0.0062389110832633795,
  "A5_hill_tail_index_error": 9.200515067237143,
  "A6_path_mmd2": 0.013051806857048931,
  "A7_terminal_mmd2": 0.014743259434498446,
  "A8_increment_mmd2": 0.006884995930527049,
  "A9_volatility_mmd": 0.2981808870149534,
  "A10_terminal_swd": 4.388583037118464,
  "A11_path_swd": 2.722943505750635,
  "A12_rv_law_loss": 2.150955488604291,
  "A13_mean_path_rmse": 0.5148287121596468,
  "A14_ks_logreturns": 0.0529544860359252,
  "A15_skewness_error": 0.018399268983556843,
  "A16_qq_rmse": 0.0028286485828883704,
  "A17_terminal_ks": 0.09375,
  "A18_disc_score_gru": 0.449039,
  "A18_disc_score_mlp": 0.013885,
  "A19_pred_score_gru": 0.058553,
  "A19_pred_score_mlp": 0.057836,
  "A20_cov_error": 145.82844724468464,
  "A21_acf_abs": 0.059462352841094135,
  "A22_acf_sq": 0.06175376892497383,
  "A23_acf_lag1_abs_error": 0.14192913862586862,
  "A24_acf_lag1_sq_error": 0.16371766483671654,
  "A25_mean_rmse": 0.919935863956951,
  "A26_std_error": 0.2516765272903053,
  "A27_logreturn_std_error": 0.003001430520858526,
  "A28_kurtosis_ratio": 1.9977601542967771,
  "A29_sigma_mean_error": 0.04401550873471685,
  "A30_vol_path_rmse": 3.296096064127422,
  "A31_rolling_vol_ks": 0.3433063786204269,
  "A32_vol_of_vol_error": 0.002114630534098194,
  "A33_sigma_corr": 0.00454696473855727,
  "A34_sigma_rmse": 0.09547708879905131,
  "compute_time_sec": 50.46,
  "B_log_ret_hist_funct": 11.612538882486005,
  "B_log_ret_hist_der": 0.22829650718452285,
  "B_log_ret_hist_sec_der": 0.34665930400118206,
  "B_log_ret_hist_funct_pct": 39.04993985905355,
  "B_log_ret_hist_der_pct": 290.8938742981798,
  "B_log_ret_hist_sec_der_pct": 3034.277866762253,
  "B_qq_plot_funct": 8.696728668571316e-06,
  "B_qq_plot_der": 1.7053597605564115e-07,
  "B_qq_plot_sec_der": 3.844234546080906e-08,
  "B_qq_plot_funct_pct": 20.865231765719912,
  "B_qq_plot_der_pct": 22.81796530218971,
  "B_qq_plot_sec_der_pct": 72.28015665092808,
  "B_acf_abs_r_funct": 0.0024245008273794323,
  "B_acf_abs_r_der": 0.00130200100046913,
  "B_acf_abs_r_sec_der": 0.000813896948360418,
  "B_acf_abs_r_funct_pct": 144.11957552214233,
  "B_acf_abs_r_der_pct": 431.6256237262921,
  "B_acf_abs_r_sec_der_pct": 713.6093482820389,
  "B_acf_sq_r_funct": 0.002516664476140023,
  "B_acf_sq_r_der": 0.0015613033315642092,
  "B_acf_sq_r_sec_der": 0.0009890813371801715,
  "B_acf_sq_r_funct_pct": 160.3042401223359,
  "B_acf_sq_r_der_pct": 545.9324271107787,
  "B_acf_sq_r_sec_der_pct": 1104.9944558895186,
  "B_roll_vol_hist_funct": 1212.6275456145568,
  "B_roll_vol_hist_der": 11.775471933971378,
  "B_roll_vol_hist_sec_der": 2.034330967607054,
  "B_roll_vol_hist_funct_pct": 84.09417612506815,
  "B_roll_vol_hist_der_pct": 308.5154842136505,
  "B_roll_vol_hist_sec_der_pct": 294.722623882642,
  "B_tail_surv_funct": 0.005745729530507674,
  "B_tail_surv_der": 6.879268407619637e-06,
  "B_tail_surv_sec_der": 6.733848697766187e-08,
  "B_tail_surv_funct_pct": 26.499273612128004,
  "B_tail_surv_der_pct": 20.77082777598068,
  "B_tail_surv_sec_der_pct": 17219.02329235938
}