{
  "seed": 1,
  "A1_path_mmd2": 0.011970318724984191,
  "A2_terminal_mmd2": 0.009699424300891268,
  "A3_increment_mmd2": 0.006633875378964094,
  "A4_volatility_mmd": 0.28726685688546894,
  "A5_terminal_swd": 3.6846407365390688,
  "A6_path_swd": 2.611015022647698,
  "A7_cov_error": 145.82844724468464,
  "A8_mean_rmse": 0.919935863956951,
  "A9_std_error": 0.2516765272903053,
  "A10_kurtosis_error": 0.11160462915763558,
  "A11_acf_abs": 0.059462352841094135,
  "A12_acf_sq": 0.06175376892497383,
  "A13_disc_score_gru": 0.428593,
  "A13_disc_score_mlp": 0.001373,
  "A14_pred_score_gru": 0.058561,
  "A14_pred_score_mlp": 0.057879,
  "A15_sigma_corr": 0.00454696473855727,
  "A15_sigma_rmse": 0.09547708879905131,
  "A16_tail_survival": 0.04269699005886937,
  "A16_q90_error": 0.06293733852116142,
  "A16_q95_error": 0.03772837721456693,
  "A16_q99_error": 0.00919564314714567,
  "A17_oracle_mae": 0.009681433988102513,
  "A18_agent_mae": 0.010650874445460196,
  "A19_oa_corr": -0.04484893736846136,
  "A20_rv_law_loss": 2.150955488604291,
  "B1_mean_path_rmse": 0.5148287121596468,
  "B2_vol_path_rmse": 3.296096064127422,
  "B3_ks_logreturns": 0.0529544860359252,
  "B4_skewness_error": 0.018399268983556878,
  "B5_qq_rmse": 0.0028286485828883895,
  "B6_tail_qq_error": 0.006238911083263343,
  "B7_acf_lag1_abs": 0.1430555603609947,
  "B8_arch_persistence_error": 0.02781617194927058,
  "B9_acf_lag1_sq": 0.16501701138303967,
  "B10_garch_persistence_error": 0.023173390959977485,
  "B11_rolling_vol_ks": 0.3433063786204269,
  "B12_vol_of_vol_error": 0.002114630534098195,
  "B13_terminal_ks": 0.09375,
  "B14_tail_index_error": 9.200515067237143,
  "compute_time_sec": 47.87
}