{
  "seed": 4,
  "A1_path_mmd2": 0.010526679688991902,
  "A2_terminal_mmd2": 0.012438051487702717,
  "A3_increment_mmd2": 0.007740175077577849,
  "A4_volatility_mmd": 0.3188125407373962,
  "A5_terminal_swd": 3.9169072607731636,
  "A6_path_swd": 2.4624508746766027,
  "A7_cov_error": 154.35869807187805,
  "A8_mean_rmse": 1.7087544562944714,
  "A9_std_error": 0.24621631555950385,
  "A10_kurtosis_error": 0.12026654040612783,
  "A11_acf_abs": 0.05991798113761043,
  "A12_acf_sq": 0.062419595714657286,
  "A13_disc_score_gru": 0.007782,
  "A13_disc_score_mlp": 0.006561,
  "A14_pred_score_gru": 0.05863,
  "A14_pred_score_mlp": 0.058176,
  "A15_sigma_corr": 0.007415132664874406,
  "A15_sigma_rmse": 0.09541958972570053,
  "A16_tail_survival": 0.04253714276522698,
  "A16_q90_error": 0.06270473209891732,
  "A16_q95_error": 0.03758612204724409,
  "A16_q99_error": 0.009144700418307087,
  "A17_oracle_mae": 0.00968260265962075,
  "A18_agent_mae": 0.010660160739154684,
  "A19_oa_corr": -0.3032687853921711,
  "A20_rv_law_loss": 2.1379931782211585,
  "B1_mean_path_rmse": 0.9545454239751862,
  "B2_vol_path_rmse": 3.375061452785553,
  "B3_ks_logreturns": 0.053581177718996065,
  "B4_skewness_error": 0.028729010885122724,
  "B5_qq_rmse": 0.0028148548361647684,
  "B6_tail_qq_error": 0.00620799703777008,
  "B7_acf_lag1_abs": 0.14676444377034775,
  "B8_arch_persistence_error": 0.027469996071966568,
  "B9_acf_lag1_sq": 0.1701408793038494,
  "B10_garch_persistence_error": 0.02290901350108688,
  "B11_rolling_vol_ks": 0.34264640497967486,
  "B12_vol_of_vol_error": 0.002098269499316051,
  "B13_terminal_ks": 0.10107421875,
  "B14_tail_index_error": 9.174790847590906,
  "compute_time_sec": 48.28
}