{
  "seed": 1,
  "A1_path_mmd2": 0.013550628129385345,
  "A2_terminal_mmd2": 0.01526323408948771,
  "A3_increment_mmd2": 0.0076428149629086395,
  "A4_volatility_mmd": 0.3366003317520533,
  "A5_terminal_swd": 4.258231028016606,
  "A6_path_swd": 2.9278169438179313,
  "A7_cov_error": 145.82844724468464,
  "A8_mean_rmse": 0.919935863956951,
  "A9_std_error": 0.2516765272903053,
  "A10_kurtosis_error": 0.11160462915763558,
  "A11_acf_abs": 0.059462352841094135,
  "A12_acf_sq": 0.06175376892497383,
  "A13_disc_score_gru": 0.0148,
  "A13_disc_score_mlp": 0.085902,
  "A14_pred_score_gru": 0.009075,
  "A14_pred_score_mlp": 0.008996,
  "A15_sigma_corr": 0.00454696473855727,
  "A15_sigma_rmse": 0.09547708879905131,
  "compute_time_sec": 53.22,
  "A16_tail_survival": 0.03693410487504833
}