{
  "seed": 0,
  "A1_path_mmd2": 0.012861050529247908,
  "A2_terminal_mmd2": 0.011282288129700169,
  "A3_increment_mmd2": 0.006672040725359096,
  "A4_volatility_mmd": 0.2970000764134797,
  "A5_terminal_swd": 4.114729558540764,
  "A6_path_swd": 2.84451114160034,
  "A7_cov_error": 143.73609623732273,
  "A8_mean_rmse": 1.297231716181244,
  "A9_std_error": 0.2503382235358116,
  "A10_kurtosis_error": 0.11562695735654893,
  "A11_acf_abs": 0.06007151179211284,
  "A12_acf_sq": 0.06246822352370264,
  "A13_disc_score_gru": 0.000458,
  "A13_disc_score_mlp": 0.002899,
  "A14_pred_score_gru": 0.058567,
  "A14_pred_score_mlp": 0.058448,
  "A15_sigma_corr": 0.004605334754583296,
  "A15_sigma_rmse": 0.09553903587472704,
  "A16_tail_survival": 0.04307063385606203,
  "A16_q90_error": 0.06360536109744094,
  "A16_q95_error": 0.03788024421751968,
  "A16_q99_error": 0.009202371432086614,
  "A17_oracle_mae": 0.00967418943458896,
  "A18_agent_mae": 0.010626009878054347,
  "A19_oa_corr": -0.5610918177721477,
  "A20_rv_law_loss": 2.155926188849497,
  "B1_mean_path_rmse": 0.7951225270884841,
  "B2_vol_path_rmse": 3.2044462521757,
  "B3_ks_logreturns": 0.05365903358759842,
  "B4_skewness_error": 0.01963135220981501,
  "B5_qq_rmse": 0.002843594024492119,
  "B6_tail_qq_error": 0.006282069046627389,
  "B7_acf_lag1_abs": 0.14470127527719923,
  "B8_arch_persistence_error": 0.027626635235217616,
  "B9_acf_lag1_sq": 0.16872964137132188,
  "B10_garch_persistence_error": 0.022943680810330144,
  "B11_rolling_vol_ks": 0.3444069963160569,
  "B12_vol_of_vol_error": 0.002110954568497994,
  "B13_terminal_ks": 0.0892333984375,
  "B14_tail_index_error": 9.285656800899158,
  "compute_time_sec": 52.88
}