{
  "seed": 2,
  "A1_path_mmd2": 0.010405629424317886,
  "A2_terminal_mmd2": 0.008549183478618827,
  "A3_increment_mmd2": 0.006924321724663063,
  "A4_volatility_mmd": 0.2968009273950976,
  "A5_terminal_swd": 3.675668391767058,
  "A6_path_swd": 2.582649647163028,
  "A7_cov_error": 142.90291049986,
  "A8_mean_rmse": 1.481939068279786,
  "A9_std_error": 0.2485163262953276,
  "A10_kurtosis_error": 0.11654348937504855,
  "A11_acf_abs": 0.059639328951750475,
  "A12_acf_sq": 0.06142359676926834,
  "A13_disc_score_gru": 0.464297,
  "A13_disc_score_mlp": 0.008392,
  "A14_pred_score_gru": 0.058542,
  "A14_pred_score_mlp": 0.058371,
  "A15_sigma_corr": 0.0015578445225117666,
  "A15_sigma_rmse": 0.09567122412594133,
  "A16_tail_survival": 0.042843305978692896,
  "A16_q90_error": 0.06311131274606299,
  "A16_q95_error": 0.037935031680610236,
  "A16_q99_error": 0.009194681963582677,
  "A17_oracle_mae": 0.00965327119781297,
  "A18_agent_mae": 0.01062424331920073,
  "A19_oa_corr": -0.4210483039714611,
  "A20_rv_law_loss": 2.1552042434948806,
  "B1_mean_path_rmse": 0.9252645524269525,
  "B2_vol_path_rmse": 3.2959932940759775,
  "B3_ks_logreturns": 0.05385799858513779,
  "B4_skewness_error": 0.021737900942616066,
  "B5_qq_rmse": 0.002837850036565989,
  "B6_tail_qq_error": 0.006245258898482298,
  "B7_acf_lag1_abs": 0.14504267000318027,
  "B8_arch_persistence_error": 0.02722180114006825,
  "B9_acf_lag1_sq": 0.16721226330651687,
  "B10_garch_persistence_error": 0.022505463277728455,
  "B11_rolling_vol_ks": 0.34402093654725613,
  "B12_vol_of_vol_error": 0.0021098547818115,
  "B13_terminal_ks": 0.09033203125,
  "B14_tail_index_error": 9.852525993094268,
  "compute_time_sec": 48.5
}