{
  "seed": 0,
  "A1_path_mmd2": 0.012861050529247908,
  "A2_terminal_mmd2": 0.011282288129700169,
  "A3_increment_mmd2": 0.006672040725359096,
  "A4_volatility_mmd": 0.2970000764134797,
  "A5_terminal_swd": 4.114729558540764,
  "A6_path_swd": 2.84451114160034,
  "A7_cov_error": 143.73609623732273,
  "A8_mean_rmse": 1.297231716181244,
  "A9_std_error": 0.2503382235358116,
  "A10_kurtosis_error": 0.11562695735654893,
  "A11_acf_abs": 0.06007151179211284,
  "A12_acf_sq": 0.06246822352370264,
  "A13_disc_score_gru": 0.000458,
  "A13_disc_score_mlp": 0.002899,
  "A14_pred_score_gru": 0.058567,
  "A14_pred_score_mlp": 0.058448,
  "A15_sigma_corr": 0.004605334754583296,
  "A15_sigma_rmse": 0.09553903587472704,
  "B1_mean_path_rmse": 0.7951225270884841,
  "B2_vol_path_rmse": 3.2044462521757,
  "B3_ks_logreturns": 0.05365903358759842,
  "B4_skewness_error": 0.01963135220981501,
  "B5_qq_rmse": 0.002843594024492119,
  "B6_tail_qq_error": 0.006282069046627389,
  "B7_acf_lag1_abs": 0.14470127527719923,
  "compute_time_sec": 52.88,
  "B8_acf_lag1_sq": 0.16872964137132188,
  "B9_rolling_vol_ks": 0.3444069963160569,
  "B10_vol_of_vol_error": 0.002110954568497994,
  "B11_terminal_ks": 0.0892333984375,
  "B12_tail_index_error": 9.285656800899158,
  "A16_logreturn_std_error": 0.0030146098449680796,
  "A17_abs_r_q95_error": 0.00637212411802883,
  "A18_abs_r_q99_error": 0.009807329646067831,
  "A19_kurtosis_ratio": 1.9906811027563367,
  "A20_sigma_mean_error": 0.04419082660851828,
  "A21_learned_oracle_sigma_corr": 0.004605334754583296,
  "A22_acf_lag1_abs_error": 0.14356189515690637,
  "A23_acf_lag1_sq_error": 0.16740106151800457,
  "A24_rv_law_loss": 2.155926188849497,
  "A25_mean_path_rmse": 0.7951225270884841,
  "A26_vol_path_rmse": 3.2044462521757,
  "A27_ks_logreturns": 0.05365903358759842,
  "A28_skewness_error": 0.01963135220981487,
  "A29_qq_rmse": 0.0028435940244920556,
  "A30_tail_qq_error": 0.0062820690466274115,
  "A31_rolling_vol_ks": 0.3444069963160569,
  "A32_vol_of_vol_error": 0.0021109545684979926,
  "A33_terminal_ks": 0.0892333984375,
  "A34_hill_tail_index_error": 9.285656800899158,
  "B_log_ret_hist_funct": 11.748359624636137,
  "B_log_ret_hist_der": 0.2107927373643063,
  "B_log_ret_hist_sec_der": 0.254109746379799,
  "B_qq_plot_funct": 8.775375927914864e-06,
  "B_qq_plot_der": 1.6798537595899764e-07,
  "B_qq_plot_sec_der": 3.518965463018001e-08,
  "B_acf_abs_r_funct": 0.002438215791869686,
  "B_acf_abs_r_der": 0.001333656623508834,
  "B_acf_abs_r_sec_der": 0.0008310221426644322,
  "B_acf_sq_r_funct": 0.002568757267213623,
  "B_acf_sq_r_der": 0.0016376232102071878,
  "B_acf_sq_r_sec_der": 0.0010450841787443825,
  "B_roll_vol_hist_funct": 1221.2323972154861,
  "B_roll_vol_hist_der": 11.72531268400251,
  "B_roll_vol_hist_sec_der": 1.1958187924793713,
  "B_tail_surv_funct": 0.00581179279065138,
  "B_tail_surv_der": 6.948520012401926e-06,
  "B_tail_surv_sec_der": 7.534708737500788e-08
}