{
  "seed": 4,
  "A1_kurtosis_error": 0.11990981114808585,
  "A2_abs_r_q95_error": 0.006361235790265245,
  "A3_abs_r_q99_error": 0.009722202022313789,
  "A4_tail_qq_error": 0.006260431750593612,
  "A5_hill_tail_index_error": 9.74025139096642,
  "A6_path_mmd2": 0.011300686139257499,
  "A7_terminal_mmd2": 0.00946003443509974,
  "A8_increment_mmd2": 0.008038186238314537,
  "A9_volatility_mmd": 0.3375221013706312,
  "A10_terminal_swd": 3.8146484768610933,
  "A11_path_swd": 2.5418879434422603,
  "A12_rv_law_loss": 2.1645229511460355,
  "A13_mean_path_rmse": 1.05252806070957,
  "A14_ks_logreturns": 0.05433186208169291,
  "A15_skewness_error": 0.03762809205946201,
  "A16_qq_rmse": 0.0028397289233595656,
  "A17_terminal_ks": 0.1002197265625,
  "A18_disc_score_gru": 0.016326,
  "A18_disc_score_mlp": 0.005951,
  "A19_pred_score_gru": 0.054575,
  "A19_pred_score_mlp": 0.054468,
  "A20_cov_error": 148.35101875340732,
  "A21_acf_abs": 0.05921437908911402,
  "A22_acf_sq": 0.062303348523626824,
  "A23_acf_lag1_abs_error": 0.14928668583064497,
  "A24_acf_lag1_sq_error": 0.17290624400384746,
  "A25_mean_rmse": 1.906712027547556,
  "A26_std_error": 0.24718589141090264,
  "A27_logreturn_std_error": 0.0030126938609242697,
  "A28_kurtosis_ratio": 1.9950942131332683,
  "A29_sigma_mean_error": 0.044105579217181584,
  "A30_vol_path_rmse": 3.1652812227808056,
  "A31_rolling_vol_ks": 0.3447394642403456,
  "A32_vol_of_vol_error": 0.002099264339805708,
  "A33_sigma_corr": 0.00558504652638216,
  "A34_sigma_rmse": 0.09605436558041726,
  "compute_time_sec": 48.65,
  "B_log_ret_hist_funct": 11.578339478404326,
  "B_log_ret_hist_der": 0.2450128383628804,
  "B_log_ret_hist_sec_der": 0.3706926646024278,
  "B_log_ret_hist_funct_pct": 39.007997796906245,
  "B_log_ret_hist_der_pct": 58.43167723460901,
  "B_log_ret_hist_sec_der_pct": 523701.50229557056,
  "B_log_ret_hist_funct_nrmse": 9.311936897560862,
  "B_log_ret_hist_der_nrmse": 26.890202732120983,
  "B_log_ret_hist_sec_der_nrmse": 50.345035944917804,
  "B_qq_plot_funct": 8.755015068103432e-06,
  "B_qq_plot_der": 1.6461079880812507e-07,
  "B_qq_plot_sec_der": 3.464965086913553e-08,
  "B_qq_plot_funct_pct": 21.92005918494343,
  "B_qq_plot_der_pct": 22.832730572480774,
  "B_qq_plot_sec_der_pct": 74.99710118497475,
  "B_qq_plot_funct_nrmse": 8.04502370221923,
  "B_qq_plot_der_nrmse": 5.657510706035251,
  "B_qq_plot_sec_der_nrmse": 4.844802404502154,
  "B_acf_abs_r_funct": 0.002397468333070371,
  "B_acf_abs_r_der": 0.0013607359887880678,
  "B_acf_abs_r_sec_der": 0.0008520444423670383,
  "B_acf_abs_r_funct_pct": 149.8669734784845,
  "B_acf_abs_r_der_pct": 605.2700675572811,
  "B_acf_abs_r_sec_der_pct": 1137.5497433040157,
  "B_acf_abs_r_funct_nrmse": 129.27341462173825,
  "B_acf_abs_r_der_nrmse": 811.825040093835,
  "B_acf_abs_r_sec_der_nrmse": 535.1586110566091,
  "B_acf_sq_r_funct": 0.002563619346215688,
  "B_acf_sq_r_der": 0.001662591248018951,
  "B_acf_sq_r_sec_der": 0.0010542408374812904,
  "B_acf_sq_r_funct_pct": 173.0381276251465,
  "B_acf_sq_r_der_pct": 997.148822899401,
  "B_acf_sq_r_sec_der_pct": 997.5394494107736,
  "B_acf_sq_r_funct_nrmse": 147.12340590974918,
  "B_acf_sq_r_der_nrmse": 722.6496197184742,
  "B_acf_sq_r_sec_der_nrmse": 450.1993057633033,
  "B_roll_vol_hist_funct": 1217.6096513962266,
  "B_roll_vol_hist_der": 11.999173187501373,
  "B_roll_vol_hist_sec_der": 2.0495772656101647,
  "B_roll_vol_hist_funct_pct": 84.41772157255551,
  "B_roll_vol_hist_der_pct": 279.7626149815312,
  "B_roll_vol_hist_sec_der_pct": 273.9433073369503,
  "B_roll_vol_hist_funct_nrmse": 39.4883561026522,
  "B_roll_vol_hist_der_nrmse": 64.91985538463311,
  "B_roll_vol_hist_sec_der_nrmse": 27.932323094404744,
  "B_tail_surv_funct": 0.005731846046228613,
  "B_tail_surv_der": 6.886942131745524e-06,
  "B_tail_surv_sec_der": 6.530090207421178e-08,
  "B_tail_surv_funct_pct": 26.488255310109142,
  "B_tail_surv_der_pct": 20.71345442565858,
  "B_tail_surv_sec_der_pct": 16816.166082389158,
  "B_tail_surv_funct_nrmse": 7.647370499309774,
  "B_tail_surv_der_nrmse": 273027.5233645361,
  "B_tail_surv_sec_der_nrmse": 26585.987919379506
}