{
  "seed": 3,
  "A1_path_mmd2": 0.01001845477730745,
  "A2_terminal_mmd2": 0.009214672748763919,
  "A3_increment_mmd2": 0.006324513827403289,
  "A4_volatility_mmd": 0.28205711876294776,
  "A5_terminal_swd": 3.1564247180393408,
  "A6_path_swd": 2.1667641376449307,
  "A7_cov_error": 139.92732693313036,
  "A8_mean_rmse": 1.0986360500914145,
  "A9_std_error": 0.24907723498096235,
  "A10_kurtosis_error": 0.12933771918640735,
  "A11_acf_abs": 0.05872411708071079,
  "A12_acf_sq": 0.06122418049021369,
  "A13_disc_score_gru": 0.468874,
  "A13_disc_score_mlp": 0.012054,
  "A14_pred_score_gru": 0.058607,
  "A14_pred_score_mlp": 0.058112,
  "A15_sigma_corr": 0.004780705965275243,
  "A15_sigma_rmse": 0.09543876734709932,
  "A16_tail_survival": 0.04264963685851883,
  "A16_q90_error": 0.06278931625246062,
  "A16_q95_error": 0.0378168061023622,
  "A16_q99_error": 0.009185070127952756,
  "A17_oracle_mae": 0.009669894843450702,
  "A18_agent_mae": 0.010626321850821538,
  "A19_oa_corr": -0.3782021714409353,
  "A20_rv_law_loss": 2.1410503671351284,
  "B1_mean_path_rmse": 0.5595019341326827,
  "B2_vol_path_rmse": 3.208564332026734,
  "B3_ks_logreturns": 0.053016001783956684,
  "B4_skewness_error": 0.02489903719203808,
  "B5_qq_rmse": 0.0028156722478613937,
  "B6_tail_qq_error": 0.006214298633658787,
  "B7_acf_lag1_abs": 0.14478973496300462,
  "B8_arch_persistence_error": 0.026712296484178787,
  "B9_acf_lag1_sq": 0.16808425986551626,
  "B10_garch_persistence_error": 0.022093132974691385,
  "B11_rolling_vol_ks": 0.3430433816056911,
  "B12_vol_of_vol_error": 0.0021058761251504104,
  "B13_terminal_ks": 0.0863037109375,
  "B14_tail_index_error": 9.981409499593692,
  "compute_time_sec": 48.04
}