{
  "seed": 2,
  "A1_path_mmd2": 0.011712713304753486,
  "A2_terminal_mmd2": 0.008266990379182826,
  "A3_increment_mmd2": 0.006347408399735466,
  "A4_volatility_mmd": 0.290046450618016,
  "A5_terminal_swd": 3.634172344621504,
  "A6_path_swd": 2.6202242830381324,
  "A7_cov_error": 142.90291049986,
  "A8_mean_rmse": 1.481939068279786,
  "A9_std_error": 0.2485163262953276,
  "A10_kurtosis_error": 0.11654348937504855,
  "A11_acf_abs": 0.059639328951750475,
  "A12_acf_sq": 0.06142359676926834,
  "A13_disc_score_gru": 0.015716,
  "A13_disc_score_mlp": 0.068508,
  "A14_pred_score_gru": 0.009087,
  "A14_pred_score_mlp": 0.010444,
  "A15_sigma_corr": 0.0015578445225117666,
  "A15_sigma_rmse": 0.09567122412594133,
  "compute_time_sec": 54.74,
  "A16_tail_survival": 0.036535504173287756
}