{
  "seed": 4,
  "A1_kurtosis_error": 0.12026654040612783,
  "A2_abs_r_q95_error": 0.006291820838025819,
  "A3_abs_r_q99_error": 0.009707396611791777,
  "A4_tail_qq_error": 0.006207997037770183,
  "A5_hill_tail_index_error": 9.174790847590906,
  "A6_path_mmd2": 0.01375372434619368,
  "A7_terminal_mmd2": 0.011305547081375211,
  "A8_increment_mmd2": 0.006904230971863656,
  "A9_volatility_mmd": 0.30015637228712805,
  "A10_terminal_swd": 3.8494503784119765,
  "A11_path_swd": 2.6920186402670128,
  "A12_rv_law_loss": 2.1379931782211585,
  "A13_mean_path_rmse": 0.9545454239751862,
  "A14_ks_logreturns": 0.053581177718996065,
  "A15_skewness_error": 0.028729010885122648,
  "A16_qq_rmse": 0.002814854836164725,
  "A17_terminal_ks": 0.10107421875,
  "A18_disc_score_gru": 0.019377,
  "A18_disc_score_mlp": 0.00473,
  "A19_pred_score_gru": 0.05862,
  "A19_pred_score_mlp": 0.058289,
  "A20_cov_error": 154.35869807187805,
  "A21_acf_abs": 0.05991798113761043,
  "A22_acf_sq": 0.062419595714657286,
  "A23_acf_lag1_abs_error": 0.14560881822884889,
  "A24_acf_lag1_sq_error": 0.16880118734082702,
  "A25_mean_rmse": 1.7087544562944714,
  "A26_std_error": 0.24621631555950385,
  "A27_logreturn_std_error": 0.002983223437465151,
  "A28_kurtosis_ratio": 1.956886033807953,
  "A29_sigma_mean_error": 0.04374673699203782,
  "A30_vol_path_rmse": 3.375061452785553,
  "A31_rolling_vol_ks": 0.34264640497967486,
  "A32_vol_of_vol_error": 0.00209826949931605,
  "A33_sigma_corr": 0.007415132664874406,
  "A34_sigma_rmse": 0.09541958972570053,
  "compute_time_sec": 50.63,
  "B_log_ret_hist_funct": 11.447415265124985,
  "B_log_ret_hist_der": 0.226094341082996,
  "B_log_ret_hist_sec_der": 0.324578163339183,
  "B_log_ret_hist_funct_pct": 38.82230406585957,
  "B_log_ret_hist_der_pct": 423.20608915160574,
  "B_log_ret_hist_sec_der_pct": 5805.06394494613,
  "B_qq_plot_funct": 8.611338081158471e-06,
  "B_qq_plot_der": 1.6638809932273412e-07,
  "B_qq_plot_sec_der": 3.586018196794644e-08,
  "B_qq_plot_funct_pct": 21.691622691430535,
  "B_qq_plot_der_pct": 22.6957744722459,
  "B_qq_plot_sec_der_pct": 62.78988978125969,
  "B_acf_abs_r_funct": 0.002474469527679295,
  "B_acf_abs_r_der": 0.001338557591647186,
  "B_acf_abs_r_sec_der": 0.0008258909403621671,
  "B_acf_abs_r_funct_pct": 143.8363863911074,
  "B_acf_abs_r_der_pct": 440.9389557431892,
  "B_acf_abs_r_sec_der_pct": 721.4410543342234,
  "B_acf_sq_r_funct": 0.0026056203133027625,
  "B_acf_sq_r_der": 0.0016337911607303291,
  "B_acf_sq_r_sec_der": 0.0010397597071790585,
  "B_acf_sq_r_funct_pct": 160.9952841480776,
  "B_acf_sq_r_der_pct": 534.2038395676195,
  "B_acf_sq_r_sec_der_pct": 707.3720653248753,
  "B_roll_vol_hist_funct": 1207.5297325667598,
  "B_roll_vol_hist_der": 11.943665434099634,
  "B_roll_vol_hist_sec_der": 2.299431732594015,
  "B_roll_vol_hist_funct_pct": 83.90382300563921,
  "B_roll_vol_hist_der_pct": 324.0721408481273,
  "B_roll_vol_hist_sec_der_pct": 322.4969912175552,
  "B_tail_surv_funct": 0.005665652351275478,
  "B_tail_surv_der": 6.7881287104002904e-06,
  "B_tail_surv_sec_der": 5.807126873473222e-08,
  "B_tail_surv_funct_pct": 26.34277292730374,
  "B_tail_surv_der_pct": 20.568412646521825,
  "B_tail_surv_sec_der_pct": 15598.277486994479
}