{
  "seed": 0,
  "A1_kurtosis_error": 0.11527022809850695,
  "A2_abs_r_q95_error": 0.006441539070268256,
  "A3_abs_r_q99_error": 0.009822135056589843,
  "A4_tail_qq_error": 0.0063345037594508425,
  "A5_hill_tail_index_error": 9.851117344274673,
  "A6_path_mmd2": 0.011886404608907275,
  "A7_terminal_mmd2": 0.011233409816447937,
  "A8_increment_mmd2": 0.007342580856134706,
  "A9_volatility_mmd": 0.3100933108256485,
  "A10_terminal_swd": 4.041002258655565,
  "A11_path_swd": 2.54372947693873,
  "A12_rv_law_loss": 2.182324869397351,
  "A13_mean_path_rmse": 0.8931720463978688,
  "A14_ks_logreturns": 0.054341473917322816,
  "A15_skewness_error": 0.02853043338415423,
  "A16_qq_rmse": 0.0028682418796216946,
  "A17_terminal_ks": 0.0880126953125,
  "A18_disc_score_gru": 0.008392,
  "A18_disc_score_mlp": 0.009612,
  "A19_pred_score_gru": 0.054528,
  "A19_pred_score_mlp": 0.053961,
  "A20_cov_error": 137.728416918852,
  "A21_acf_abs": 0.05936790974361644,
  "A22_acf_sq": 0.061560869022255785,
  "A23_acf_lag1_abs_error": 0.14723976275870246,
  "A24_acf_lag1_sq_error": 0.171506118181025,
  "A25_mean_rmse": 1.4951892874343287,
  "A26_std_error": 0.2513077993872104,
  "A27_logreturn_std_error": 0.0030440802684271982,
  "A28_kurtosis_ratio": 2.0295491304491007,
  "A29_sigma_mean_error": 0.04454966883366204,
  "A30_vol_path_rmse": 2.994390490479696,
  "A31_rolling_vol_ks": 0.34651295731707316,
  "A32_vol_of_vol_error": 0.0021119494089876503,
  "A33_sigma_corr": 0.00016729966469314144,
  "A34_sigma_rmse": 0.09626637224860242,
  "compute_time_sec": 52.51,
  "B_log_ret_hist_funct": 11.885633246640841,
  "B_log_ret_hist_der": 0.2243703626499757,
  "B_log_ret_hist_sec_der": 0.26287863443304144,
  "B_log_ret_hist_funct_pct": 39.310701761485156,
  "B_log_ret_hist_der_pct": 51.98572072948448,
  "B_log_ret_hist_sec_der_pct": 1251253.6081963854,
  "B_log_ret_hist_funct_nrmse": 9.434698960860178,
  "B_log_ret_hist_der_nrmse": 25.73252484234597,
  "B_log_ret_hist_sec_der_nrmse": 42.39623631565034,
  "B_qq_plot_funct": 8.91888141341975e-06,
  "B_qq_plot_der": 1.6599797001141229e-07,
  "B_qq_plot_sec_der": 3.376095670988994e-08,
  "B_qq_plot_funct_pct": 21.498649801245527,
  "B_qq_plot_der_pct": 23.063881155169362,
  "B_qq_plot_sec_der_pct": 64.95999660410693,
  "B_qq_plot_funct_nrmse": 8.119963438834109,
  "B_qq_plot_der_nrmse": 5.681298548930002,
  "B_qq_plot_sec_der_nrmse": 4.782269096477924,
  "B_acf_abs_r_funct": 0.0023595486489046387,
  "B_acf_abs_r_der": 0.0013533607516294252,
  "B_acf_abs_r_sec_der": 0.0008470784989324166,
  "B_acf_abs_r_funct_pct": 150.11476868545526,
  "B_acf_abs_r_der_pct": 558.194806452537,
  "B_acf_abs_r_sec_der_pct": 1106.64504034216,
  "B_acf_abs_r_funct_nrmse": 128.2470100142466,
  "B_acf_abs_r_der_nrmse": 809.6219906796204,
  "B_acf_abs_r_sec_der_nrmse": 533.5968081516986,
  "B_acf_sq_r_funct": 0.0025260197491209194,
  "B_acf_sq_r_der": 0.0016653183302374314,
  "B_acf_sq_r_sec_der": 0.0010535348606640015,
  "B_acf_sq_r_funct_pct": 172.69503329596745,
  "B_acf_sq_r_der_pct": 1206.3709731831339,
  "B_acf_sq_r_sec_der_pct": 948.245650459345,
  "B_acf_sq_r_funct_nrmse": 146.04052010087042,
  "B_acf_sq_r_der_nrmse": 723.2420435830761,
  "B_acf_sq_r_sec_der_nrmse": 450.0485415884368,
  "B_roll_vol_hist_funct": 1231.2404653471378,
  "B_roll_vol_hist_der": 12.301022407374274,
  "B_roll_vol_hist_sec_der": 2.7538576744631307,
  "B_roll_vol_hist_funct_pct": 84.75320435727734,
  "B_roll_vol_hist_der_pct": 277.03122437869297,
  "B_roll_vol_hist_sec_der_pct": 262.8352093927304,
  "B_roll_vol_hist_funct_nrmse": 39.708771731465376,
  "B_roll_vol_hist_der_nrmse": 65.73134026978961,
  "B_roll_vol_hist_sec_der_nrmse": 32.377674666887366,
  "B_tail_surv_funct": 0.0058778828983841545,
  "B_tail_surv_der": 7.046902628575126e-06,
  "B_tail_surv_sec_der": 7.427217901467649e-08,
  "B_tail_surv_funct_pct": 26.75937958540453,
  "B_tail_surv_der_pct": 20.940129297773304,
  "B_tail_surv_sec_der_pct": 18999.17719020525,
  "B_tail_surv_funct_nrmse": 7.744178196203928,
  "B_tail_surv_der_nrmse": 276180.0780608108,
  "B_tail_surv_sec_der_nrmse": 28353.475123516746
}