{
  "seed": 4,
  "A1_path_mmd2": 0.010996057840232693,
  "A2_terminal_mmd2": 0.009813818158828314,
  "A3_increment_mmd2": 0.006511242579456233,
  "A4_volatility_mmd": 0.29468298710971647,
  "A5_terminal_swd": 3.858034968863933,
  "A6_path_swd": 2.5823437524240127,
  "A7_cov_error": 154.35869807187805,
  "A8_mean_rmse": 1.7087544562944714,
  "A9_std_error": 0.24621631555950385,
  "A10_kurtosis_error": 0.12026654040612783,
  "A11_acf_abs": 0.05768317813639835,
  "A12_acf_sq": 0.06278742820010426,
  "A13_disc_score_gru": 0.030058,
  "A13_disc_score_mlp": 0.063625,
  "A14_pred_score_gru": 0.00909,
  "A14_pred_score_mlp": 0.008792,
  "A15_sigma_corr": 0.004534155341867208,
  "A15_sigma_rmse": 0.8237661358002194,
  "compute_time_sec": 44.36
}