{
  "seed": 3,
  "A1_kurtosis_error": 0.12898098992836537,
  "A2_abs_r_q95_error": 0.00636056706286485,
  "A3_abs_r_q99_error": 0.00979868589850897,
  "A4_tail_qq_error": 0.0062667333464821425,
  "A5_hill_tail_index_error": 10.546870042969207,
  "A6_path_mmd2": 0.010041086224703094,
  "A7_terminal_mmd2": 0.006439934222407462,
  "A8_increment_mmd2": 0.007227013332706811,
  "A9_volatility_mmd": 0.30356002742109944,
  "A10_terminal_swd": 3.157163068073636,
  "A11_path_swd": 2.257624437659218,
  "A12_rv_law_loss": 2.1675048520567453,
  "A13_mean_path_rmse": 0.6577941538388811,
  "A14_ks_logreturns": 0.05372151051919291,
  "A15_skewness_error": 0.0337981183663774,
  "A16_qq_rmse": 0.0028402681835650086,
  "A17_terminal_ks": 0.084716796875,
  "A18_disc_score_gru": 0.384956,
  "A18_disc_score_mlp": 0.015716,
  "A19_pred_score_gru": 0.054561,
  "A19_pred_score_mlp": 0.053914,
  "A20_cov_error": 133.91964761465962,
  "A21_acf_abs": 0.05802051503221439,
  "A22_acf_sq": 0.060565880908107286,
  "A23_acf_lag1_abs_error": 0.14732752591154874,
  "A24_acf_lag1_sq_error": 0.17086581841935944,
  "A25_mean_rmse": 1.296593621344499,
  "A26_std_error": 0.25004681083236113,
  "A27_logreturn_std_error": 0.0030160522274821928,
  "A28_kurtosis_ratio": 2.0514319734780817,
  "A29_sigma_mean_error": 0.0441000774377055,
  "A30_vol_path_rmse": 2.997819474255209,
  "A31_rolling_vol_ks": 0.34515529725609756,
  "A32_vol_of_vol_error": 0.002106870965640067,
  "A33_sigma_corr": 0.0036523566016151603,
  "A34_sigma_rmse": 0.0960497076006229,
  "compute_time_sec": 48.85,
  "B_log_ret_hist_funct": 11.509086894318054,
  "B_log_ret_hist_der": 0.20976706153361646,
  "B_log_ret_hist_sec_der": 0.2688492263419522,
  "B_log_ret_hist_funct_pct": 39.008577488951346,
  "B_log_ret_hist_der_pct": 55.61185388952429,
  "B_log_ret_hist_sec_der_pct": 17851.84020513537,
  "B_log_ret_hist_funct_nrmse": 9.28404676381052,
  "B_log_ret_hist_der_nrmse": 24.88102703038588,
  "B_log_ret_hist_sec_der_nrmse": 42.87499226754326,
  "B_qq_plot_funct": 8.770354430652432e-06,
  "B_qq_plot_der": 1.7171946548540062e-07,
  "B_qq_plot_sec_der": 3.819257269089409e-08,
  "B_qq_plot_funct_pct": 21.024160596805203,
  "B_qq_plot_der_pct": 22.841135494171024,
  "B_qq_plot_sec_der_pct": 61.898609349980575,
  "B_qq_plot_funct_nrmse": 8.052068323386093,
  "B_qq_plot_der_nrmse": 5.778378517232029,
  "B_qq_plot_sec_der_nrmse": 5.086465398245415,
  "B_acf_abs_r_funct": 0.002298209658457484,
  "B_acf_abs_r_der": 0.0013423642448041236,
  "B_acf_abs_r_sec_der": 0.0008661509309795929,
  "B_acf_abs_r_funct_pct": 145.493026358609,
  "B_acf_abs_r_der_pct": 635.3732321537481,
  "B_acf_abs_r_sec_der_pct": 1165.1228128668358,
  "B_acf_abs_r_funct_nrmse": 126.56907418557842,
  "B_acf_abs_r_der_nrmse": 806.3260577319038,
  "B_acf_abs_r_sec_der_nrmse": 539.5704810393154,
  "B_acf_sq_r_funct": 0.002456637615213456,
  "B_acf_sq_r_der": 0.0016399658635876757,
  "B_acf_sq_r_sec_der": 0.0010693801750440602,
  "B_acf_sq_r_funct_pct": 167.74099355955232,
  "B_acf_sq_r_der_pct": 1173.4510632983013,
  "B_acf_sq_r_sec_der_pct": 953.763949370892,
  "B_acf_sq_r_funct_nrmse": 144.0209093674006,
  "B_acf_sq_r_der_nrmse": 717.7156851888343,
  "B_acf_sq_r_sec_der_nrmse": 453.4203080283637,
  "B_roll_vol_hist_funct": 1219.5760730277061,
  "B_roll_vol_hist_der": 12.247480047167091,
  "B_roll_vol_hist_sec_der": 2.919706049907601,
  "B_roll_vol_hist_funct_pct": 84.42208213848103,
  "B_roll_vol_hist_der_pct": 290.19504511577804,
  "B_roll_vol_hist_sec_der_pct": 325.3472474317356,
  "B_roll_vol_hist_funct_nrmse": 39.52022979535249,
  "B_roll_vol_hist_der_nrmse": 65.58813066280933,
  "B_roll_vol_hist_sec_der_nrmse": 33.33837859734445,
  "B_tail_surv_funct": 0.005722207874299884,
  "B_tail_surv_der": 6.885645815428757e-06,
  "B_tail_surv_sec_der": 6.587096051643037e-08,
  "B_tail_surv_funct_pct": 26.496852138650368,
  "B_tail_surv_der_pct": 20.718690789838647,
  "B_tail_surv_sec_der_pct": 16520.259616770927,
  "B_tail_surv_funct_nrmse": 7.64093821886867,
  "B_tail_surv_der_nrmse": 273001.8264236327,
  "B_tail_surv_sec_der_nrmse": 26701.77984576651
}