{
  "seed": 3,
  "A1_kurtosis_error": 0.12933771918640735,
  "A2_abs_r_q95_error": 0.006291152110625423,
  "A3_abs_r_q99_error": 0.009783880487986958,
  "A4_tail_qq_error": 0.006214298633658713,
  "A5_hill_tail_index_error": 9.981409499593692,
  "A6_path_mmd2": 0.007612605398244349,
  "A7_terminal_mmd2": 0.005526415412363261,
  "A8_increment_mmd2": 0.007154499074925935,
  "A9_volatility_mmd": 0.2986566485652094,
  "A10_terminal_swd": 2.616902990237453,
  "A11_path_swd": 1.9332343004858292,
  "A12_rv_law_loss": 2.1410503671351284,
  "A13_mean_path_rmse": 0.5595019341326827,
  "A14_ks_logreturns": 0.053016001783956684,
  "A15_skewness_error": 0.02489903719203804,
  "A16_qq_rmse": 0.0028156722478613685,
  "A17_terminal_ks": 0.0863037109375,
  "A18_disc_score_gru": 0.469484,
  "A18_disc_score_mlp": 0.013885,
  "A19_pred_score_gru": 0.058588,
  "A19_pred_score_mlp": 0.058629,
  "A20_cov_error": 139.92732693313036,
  "A21_acf_abs": 0.05872411708071079,
  "A22_acf_sq": 0.06122418049021369,
  "A23_acf_lag1_abs_error": 0.14364965830975265,
  "A24_acf_lag1_sq_error": 0.166760761756339,
  "A25_mean_rmse": 1.0986360500914145,
  "A26_std_error": 0.24907723498096235,
  "A27_logreturn_std_error": 0.002986581804023074,
  "A28_kurtosis_ratio": 2.0121448660320436,
  "A29_sigma_mean_error": 0.043741235212561735,
  "A30_vol_path_rmse": 3.208564332026734,
  "A31_rolling_vol_ks": 0.3430433816056911,
  "A32_vol_of_vol_error": 0.002105876125150409,
  "A33_sigma_corr": 0.004780705965275243,
  "A34_sigma_rmse": 0.09543876734709932,
  "compute_time_sec": 51.2,
  "B_log_ret_hist_funct": 11.384956446558418,
  "B_log_ret_hist_der": 0.22063607424250378,
  "B_log_ret_hist_sec_der": 0.3110158511577071,
  "B_log_ret_hist_funct_pct": 38.828020117761916,
  "B_log_ret_hist_der_pct": 292.29714238986395,
  "B_log_ret_hist_sec_der_pct": 19316.454305167168,
  "B_qq_plot_funct": 8.628327064552112e-06,
  "B_qq_plot_der": 1.7371658193310887e-07,
  "B_qq_plot_sec_der": 3.951384602254143e-08,
  "B_qq_plot_funct_pct": 20.844334516628603,
  "B_qq_plot_der_pct": 22.701861703096807,
  "B_qq_plot_sec_der_pct": 69.13788714451026,
  "B_acf_abs_r_funct": 0.0023727495315772865,
  "B_acf_abs_r_der": 0.0013209767865629864,
  "B_acf_abs_r_sec_der": 0.0008420471684110932,
  "B_acf_abs_r_funct_pct": 139.91073253897767,
  "B_acf_abs_r_der_pct": 447.2085389744703,
  "B_acf_abs_r_sec_der_pct": 710.4939782190664,
  "B_acf_sq_r_funct": 0.0024952605259005575,
  "B_acf_sq_r_der": 0.0016100257943853819,
  "B_acf_sq_r_sec_der": 0.0010500060065132997,
  "B_acf_sq_r_funct_pct": 156.6775968050117,
  "B_acf_sq_r_der_pct": 496.8868964838431,
  "B_acf_sq_r_sec_der_pct": 816.6845070112323,
  "B_roll_vol_hist_funct": 1209.4889241734472,
  "B_roll_vol_hist_der": 11.81540203614273,
  "B_roll_vol_hist_sec_der": 1.8934837721052624,
  "B_roll_vol_hist_funct_pct": 83.90940777179341,
  "B_roll_vol_hist_der_pct": 320.827649637582,
  "B_roll_vol_hist_sec_der_pct": 326.5813623755662,
  "B_tail_surv_funct": 0.005656097101902104,
  "B_tail_surv_der": 6.785931971706042e-06,
  "B_tail_surv_sec_der": 6.44154067060152e-08,
  "B_tail_surv_funct_pct": 26.34972061167165,
  "B_tail_surv_der_pct": 20.563067466143934,
  "B_tail_surv_sec_der_pct": 17064.521105289605
}