{
  "seed": 2,
  "A1_kurtosis_error": 0.11618676011700657,
  "A2_abs_r_q95_error": 0.006396875611979703,
  "A3_abs_r_q99_error": 0.009872042480033857,
  "A4_tail_qq_error": 0.006297693611305717,
  "A5_hill_tail_index_error": 10.417986536469783,
  "A6_path_mmd2": 0.011917385862251773,
  "A7_terminal_mmd2": 0.009921828036011049,
  "A8_increment_mmd2": 0.007126034083073662,
  "A9_volatility_mmd": 0.30754517283447347,
  "A10_terminal_swd": 3.7798099755138708,
  "A11_path_swd": 2.6997249596344197,
  "A12_rv_law_loss": 2.1817417288898167,
  "A13_mean_path_rmse": 1.0219551041950923,
  "A14_ks_logreturns": 0.05459426519438976,
  "A15_skewness_error": 0.030636982116955293,
  "A16_qq_rmse": 0.002862577838397598,
  "A17_terminal_ks": 0.0882568359375,
  "A18_disc_score_gru": 0.003204,
  "A18_disc_score_mlp": 0.007171,
  "A19_pred_score_gru": 0.054538,
  "A19_pred_score_mlp": 0.054866,
  "A20_cov_error": 136.89523118138928,
  "A21_acf_abs": 0.05893572690325407,
  "A22_acf_sq": 0.061250281220957395,
  "A23_acf_lag1_abs_error": 0.1475784693372348,
  "A24_acf_lag1_sq_error": 0.1700006879749979,
  "A25_mean_rmse": 1.6798966395328705,
  "A26_std_error": 0.2494859021467264,
  "A27_logreturn_std_error": 0.0030384850869446464,
  "A28_kurtosis_ratio": 2.026488005366905,
  "A29_sigma_mean_error": 0.04445811437328248,
  "A30_vol_path_rmse": 3.08543067128955,
  "A31_rolling_vol_ks": 0.3461646103277439,
  "A32_vol_of_vol_error": 0.002110849622301157,
  "A33_sigma_corr": -0.0015570029569659824,
  "A34_sigma_rmse": 0.09635224000672872,
  "compute_time_sec": 48.52,
  "B_log_ret_hist_funct": 11.883583812797108,
  "B_log_ret_hist_der": 0.21761491264138852,
  "B_log_ret_hist_sec_der": 0.26232416757707333,
  "B_log_ret_hist_funct_pct": 38.69993295578911,
  "B_log_ret_hist_der_pct": 63.781210386739275,
  "B_log_ret_hist_sec_der_pct": 462.2801899048173,
  "B_log_ret_hist_funct_nrmse": 9.433885515562746,
  "B_log_ret_hist_der_nrmse": 25.342180647502055,
  "B_log_ret_hist_sec_der_nrmse": 42.35150138222561,
  "B_qq_plot_funct": 8.909165938838903e-06,
  "B_qq_plot_der": 1.739677803740308e-07,
  "B_qq_plot_sec_der": 3.7021909467099376e-08,
  "B_qq_plot_funct_pct": 21.301042634437543,
  "B_qq_plot_der_pct": 22.715169218898367,
  "B_qq_plot_sec_der_pct": 46.318319846045405,
  "B_qq_plot_funct_nrmse": 8.115539633298965,
  "B_qq_plot_der_nrmse": 5.816083520260498,
  "B_qq_plot_sec_der_nrmse": 5.0079045738512695,
  "B_acf_abs_r_funct": 0.0023333297049411283,
  "B_acf_abs_r_der": 0.0013393092610541925,
  "B_acf_abs_r_sec_der": 0.0008382550560086051,
  "B_acf_abs_r_funct_pct": 148.78484248778153,
  "B_acf_abs_r_der_pct": 569.0473236737995,
  "B_acf_abs_r_sec_der_pct": 1102.973935881997,
  "B_acf_abs_r_funct_nrmse": 127.5324889699441,
  "B_acf_abs_r_der_nrmse": 805.4080073121394,
  "B_acf_abs_r_sec_der_nrmse": 530.8104750721855,
  "B_acf_sq_r_funct": 0.0024644974057872705,
  "B_acf_sq_r_der": 0.0016092082239764815,
  "B_acf_sq_r_sec_der": 0.0010123057233524793,
  "B_acf_sq_r_funct_pct": 170.50520002847603,
  "B_acf_sq_r_der_pct": 933.57712548978,
  "B_acf_sq_r_sec_der_pct": 1114.7931323716514,
  "B_acf_sq_r_funct_nrmse": 144.2511163405491,
  "B_acf_sq_r_der_nrmse": 710.9534322091331,
  "B_acf_sq_r_sec_der_nrmse": 441.15453643973257,
  "B_roll_vol_hist_funct": 1227.9327891610892,
  "B_roll_vol_hist_der": 12.252220607583222,
  "B_roll_vol_hist_sec_der": 2.582353630802084,
  "B_roll_vol_hist_funct_pct": 83.78937403785616,
  "B_roll_vol_hist_der_pct": 277.29058350918376,
  "B_roll_vol_hist_sec_der_pct": 220.08432076946232,
  "B_roll_vol_hist_funct_nrmse": 39.655397880700875,
  "B_roll_vol_hist_der_nrmse": 65.60082284167719,
  "B_roll_vol_hist_sec_der_nrmse": 31.353264537630547,
  "B_tail_surv_funct": 0.005870126850884096,
  "B_tail_surv_der": 7.0210244276681235e-06,
  "B_tail_surv_sec_der": 9.022859268149498e-08,
  "B_tail_surv_funct_pct": 26.31743260273956,
  "B_tail_surv_der_pct": 20.935369626892907,
  "B_tail_surv_sec_der_pct": 17189247.040255066,
  "B_tail_surv_funct_nrmse": 7.7390671687978125,
  "B_tail_surv_der_nrmse": 275672.5063313749,
  "B_tail_surv_sec_der_nrmse": 31251.099708540634
}