{
  "seed": 3,
  "A1_path_mmd2": 0.009277649790370601,
  "A2_terminal_mmd2": 0.005643618334793543,
  "A3_increment_mmd2": 0.007384348461959123,
  "A4_volatility_mmd": 0.31827573098620465,
  "A5_terminal_swd": 2.799490551093312,
  "A6_path_swd": 2.1502373623628683,
  "A7_cov_error": 139.92732693313036,
  "A8_mean_rmse": 1.0986360500914145,
  "A9_std_error": 0.24907723498096235,
  "A10_kurtosis_error": 0.12933771918640735,
  "A11_acf_abs": 0.05583579144883355,
  "A12_acf_sq": 0.06103183168276035,
  "A13_disc_score_gru": 0.08163,
  "A13_disc_score_mlp": 0.070034,
  "A14_pred_score_gru": 0.009111,
  "A14_pred_score_mlp": 0.008824,
  "A15_sigma_corr": 0.004780705965275243,
  "A15_sigma_rmse": 0.09543876734709932,
  "compute_time_sec": 44.57,
  "A16_tail_survival": 0.036626531484060386
}