{
  "seed": 1,
  "A1_kurtosis_error": 0.1112478998995936,
  "A2_abs_r_q95_error": 0.006388135353067304,
  "A3_abs_r_q99_error": 0.009797640412946798,
  "A4_tail_qq_error": 0.006291345796086809,
  "A5_hill_tail_index_error": 9.765975610612658,
  "A6_path_mmd2": 0.010172423480877157,
  "A7_terminal_mmd2": 0.010670409727047137,
  "A8_increment_mmd2": 0.007154654594476728,
  "A9_volatility_mmd": 0.3109464944374468,
  "A10_terminal_swd": 3.758576828047412,
  "A11_path_swd": 2.4449738551931066,
  "A12_rv_law_loss": 2.1774476825132054,
  "A13_mean_path_rmse": 0.6130517394615981,
  "A14_ks_logreturns": 0.05364461583415356,
  "A15_skewness_error": 0.027298350157896202,
  "A16_qq_rmse": 0.0028531320187382327,
  "A17_terminal_ks": 0.0938720703125,
  "A18_disc_score_gru": 0.210101,
  "A18_disc_score_mlp": 0.003204,
  "A19_pred_score_gru": 0.054472,
  "A19_pred_score_mlp": 0.05417,
  "A20_cov_error": 139.8207679262139,
  "A21_acf_abs": 0.05875875079259773,
  "A22_acf_sq": 0.06111558986211561,
  "A23_acf_lag1_abs_error": 0.1456070062276647,
  "A24_acf_lag1_sq_error": 0.16782272149973698,
  "A25_mean_rmse": 1.1178934352100356,
  "A26_std_error": 0.2526461031417041,
  "A27_logreturn_std_error": 0.0030309009443176445,
  "A28_kurtosis_ratio": 2.036766400396764,
  "A29_sigma_mean_error": 0.044374350959860615,
  "A30_vol_path_rmse": 3.085642728965491,
  "A31_rolling_vol_ks": 0.34547784076473587,
  "A32_vol_of_vol_error": 0.002115625374587852,
  "A33_sigma_corr": 0.005940085610685325,
  "A34_sigma_rmse": 0.09600288787026064,
  "compute_time_sec": 48.22,
  "B_log_ret_hist_funct": 11.734401524188309,
  "B_log_ret_hist_der": 0.236657627615582,
  "B_log_ret_hist_sec_der": 0.334796478134546,
  "B_log_ret_hist_funct_pct": 39.20739848069923,
  "B_log_ret_hist_der_pct": 60.21877054093975,
  "B_log_ret_hist_sec_der_pct": 193637.3379574605,
  "B_log_ret_hist_funct_nrmse": 9.374483676062317,
  "B_log_ret_hist_der_nrmse": 26.427732914779607,
  "B_log_ret_hist_sec_der_nrmse": 47.84539006909925,
  "B_qq_plot_funct": 8.83857145828045e-06,
  "B_qq_plot_der": 1.6840302044405517e-07,
  "B_qq_plot_sec_der": 3.704182508927613e-08,
  "B_qq_plot_funct_pct": 21.039211304176312,
  "B_qq_plot_der_pct": 22.956109752709995,
  "B_qq_plot_sec_der_pct": 78.10645894476758,
  "B_qq_plot_funct_nrmse": 8.083322715422458,
  "B_qq_plot_der_nrmse": 5.722307101778214,
  "B_qq_plot_sec_der_nrmse": 5.009251372645019,
  "B_acf_abs_r_funct": 0.002344922731661889,
  "B_acf_abs_r_der": 0.0013216495011405718,
  "B_acf_abs_r_sec_der": 0.0008306693824094381,
  "B_acf_abs_r_funct_pct": 150.2379474841048,
  "B_acf_abs_r_der_pct": 582.3674353977369,
  "B_acf_abs_r_sec_der_pct": 1193.888060784686,
  "B_acf_abs_r_funct_nrmse": 127.84891567343495,
  "B_acf_abs_r_der_nrmse": 800.0804439545843,
  "B_acf_abs_r_sec_der_nrmse": 528.4032686565811,
  "B_acf_sq_r_funct": 0.002472799029089307,
  "B_acf_sq_r_der": 0.0015889693480069516,
  "B_acf_sq_r_sec_der": 0.000999712533144521,
  "B_acf_sq_r_funct_pct": 171.96990580160661,
  "B_acf_sq_r_der_pct": 1224.2839768071735,
  "B_acf_sq_r_sec_der_pct": 1236.9893003577674,
  "B_acf_sq_r_funct_nrmse": 144.4938659707691,
  "B_acf_sq_r_der_nrmse": 706.4684852432973,
  "B_acf_sq_r_sec_der_nrmse": 438.40194448172605,
  "B_roll_vol_hist_funct": 1222.66955045256,
  "B_roll_vol_hist_der": 12.047423176491476,
  "B_roll_vol_hist_sec_der": 2.5747070382734996,
  "B_roll_vol_hist_funct_pct": 84.61489592554881,
  "B_roll_vol_hist_der_pct": 286.70214523153527,
  "B_roll_vol_hist_sec_der_pct": 223.16779395601435,
  "B_roll_vol_hist_funct_nrmse": 39.570319951302416,
  "B_roll_vol_hist_der_nrmse": 65.05024935681774,
  "B_roll_vol_hist_sec_der_nrmse": 31.306810137251755,
  "B_tail_surv_funct": 0.005812344097944785,
  "B_tail_surv_der": 6.978919941184357e-06,
  "B_tail_surv_sec_der": 7.625513280677278e-08,
  "B_tail_surv_funct_pct": 26.64627387739117,
  "B_tail_surv_der_pct": 20.935091596466993,
  "B_tail_surv_sec_der_pct": 18117.135915741954,
  "B_tail_surv_funct_nrmse": 7.7008831111246945,
  "B_tail_surv_der_nrmse": 274844.67106083175,
  "B_tail_surv_sec_der_nrmse": 28729.479220890327
}