{
  "seed": 2,
  "A1_kurtosis_error": 0.11654348937504855,
  "A2_abs_r_q95_error": 0.006327460659740276,
  "A3_abs_r_q99_error": 0.009857237069511846,
  "A4_tail_qq_error": 0.006245258898482288,
  "A5_hill_tail_index_error": 9.852525993094268,
  "A6_path_mmd2": 0.012434375963246674,
  "A7_terminal_mmd2": 0.012270553457492839,
  "A8_increment_mmd2": 0.0070952293144386225,
  "A9_volatility_mmd": 0.3049405618563696,
  "A10_terminal_swd": 4.132515723904986,
  "A11_path_swd": 2.827648393113867,
  "A12_rv_law_loss": 2.1552042434948806,
  "A13_mean_path_rmse": 0.9252645524269525,
  "A14_ks_logreturns": 0.05385799858513779,
  "A15_skewness_error": 0.021737900942615934,
  "A16_qq_rmse": 0.0028378500365659363,
  "A17_terminal_ks": 0.09033203125,
  "A18_disc_score_gru": 0.001678,
  "A18_disc_score_mlp": 0.003204,
  "A19_pred_score_gru": 0.058674,
  "A19_pred_score_mlp": 0.058348,
  "A20_cov_error": 142.90291049986,
  "A21_acf_abs": 0.059639328951750475,
  "A22_acf_sq": 0.06142359676926834,
  "A23_acf_lag1_abs_error": 0.14390060173543873,
  "A24_acf_lag1_sq_error": 0.16589563131197746,
  "A25_mean_rmse": 1.481939068279786,
  "A26_std_error": 0.2485163262953276,
  "A27_logreturn_std_error": 0.0030090146634855278,
  "A28_kurtosis_ratio": 1.9876786014801289,
  "A29_sigma_mean_error": 0.04409927214813872,
  "A30_vol_path_rmse": 3.2959932940759775,
  "A31_rolling_vol_ks": 0.34402093654725613,
  "A32_vol_of_vol_error": 0.002109854781811499,
  "A33_sigma_corr": 0.0015578445225117666,
  "A34_sigma_rmse": 0.09567122412594133,
  "compute_time_sec": 50.44,
  "B_log_ret_hist_funct": 11.773200058763207,
  "B_log_ret_hist_der": 0.23839523110065544,
  "B_log_ret_hist_sec_der": 0.36225970870627144,
  "B_log_ret_hist_funct_pct": 39.108692707909206,
  "B_log_ret_hist_der_pct": 343.98112343480733,
  "B_log_ret_hist_sec_der_pct": 16544.35023049179,
  "B_qq_plot_funct": 8.765403893163433e-06,
  "B_qq_plot_der": 1.7610431011566136e-07,
  "B_qq_plot_sec_der": 3.8356199964781826e-08,
  "B_qq_plot_funct_pct": 21.641930350407385,
  "B_qq_plot_der_pct": 22.90181971369211,
  "B_qq_plot_sec_der_pct": 62.8562993016284,
  "B_acf_abs_r_funct": 0.002409963321188762,
  "B_acf_abs_r_der": 0.0013189926424209534,
  "B_acf_abs_r_sec_der": 0.0008201865927652745,
  "B_acf_abs_r_funct_pct": 143.09627791880132,
  "B_acf_abs_r_der_pct": 448.72039450543457,
  "B_acf_abs_r_sec_der_pct": 634.0516500290602,
  "B_acf_sq_r_funct": 0.0025056508406826475,
  "B_acf_sq_r_der": 0.0015824667069422372,
  "B_acf_sq_r_sec_der": 0.001006363211598983,
  "B_acf_sq_r_funct_pct": 159.0761597679089,
  "B_acf_sq_r_der_pct": 523.4508058531197,
  "B_acf_sq_r_sec_der_pct": 1020.020346745428,
  "B_roll_vol_hist_funct": 1217.6971731072654,
  "B_roll_vol_hist_der": 11.803867790024757,
  "B_roll_vol_hist_sec_der": 1.4504485301103636,
  "B_roll_vol_hist_funct_pct": 84.0792870170952,
  "B_roll_vol_hist_der_pct": 295.30342338716395,
  "B_roll_vol_hist_sec_der_pct": 345.1715122368832,
  "B_tail_surv_funct": 0.005803756215668218,
  "B_tail_surv_der": 6.916939699471777e-06,
  "B_tail_surv_sec_der": 6.75496864233376e-08,
  "B_tail_surv_funct_pct": 26.5813310059618,
  "B_tail_surv_der_pct": 20.794217548525385,
  "B_tail_surv_sec_der_pct": 17172.81671504233
}