{
  "seed": 1,
  "A1_path_mmd2": 0.011970318724984191,
  "A2_terminal_mmd2": 0.009699424300891268,
  "A3_increment_mmd2": 0.006633875378964094,
  "A4_volatility_mmd": 0.28726685688546894,
  "A5_terminal_swd": 3.6846407365390688,
  "A6_path_swd": 2.611015022647698,
  "A7_cov_error": 145.82844724468464,
  "A8_mean_rmse": 0.919935863956951,
  "A9_std_error": 0.2516765272903053,
  "A10_kurtosis_error": 0.11160462915763558,
  "A11_acf_abs": 0.059462352841094135,
  "A12_acf_sq": 0.06175376892497383,
  "A13_disc_score_gru": 0.428593,
  "A13_disc_score_mlp": 0.001373,
  "A14_pred_score_gru": 0.058561,
  "A14_pred_score_mlp": 0.057879,
  "A15_sigma_corr": 0.00454696473855727,
  "A15_sigma_rmse": 0.09547708879905131,
  "B1_mean_path_rmse": 0.5148287121596468,
  "B2_vol_path_rmse": 3.296096064127422,
  "B3_ks_logreturns": 0.0529544860359252,
  "B4_skewness_error": 0.018399268983556878,
  "B5_qq_rmse": 0.0028286485828883895,
  "B6_tail_qq_error": 0.006238911083263343,
  "B7_acf_lag1_abs": 0.1430555603609947,
  "compute_time_sec": 47.87,
  "B8_acf_lag1_sq": 0.16501701138303967,
  "B9_rolling_vol_ks": 0.3433063786204269,
  "B10_vol_of_vol_error": 0.002114630534098195,
  "B11_terminal_ks": 0.09375,
  "B12_tail_index_error": 9.200515067237143,
  "A16_logreturn_std_error": 0.003001430520858526,
  "A17_abs_r_q95_error": 0.006318720400827878,
  "A18_abs_r_q99_error": 0.009782835002424786,
  "A19_kurtosis_ratio": 1.9977601542967771,
  "A20_sigma_mean_error": 0.04401550873471685,
  "A21_learned_oracle_sigma_corr": 0.00454696473855727,
  "A22_acf_lag1_abs_error": 0.14192913862586862,
  "A23_acf_lag1_sq_error": 0.16371766483671654,
  "A24_rv_law_loss": 2.1509554886042905,
  "A25_mean_path_rmse": 0.5148287121596468,
  "A26_vol_path_rmse": 3.296096064127422,
  "A27_ks_logreturns": 0.0529544860359252,
  "A28_skewness_error": 0.018399268983556843,
  "A29_qq_rmse": 0.0028286485828883704,
  "A30_tail_qq_error": 0.0062389110832633795,
  "A31_rolling_vol_ks": 0.3433063786204269,
  "A32_vol_of_vol_error": 0.002114630534098194,
  "A33_terminal_ks": 0.09375,
  "A34_hill_tail_index_error": 9.200515067237143,
  "B_log_ret_hist_funct": 4.923119597127547,
  "B_log_ret_hist_der": 0.33311281339442017,
  "B_log_ret_hist_sec_der": 0.044394376864030784,
  "B_qq_plot_funct": 8.696728668571316e-06,
  "B_qq_plot_der": 1.7053597605564115e-07,
  "B_qq_plot_sec_der": 3.844234546080906e-08,
  "B_acf_abs_r_funct": 0.0024245008273794323,
  "B_acf_abs_r_der": 0.00130200100046913,
  "B_acf_abs_r_sec_der": 0.000813896948360418,
  "B_acf_sq_r_funct": 0.002516664476140023,
  "B_acf_sq_r_der": 0.0015613033315642092,
  "B_acf_sq_r_sec_der": 0.0009890813371801715,
  "B_roll_vol_hist_funct": 590.9810444270494,
  "B_roll_vol_hist_der": 22.769797567351624,
  "B_roll_vol_hist_sec_der": 2.1605483729217085,
  "B_tail_surv_funct": 0.005745729530507674,
  "B_tail_surv_der": 6.879268407619637e-06,
  "B_tail_surv_sec_der": 6.733848697766187e-08
}