{
  "baseline": {
    "MAE_h32": 3.7378173987486645,
    "RMSE_h32": 5.039875056706717,
    "CRPS_h32": 3.7378173987486645,
    "MAE_h64": 5.245856609882988,
    "RMSE_h64": 7.066083253003601,
    "CRPS_h64": 5.245856609882988
  },
  "h32_MAE_uniform": {
    "mean": 3.7277890777530454,
    "std": 0.002403012356407931
  },
  "h32_RMSE_uniform": {
    "mean": 5.040032288814762,
    "std": 0.002273389500537866
  },
  "h32_CRPS_uniform": {
    "mean": 2.7213278706656867,
    "std": 0.004182736785094711
  },
  "h32_MAE_gaussian": {
    "mean": 3.727818303657874,
    "std": 0.0023478465773398706
  },
  "h32_RMSE_gaussian": {
    "mean": 5.040058729989644,
    "std": 0.002228103330332249
  },
  "h32_CRPS_gaussian": {
    "mean": 2.7213252292983725,
    "std": 0.004227196357966221
  },
  "h64_MAE_uniform": {
    "mean": 5.203597125186548,
    "std": 0.005543397590882644
  },
  "h64_RMSE_uniform": {
    "mean": 7.051870574288266,
    "std": 0.002456695455761996
  },
  "h64_CRPS_uniform": {
    "mean": 3.7881912741239945,
    "std": 0.006462578578965479
  },
  "h64_MAE_gaussian": {
    "mean": 5.203644083965452,
    "std": 0.0055744235376164655
  },
  "h64_RMSE_gaussian": {
    "mean": 7.051914039104991,
    "std": 0.002329247188089912
  },
  "h64_CRPS_gaussian": {
    "mean": 3.788197290425046,
    "std": 0.006493760886274701
  },
  "per_seed": [
    {
      "seed": 0,
      "eta": 8.600868225097656,
      "h32_MAE_uniform": 3.724007443693834,
      "h32_RMSE_uniform": 5.0358593230018664,
      "h32_CRPS_uniform": 2.727149030872397,
      "h32_MAE_gaussian": 3.72409271403688,
      "h32_RMSE_gaussian": 5.035900070812527,
      "h32_CRPS_gaussian": 2.72722401238741,
      "h64_MAE_uniform": 5.1944500431761025,
      "h64_RMSE_uniform": 7.052770409425833,
      "h64_CRPS_uniform": 3.797821998333916,
      "h64_MAE_gaussian": 5.194434890820836,
      "h64_RMSE_gaussian": 7.052814916142559,
      "h64_CRPS_gaussian": 3.7978640552661886
    },
    {
      "seed": 1,
      "eta": 8.580907821655273,
      "h32_MAE_uniform": 3.7278734224045897,
      "h32_RMSE_uniform": 5.041328486822932,
      "h32_CRPS_uniform": 2.720993026251108,
      "h32_MAE_gaussian": 3.7278350037374897,
      "h32_RMSE_gaussian": 5.041347470175724,
      "h32_CRPS_gaussian": 2.7209514081237103,
      "h64_MAE_uniform": 5.202206176607576,
      "h64_RMSE_uniform": 7.051595318754968,
      "h64_CRPS_uniform": 3.7876075239726106,
      "h64_MAE_gaussian": 5.202142537345932,
      "h64_RMSE_gaussian": 7.051584883065283,
      "h64_CRPS_gaussian": 3.787568835560478
    },
    {
      "seed": 2,
      "eta": 8.618295669555664,
      "h32_MAE_uniform": 3.728649068601171,
      "h32_RMSE_uniform": 5.040985664684203,
      "h32_CRPS_uniform": 2.714269606567086,
      "h32_MAE_gaussian": 3.7286232602466054,
      "h32_RMSE_gaussian": 5.04093410512164,
      "h32_CRPS_gaussian": 2.714180763325203,
      "h64_MAE_uniform": 5.204973455926968,
      "h64_RMSE_uniform": 7.051579858974063,
      "h64_CRPS_uniform": 3.7779059159427106,
      "h64_MAE_gaussian": 5.20507952714357,
      "h64_RMSE_gaussian": 7.051643128721512,
      "h64_CRPS_gaussian": 3.7778992679968724
    },
    {
      "seed": 3,
      "eta": 8.552350044250488,
      "h32_MAE_uniform": 3.7314212938299063,
      "h32_RMSE_uniform": 5.042406267037658,
      "h32_CRPS_uniform": 2.723214709321951,
      "h32_MAE_gaussian": 3.7313699430171052,
      "h32_RMSE_gaussian": 5.042303307136426,
      "h32_CRPS_gaussian": 2.7231488280375515,
      "h64_MAE_uniform": 5.211655026924673,
      "h64_RMSE_uniform": 7.055521432463062,
      "h64_CRPS_uniform": 3.78666831704669,
      "h64_MAE_gaussian": 5.2116898877538365,
      "h64_RMSE_gaussian": 7.055375309532978,
      "h64_CRPS_gaussian": 3.786573188957334
    },
    {
      "seed": 4,
      "eta": 8.56639289855957,
      "h32_MAE_uniform": 3.726994160235722,
      "h32_RMSE_uniform": 5.039581702527153,
      "h32_CRPS_uniform": 2.7210129803158907,
      "h32_MAE_gaussian": 3.7271705972512876,
      "h32_RMSE_gaussian": 5.039808696701902,
      "h32_CRPS_gaussian": 2.721121134617988,
      "h64_MAE_uniform": 5.204700923297418,
      "h64_RMSE_uniform": 7.0478858518234,
      "h64_CRPS_uniform": 3.790952615324045,
      "h64_MAE_gaussian": 5.204873576763088,
      "h64_RMSE_gaussian": 7.048151958062629,
      "h64_CRPS_gaussian": 3.7910811043443573
    }
  ]
}