{
  "B_log_ret_hist": {
    "name": "Log-return histogram",
    "mse": {
      "mean": 0.0,
      "std": 0.0,
      "per_seed": [
        0.0,
        0.0,
        0.0,
        0.0,
        0.0
      ]
    },
    "pct": {
      "mean": 0.0,
      "std": 0.0,
      "per_seed": [
        0.0,
        0.0,
        0.0,
        0.0,
        0.0
      ]
    }
  },
  "B_qq_plot": {
    "name": "QQ plot",
    "mse": {
      "mean": 0.0,
      "std": 0.0,
      "per_seed": [
        0.0,
        0.0,
        0.0,
        0.0,
        0.0
      ]
    },
    "pct": {
      "mean": 0.0,
      "std": 0.0,
      "per_seed": [
        0.0,
        0.0,
        0.0,
        0.0,
        0.0
      ]
    }
  },
  "B_acf_abs_r": {
    "name": "ACF |r|",
    "mse": {
      "mean": 1.4302159200409207e-34,
      "std": 4.155855112489579e-35,
      "per_seed": [
        2.2156729411833216e-34,
        1.1848587100296801e-34,
        6.330104446690522e-35,
        1.8663517661459806e-34,
        1.251185738176569e-34
      ]
    },
    "pct": {
      "mean": 7.662578735250144e-13,
      "std": 1.7035893153152654e-13,
      "per_seed": [
        9.397112571017496e-13,
        5.700018261154214e-13,
        5.823748221960952e-13,
        1.0892082206141195e-12,
        6.499932415976857e-13
      ]
    }
  },
  "B_acf_sq_r": {
    "name": "ACF r\u00b2",
    "mse": {
      "mean": 4.939841366130069e-35,
      "std": 1.248839754972395e-35,
      "per_seed": [
        4.1065915768684523e-35,
        8.356519222788751e-35,
        3.7758363383381334e-35,
        3.6655845921613606e-35,
        4.794675100493644e-35
      ]
    },
    "pct": {
      "mean": 9.929312358832177e-13,
      "std": 1.3524969059653972e-13,
      "per_seed": [
        8.769111883666438e-13,
        1.0472848001271236e-12,
        1.0176090340047879e-12,
        1.1655933808886136e-12,
        8.572577760289202e-13
      ]
    }
  },
  "B_roll_vol_hist": {
    "name": "Rolling vol histogram",
    "mse": {
      "mean": 0.0,
      "std": 0.0,
      "per_seed": [
        0.0,
        0.0,
        0.0,
        0.0,
        0.0
      ]
    },
    "pct": {
      "mean": 0.0,
      "std": 0.0,
      "per_seed": [
        0.0,
        0.0,
        0.0,
        0.0,
        0.0
      ]
    }
  },
  "B_tail_surv": {
    "name": "Tail survival",
    "mse": {
      "mean": 0.0,
      "std": 0.0,
      "per_seed": [
        0.0,
        0.0,
        0.0,
        0.0,
        0.0
      ]
    },
    "pct": {
      "mean": 0.0,
      "std": 0.0,
      "per_seed": [
        0.0,
        0.0,
        0.0,
        0.0,
        0.0
      ]
    }
  }
}