{
  "B_log_ret_hist": {
    "name": "Log-return histogram",
    "mse": {
      "mean": 0.0,
      "std": 0.0,
      "per_seed": [
        0.0,
        0.0,
        0.0,
        0.0,
        0.0
      ]
    },
    "pct": {
      "mean": 0.0,
      "std": 0.0,
      "per_seed": [
        0.0,
        0.0,
        0.0,
        0.0,
        0.0
      ]
    }
  },
  "B_qq_plot": {
    "name": "QQ plot",
    "mse": {
      "mean": 0.0,
      "std": 0.0,
      "per_seed": [
        0.0,
        0.0,
        0.0,
        0.0,
        0.0
      ]
    },
    "pct": {
      "mean": 0.0,
      "std": 0.0,
      "per_seed": [
        0.0,
        0.0,
        0.0,
        0.0,
        0.0
      ]
    }
  },
  "B_acf_abs_r": {
    "name": "ACF |r|",
    "mse": {
      "mean": 1.4302159200409207e-34,
      "std": 4.155855112489579e-35,
      "per_seed": [
        2.2156729411833216e-34,
        1.1848587100296801e-34,
        6.330104446690522e-35,
        1.8663517661459806e-34,
        1.251185738176569e-34
      ]
    },
    "pct": {
      "mean": 5.7557256120037565e-15,
      "std": 1.4385699633258108e-15,
      "per_seed": [
        6.361338238477839e-15,
        5.6275349576374184e-15,
        3.927690846867578e-15,
        8.120770100473633e-15,
        4.741293916562318e-15
      ]
    }
  },
  "B_acf_sq_r": {
    "name": "ACF r\u00b2",
    "mse": {
      "mean": 4.939841366130069e-35,
      "std": 1.248839754972395e-35,
      "per_seed": [
        4.1065915768684523e-35,
        8.356519222788751e-35,
        3.7758363383381334e-35,
        3.6655845921613606e-35,
        4.794675100493644e-35
      ]
    },
    "pct": {
      "mean": 4.631922484591143e-15,
      "std": 8.907818159011757e-16,
      "per_seed": [
        4.084520673172441e-15,
        5.667233389111789e-15,
        3.823908557190412e-15,
        3.8193948931569604e-15,
        5.7645549103241154e-15
      ]
    }
  },
  "B_roll_vol_hist": {
    "name": "Rolling vol histogram",
    "mse": {
      "mean": 0.0,
      "std": 0.0,
      "per_seed": [
        0.0,
        0.0,
        0.0,
        0.0,
        0.0
      ]
    },
    "pct": {
      "mean": 0.0,
      "std": 0.0,
      "per_seed": [
        0.0,
        0.0,
        0.0,
        0.0,
        0.0
      ]
    }
  },
  "B_tail_surv": {
    "name": "Tail survival",
    "mse": {
      "mean": 0.0,
      "std": 0.0,
      "per_seed": [
        0.0,
        0.0,
        0.0,
        0.0,
        0.0
      ]
    },
    "pct": {
      "mean": 0.0,
      "std": 0.0,
      "per_seed": [
        0.0,
        0.0,
        0.0,
        0.0,
        0.0
      ]
    }
  }
}