{
  "B_log_ret_hist": {
    "name": "Log-return histogram",
    "mse": {
      "mean": 0.10983046701515227,
      "std": 0.024923051299397477,
      "per_seed": [
        0.08507171186556546,
        0.1441889701249195,
        0.08046734606808113,
        0.1084249614264386,
        0.13099934559075668
      ]
    },
    "pct": {
      "mean": 290.28619778833496,
      "std": 140.6028045492518,
      "per_seed": [
        258.8461006387134,
        463.4641759898509,
        129.68357411466627,
        444.45196090096596,
        154.98517729747823
      ]
    },
    "nrmse": {
      "mean": 17.808329047597475,
      "std": 2.2811940869225693,
      "per_seed": [
        15.381344296475495,
        20.819800910853385,
        15.131395530908677,
        17.931276691075528,
        19.777827808674306
      ]
    }
  },
  "B_qq_plot": {
    "name": "QQ plot",
    "mse": {
      "mean": 1.0949897004536716e-09,
      "std": 6.12899176246562e-10,
      "per_seed": [
        2.2148965924417017e-09,
        5.438375482566776e-10,
        1.265679775824576e-09,
        8.194544482067473e-10,
        6.310801375386546e-10
      ]
    },
    "pct": {
      "mean": 16.507614062533694,
      "std": 0.9367885567199511,
      "per_seed": [
        15.488489321048126,
        17.476723309999468,
        17.791287239685598,
        15.865255214496502,
        15.916315227438774
      ]
    },
    "nrmse": {
      "mean": 0.3436285274909891,
      "std": 0.03688076480719608,
      "per_seed": [
        0.40543262054417245,
        0.29702341887226247,
        0.329136715552889,
        0.3605796997879284,
        0.32597018269769307
      ]
    }
  },
  "B_acf_abs_r": {
    "name": "ACF |r|",
    "mse": {
      "mean": 9.610344581038285e-06,
      "std": 3.3985843577648947e-06,
      "per_seed": [
        1.1612047209220926e-05,
        1.4288384954820905e-05,
        1.0698369420458094e-05,
        5.222428734876231e-06,
        6.230492585815266e-06
      ]
    },
    "pct": {
      "mean": 114.33736853274058,
      "std": 22.37232789673234,
      "per_seed": [
        109.48883426782629,
        139.5481478664432,
        139.76403733612207,
        82.82067884549136,
        100.06514434782004
      ]
    },
    "nrmse": {
      "mean": 43.894368785362516,
      "std": 8.37498635021763,
      "per_seed": [
        50.94697236513497,
        54.1385846450276,
        45.71394436867697,
        32.1012583716028,
        36.57108417637022
      ]
    }
  },
  "B_acf_sq_r": {
    "name": "ACF r\u00b2",
    "mse": {
      "mean": 9.170066351011245e-06,
      "std": 3.075965045834483e-06,
      "per_seed": [
        9.604291069319639e-06,
        1.4466930859661964e-05,
        9.544304672582831e-06,
        5.73996812665729e-06,
        6.4948370268345e-06
      ]
    },
    "pct": {
      "mean": 381.5120014795816,
      "std": 101.98242245434716,
      "per_seed": [
        483.1901908516126,
        482.7999906782015,
        422.36964062316974,
        261.8347939055709,
        257.3653913393534
      ]
    },
    "nrmse": {
      "mean": 34.18783601141858,
      "std": 5.580328567702935,
      "per_seed": [
        36.29879668710149,
        43.162935294259036,
        34.711073958706244,
        27.152314273845917,
        29.61405984318021
      ]
    }
  },
  "B_roll_vol_hist": {
    "name": "Rolling vol histogram",
    "mse": {
      "mean": 1.371948424427042,
      "std": 0.07268775132831466,
      "per_seed": [
        1.2466265135479875,
        1.3636342541235986,
        1.4704275503971542,
        1.4023076529869567,
        1.3767461510795125
      ]
    },
    "pct": {
      "mean": 127.88278583189071,
      "std": 9.844719883744931,
      "per_seed": [
        124.36030814621977,
        141.44406706186027,
        137.26815801223142,
        120.57297168922624,
        115.76842424991584
      ]
    },
    "nrmse": {
      "mean": 16.662654325457865,
      "std": 0.469928158334192,
      "per_seed": [
        15.7928655362743,
        16.752899515032343,
        17.219480448493638,
        16.725905011063897,
        16.822121116425137
      ]
    }
  },
  "B_tail_surv": {
    "name": "Tail survival",
    "mse": {
      "mean": 5.218103088253164e-07,
      "std": 5.50055622482127e-07,
      "per_seed": [
        1.4970758177060973e-06,
        1.779586551791447e-07,
        7.662621626106285e-07,
        9.10219506497996e-08,
        7.673295798091253e-08
      ]
    },
    "pct": {
      "mean": 0.32561218209989695,
      "std": 0.21491040790348592,
      "per_seed": [
        0.6630909839784569,
        0.17703361198269105,
        0.4966009942530233,
        0.16766366051062417,
        0.12367165977468947
      ]
    },
    "nrmse": {
      "mean": 0.10500062550242575,
      "std": 0.06651095791192851,
      "per_seed": [
        0.21287949522975225,
        0.07003847965461633,
        0.1512733613004722,
        0.04806161670811226,
        0.04275017461917564
      ]
    }
  }
}