{
  "B_log_ret_hist": {
    "name": "Log-return histogram",
    "mse": {
      "mean": 0.10983046701515227,
      "std": 0.024923051299397477,
      "per_seed": [
        0.08507171186556546,
        0.1441889701249195,
        0.08046734606808113,
        0.1084249614264386,
        0.13099934559075668
      ]
    },
    "pct": {
      "mean": 1.7994170234554023,
      "std": 0.04483019964989192,
      "per_seed": [
        1.7845137230090176,
        1.7544241552743973,
        1.8652831494877893,
        1.8379416863899638,
        1.7549224031158435
      ]
    },
    "nrmse": {
      "mean": 0.5327560498957973,
      "std": 0.0203481124750682,
      "per_seed": [
        0.5648090383557369,
        0.5406179498924986,
        0.5132330219927145,
        0.5085607935853024,
        0.5365594456527337
      ]
    }
  },
  "B_qq_plot": {
    "name": "QQ plot",
    "mse": {
      "mean": 1.0949897004536716e-09,
      "std": 6.12899176246562e-10,
      "per_seed": [
        2.2148965924417017e-09,
        5.438375482566776e-10,
        1.265679775824576e-09,
        8.194544482067473e-10,
        6.310801375386546e-10
      ]
    },
    "pct": {
      "mean": 0.4628832307030525,
      "std": 0.10672140343677357,
      "per_seed": [
        0.6353078108235235,
        0.3382476431687538,
        0.48620624007432117,
        0.36171243310610524,
        0.49294202634255874
      ]
    },
    "nrmse": {
      "mean": 0.12058401177502025,
      "std": 0.04670413433438638,
      "per_seed": [
        0.19956198449827506,
        0.07741137832953074,
        0.1478744887638042,
        0.09493835812972928,
        0.08313384915376199
      ]
    }
  },
  "B_acf_abs_r": {
    "name": "ACF |r|",
    "mse": {
      "mean": 9.610344581038285e-06,
      "std": 3.3985843577648947e-06,
      "per_seed": [
        1.1612047209220926e-05,
        1.4288384954820905e-05,
        1.0698369420458094e-05,
        5.222428734876231e-06,
        6.230492585815266e-06
      ]
    },
    "pct": {
      "mean": 8.723526641795521,
      "std": 1.8426529025918241,
      "per_seed": [
        7.503568403933378,
        11.21376741845781,
        10.502988502038335,
        8.056062282063635,
        6.34124660248445
      ]
    },
    "nrmse": {
      "mean": 6.07058853696787,
      "std": 1.3011195764209764,
      "per_seed": [
        5.14592445568922,
        7.670456256245699,
        7.561481313952331,
        5.4780667132559895,
        4.4970139456961125
      ]
    }
  },
  "B_acf_sq_r": {
    "name": "ACF r\u00b2",
    "mse": {
      "mean": 9.170066351011245e-06,
      "std": 3.075965045834483e-06,
      "per_seed": [
        9.604291069319639e-06,
        1.4466930859661964e-05,
        9.544304672582831e-06,
        5.73996812665729e-06,
        6.4948370268345e-06
      ]
    },
    "pct": {
      "mean": 11.337462061764688,
      "std": 2.219011549069797,
      "per_seed": [
        9.454891807805096,
        15.07419050601449,
        12.606168774926,
        10.335981268997733,
        9.21607795108012
      ]
    },
    "nrmse": {
      "mean": 6.486472006266654,
      "std": 1.3508081033068824,
      "per_seed": [
        5.390163458329033,
        8.565462638850265,
        7.55586552463335,
        5.8788888258254515,
        5.041979583695169
      ]
    }
  },
  "B_roll_vol_hist": {
    "name": "Rolling vol histogram",
    "mse": {
      "mean": 1.371948424427042,
      "std": 0.07268775132831466,
      "per_seed": [
        1.2466265135479875,
        1.3636342541235986,
        1.4704275503971542,
        1.4023076529869567,
        1.3767461510795125
      ]
    },
    "pct": {
      "mean": 2.26367996420167,
      "std": 0.07625005820462741,
      "per_seed": [
        2.3362267767469804,
        2.3123681097742375,
        2.255818118195146,
        2.2934464053575643,
        2.1205404109344204
      ]
    },
    "nrmse": {
      "mean": 0.86884660203894,
      "std": 0.05531942472364836,
      "per_seed": [
        0.857025398073647,
        0.801177316673257,
        0.9044093468993942,
        0.9554355024155572,
        0.8261854461328445
      ]
    }
  },
  "B_tail_surv": {
    "name": "Tail survival",
    "mse": {
      "mean": 5.218103088253164e-07,
      "std": 5.50055622482127e-07,
      "per_seed": [
        1.4970758177060973e-06,
        1.779586551791447e-07,
        7.662621626106285e-07,
        9.10219506497996e-08,
        7.673295798091253e-08
      ]
    },
    "pct": {
      "mean": 0.3302077490824917,
      "std": 0.21666141232142172,
      "per_seed": [
        0.670362279078525,
        0.17846519081987375,
        0.5029519571788318,
        0.17110610132194132,
        0.12815321701328672
      ]
    },
    "nrmse": {
      "mean": 0.10500062550242575,
      "std": 0.06651095791192851,
      "per_seed": [
        0.21287949522975225,
        0.07003847965461633,
        0.1512733613004722,
        0.04806161670811226,
        0.04275017461917564
      ]
    }
  }
}