{
  "B_log_ret_hist": {
    "name": "Log-return histogram",
    "mse": {
      "mean": 0.0,
      "std": 0.0,
      "per_seed": [
        0.0,
        0.0,
        0.0,
        0.0,
        0.0
      ]
    },
    "pct": {
      "mean": 0.0,
      "std": 0.0,
      "per_seed": [
        0.0,
        0.0,
        0.0,
        0.0,
        0.0
      ]
    }
  },
  "B_qq_plot": {
    "name": "QQ plot",
    "mse": {
      "mean": 0.0,
      "std": 0.0,
      "per_seed": [
        0.0,
        0.0,
        0.0,
        0.0,
        0.0
      ]
    },
    "pct": {
      "mean": 0.0,
      "std": 0.0,
      "per_seed": [
        0.0,
        0.0,
        0.0,
        0.0,
        0.0
      ]
    }
  },
  "B_acf_abs_r": {
    "name": "ACF |r|",
    "mse": {
      "mean": 1.4302159200409207e-34,
      "std": 4.155855112489579e-35,
      "per_seed": [
        2.2156729411833216e-34,
        1.1848587100296801e-34,
        6.330104446690522e-35,
        1.8663517661459806e-34,
        1.251185738176569e-34
      ]
    },
    "pct": {
      "mean": 2.5541929117500476e-13,
      "std": 6.995711071907782e-14,
      "per_seed": [
        3.132370857005832e-13,
        1.9000060870514046e-13,
        1.9412494073203175e-13,
        3.630694068713732e-13,
        2.1666441386589524e-13
      ]
    }
  },
  "B_acf_sq_r": {
    "name": "ACF r\u00b2",
    "mse": {
      "mean": 4.939841366130069e-35,
      "std": 1.248839754972395e-35,
      "per_seed": [
        4.1065915768684523e-35,
        8.356519222788751e-35,
        3.7758363383381334e-35,
        3.6655845921613606e-35,
        4.794675100493644e-35
      ]
    },
    "pct": {
      "mean": 3.3097707862773926e-13,
      "std": 3.807695690414157e-14,
      "per_seed": [
        2.9230372945554794e-13,
        3.4909493337570786e-13,
        3.392030113349293e-13,
        3.8853112696287117e-13,
        2.8575259200964006e-13
      ]
    }
  },
  "B_roll_vol_hist": {
    "name": "Rolling vol histogram",
    "mse": {
      "mean": 0.0,
      "std": 0.0,
      "per_seed": [
        0.0,
        0.0,
        0.0,
        0.0,
        0.0
      ]
    },
    "pct": {
      "mean": 0.0,
      "std": 0.0,
      "per_seed": [
        0.0,
        0.0,
        0.0,
        0.0,
        0.0
      ]
    }
  },
  "B_tail_surv": {
    "name": "Tail survival",
    "mse": {
      "mean": 0.0,
      "std": 0.0,
      "per_seed": [
        0.0,
        0.0,
        0.0,
        0.0,
        0.0
      ]
    },
    "pct": {
      "mean": 0.0,
      "std": 0.0,
      "per_seed": [
        0.0,
        0.0,
        0.0,
        0.0,
        0.0
      ]
    }
  }
}