{
  "seed": 3,
  "A1_kurtosis_error": 0.0035405945152762186,
  "A2_abs_r_q95_error": 2.13074114797894e-05,
  "A3_abs_r_q99_error": 4.546869237689877e-05,
  "A4_tail_qq_error": 5.5742354259455046e-05,
  "A5_hill_tail_index_error": 0.2573597834486776,
  "A6_path_mmd2": 0.0019484170658820854,
  "A7_terminal_mmd2": 0.003112141746759667,
  "A8_increment_mmd2": 0.0008896365714692323,
  "A9_volatility_mmd": 0.010716758495244894,
  "A10_terminal_swd": 0.8616494246811084,
  "A11_path_swd": 0.4629506183284464,
  "A12_rv_law_loss": 0.056285030505467945,
  "A13_mean_path_rmse": 0.12063204483146839,
  "A14_ks_logreturns": 0.0009832907849409572,
  "A15_skewness_error": 0.003752273253953782,
  "A16_qq_rmse": 3.215424443647843e-05,
  "A17_terminal_ks": 0.0079345703125,
  "A18_disc_score_gru": 0.000763,
  "A18_disc_score_mlp": 0.001068,
  "A19_pred_score_gru": 0.05004,
  "A19_pred_score_mlp": 0.049969,
  "A20_cov_error": 0.892563668592004,
  "A21_acf_abs": 0.0020100526827848113,
  "A22_acf_sq": 0.0022070972054428362,
  "A23_acf_lag1_abs_error": 0.0020483440831776598,
  "A24_acf_lag1_sq_error": 0.0027861257785631866,
  "A25_mean_rmse": 0.13793520349098287,
  "A26_std_error": 0.0004955287488064286,
  "A27_logreturn_std_error": 1.1310275452052279e-05,
  "A28_kurtosis_ratio": 1.0088082037742114,
  "A29_sigma_mean_error": 3.63110650544729e-06,
  "A30_vol_path_rmse": 0.0913810953522823,
  "A31_rolling_vol_ks": 0.003135122903963422,
  "A32_vol_of_vol_error": 3.2658405124785794e-05,
  "A33_sigma_corr": 0.6183323280852466,
  "A34_sigma_rmse": 0.06571248234300633,
  "compute_time_sec": 48.8,
  "B_log_ret_hist_funct": 0.034534405376466,
  "B_log_ret_hist_der": 0.07503028602782354,
  "B_log_ret_hist_sec_der": 0.2157101928750263,
  "B_log_ret_hist_funct_pct": 1.8093889830955747,
  "B_log_ret_hist_der_pct": 39.63688402706259,
  "B_log_ret_hist_sec_der_pct": 1291.9096096927397,
  "B_log_ret_hist_funct_nrmse": 0.5085607935853024,
  "B_log_ret_hist_der_nrmse": 14.880514822661326,
  "B_log_ret_hist_sec_der_nrmse": 38.40475445697996,
  "B_qq_plot_funct": 1.2192300987765796e-09,
  "B_qq_plot_der": 6.516825016689169e-10,
  "B_qq_plot_sec_der": 5.874507441747453e-10,
  "B_qq_plot_funct_pct": 0.3234021681939193,
  "B_qq_plot_der_pct": 1.202083525713911,
  "B_qq_plot_sec_der_pct": 46.070279949581675,
  "B_qq_plot_funct_nrmse": 0.09493835812972928,
  "B_qq_plot_der_nrmse": 0.35597070049801494,
  "B_qq_plot_sec_der_nrmse": 0.630830040736041,
  "B_acf_abs_r_funct": 4.3051577794687406e-06,
  "B_acf_abs_r_der": 2.904675420735264e-06,
  "B_acf_abs_r_sec_der": 8.45745300442469e-06,
  "B_acf_abs_r_funct_pct": 8.03349850496537,
  "B_acf_abs_r_der_pct": 102.08946544314395,
  "B_acf_abs_r_sec_der_pct": 138.33907258836476,
  "B_acf_abs_r_funct_nrmse": 5.4780667132559895,
  "B_acf_abs_r_der_nrmse": 37.50803494406908,
  "B_acf_abs_r_sec_der_nrmse": 53.31767345748334,
  "B_acf_sq_r_funct": 4.093365214760186e-06,
  "B_acf_sq_r_der": 3.2694863665249102e-06,
  "B_acf_sq_r_sec_der": 9.857052798686773e-06,
  "B_acf_sq_r_funct_pct": 10.299373423484855,
  "B_acf_sq_r_der_pct": 425.7900058999613,
  "B_acf_sq_r_sec_der_pct": 349.41500239326666,
  "B_acf_sq_r_funct_nrmse": 5.8788888258254515,
  "B_acf_sq_r_der_nrmse": 32.0460716103653,
  "B_acf_sq_r_sec_der_nrmse": 43.53198238534699,
  "B_roll_vol_hist_funct": 0.7128082585800244,
  "B_roll_vol_hist_der": 0.9047441941013851,
  "B_roll_vol_hist_sec_der": 2.5893705062794607,
  "B_roll_vol_hist_funct_pct": 2.261381940627655,
  "B_roll_vol_hist_der_pct": 111.80005027921452,
  "B_roll_vol_hist_sec_der_pct": 247.65748284783658,
  "B_roll_vol_hist_funct_nrmse": 0.9554355024155572,
  "B_roll_vol_hist_der_nrmse": 17.826446712875494,
  "B_roll_vol_hist_sec_der_nrmse": 31.395832817900644,
  "B_tail_surv_funct": 2.263950909113077e-07,
  "B_tail_surv_der": 1.732251321634769e-08,
  "B_tail_surv_sec_der": 2.9348247821743447e-08,
  "B_tail_surv_funct_pct": 0.16766366051062417,
  "B_tail_surv_der_pct": 1.015607036745291,
  "B_tail_surv_sec_der_pct": 9611885.732793355,
  "B_tail_surv_funct_nrmse": 0.04806161670811226,
  "B_tail_surv_der_nrmse": 13693.001741605236,
  "B_tail_surv_sec_der_nrmse": 17823.143409609038
}