{
  "seed": 4,
  "A1_kurtosis_error": 0.0,
  "A2_abs_r_q95_error": 0.0,
  "A3_abs_r_q99_error": 0.0,
  "A4_tail_qq_error": 0.0,
  "A5_hill_tail_index_error": 0.0,
  "A6_path_mmd2": 0.00152066714206181,
  "A7_terminal_mmd2": 0.0011964050963838568,
  "A8_increment_mmd2": 0.0007186665706360174,
  "A9_volatility_mmd": 0.006738674923524035,
  "A10_terminal_swd": 0.6712938458467326,
  "A11_path_swd": 0.46773206848185755,
  "A12_rv_law_loss": 0.0,
  "A13_mean_path_rmse": 2.978802651084322e-13,
  "A14_ks_logreturns": 0.0,
  "A15_skewness_error": 6.938893903907228e-18,
  "A16_qq_rmse": 0.0,
  "A17_terminal_ks": 0.0,
  "A18_disc_score_gru": 0.008392,
  "A18_disc_score_mlp": 0.007476,
  "A19_pred_score_gru": 0.053765,
  "A19_pred_score_mlp": 0.053613,
  "A20_cov_error": 5.684341886080802e-14,
  "A21_acf_abs": 1.734723475976807e-18,
  "A22_acf_sq": 8.673617379884035e-19,
  "A23_acf_lag1_abs_error": 0.0,
  "A24_acf_lag1_sq_error": 0.0,
  "A25_mean_rmse": 0.0,
  "A26_std_error": 0.0,
  "A27_logreturn_std_error": 0.0,
  "A28_kurtosis_ratio": 1.0,
  "A29_sigma_mean_error": 2.7755575615628914e-17,
  "A30_vol_path_rmse": 1.562090354787266e-14,
  "A31_rolling_vol_ks": 0.0,
  "A32_vol_of_vol_error": 8.673617379884035e-19,
  "A33_sigma_corr": 0.6142689893439206,
  "A34_sigma_rmse": 0.06544452276080961,
  "compute_time_sec": 50.9,
  "B_log_ret_hist_funct": 0.0,
  "B_log_ret_hist_der": 0.0,
  "B_log_ret_hist_sec_der": 0.0,
  "B_log_ret_hist_funct_pct": 0.0,
  "B_log_ret_hist_der_pct": 0.0,
  "B_log_ret_hist_sec_der_pct": 0.0,
  "B_qq_plot_funct": 0.0,
  "B_qq_plot_der": 0.0,
  "B_qq_plot_sec_der": 0.0,
  "B_qq_plot_funct_pct": 0.0,
  "B_qq_plot_der_pct": 0.0,
  "B_qq_plot_sec_der_pct": 0.0,
  "B_acf_abs_r_funct": 1.293984181385174e-35,
  "B_acf_abs_r_der": 2.7083389842945504e-35,
  "B_acf_abs_r_sec_der": 8.509534216085964e-35,
  "B_acf_abs_r_funct_pct": 4.741293916562318e-15,
  "B_acf_abs_r_der_pct": 2.0163602850901768e-13,
  "B_acf_abs_r_sec_der_pct": 4.436159191721057e-13,
  "B_acf_sq_r_funct": 9.17825989122042e-36,
  "B_acf_sq_r_der": 1.2353826945904968e-35,
  "B_acf_sq_r_sec_der": 2.641466416781105e-35,
  "B_acf_sq_r_funct_pct": 5.7645549103241154e-15,
  "B_acf_sq_r_der_pct": 1.379913061373186e-13,
  "B_acf_sq_r_sec_der_pct": 7.135019149812775e-13,
  "B_roll_vol_hist_funct": 0.0,
  "B_roll_vol_hist_der": 0.0,
  "B_roll_vol_hist_sec_der": 0.0,
  "B_roll_vol_hist_funct_pct": 0.0,
  "B_roll_vol_hist_der_pct": 0.0,
  "B_roll_vol_hist_sec_der_pct": 0.0,
  "B_tail_surv_funct": 0.0,
  "B_tail_surv_der": 0.0,
  "B_tail_surv_sec_der": 0.0,
  "B_tail_surv_funct_pct": 0.0,
  "B_tail_surv_der_pct": 0.0,
  "B_tail_surv_sec_der_pct": 0.0
}