{
  "seed": 1,
  "A1_kurtosis_error": 0.004980760076799928,
  "A2_abs_r_q95_error": 9.59360171459353e-06,
  "A3_abs_r_q99_error": 1.3565088156322624e-05,
  "A4_tail_qq_error": 2.617973397471274e-05,
  "A5_hill_tail_index_error": 1.6053551589684005,
  "A6_path_mmd2": 0.0016285083273691325,
  "A7_terminal_mmd2": 0.0014930362779635442,
  "A8_increment_mmd2": 0.0008594858321127052,
  "A9_volatility_mmd": 0.007397933548085267,
  "A10_terminal_swd": 1.3797557366316682,
  "A11_path_swd": 0.6002281708254522,
  "A12_rv_law_loss": 0.04840040401880959,
  "A13_mean_path_rmse": 0.08428269226643166,
  "A14_ks_logreturns": 0.0009621447465551491,
  "A15_skewness_error": 0.006695907866892108,
  "A16_qq_rmse": 2.499189493862658e-05,
  "A17_terminal_ks": 0.011962890625,
  "A18_disc_score_gru": 0.007476,
  "A18_disc_score_mlp": 0.00473,
  "A19_pred_score_gru": 0.050013,
  "A19_pred_score_mlp": 0.050416,
  "A20_cov_error": 4.924878760609857,
  "A21_acf_abs": 0.0029356920487486867,
  "A22_acf_sq": 0.002933505810944246,
  "A23_acf_lag1_abs_error": 0.0024539787597557747,
  "A24_acf_lag1_sq_error": 0.0022530747066535142,
  "A25_mean_rmse": 0.01825897985077063,
  "A26_std_error": 0.0014550804488633329,
  "A27_logreturn_std_error": 1.8282033295879616e-05,
  "A28_kurtosis_ratio": 1.0222842541296222,
  "A29_sigma_mean_error": 0.0004056873036122899,
  "A30_vol_path_rmse": 0.14805898471400974,
  "A31_rolling_vol_ks": 0.0034566739710366057,
  "A32_vol_of_vol_error": 1.4580850502897424e-05,
  "A33_sigma_corr": 0.619720953706199,
  "A34_sigma_rmse": 0.06541753396688961,
  "compute_time_sec": 48.7,
  "B_log_ret_hist_funct": 0.039025381108638464,
  "B_log_ret_hist_der": 0.09453113983833009,
  "B_log_ret_hist_sec_der": 0.2990103894277899,
  "B_log_ret_hist_funct_pct": 1.725268308575949,
  "B_log_ret_hist_der_pct": 43.614058648385196,
  "B_log_ret_hist_sec_der_pct": 1345.0532010125917,
  "B_log_ret_hist_funct_nrmse": 0.5406179498924986,
  "B_log_ret_hist_der_nrmse": 16.702716241654606,
  "B_log_ret_hist_sec_der_nrmse": 45.216068541013044,
  "B_qq_plot_funct": 8.106097861110893e-10,
  "B_qq_plot_der": 3.9717525635977933e-10,
  "B_qq_plot_sec_der": 4.237276022991639e-10,
  "B_qq_plot_funct_pct": 0.318218905065625,
  "B_qq_plot_der_pct": 1.1978454363760132,
  "B_qq_plot_sec_der_pct": 50.914105588556765,
  "B_qq_plot_funct_nrmse": 0.07741137832953074,
  "B_qq_plot_der_nrmse": 0.2778992121352989,
  "B_qq_plot_sec_der_nrmse": 0.5357596661519578,
  "B_acf_abs_r_funct": 8.440668300748988e-06,
  "B_acf_abs_r_der": 7.213722243816517e-06,
  "B_acf_abs_r_sec_der": 2.7210764319897214e-05,
  "B_acf_abs_r_funct_pct": 11.183725467873924,
  "B_acf_abs_r_der_pct": 175.29432566891293,
  "B_acf_abs_r_sec_der_pct": 232.16639246254277,
  "B_acf_abs_r_funct_nrmse": 7.670456256245699,
  "B_acf_abs_r_der_nrmse": 59.109218194690925,
  "B_acf_abs_r_sec_der_nrmse": 95.63607948414617,
  "B_acf_sq_r_funct": 8.689437222386015e-06,
  "B_acf_sq_r_der": 7.530775224568488e-06,
  "B_acf_sq_r_sec_der": 2.7180580132031387e-05,
  "B_acf_sq_r_funct_pct": 15.024220750401815,
  "B_acf_sq_r_der_pct": 1121.86894611269,
  "B_acf_sq_r_sec_der_pct": 311.50680517151255,
  "B_acf_sq_r_funct_nrmse": 8.565462638850265,
  "B_acf_sq_r_der_nrmse": 48.63566697560155,
  "B_acf_sq_r_sec_der_nrmse": 72.28767626832531,
  "B_roll_vol_hist_funct": 0.5012186963957203,
  "B_roll_vol_hist_der": 0.82355192152603,
  "B_roll_vol_hist_sec_der": 2.766132144449046,
  "B_roll_vol_hist_funct_pct": 2.2725466977536137,
  "B_roll_vol_hist_der_pct": 114.48442533961834,
  "B_roll_vol_hist_sec_der_pct": 307.57522914820885,
  "B_roll_vol_hist_funct_nrmse": 0.801177316673257,
  "B_roll_vol_hist_der_nrmse": 17.007770044858,
  "B_roll_vol_hist_sec_der_nrmse": 32.44975118356578,
  "B_tail_surv_funct": 4.807769904851241e-07,
  "B_tail_surv_der": 1.840402419887405e-08,
  "B_tail_surv_sec_der": 3.4694950853435945e-08,
  "B_tail_surv_funct_pct": 0.17703361198269105,
  "B_tail_surv_der_pct": 1.0980531081305152,
  "B_tail_surv_sec_der_pct": 10153151.939233543,
  "B_tail_surv_funct_nrmse": 0.07003847965461633,
  "B_tail_surv_der_nrmse": 14113.983667337869,
  "B_tail_surv_sec_der_nrmse": 19378.776370849322
}