{
  "seed": 3,
  "A1_kurtosis_error": 0.0,
  "A2_abs_r_q95_error": 0.0,
  "A3_abs_r_q99_error": 0.0,
  "A4_tail_qq_error": 0.0,
  "A5_hill_tail_index_error": 0.0,
  "A6_path_mmd2": 0.00142885591087194,
  "A7_terminal_mmd2": 0.002233725770642514,
  "A8_increment_mmd2": 0.0007773928762533355,
  "A9_volatility_mmd": 0.007612162930739297,
  "A10_terminal_swd": 0.691433567379902,
  "A11_path_swd": 0.39374468649614525,
  "A12_rv_law_loss": 0.0,
  "A13_mean_path_rmse": 3.2178791173864885e-13,
  "A14_ks_logreturns": 0.0,
  "A15_skewness_error": 6.938893903907228e-18,
  "A16_qq_rmse": 0.0,
  "A17_terminal_ks": 0.0,
  "A18_disc_score_gru": 0.001068,
  "A18_disc_score_mlp": 0.003204,
  "A19_pred_score_gru": 0.0537,
  "A19_pred_score_mlp": 0.053615,
  "A20_cov_error": 8.526512829121202e-14,
  "A21_acf_abs": 8.673617379884035e-19,
  "A22_acf_sq": 1.734723475976807e-18,
  "A23_acf_lag1_abs_error": 0.0,
  "A24_acf_lag1_sq_error": 0.0,
  "A25_mean_rmse": 0.0,
  "A26_std_error": 0.0,
  "A27_logreturn_std_error": 0.0,
  "A28_kurtosis_ratio": 1.0,
  "A29_sigma_mean_error": 2.7755575615628914e-17,
  "A30_vol_path_rmse": 1.660373934995969e-14,
  "A31_rolling_vol_ks": 0.0,
  "A32_vol_of_vol_error": 0.0,
  "A33_sigma_corr": 0.6142689893439213,
  "A34_sigma_rmse": 0.06544452276080961,
  "compute_time_sec": 48.5,
  "B_log_ret_hist_funct": 0.0,
  "B_log_ret_hist_der": 0.0,
  "B_log_ret_hist_sec_der": 0.0,
  "B_log_ret_hist_funct_pct": 0.0,
  "B_log_ret_hist_der_pct": 0.0,
  "B_log_ret_hist_sec_der_pct": 0.0,
  "B_qq_plot_funct": 0.0,
  "B_qq_plot_der": 0.0,
  "B_qq_plot_sec_der": 0.0,
  "B_qq_plot_funct_pct": 0.0,
  "B_qq_plot_der_pct": 0.0,
  "B_qq_plot_sec_der_pct": 0.0,
  "B_acf_abs_r_funct": 2.3923661027935196e-35,
  "B_acf_abs_r_der": 4.1337805549758926e-35,
  "B_acf_abs_r_sec_der": 1.2137371003690393e-34,
  "B_acf_abs_r_funct_pct": 8.120770100473633e-15,
  "B_acf_abs_r_der_pct": 2.810517871391735e-13,
  "B_acf_abs_r_sec_der_pct": 8.000356633744724e-13,
  "B_acf_sq_r_funct": 4.363435030252331e-36,
  "B_acf_sq_r_der": 8.552649424088054e-36,
  "B_acf_sq_r_sec_der": 2.373976146727322e-35,
  "B_acf_sq_r_funct_pct": 3.8193948931569604e-15,
  "B_acf_sq_r_der_pct": 8.633197497079164e-14,
  "B_acf_sq_r_sec_der_pct": 1.0754420110246649e-12,
  "B_roll_vol_hist_funct": 0.0,
  "B_roll_vol_hist_der": 0.0,
  "B_roll_vol_hist_sec_der": 0.0,
  "B_roll_vol_hist_funct_pct": 0.0,
  "B_roll_vol_hist_der_pct": 0.0,
  "B_roll_vol_hist_sec_der_pct": 0.0,
  "B_tail_surv_funct": 0.0,
  "B_tail_surv_der": 0.0,
  "B_tail_surv_sec_der": 0.0,
  "B_tail_surv_funct_pct": 0.0,
  "B_tail_surv_der_pct": 0.0,
  "B_tail_surv_sec_der_pct": 0.0
}