{
  "seed": 0,
  "A1_kurtosis_error": 0.0,
  "A2_abs_r_q95_error": 0.0,
  "A3_abs_r_q99_error": 0.0,
  "A4_tail_qq_error": 0.0,
  "A5_hill_tail_index_error": 0.0,
  "A6_path_mmd2": 0.001322291629413358,
  "A7_terminal_mmd2": 0.0011809395028608005,
  "A8_increment_mmd2": 0.0007944166337632286,
  "A9_volatility_mmd": 0.006555635312402219,
  "A10_terminal_swd": 0.4733158201832305,
  "A11_path_swd": 0.36418482673835134,
  "A12_rv_law_loss": 0.0,
  "A13_mean_path_rmse": 2.894126348219037e-13,
  "A14_ks_logreturns": 0.0,
  "A15_skewness_error": 6.938893903907228e-18,
  "A16_qq_rmse": 0.0,
  "A17_terminal_ks": 0.0,
  "A18_disc_score_gru": 0.003204,
  "A18_disc_score_mlp": 0.002594,
  "A19_pred_score_gru": 0.053703,
  "A19_pred_score_mlp": 0.053914,
  "A20_cov_error": 2.842170943040401e-14,
  "A21_acf_abs": 1.734723475976807e-18,
  "A22_acf_sq": 3.469446951953614e-18,
  "A23_acf_lag1_abs_error": 6.938893903907228e-18,
  "A24_acf_lag1_sq_error": 6.938893903907228e-18,
  "A25_mean_rmse": 0.0,
  "A26_std_error": 0.0,
  "A27_logreturn_std_error": 0.0,
  "A28_kurtosis_ratio": 1.0,
  "A29_sigma_mean_error": 0.0,
  "A30_vol_path_rmse": 1.7742142479429358e-14,
  "A31_rolling_vol_ks": 0.0,
  "A32_vol_of_vol_error": 8.673617379884035e-19,
  "A33_sigma_corr": 0.6142689893439179,
  "A34_sigma_rmse": 0.06544452276080961,
  "compute_time_sec": 53.6,
  "B_log_ret_hist_funct": 0.0,
  "B_log_ret_hist_der": 0.0,
  "B_log_ret_hist_sec_der": 0.0,
  "B_log_ret_hist_funct_pct": 0.0,
  "B_log_ret_hist_der_pct": 0.0,
  "B_log_ret_hist_sec_der_pct": 0.0,
  "B_qq_plot_funct": 0.0,
  "B_qq_plot_der": 0.0,
  "B_qq_plot_sec_der": 0.0,
  "B_qq_plot_funct_pct": 0.0,
  "B_qq_plot_der_pct": 0.0,
  "B_qq_plot_sec_der_pct": 0.0,
  "B_acf_abs_r_funct": 1.6400497182672556e-35,
  "B_acf_abs_r_der": 4.4505453484606353e-35,
  "B_acf_abs_r_sec_der": 1.6066134345105326e-34,
  "B_acf_abs_r_funct_pct": 6.361338238477839e-15,
  "B_acf_abs_r_der_pct": 2.842942935885643e-13,
  "B_acf_abs_r_sec_der_pct": 6.490556252747074e-13,
  "B_acf_sq_r_funct": 6.168994353115364e-36,
  "B_acf_sq_r_der": 9.819708598027025e-36,
  "B_acf_sq_r_sec_der": 2.5077212817542135e-35,
  "B_acf_sq_r_funct_pct": 4.084520673172441e-15,
  "B_acf_sq_r_der_pct": 1.200813874447598e-13,
  "B_acf_sq_r_sec_der_pct": 7.527452802487116e-13,
  "B_roll_vol_hist_funct": 0.0,
  "B_roll_vol_hist_der": 0.0,
  "B_roll_vol_hist_sec_der": 0.0,
  "B_roll_vol_hist_funct_pct": 0.0,
  "B_roll_vol_hist_der_pct": 0.0,
  "B_roll_vol_hist_sec_der_pct": 0.0,
  "B_tail_surv_funct": 0.0,
  "B_tail_surv_der": 0.0,
  "B_tail_surv_sec_der": 0.0,
  "B_tail_surv_funct_pct": 0.0,
  "B_tail_surv_der_pct": 0.0,
  "B_tail_surv_sec_der_pct": 0.0
}