{
  "seed": 1,
  "A1_kurtosis_error": 0.0,
  "A2_abs_r_q95_error": 0.0,
  "A3_abs_r_q99_error": 0.0,
  "A4_tail_qq_error": 0.0,
  "A5_hill_tail_index_error": 0.0,
  "A6_path_mmd2": 0.0013561585079842342,
  "A7_terminal_mmd2": 0.0015838500109409126,
  "A8_increment_mmd2": 0.0007268897493322157,
  "A9_volatility_mmd": 0.0066884502726720085,
  "A10_terminal_swd": 0.6582545081846424,
  "A11_path_swd": 0.45095261822955524,
  "A12_rv_law_loss": 0.0,
  "A13_mean_path_rmse": 3.1155445582405754e-13,
  "A14_ks_logreturns": 0.0,
  "A15_skewness_error": 6.938893903907228e-18,
  "A16_qq_rmse": 0.0,
  "A17_terminal_ks": 0.0,
  "A18_disc_score_gru": 0.016631,
  "A18_disc_score_mlp": 0.003509,
  "A19_pred_score_gru": 0.05376,
  "A19_pred_score_mlp": 0.053918,
  "A20_cov_error": 5.684341886080802e-14,
  "A21_acf_abs": 4.336808689942018e-18,
  "A22_acf_sq": 8.673617379884035e-19,
  "A23_acf_lag1_abs_error": 6.938893903907228e-18,
  "A24_acf_lag1_sq_error": 0.0,
  "A25_mean_rmse": 0.0,
  "A26_std_error": 0.0,
  "A27_logreturn_std_error": 0.0,
  "A28_kurtosis_ratio": 1.0,
  "A29_sigma_mean_error": 2.7755575615628914e-17,
  "A30_vol_path_rmse": 1.6343226762522868e-14,
  "A31_rolling_vol_ks": 0.0,
  "A32_vol_of_vol_error": 8.673617379884035e-19,
  "A33_sigma_corr": 0.614268989343921,
  "A34_sigma_rmse": 0.06544452276080963,
  "compute_time_sec": 50.6,
  "B_log_ret_hist_funct": 0.0,
  "B_log_ret_hist_der": 0.0,
  "B_log_ret_hist_sec_der": 0.0,
  "B_log_ret_hist_funct_pct": 0.0,
  "B_log_ret_hist_der_pct": 0.0,
  "B_log_ret_hist_sec_der_pct": 0.0,
  "B_qq_plot_funct": 0.0,
  "B_qq_plot_der": 0.0,
  "B_qq_plot_sec_der": 0.0,
  "B_qq_plot_funct_pct": 0.0,
  "B_qq_plot_der_pct": 0.0,
  "B_qq_plot_sec_der_pct": 0.0,
  "B_acf_abs_r_funct": 1.1736135598609718e-35,
  "B_acf_abs_r_der": 2.549956587552179e-35,
  "B_acf_abs_r_sec_der": 8.125016952883651e-35,
  "B_acf_abs_r_funct_pct": 5.6275349576374184e-15,
  "B_acf_abs_r_der_pct": 1.9905320361453063e-13,
  "B_acf_abs_r_sec_der_pct": 3.653210875432534e-13,
  "B_acf_sq_r_funct": 9.17825989122042e-36,
  "B_acf_sq_r_der": 2.1223241163477763e-35,
  "B_acf_sq_r_sec_der": 5.316369117318933e-35,
  "B_acf_sq_r_funct_pct": 5.667233389111789e-15,
  "B_acf_sq_r_der_pct": 1.7879199000216973e-13,
  "B_acf_sq_r_sec_der_pct": 8.628255767358421e-13,
  "B_roll_vol_hist_funct": 0.0,
  "B_roll_vol_hist_der": 0.0,
  "B_roll_vol_hist_sec_der": 0.0,
  "B_roll_vol_hist_funct_pct": 0.0,
  "B_roll_vol_hist_der_pct": 0.0,
  "B_roll_vol_hist_sec_der_pct": 0.0,
  "B_tail_surv_funct": 0.0,
  "B_tail_surv_der": 0.0,
  "B_tail_surv_sec_der": 0.0,
  "B_tail_surv_funct_pct": 0.0,
  "B_tail_surv_der_pct": 0.0,
  "B_tail_surv_sec_der_pct": 0.0
}