{
  "seed": 2,
  "A1_kurtosis_error": 4.440892098500626e-16,
  "A2_abs_r_q95_error": 0.0,
  "A3_abs_r_q99_error": 0.0,
  "A4_tail_qq_error": 0.0,
  "A5_hill_tail_index_error": 0.0,
  "A6_path_mmd2": 0.0016478877661781355,
  "A7_terminal_mmd2": 0.0018991300417287027,
  "A8_increment_mmd2": 0.0007076496172830904,
  "A9_volatility_mmd": 0.007775058348617858,
  "A10_terminal_swd": 0.9420022765875075,
  "A11_path_swd": 0.513767969019906,
  "A12_rv_law_loss": 0.0,
  "A13_mean_path_rmse": 3.1515444012857684e-13,
  "A14_ks_logreturns": 0.0,
  "A15_skewness_error": 6.938893903907228e-18,
  "A16_qq_rmse": 0.0,
  "A17_terminal_ks": 0.0,
  "A18_disc_score_gru": 0.006866,
  "A18_disc_score_mlp": 0.003509,
  "A19_pred_score_gru": 0.0537,
  "A19_pred_score_mlp": 0.053608,
  "A20_cov_error": 5.684341886080802e-14,
  "A21_acf_abs": 1.734723475976807e-18,
  "A22_acf_sq": 2.6020852139652106e-18,
  "A23_acf_lag1_abs_error": 0.0,
  "A24_acf_lag1_sq_error": 6.938893903907228e-18,
  "A25_mean_rmse": 0.0,
  "A26_std_error": 0.0,
  "A27_logreturn_std_error": 0.0,
  "A28_kurtosis_ratio": 1.0,
  "A29_sigma_mean_error": 2.7755575615628914e-17,
  "A30_vol_path_rmse": 1.6298704067354838e-14,
  "A31_rolling_vol_ks": 0.0,
  "A32_vol_of_vol_error": 8.673617379884035e-19,
  "A33_sigma_corr": 0.6142689893439213,
  "A34_sigma_rmse": 0.06544452276080961,
  "compute_time_sec": 48.5,
  "B_log_ret_hist_funct": 0.0,
  "B_log_ret_hist_der": 0.0,
  "B_log_ret_hist_sec_der": 0.0,
  "B_log_ret_hist_funct_pct": 0.0,
  "B_log_ret_hist_der_pct": 0.0,
  "B_log_ret_hist_sec_der_pct": 0.0,
  "B_qq_plot_funct": 0.0,
  "B_qq_plot_der": 0.0,
  "B_qq_plot_sec_der": 0.0,
  "B_qq_plot_funct_pct": 0.0,
  "B_qq_plot_der_pct": 0.0,
  "B_qq_plot_sec_der_pct": 0.0,
  "B_acf_abs_r_funct": 6.168994353115364e-36,
  "B_acf_abs_r_der": 1.2828974136132082e-35,
  "B_acf_abs_r_sec_der": 4.4303075977657767e-35,
  "B_acf_abs_r_funct_pct": 3.927690846867578e-15,
  "B_acf_abs_r_der_pct": 1.4844577650818638e-13,
  "B_acf_abs_r_sec_der_pct": 4.300013548410413e-13,
  "B_acf_sq_r_funct": 4.81482486096809e-36,
  "B_acf_sq_r_der": 8.869414217572796e-36,
  "B_acf_sq_r_sec_der": 2.407412430484045e-35,
  "B_acf_sq_r_funct_pct": 3.823908557190412e-15,
  "B_acf_sq_r_der_pct": 7.811873763276963e-14,
  "B_acf_sq_r_sec_der_pct": 9.356663878148278e-13,
  "B_roll_vol_hist_funct": 0.0,
  "B_roll_vol_hist_der": 0.0,
  "B_roll_vol_hist_sec_der": 0.0,
  "B_roll_vol_hist_funct_pct": 0.0,
  "B_roll_vol_hist_der_pct": 0.0,
  "B_roll_vol_hist_sec_der_pct": 0.0,
  "B_tail_surv_funct": 0.0,
  "B_tail_surv_der": 0.0,
  "B_tail_surv_sec_der": 0.0,
  "B_tail_surv_funct_pct": 0.0,
  "B_tail_surv_der_pct": 0.0,
  "B_tail_surv_sec_der_pct": 0.0
}