{
  "seed": 0,
  "A1_kurtosis_error": 0.011759625238765725,
  "A2_abs_r_q95_error": 0.00014344569433477963,
  "A3_abs_r_q99_error": 8.496555697048991e-05,
  "A4_tail_qq_error": 0.00012537554940830753,
  "A5_hill_tail_index_error": 0.0014673152948745383,
  "A6_path_mmd2": 0.0022635723425719345,
  "A7_terminal_mmd2": 0.0030070230280545007,
  "A8_increment_mmd2": 0.0009101624607268377,
  "A9_volatility_mmd": 0.010154028319279362,
  "A10_terminal_swd": 2.0066387112104036,
  "A11_path_swd": 0.9973491378704455,
  "A12_rv_law_loss": 0.06190846903820175,
  "A13_mean_path_rmse": 0.07926673248780508,
  "A14_ks_logreturns": 0.0024048812746063075,
  "A15_skewness_error": 0.003912134789715402,
  "A16_qq_rmse": 7.246165275498625e-05,
  "A17_terminal_ks": 0.0120849609375,
  "A18_disc_score_gru": 0.019683,
  "A18_disc_score_mlp": 0.006866,
  "A19_pred_score_gru": 0.050021,
  "A19_pred_score_mlp": 0.049899,
  "A20_cov_error": 7.508967644016877,
  "A21_acf_abs": 0.0016683625544194397,
  "A22_acf_sq": 0.001292632674614009,
  "A23_acf_lag1_abs_error": 0.0022032226098547755,
  "A24_acf_lag1_sq_error": 0.0019125054318246543,
  "A25_mean_rmse": 0.17256580456007953,
  "A26_std_error": 0.005738799797274652,
  "A27_logreturn_std_error": 6.839080231825327e-05,
  "A28_kurtosis_ratio": 0.9990041901030363,
  "A29_sigma_mean_error": 0.0011121206128989758,
  "A30_vol_path_rmse": 0.1592922825737396,
  "A31_rolling_vol_ks": 0.005462398373983768,
  "A32_vol_of_vol_error": 1.1004121492040608e-05,
  "A33_sigma_corr": 0.6139173392498717,
  "A34_sigma_rmse": 0.0655148090110438,
  "compute_time_sec": 54.4,
  "B_log_ret_hist_funct": 0.0425960674588372,
  "B_log_ret_hist_der": 0.05591929258947013,
  "B_log_ret_hist_sec_der": 0.1566997755483891,
  "B_log_ret_hist_funct_pct": 1.7845137230090176,
  "B_log_ret_hist_der_pct": 35.0337457440733,
  "B_log_ret_hist_sec_der_pct": 655377.2718612729,
  "B_log_ret_hist_funct_nrmse": 0.5648090383557369,
  "B_log_ret_hist_der_nrmse": 12.846371885834706,
  "B_log_ret_hist_sec_der_nrmse": 32.73285196523604,
  "B_qq_plot_funct": 5.387135137154355e-09,
  "B_qq_plot_der": 5.632943822931703e-10,
  "B_qq_plot_sec_der": 6.942602578775802e-10,
  "B_qq_plot_funct_pct": 0.6353078108235235,
  "B_qq_plot_der_pct": 1.2580890732849315,
  "B_qq_plot_sec_der_pct": 74.99017990868342,
  "B_qq_plot_funct_nrmse": 0.19956198449827506,
  "B_qq_plot_der_nrmse": 0.33095117953509534,
  "B_qq_plot_sec_der_nrmse": 0.6857846975991468,
  "B_acf_abs_r_funct": 3.7989296510057846e-06,
  "B_acf_abs_r_der": 6.819691698069279e-06,
  "B_acf_abs_r_sec_der": 2.4217520278587718e-05,
  "B_acf_abs_r_funct_pct": 7.503568403933378,
  "B_acf_abs_r_der_pct": 171.29871309663793,
  "B_acf_abs_r_sec_der_pct": 151.3347049079506,
  "B_acf_abs_r_funct_nrmse": 5.14592445568922,
  "B_acf_abs_r_der_nrmse": 57.47220740231987,
  "B_acf_abs_r_sec_der_nrmse": 90.22278523739583,
  "B_acf_sq_r_funct": 3.441072879380754e-06,
  "B_acf_sq_r_der": 5.560158289030425e-06,
  "B_acf_sq_r_sec_der": 1.9811642039547738e-05,
  "B_acf_sq_r_funct_pct": 9.454891807805096,
  "B_acf_sq_r_der_pct": 1312.8365987698928,
  "B_acf_sq_r_sec_der_pct": 310.2152453271534,
  "B_acf_sq_r_funct_nrmse": 5.390163458329033,
  "B_acf_sq_r_der_nrmse": 41.790600452706435,
  "B_acf_sq_r_sec_der_nrmse": 61.71562615026901,
  "B_roll_vol_hist_funct": 0.5735316087432509,
  "B_roll_vol_hist_der": 0.7417657968381843,
  "B_roll_vol_hist_sec_der": 2.4245821350625274,
  "B_roll_vol_hist_funct_pct": 2.3362267767469804,
  "B_roll_vol_hist_der_pct": 123.51716665652388,
  "B_roll_vol_hist_sec_der_pct": 290.0965796485357,
  "B_roll_vol_hist_funct_nrmse": 0.857025398073647,
  "B_roll_vol_hist_der_nrmse": 16.141180157346525,
  "B_roll_vol_hist_sec_der_nrmse": 30.380391053402732,
  "B_tail_surv_funct": 4.441584386816112e-06,
  "B_tail_surv_der": 2.0626706017160595e-08,
  "B_tail_surv_sec_der": 2.9016360285020193e-08,
  "B_tail_surv_funct_pct": 0.670362279078525,
  "B_tail_surv_der_pct": 1.1820453225129262,
  "B_tail_surv_sec_der_pct": 11723.38348722955,
  "B_tail_surv_funct_nrmse": 0.21287949522975225,
  "B_tail_surv_der_nrmse": 14941.980047047975,
  "B_tail_surv_sec_der_nrmse": 17722.079492435972
}