{
  "seed": 1,
  "A1_path_mmd2": 0.0013561585079842342,
  "A2_terminal_mmd2": 0.0015838500109409126,
  "A3_increment_mmd2": 0.0007268897493322157,
  "A4_volatility_mmd": 0.0066884502726720085,
  "A5_terminal_swd": 0.6582545081846424,
  "A6_path_swd": 0.45095261822955524,
  "A7_cov_error": 5.684341886080802e-14,
  "A8_mean_rmse": 0.0,
  "A9_std_error": 0.0,
  "A10_kurtosis_error": 0.0,
  "A11_acf_abs": 4.336808689942018e-18,
  "A12_acf_sq": 8.673617379884035e-19,
  "A13_disc_score_gru": 0.006561,
  "A13_disc_score_mlp": 0.003814,
  "A14_pred_score_gru": 0.053701,
  "A14_pred_score_mlp": 0.053817,
  "A15_sigma_corr": 0.614268989343921,
  "A15_sigma_rmse": 0.06544452276080963,
  "A16_logreturn_std_error": 0.0,
  "A17_abs_r_q95_error": 0.0,
  "A18_abs_r_q99_error": 0.0,
  "A19_kurtosis_ratio": 1.0,
  "A20_sigma_mean_error": 2.7755575615628914e-17,
  "A21_learned_oracle_sigma_corr": 0.614268989343921,
  "A22_acf_lag1_abs_error": 6.938893903907228e-18,
  "A23_acf_lag1_sq_error": 0.0,
  "A24_rv_law_loss": 0.0,
  "A25_mean_path_rmse": 3.1155445582405754e-13,
  "A26_vol_path_rmse": 1.6343226762522868e-14,
  "A27_ks_logreturns": 0.0,
  "A28_skewness_error": 6.938893903907228e-18,
  "A29_qq_rmse": 0.0,
  "A30_tail_qq_error": 0.0,
  "A31_rolling_vol_ks": 0.0,
  "A32_vol_of_vol_error": 8.673617379884035e-19,
  "A33_terminal_ks": 0.0,
  "A34_hill_tail_index_error": 0.0,
  "compute_time_sec": 46.7,
  "B_log_ret_hist_funct": 0.0,
  "B_log_ret_hist_der": 0.0,
  "B_log_ret_hist_sec_der": 0.0,
  "B_log_ret_hist_funct_pct": 0.0,
  "B_log_ret_hist_der_pct": 0.0,
  "B_log_ret_hist_sec_der_pct": 0.0,
  "B_qq_plot_funct": 0.0,
  "B_qq_plot_der": 0.0,
  "B_qq_plot_sec_der": 0.0,
  "B_qq_plot_funct_pct": 0.0,
  "B_qq_plot_der_pct": 0.0,
  "B_qq_plot_sec_der_pct": 0.0,
  "B_acf_abs_r_funct": 1.1736135598609718e-35,
  "B_acf_abs_r_der": 2.549956587552179e-35,
  "B_acf_abs_r_sec_der": 8.125016952883651e-35,
  "B_acf_abs_r_funct_pct": 5.6275349576374184e-15,
  "B_acf_abs_r_der_pct": 1.9905320361453063e-13,
  "B_acf_abs_r_sec_der_pct": 3.653210875432534e-13,
  "B_acf_sq_r_funct": 9.17825989122042e-36,
  "B_acf_sq_r_der": 2.1223241163477763e-35,
  "B_acf_sq_r_sec_der": 5.316369117318933e-35,
  "B_acf_sq_r_funct_pct": 5.667233389111789e-15,
  "B_acf_sq_r_der_pct": 1.7879199000216973e-13,
  "B_acf_sq_r_sec_der_pct": 8.628255767358421e-13,
  "B_roll_vol_hist_funct": 0.0,
  "B_roll_vol_hist_der": 0.0,
  "B_roll_vol_hist_sec_der": 0.0,
  "B_roll_vol_hist_funct_pct": 0.0,
  "B_roll_vol_hist_der_pct": 0.0,
  "B_roll_vol_hist_sec_der_pct": 0.0,
  "B_tail_surv_funct": 0.0,
  "B_tail_surv_der": 0.0,
  "B_tail_surv_sec_der": 0.0,
  "B_tail_surv_funct_pct": 0.0,
  "B_tail_surv_der_pct": 0.0,
  "B_tail_surv_sec_der_pct": 0.0
}