{
  "seed": 2,
  "A1_kurtosis_error": 0.0005987651579384412,
  "A2_abs_r_q95_error": 0.00013346775700089422,
  "A3_abs_r_q99_error": 4.8674507933006705e-05,
  "A4_tail_qq_error": 9.385990498263775e-05,
  "A5_hill_tail_index_error": 0.3886784003653396,
  "A6_path_mmd2": 0.0018316902194227547,
  "A7_terminal_mmd2": 0.001179243321269119,
  "A8_increment_mmd2": 0.000837329839764811,
  "A9_volatility_mmd": 0.007332684203721018,
  "A10_terminal_swd": 0.7719732765941546,
  "A11_path_swd": 0.560131257438579,
  "A12_rv_law_loss": 0.050655052001728394,
  "A13_mean_path_rmse": 0.21997560374748726,
  "A14_ks_logreturns": 0.0019358236958660902,
  "A15_skewness_error": 0.004703418069975825,
  "A16_qq_rmse": 5.51396848184032e-05,
  "A17_terminal_ks": 0.0118408203125,
  "A18_disc_score_gru": 0.001984,
  "A18_disc_score_mlp": 0.00534,
  "A19_pred_score_gru": 0.050011,
  "A19_pred_score_mlp": 0.049903,
  "A20_cov_error": 1.7757971312022107,
  "A21_acf_abs": 0.0030925468596599394,
  "A22_acf_sq": 0.0028537476577355928,
  "A23_acf_lag1_abs_error": 0.004685946697552887,
  "A24_acf_lag1_sq_error": 0.00458166322230559,
  "A25_mean_rmse": 0.19976752962837452,
  "A26_std_error": 0.0023770908398532686,
  "A27_logreturn_std_error": 5.3444552183043795e-05,
  "A28_kurtosis_ratio": 1.0060182263591446,
  "A29_sigma_mean_error": 0.0008470629693980991,
  "A30_vol_path_rmse": 0.13504631714502008,
  "A31_rolling_vol_ks": 0.004892736915650425,
  "A32_vol_of_vol_error": 2.196507297044098e-06,
  "A33_sigma_corr": 0.6157042875871563,
  "A34_sigma_rmse": 0.06553840402434108,
  "compute_time_sec": 48.2,
  "B_log_ret_hist_funct": 0.035171866297309944,
  "B_log_ret_hist_der": 0.053496366885780834,
  "B_log_ret_hist_sec_der": 0.15273380502115264,
  "B_log_ret_hist_funct_pct": 1.834875161843995,
  "B_log_ret_hist_der_pct": 37.555806253926335,
  "B_log_ret_hist_sec_der_pct": 349.66004092822845,
  "B_log_ret_hist_funct_nrmse": 0.5132330219927145,
  "B_log_ret_hist_der_nrmse": 12.564979955104697,
  "B_log_ret_hist_sec_der_nrmse": 32.31597361562862,
  "B_qq_plot_funct": 2.9579358724651713e-09,
  "B_qq_plot_der": 3.352751591401032e-10,
  "B_qq_plot_sec_der": 5.038282958684535e-10,
  "B_qq_plot_funct_pct": 0.4733686417210183,
  "B_qq_plot_der_pct": 1.2609753614329886,
  "B_qq_plot_sec_der_pct": 51.63951771590279,
  "B_qq_plot_funct_nrmse": 0.1478744887638042,
  "B_qq_plot_der_nrmse": 0.2553270996250061,
  "B_qq_plot_sec_der_nrmse": 0.5842085582698566,
  "B_acf_abs_r_funct": 8.202537135300169e-06,
  "B_acf_abs_r_der": 5.247965852322647e-06,
  "B_acf_abs_r_sec_der": 1.8644605273751468e-05,
  "B_acf_abs_r_funct_pct": 10.475355250955417,
  "B_acf_abs_r_der_pct": 159.72834401285263,
  "B_acf_abs_r_sec_der_pct": 249.08841274455818,
  "B_acf_abs_r_funct_nrmse": 7.561481313952331,
  "B_acf_abs_r_der_nrmse": 50.41630432135802,
  "B_acf_abs_r_sec_der_nrmse": 79.16404747072056,
  "B_acf_sq_r_funct": 6.761739568523252e-06,
  "B_acf_sq_r_der": 4.998202928209486e-06,
  "B_acf_sq_r_sec_der": 1.6872971521015756e-05,
  "B_acf_sq_r_funct_pct": 12.562021192468025,
  "B_acf_sq_r_der_pct": 959.3020563729293,
  "B_acf_sq_r_sec_der_pct": 295.244844304112,
  "B_acf_sq_r_funct_nrmse": 7.55586552463335,
  "B_acf_sq_r_der_nrmse": 39.62250927756056,
  "B_acf_sq_r_sec_der_nrmse": 56.95484707392484,
  "B_roll_vol_hist_funct": 0.638704619196075,
  "B_roll_vol_hist_der": 0.8776317700273039,
  "B_roll_vol_hist_sec_der": 2.8949462619680837,
  "B_roll_vol_hist_funct_pct": 2.2295015737429353,
  "B_roll_vol_hist_der_pct": 117.89369159585009,
  "B_roll_vol_hist_sec_der_pct": 291.68128086710124,
  "B_roll_vol_hist_funct_nrmse": 0.9044093468993942,
  "B_roll_vol_hist_der_nrmse": 17.557312978362674,
  "B_roll_vol_hist_sec_der_nrmse": 33.196719020218836,
  "B_tail_surv_funct": 2.2428238637257245e-06,
  "B_tail_surv_der": 2.0245463410516452e-08,
  "B_tail_surv_sec_der": 3.57171606956449e-08,
  "B_tail_surv_funct_pct": 0.4966009942530233,
  "B_tail_surv_der_pct": 1.1453841077657294,
  "B_tail_surv_sec_der_pct": 9568053.204912512,
  "B_tail_surv_funct_nrmse": 0.1512733613004722,
  "B_tail_surv_der_nrmse": 14803.250003189482,
  "B_tail_surv_sec_der_nrmse": 19662.180407121217
}