{
  "seed": 4,
  "A1_kurtosis_error": 0.019578158488327446,
  "A2_abs_r_q95_error": 2.0786077797565333e-05,
  "A3_abs_r_q99_error": 0.00010636933666836879,
  "A4_tail_qq_error": 3.647521047954912e-05,
  "A5_hill_tail_index_error": 0.3799515254136985,
  "A6_path_mmd2": 0.0015398649657041297,
  "A7_terminal_mmd2": 0.001121678557522765,
  "A8_increment_mmd2": 0.0008482370485591861,
  "A9_volatility_mmd": 0.007166630247665673,
  "A10_terminal_swd": 0.7348162029893902,
  "A11_path_swd": 0.47484784124347396,
  "A12_rv_law_loss": 0.04284255707373385,
  "A13_mean_path_rmse": 0.09857102063408159,
  "A14_ks_logreturns": 0.001167838029035445,
  "A15_skewness_error": 0.00730690863567475,
  "A16_qq_rmse": 2.484257409010145e-05,
  "A17_terminal_ks": 0.0111083984375,
  "A18_disc_score_gru": 0.001068,
  "A18_disc_score_mlp": 0.011749,
  "A19_pred_score_gru": 0.050013,
  "A19_pred_score_mlp": 0.051632,
  "A20_cov_error": 9.513746851465584,
  "A21_acf_abs": 0.0014643758709897191,
  "A22_acf_sq": 0.0017452816880653213,
  "A23_acf_lag1_abs_error": 0.0018700181153173748,
  "A24_acf_lag1_sq_error": 0.0024167030328077627,
  "A25_mean_rmse": 0.16768652743513712,
  "A26_std_error": 0.0025475578837974577,
  "A27_logreturn_std_error": 6.04374900890596e-06,
  "A28_kurtosis_ratio": 0.9932859997101362,
  "A29_sigma_mean_error": 0.00011324644523869054,
  "A30_vol_path_rmse": 0.18218717580388188,
  "A31_rolling_vol_ks": 0.0021238249491869893,
  "A32_vol_of_vol_error": 1.6523795669061946e-05,
  "A33_sigma_corr": 0.6138011796052427,
  "A34_sigma_rmse": 0.0657911337157665,
  "compute_time_sec": 48.0,
  "B_log_ret_hist_funct": 0.038441641092795104,
  "B_log_ret_hist_der": 0.08712989255952003,
  "B_log_ret_hist_sec_der": 0.2674265031199549,
  "B_log_ret_hist_funct_pct": 1.7277745333374104,
  "B_log_ret_hist_der_pct": 40.03326049755419,
  "B_log_ret_hist_sec_der_pct": 423.1944968615431,
  "B_log_ret_hist_funct_nrmse": 0.5365594456527337,
  "B_log_ret_hist_der_nrmse": 16.035527282154767,
  "B_log_ret_hist_sec_der_nrmse": 42.76139669821542,
  "B_qq_plot_funct": 9.348846307673963e-10,
  "B_qq_plot_der": 3.9559645007823714e-10,
  "B_qq_plot_sec_der": 5.627593317703301e-10,
  "B_qq_plot_funct_pct": 0.44092785950981706,
  "B_qq_plot_der_pct": 1.1549909087501844,
  "B_qq_plot_sec_der_pct": 46.153026914056326,
  "B_qq_plot_funct_nrmse": 0.08313384915376199,
  "B_qq_plot_der_nrmse": 0.2773463253430212,
  "B_qq_plot_sec_der_nrmse": 0.6174303735962959,
  "B_acf_abs_r_funct": 2.9012349957826536e-06,
  "B_acf_abs_r_der": 3.4303296228347553e-06,
  "B_acf_abs_r_sec_der": 1.235991313882839e-05,
  "B_acf_abs_r_funct_pct": 6.325634603481934,
  "B_acf_abs_r_der_pct": 109.46728624392166,
  "B_acf_abs_r_sec_der_pct": 184.40251219605653,
  "B_acf_abs_r_funct_nrmse": 4.4970139456961125,
  "B_acf_abs_r_der_nrmse": 40.760868959193935,
  "B_acf_abs_r_sec_der_nrmse": 64.45536962422061,
  "B_acf_sq_r_funct": 3.0108711152721417e-06,
  "B_acf_sq_r_der": 3.758165374146462e-06,
  "B_acf_sq_r_sec_der": 1.2715474591084894e-05,
  "B_acf_sq_r_funct_pct": 9.186459058950081,
  "B_acf_sq_r_der_pct": 177.3406709379391,
  "B_acf_sq_r_sec_der_pct": 585.569044021171,
  "B_acf_sq_r_funct_nrmse": 5.041979583695169,
  "B_acf_sq_r_der_nrmse": 34.3576124745744,
  "B_acf_sq_r_sec_der_nrmse": 49.44258747127107,
  "B_roll_vol_hist_funct": 0.5329973546111906,
  "B_roll_vol_hist_der": 0.8553319739559824,
  "B_roll_vol_hist_sec_der": 2.741909124671365,
  "B_roll_vol_hist_funct_pct": 2.092210996526101,
  "B_roll_vol_hist_der_pct": 95.74640448062884,
  "B_roll_vol_hist_sec_der_pct": 249.46665727259258,
  "B_roll_vol_hist_funct_nrmse": 0.8261854461328445,
  "B_roll_vol_hist_der_nrmse": 17.33282037938585,
  "B_roll_vol_hist_sec_der_nrmse": 32.30735752375672,
  "B_tail_surv_funct": 1.7912080826145443e-07,
  "B_tail_surv_der": 1.7383274252548924e-08,
  "B_tail_surv_sec_der": 3.369479142873425e-08,
  "B_tail_surv_funct_pct": 0.12367165977468947,
  "B_tail_surv_der_pct": 1.0934909749057298,
  "B_tail_surv_sec_der_pct": 9392189.341841916,
  "B_tail_surv_funct_nrmse": 0.04275017461917564,
  "B_tail_surv_der_nrmse": 13716.995738670928,
  "B_tail_surv_sec_der_nrmse": 19097.41558099676
}