{
  "seed": 1,
  "n_samples": 8192,
  "seq_len": 128,
  "min_val": 39.893609418078476,
  "max_val": 155.57898269218714,
  "train_time_sec": 485.95,
  "generated_mean": 101.50019561149261,
  "generated_std": 9.507217036797458,
  "real_mean": 101.32547381502401,
  "real_std": 9.971659995159825
}