{
  "seed": 1,
  "n_samples": 8192,
  "seq_len": 128,
  "min_val": 39.893609418078476,
  "max_val": 155.57898269218714,
  "train_time_sec": 322.85,
  "generated_mean": 100.70709182690277,
  "generated_std": 0.8045407256637009,
  "real_mean": 101.32547381502401,
  "real_std": 9.971659995159825
}