{
  "seed": 0,
  "eta": 10.224878311157227,
  "h32_MAE_uniform": 3.721882607084342,
  "h32_RMSE_uniform": 5.034913426103565,
  "h32_CRPS_uniform": 2.713620857127353,
  "h32_MAE_gaussian": 3.721801513993408,
  "h32_RMSE_gaussian": 5.034850626004056,
  "h32_CRPS_gaussian": 2.7134939963370925,
  "h64_MAE_uniform": 5.192308126577908,
  "h64_RMSE_uniform": 7.0407533443728045,
  "h64_CRPS_uniform": 3.7686904671322736,
  "h64_MAE_gaussian": 5.192227132999223,
  "h64_RMSE_gaussian": 7.040688624368078,
  "h64_CRPS_gaussian": 3.7685433417409513
}