{
  "seed": 2,
  "eta": 10.200701713562012,
  "h32_MAE_uniform": 3.7320944190394716,
  "h32_RMSE_uniform": 5.046034631599172,
  "h32_CRPS_uniform": 2.7138172685616837,
  "h32_MAE_gaussian": 3.7322020237202653,
  "h32_RMSE_gaussian": 5.046231635185871,
  "h32_CRPS_gaussian": 2.713850576318805,
  "h64_MAE_uniform": 5.20663377237935,
  "h64_RMSE_uniform": 7.056350239061692,
  "h64_CRPS_uniform": 3.772100261176945,
  "h64_MAE_gaussian": 5.206754670084781,
  "h64_RMSE_gaussian": 7.056565061713799,
  "h64_CRPS_gaussian": 3.772103572245271
}