{
  "seed": 1,
  "eta": 10.242585182189941,
  "h32_MAE_uniform": 3.7137990543199955,
  "h32_RMSE_uniform": 5.060501936357755,
  "h32_CRPS_uniform": 2.7129727468367264,
  "h32_MAE_gaussian": 3.7137387586974264,
  "h32_RMSE_gaussian": 5.060481011162248,
  "h32_CRPS_gaussian": 2.712837774960235,
  "h64_MAE_uniform": 5.2438481520601385,
  "h64_RMSE_uniform": 7.148936493279887,
  "h64_CRPS_uniform": 3.816271184346249,
  "h64_MAE_gaussian": 5.243870018195415,
  "h64_RMSE_gaussian": 7.148991097733427,
  "h64_CRPS_gaussian": 3.8162151789407517
}