{
  "seed": 1,
  "eta": 10.280563354492188,
  "h32_MAE_uniform": 3.7281057636433648,
  "h32_RMSE_uniform": 5.039327816240257,
  "h32_CRPS_uniform": 2.71884440865756,
  "h32_MAE_gaussian": 3.7281413851794447,
  "h32_RMSE_gaussian": 5.039406226884145,
  "h32_CRPS_gaussian": 2.7188250960097093,
  "h64_MAE_uniform": 5.193982713192365,
  "h64_RMSE_uniform": 7.042039509504334,
  "h64_CRPS_uniform": 3.777826053390413,
  "h64_MAE_gaussian": 5.1940353199407925,
  "h64_RMSE_gaussian": 7.042095795356481,
  "h64_CRPS_gaussian": 3.7777649454293964
}