{
  "seed": 3,
  "eta": 10.18246078491211,
  "h32_MAE_uniform": 3.731244340311128,
  "h32_RMSE_uniform": 5.074542300875039,
  "h32_CRPS_uniform": 2.718822315743978,
  "h32_MAE_gaussian": 3.731196466126425,
  "h32_RMSE_gaussian": 5.07443429014172,
  "h32_CRPS_gaussian": 2.71871401224098,
  "h64_MAE_uniform": 5.268261756207456,
  "h64_RMSE_uniform": 7.160748618001719,
  "h64_CRPS_uniform": 3.8236288569061685,
  "h64_MAE_gaussian": 5.268258303470802,
  "h64_RMSE_gaussian": 7.1606998912895845,
  "h64_CRPS_gaussian": 3.823541200970567
}