{
  "seed": 2,
  "eta": 10.179253578186035,
  "h32_MAE_uniform": 3.716736765928684,
  "h32_RMSE_uniform": 5.060932488555363,
  "h32_CRPS_uniform": 2.7034594342758282,
  "h32_MAE_gaussian": 3.7167072262368848,
  "h32_RMSE_gaussian": 5.060946280532206,
  "h32_CRPS_gaussian": 2.7033885245535885,
  "h64_MAE_uniform": 5.248944207438544,
  "h64_RMSE_uniform": 7.150127680803657,
  "h64_CRPS_uniform": 3.801605136615308,
  "h64_MAE_gaussian": 5.248901763086991,
  "h64_RMSE_gaussian": 7.150060010718978,
  "h64_CRPS_gaussian": 3.801494616494381
}