{
  "seed": 4,
  "eta": 10.321372032165527,
  "h32_MAE_uniform": 3.7276378945930126,
  "h32_RMSE_uniform": 5.06865366102928,
  "h32_CRPS_uniform": 2.71478784829344,
  "h32_MAE_gaussian": 3.727692575083478,
  "h32_RMSE_gaussian": 5.068739841574179,
  "h32_CRPS_gaussian": 2.714722066992408,
  "h64_MAE_uniform": 5.260814709385663,
  "h64_RMSE_uniform": 7.153366522428285,
  "h64_CRPS_uniform": 3.8144666186097425,
  "h64_MAE_gaussian": 5.2608712258396775,
  "h64_RMSE_gaussian": 7.153428574329892,
  "h64_CRPS_gaussian": 3.8144174369462007
}