{
  "seed": 0,
  "eta": 10.19202995300293,
  "h32_MAE_uniform": 3.7167227527637525,
  "h32_RMSE_uniform": 5.0696874242878165,
  "h32_CRPS_uniform": 2.714630744492979,
  "h32_MAE_gaussian": 3.7166098664981453,
  "h32_RMSE_gaussian": 5.0696169189462745,
  "h32_CRPS_gaussian": 2.714502563537053,
  "h64_MAE_uniform": 5.246791771075244,
  "h64_RMSE_uniform": 7.15888950292566,
  "h64_CRPS_uniform": 3.8133819067885497,
  "h64_MAE_gaussian": 5.246738407395228,
  "h64_RMSE_gaussian": 7.158825417906122,
  "h64_CRPS_gaussian": 3.8132816888609113
}