{
  "seed": 3,
  "eta": 10.21844482421875,
  "h32_MAE_uniform": 3.7401512313689915,
  "h32_RMSE_uniform": 5.049331962688083,
  "h32_CRPS_uniform": 2.7207741933389116,
  "h32_MAE_gaussian": 3.740104725488175,
  "h32_RMSE_gaussian": 5.049209612428403,
  "h32_CRPS_gaussian": 2.7206594225497156,
  "h64_MAE_uniform": 5.215504175450455,
  "h64_RMSE_uniform": 7.051495352552758,
  "h64_CRPS_uniform": 3.779375328442711,
  "h64_MAE_gaussian": 5.215466089909421,
  "h64_RMSE_gaussian": 7.051433234693382,
  "h64_CRPS_gaussian": 3.7792577570725143
}