{
  "seed": 4,
  "eta": 10.360241889953613,
  "h32_MAE_uniform": 3.7414656216508604,
  "h32_RMSE_uniform": 5.049630426724287,
  "h32_CRPS_uniform": 2.7226268303026018,
  "h32_MAE_gaussian": 3.7415346187197933,
  "h32_RMSE_gaussian": 5.049698870251988,
  "h32_CRPS_gaussian": 2.7225775177871583,
  "h64_MAE_uniform": 5.224885501902181,
  "h64_RMSE_uniform": 7.063997983823057,
  "h64_CRPS_uniform": 3.783045680714906,
  "h64_MAE_gaussian": 5.2250855435494525,
  "h64_RMSE_gaussian": 7.06411541759425,
  "h64_CRPS_gaussian": 3.7830489401624163
}