{
  "baseline": {
    "MAE_h32": 3.7378173987486645,
    "RMSE_h32": 5.039875056706717,
    "CRPS_h32": 3.7378173987486645,
    "MAE_h64": 5.245856609882988,
    "RMSE_h64": 7.066083253003601,
    "CRPS_h64": 5.245856609882988
  },
  "h32_MAE_uniform": {
    "mean": 3.732739928557406,
    "std": 0.007359873991909213
  },
  "h32_RMSE_uniform": {
    "mean": 5.043847652671073,
    "std": 0.005806037110905067
  },
  "h32_CRPS_uniform": {
    "mean": 2.717936711597622,
    "std": 0.0036460620067809125
  },
  "h32_MAE_gaussian": {
    "mean": 3.7327568534202173,
    "std": 0.007384717091610827
  },
  "h32_RMSE_gaussian": {
    "mean": 5.043879394150893,
    "std": 0.005819595286777202
  },
  "h32_CRPS_gaussian": {
    "mean": 2.7178813218004962,
    "std": 0.0036375360929050463
  },
  "h64_MAE_uniform": {
    "mean": 5.206662857900452,
    "std": 0.012466586361644737
  },
  "h64_RMSE_uniform": {
    "mean": 7.050927285862929,
    "std": 0.008753010000792339
  },
  "h64_CRPS_uniform": {
    "mean": 3.77620755817145,
    "std": 0.005153460225459248
  },
  "h64_MAE_gaussian": {
    "mean": 5.206713751296735,
    "std": 0.012527829719951505
  },
  "h64_RMSE_gaussian": {
    "mean": 7.050979626745199,
    "std": 0.00881792532581452
  },
  "h64_CRPS_gaussian": {
    "mean": 3.7761437113301097,
    "std": 0.005178729725205618
  },
  "per_seed": [
    {
      "seed": 0,
      "eta": 10.224878311157227,
      "h32_MAE_uniform": 3.721882607084342,
      "h32_RMSE_uniform": 5.034913426103565,
      "h32_CRPS_uniform": 2.713620857127353,
      "h32_MAE_gaussian": 3.721801513993408,
      "h32_RMSE_gaussian": 5.034850626004056,
      "h32_CRPS_gaussian": 2.7134939963370925,
      "h64_MAE_uniform": 5.192308126577908,
      "h64_RMSE_uniform": 7.0407533443728045,
      "h64_CRPS_uniform": 3.7686904671322736,
      "h64_MAE_gaussian": 5.192227132999223,
      "h64_RMSE_gaussian": 7.040688624368078,
      "h64_CRPS_gaussian": 3.7685433417409513
    },
    {
      "seed": 1,
      "eta": 10.280563354492188,
      "h32_MAE_uniform": 3.7281057636433648,
      "h32_RMSE_uniform": 5.039327816240257,
      "h32_CRPS_uniform": 2.71884440865756,
      "h32_MAE_gaussian": 3.7281413851794447,
      "h32_RMSE_gaussian": 5.039406226884145,
      "h32_CRPS_gaussian": 2.7188250960097093,
      "h64_MAE_uniform": 5.193982713192365,
      "h64_RMSE_uniform": 7.042039509504334,
      "h64_CRPS_uniform": 3.777826053390413,
      "h64_MAE_gaussian": 5.1940353199407925,
      "h64_RMSE_gaussian": 7.042095795356481,
      "h64_CRPS_gaussian": 3.7777649454293964
    },
    {
      "seed": 2,
      "eta": 10.200701713562012,
      "h32_MAE_uniform": 3.7320944190394716,
      "h32_RMSE_uniform": 5.046034631599172,
      "h32_CRPS_uniform": 2.7138172685616837,
      "h32_MAE_gaussian": 3.7322020237202653,
      "h32_RMSE_gaussian": 5.046231635185871,
      "h32_CRPS_gaussian": 2.713850576318805,
      "h64_MAE_uniform": 5.20663377237935,
      "h64_RMSE_uniform": 7.056350239061692,
      "h64_CRPS_uniform": 3.772100261176945,
      "h64_MAE_gaussian": 5.206754670084781,
      "h64_RMSE_gaussian": 7.056565061713799,
      "h64_CRPS_gaussian": 3.772103572245271
    },
    {
      "seed": 3,
      "eta": 10.21844482421875,
      "h32_MAE_uniform": 3.7401512313689915,
      "h32_RMSE_uniform": 5.049331962688083,
      "h32_CRPS_uniform": 2.7207741933389116,
      "h32_MAE_gaussian": 3.740104725488175,
      "h32_RMSE_gaussian": 5.049209612428403,
      "h32_CRPS_gaussian": 2.7206594225497156,
      "h64_MAE_uniform": 5.215504175450455,
      "h64_RMSE_uniform": 7.051495352552758,
      "h64_CRPS_uniform": 3.779375328442711,
      "h64_MAE_gaussian": 5.215466089909421,
      "h64_RMSE_gaussian": 7.051433234693382,
      "h64_CRPS_gaussian": 3.7792577570725143
    },
    {
      "seed": 4,
      "eta": 10.360241889953613,
      "h32_MAE_uniform": 3.7414656216508604,
      "h32_RMSE_uniform": 5.049630426724287,
      "h32_CRPS_uniform": 2.7226268303026018,
      "h32_MAE_gaussian": 3.7415346187197933,
      "h32_RMSE_gaussian": 5.049698870251988,
      "h32_CRPS_gaussian": 2.7225775177871583,
      "h64_MAE_uniform": 5.224885501902181,
      "h64_RMSE_uniform": 7.063997983823057,
      "h64_CRPS_uniform": 3.783045680714906,
      "h64_MAE_gaussian": 5.2250855435494525,
      "h64_RMSE_gaussian": 7.06411541759425,
      "h64_CRPS_gaussian": 3.7830489401624163
    }
  ]
}