{
  "baseline": {
    "MAE_h32": 3.7316868595980903,
    "RMSE_h32": 5.068157455771573,
    "CRPS_h32": 3.7316868595980903,
    "MAE_h64": 5.301255779606787,
    "RMSE_h64": 7.180981683588902,
    "CRPS_h64": 5.301255779606787
  },
  "h32_MAE_uniform": {
    "mean": 3.7212281615833147,
    "std": 0.0068858041193579755
  },
  "h32_RMSE_uniform": {
    "mean": 5.066863562221051,
    "std": 0.005399807338858682
  },
  "h32_CRPS_uniform": {
    "mean": 2.7129346179285903,
    "std": 0.005113841075750237
  },
  "h32_MAE_gaussian": {
    "mean": 3.7211889785284717,
    "std": 0.006913851637022701
  },
  "h32_RMSE_gaussian": {
    "mean": 5.066843668471326,
    "std": 0.005369665176024961
  },
  "h32_CRPS_gaussian": {
    "mean": 2.712832988456853,
    "std": 0.005101773431701368
  },
  "h64_MAE_uniform": {
    "mean": 5.253732119233409,
    "std": 0.009274252237853236
  },
  "h64_RMSE_uniform": {
    "mean": 7.154413763487841,
    "std": 0.004682527795340127
  },
  "h64_CRPS_uniform": {
    "mean": 3.8138707406532033,
    "std": 0.0070996061049979995
  },
  "h64_MAE_gaussian": {
    "mean": 5.253727943597623,
    "std": 0.009289587365593979
  },
  "h64_RMSE_gaussian": {
    "mean": 7.1544009983956,
    "std": 0.004654209867243051
  },
  "h64_CRPS_gaussian": {
    "mean": 3.813790024442562,
    "std": 0.007110498240572113
  },
  "per_seed": [
    {
      "seed": 0,
      "eta": 10.19202995300293,
      "h32_MAE_uniform": 3.7167227527637525,
      "h32_RMSE_uniform": 5.0696874242878165,
      "h32_CRPS_uniform": 2.714630744492979,
      "h32_MAE_gaussian": 3.7166098664981453,
      "h32_RMSE_gaussian": 5.0696169189462745,
      "h32_CRPS_gaussian": 2.714502563537053,
      "h64_MAE_uniform": 5.246791771075244,
      "h64_RMSE_uniform": 7.15888950292566,
      "h64_CRPS_uniform": 3.8133819067885497,
      "h64_MAE_gaussian": 5.246738407395228,
      "h64_RMSE_gaussian": 7.158825417906122,
      "h64_CRPS_gaussian": 3.8132816888609113
    },
    {
      "seed": 1,
      "eta": 10.242585182189941,
      "h32_MAE_uniform": 3.7137990543199955,
      "h32_RMSE_uniform": 5.060501936357755,
      "h32_CRPS_uniform": 2.7129727468367264,
      "h32_MAE_gaussian": 3.7137387586974264,
      "h32_RMSE_gaussian": 5.060481011162248,
      "h32_CRPS_gaussian": 2.712837774960235,
      "h64_MAE_uniform": 5.2438481520601385,
      "h64_RMSE_uniform": 7.148936493279887,
      "h64_CRPS_uniform": 3.816271184346249,
      "h64_MAE_gaussian": 5.243870018195415,
      "h64_RMSE_gaussian": 7.148991097733427,
      "h64_CRPS_gaussian": 3.8162151789407517
    },
    {
      "seed": 2,
      "eta": 10.179253578186035,
      "h32_MAE_uniform": 3.716736765928684,
      "h32_RMSE_uniform": 5.060932488555363,
      "h32_CRPS_uniform": 2.7034594342758282,
      "h32_MAE_gaussian": 3.7167072262368848,
      "h32_RMSE_gaussian": 5.060946280532206,
      "h32_CRPS_gaussian": 2.7033885245535885,
      "h64_MAE_uniform": 5.248944207438544,
      "h64_RMSE_uniform": 7.150127680803657,
      "h64_CRPS_uniform": 3.801605136615308,
      "h64_MAE_gaussian": 5.248901763086991,
      "h64_RMSE_gaussian": 7.150060010718978,
      "h64_CRPS_gaussian": 3.801494616494381
    },
    {
      "seed": 3,
      "eta": 10.18246078491211,
      "h32_MAE_uniform": 3.731244340311128,
      "h32_RMSE_uniform": 5.074542300875039,
      "h32_CRPS_uniform": 2.718822315743978,
      "h32_MAE_gaussian": 3.731196466126425,
      "h32_RMSE_gaussian": 5.07443429014172,
      "h32_CRPS_gaussian": 2.71871401224098,
      "h64_MAE_uniform": 5.268261756207456,
      "h64_RMSE_uniform": 7.160748618001719,
      "h64_CRPS_uniform": 3.8236288569061685,
      "h64_MAE_gaussian": 5.268258303470802,
      "h64_RMSE_gaussian": 7.1606998912895845,
      "h64_CRPS_gaussian": 3.823541200970567
    },
    {
      "seed": 4,
      "eta": 10.321372032165527,
      "h32_MAE_uniform": 3.7276378945930126,
      "h32_RMSE_uniform": 5.06865366102928,
      "h32_CRPS_uniform": 2.71478784829344,
      "h32_MAE_gaussian": 3.727692575083478,
      "h32_RMSE_gaussian": 5.068739841574179,
      "h32_CRPS_gaussian": 2.714722066992408,
      "h64_MAE_uniform": 5.260814709385663,
      "h64_RMSE_uniform": 7.153366522428285,
      "h64_CRPS_uniform": 3.8144666186097425,
      "h64_MAE_gaussian": 5.2608712258396775,
      "h64_RMSE_gaussian": 7.153428574329892,
      "h64_CRPS_gaussian": 3.8144174369462007
    }
  ]
}