{
  "seed": 1,
  "eta": 11.259024620056152,
  "h32_MAE_uniform": 3.7243245137324887,
  "h32_RMSE_uniform": 5.082832102326108,
  "h32_CRPS_uniform": 2.714572645468593,
  "h32_MAE_gaussian": 3.724366316287041,
  "h32_RMSE_gaussian": 5.082870951581368,
  "h32_CRPS_gaussian": 2.714523408529658,
  "h64_MAE_uniform": 5.278325588306998,
  "h64_RMSE_uniform": 7.20524112775692,
  "h64_CRPS_uniform": 3.8366230462940507,
  "h64_MAE_gaussian": 5.278459570796681,
  "h64_RMSE_gaussian": 7.205412694975835,
  "h64_CRPS_gaussian": 3.8365584377174855
}