{
  "seed": 2,
  "eta": 11.002490043640137,
  "h32_MAE_uniform": 3.7219628480433347,
  "h32_RMSE_uniform": 5.094811355467359,
  "h32_CRPS_uniform": 2.7206974775394883,
  "h32_MAE_gaussian": 3.7221104331572725,
  "h32_RMSE_gaussian": 5.094996911228769,
  "h32_CRPS_gaussian": 2.7207384219743744,
  "h64_MAE_uniform": 5.252890769436258,
  "h64_RMSE_uniform": 7.197584396588328,
  "h64_CRPS_uniform": 3.8449575552624538,
  "h64_MAE_gaussian": 5.252974918081517,
  "h64_RMSE_gaussian": 7.197667990608592,
  "h64_CRPS_gaussian": 3.844913350586353
}