{
  "seed": 0,
  "eta": 11.233633041381836,
  "h32_MAE_uniform": 3.7155404618909316,
  "h32_RMSE_uniform": 5.079699185320069,
  "h32_CRPS_uniform": 2.7155600781109115,
  "h32_MAE_gaussian": 3.715729068846084,
  "h32_RMSE_gaussian": 5.079884058690091,
  "h32_CRPS_gaussian": 2.7156083031165963,
  "h64_MAE_uniform": 5.261243930020088,
  "h64_RMSE_uniform": 7.200198942152577,
  "h64_CRPS_uniform": 3.847748996564519,
  "h64_MAE_gaussian": 5.261414171710196,
  "h64_RMSE_gaussian": 7.200323271842675,
  "h64_CRPS_gaussian": 3.8477382435931986
}