{
  "seed": 2,
  "eta": 11.05359935760498,
  "h32_MAE_uniform": 3.7171369345111955,
  "h32_RMSE_uniform": 5.05023570238667,
  "h32_CRPS_uniform": 2.7136167029467515,
  "h32_MAE_gaussian": 3.7172439651197733,
  "h32_RMSE_gaussian": 5.050355069818125,
  "h32_CRPS_gaussian": 2.7136068561308093,
  "h64_MAE_uniform": 5.191147208867905,
  "h64_RMSE_uniform": 7.080047281386112,
  "h64_CRPS_uniform": 3.7974295103954887,
  "h64_MAE_gaussian": 5.19126924581526,
  "h64_RMSE_gaussian": 7.080167112224067,
  "h64_CRPS_gaussian": 3.7974345549498594
}