{
  "seed": 3,
  "eta": 11.189620971679688,
  "h32_MAE_uniform": 3.7142738211598862,
  "h32_RMSE_uniform": 5.08360426281977,
  "h32_CRPS_uniform": 2.714348867182821,
  "h32_MAE_gaussian": 3.714346895552507,
  "h32_RMSE_gaussian": 5.083712162351067,
  "h32_CRPS_gaussian": 2.7143518407115153,
  "h64_MAE_uniform": 5.2514318887812355,
  "h64_RMSE_uniform": 7.190061811048762,
  "h64_CRPS_uniform": 3.8486944464464727,
  "h64_MAE_gaussian": 5.251501722306468,
  "h64_RMSE_gaussian": 7.1901896450622,
  "h64_CRPS_gaussian": 3.8486635248550556
}