{
  "seed": 0,
  "eta": 11.291160583496094,
  "h32_MAE_uniform": 3.7291067752547047,
  "h32_RMSE_uniform": 5.057738747286625,
  "h32_CRPS_uniform": 2.720147427234565,
  "h32_MAE_gaussian": 3.728954503986921,
  "h32_RMSE_gaussian": 5.057518871566344,
  "h32_CRPS_gaussian": 2.7200003512579087,
  "h64_MAE_uniform": 5.210916747984145,
  "h64_RMSE_uniform": 7.093430917867179,
  "h64_CRPS_uniform": 3.8098367683905394,
  "h64_MAE_gaussian": 5.210806649891953,
  "h64_RMSE_gaussian": 7.093243378404374,
  "h64_CRPS_gaussian": 3.809699514026022
}