{
  "seed": 4,
  "eta": 11.165488243103027,
  "h32_MAE_uniform": 3.7200249968216594,
  "h32_RMSE_uniform": 5.045956105135811,
  "h32_CRPS_uniform": 2.718686260758659,
  "h32_MAE_gaussian": 3.7200660761491746,
  "h32_RMSE_gaussian": 5.0459300008105465,
  "h32_CRPS_gaussian": 2.7186404907369024,
  "h64_MAE_uniform": 5.1965326860638825,
  "h64_RMSE_uniform": 7.084387572622855,
  "h64_CRPS_uniform": 3.8113573351538435,
  "h64_MAE_gaussian": 5.196524574591107,
  "h64_RMSE_gaussian": 7.084322819305803,
  "h64_CRPS_gaussian": 3.811235371449527
}