{
  "seed": 3,
  "eta": 11.239828109741211,
  "h32_MAE_uniform": 3.7259552279906143,
  "h32_RMSE_uniform": 5.0574060338433675,
  "h32_CRPS_uniform": 2.7165422087416573,
  "h32_MAE_gaussian": 3.7259762224790514,
  "h32_RMSE_gaussian": 5.057319702741219,
  "h32_CRPS_gaussian": 2.716443556876129,
  "h64_MAE_uniform": 5.204868033940186,
  "h64_RMSE_uniform": 7.086405192983249,
  "h64_CRPS_uniform": 3.8083771235627637,
  "h64_MAE_gaussian": 5.204892340014055,
  "h64_RMSE_gaussian": 7.086326275236254,
  "h64_CRPS_gaussian": 3.8082128253520295
}