{
  "seed": 4,
  "eta": 11.117481231689453,
  "h32_MAE_uniform": 3.71544648191108,
  "h32_RMSE_uniform": 5.078241057789559,
  "h32_CRPS_uniform": 2.7189820864996364,
  "h32_MAE_gaussian": 3.7154583144975524,
  "h32_RMSE_gaussian": 5.078163942089807,
  "h32_CRPS_gaussian": 2.7188753314142105,
  "h64_MAE_uniform": 5.248928794481191,
  "h64_RMSE_uniform": 7.184491280921225,
  "h64_CRPS_uniform": 3.8487832250261818,
  "h64_MAE_gaussian": 5.248962177331217,
  "h64_RMSE_gaussian": 7.184388611873201,
  "h64_CRPS_gaussian": 3.8486508632857976
}