{
  "seed": 1,
  "eta": 11.305134773254395,
  "h32_MAE_uniform": 3.7338759483941413,
  "h32_RMSE_uniform": 5.0569649722933425,
  "h32_CRPS_uniform": 2.717463367548021,
  "h32_MAE_gaussian": 3.7340244561232905,
  "h32_RMSE_gaussian": 5.0570956036357595,
  "h32_CRPS_gaussian": 2.717474925264014,
  "h64_MAE_uniform": 5.217531233492408,
  "h64_RMSE_uniform": 7.083316269615655,
  "h64_CRPS_uniform": 3.7914335298593755,
  "h64_MAE_gaussian": 5.217725790401549,
  "h64_RMSE_gaussian": 7.0835057930272765,
  "h64_CRPS_gaussian": 3.7914683333913217
}