{
  "baseline": {
    "MAE_h32": 3.7378173987486645,
    "RMSE_h32": 5.039875056706717,
    "CRPS_h32": 3.7378173987486645,
    "MAE_h64": 5.245856609882988,
    "RMSE_h64": 7.066083253003601,
    "CRPS_h64": 5.245856609882988
  },
  "h32_MAE_uniform": {
    "mean": 3.725219976594463,
    "std": 0.006048091110380789
  },
  "h32_RMSE_uniform": {
    "mean": 5.053660312189164,
    "std": 0.00474694850571177
  },
  "h32_CRPS_uniform": {
    "mean": 2.7172911934459307,
    "std": 0.002199853936042263
  },
  "h32_MAE_gaussian": {
    "mean": 3.725253044771642,
    "std": 0.006036744880796834
  },
  "h32_RMSE_gaussian": {
    "mean": 5.0536438497143985,
    "std": 0.004706630069998311
  },
  "h32_CRPS_gaussian": {
    "mean": 2.717233236053153,
    "std": 0.0021665608932025897
  },
  "h64_MAE_uniform": {
    "mean": 5.204199182069705,
    "std": 0.00951257920066767
  },
  "h64_RMSE_uniform": {
    "mean": 7.085517446895011,
    "std": 0.004459946724464547
  },
  "h64_CRPS_uniform": {
    "mean": 3.803686853472402,
    "std": 0.007847989018773488
  },
  "h64_MAE_gaussian": {
    "mean": 5.2042437201427845,
    "std": 0.0095203063523794
  },
  "h64_RMSE_gaussian": {
    "mean": 7.085513075639554,
    "std": 0.004346126847784524
  },
  "h64_CRPS_gaussian": {
    "mean": 3.8036101198337517,
    "std": 0.007771366180659161
  },
  "per_seed": [
    {
      "seed": 0,
      "eta": 11.291160583496094,
      "h32_MAE_uniform": 3.7291067752547047,
      "h32_RMSE_uniform": 5.057738747286625,
      "h32_CRPS_uniform": 2.720147427234565,
      "h32_MAE_gaussian": 3.728954503986921,
      "h32_RMSE_gaussian": 5.057518871566344,
      "h32_CRPS_gaussian": 2.7200003512579087,
      "h64_MAE_uniform": 5.210916747984145,
      "h64_RMSE_uniform": 7.093430917867179,
      "h64_CRPS_uniform": 3.8098367683905394,
      "h64_MAE_gaussian": 5.210806649891953,
      "h64_RMSE_gaussian": 7.093243378404374,
      "h64_CRPS_gaussian": 3.809699514026022
    },
    {
      "seed": 1,
      "eta": 11.305134773254395,
      "h32_MAE_uniform": 3.7338759483941413,
      "h32_RMSE_uniform": 5.0569649722933425,
      "h32_CRPS_uniform": 2.717463367548021,
      "h32_MAE_gaussian": 3.7340244561232905,
      "h32_RMSE_gaussian": 5.0570956036357595,
      "h32_CRPS_gaussian": 2.717474925264014,
      "h64_MAE_uniform": 5.217531233492408,
      "h64_RMSE_uniform": 7.083316269615655,
      "h64_CRPS_uniform": 3.7914335298593755,
      "h64_MAE_gaussian": 5.217725790401549,
      "h64_RMSE_gaussian": 7.0835057930272765,
      "h64_CRPS_gaussian": 3.7914683333913217
    },
    {
      "seed": 2,
      "eta": 11.05359935760498,
      "h32_MAE_uniform": 3.7171369345111955,
      "h32_RMSE_uniform": 5.05023570238667,
      "h32_CRPS_uniform": 2.7136167029467515,
      "h32_MAE_gaussian": 3.7172439651197733,
      "h32_RMSE_gaussian": 5.050355069818125,
      "h32_CRPS_gaussian": 2.7136068561308093,
      "h64_MAE_uniform": 5.191147208867905,
      "h64_RMSE_uniform": 7.080047281386112,
      "h64_CRPS_uniform": 3.7974295103954887,
      "h64_MAE_gaussian": 5.19126924581526,
      "h64_RMSE_gaussian": 7.080167112224067,
      "h64_CRPS_gaussian": 3.7974345549498594
    },
    {
      "seed": 3,
      "eta": 11.239828109741211,
      "h32_MAE_uniform": 3.7259552279906143,
      "h32_RMSE_uniform": 5.0574060338433675,
      "h32_CRPS_uniform": 2.7165422087416573,
      "h32_MAE_gaussian": 3.7259762224790514,
      "h32_RMSE_gaussian": 5.057319702741219,
      "h32_CRPS_gaussian": 2.716443556876129,
      "h64_MAE_uniform": 5.204868033940186,
      "h64_RMSE_uniform": 7.086405192983249,
      "h64_CRPS_uniform": 3.8083771235627637,
      "h64_MAE_gaussian": 5.204892340014055,
      "h64_RMSE_gaussian": 7.086326275236254,
      "h64_CRPS_gaussian": 3.8082128253520295
    },
    {
      "seed": 4,
      "eta": 11.165488243103027,
      "h32_MAE_uniform": 3.7200249968216594,
      "h32_RMSE_uniform": 5.045956105135811,
      "h32_CRPS_uniform": 2.718686260758659,
      "h32_MAE_gaussian": 3.7200660761491746,
      "h32_RMSE_gaussian": 5.0459300008105465,
      "h32_CRPS_gaussian": 2.7186404907369024,
      "h64_MAE_uniform": 5.1965326860638825,
      "h64_RMSE_uniform": 7.084387572622855,
      "h64_CRPS_uniform": 3.8113573351538435,
      "h64_MAE_gaussian": 5.196524574591107,
      "h64_RMSE_gaussian": 7.084322819305803,
      "h64_CRPS_gaussian": 3.811235371449527
    }
  ]
}