{
  "baseline": {
    "MAE_h32": 3.7316868595980903,
    "RMSE_h32": 5.068157455771573,
    "CRPS_h32": 3.7316868595980903,
    "MAE_h64": 5.301255779606787,
    "RMSE_h64": 7.180981683588902,
    "CRPS_h64": 5.301255779606787
  },
  "h32_MAE_uniform": {
    "mean": 3.718309625347544,
    "std": 0.004041744434689156
  },
  "h32_RMSE_uniform": {
    "mean": 5.083837592744573,
    "std": 0.005829863491460369
  },
  "h32_CRPS_uniform": {
    "mean": 2.71683223096029,
    "std": 0.002547673647694252
  },
  "h32_MAE_gaussian": {
    "mean": 3.7184022056680917,
    "std": 0.0040392886109634
  },
  "h32_RMSE_gaussian": {
    "mean": 5.08392560518822,
    "std": 0.005886637907580645
  },
  "h32_CRPS_gaussian": {
    "mean": 2.716819461149271,
    "std": 0.0025460859581692094
  },
  "h64_MAE_uniform": {
    "mean": 5.258564194205155,
    "std": 0.01071066886795754
  },
  "h64_RMSE_uniform": {
    "mean": 7.1955155116935625,
    "std": 0.007376705609266005
  },
  "h64_CRPS_uniform": {
    "mean": 3.8453614539187355,
    "std": 0.0045834619781740735
  },
  "h64_MAE_gaussian": {
    "mean": 5.258662512045215,
    "std": 0.010744461777705822
  },
  "h64_RMSE_gaussian": {
    "mean": 7.195596442872501,
    "std": 0.007454421047441884
  },
  "h64_CRPS_gaussian": {
    "mean": 3.845304884007578,
    "std": 0.0045836864131605015
  },
  "per_seed": [
    {
      "seed": 0,
      "eta": 11.233633041381836,
      "h32_MAE_uniform": 3.7155404618909316,
      "h32_RMSE_uniform": 5.079699185320069,
      "h32_CRPS_uniform": 2.7155600781109115,
      "h32_MAE_gaussian": 3.715729068846084,
      "h32_RMSE_gaussian": 5.079884058690091,
      "h32_CRPS_gaussian": 2.7156083031165963,
      "h64_MAE_uniform": 5.261243930020088,
      "h64_RMSE_uniform": 7.200198942152577,
      "h64_CRPS_uniform": 3.847748996564519,
      "h64_MAE_gaussian": 5.261414171710196,
      "h64_RMSE_gaussian": 7.200323271842675,
      "h64_CRPS_gaussian": 3.8477382435931986
    },
    {
      "seed": 1,
      "eta": 11.259024620056152,
      "h32_MAE_uniform": 3.7243245137324887,
      "h32_RMSE_uniform": 5.082832102326108,
      "h32_CRPS_uniform": 2.714572645468593,
      "h32_MAE_gaussian": 3.724366316287041,
      "h32_RMSE_gaussian": 5.082870951581368,
      "h32_CRPS_gaussian": 2.714523408529658,
      "h64_MAE_uniform": 5.278325588306998,
      "h64_RMSE_uniform": 7.20524112775692,
      "h64_CRPS_uniform": 3.8366230462940507,
      "h64_MAE_gaussian": 5.278459570796681,
      "h64_RMSE_gaussian": 7.205412694975835,
      "h64_CRPS_gaussian": 3.8365584377174855
    },
    {
      "seed": 2,
      "eta": 11.002490043640137,
      "h32_MAE_uniform": 3.7219628480433347,
      "h32_RMSE_uniform": 5.094811355467359,
      "h32_CRPS_uniform": 2.7206974775394883,
      "h32_MAE_gaussian": 3.7221104331572725,
      "h32_RMSE_gaussian": 5.094996911228769,
      "h32_CRPS_gaussian": 2.7207384219743744,
      "h64_MAE_uniform": 5.252890769436258,
      "h64_RMSE_uniform": 7.197584396588328,
      "h64_CRPS_uniform": 3.8449575552624538,
      "h64_MAE_gaussian": 5.252974918081517,
      "h64_RMSE_gaussian": 7.197667990608592,
      "h64_CRPS_gaussian": 3.844913350586353
    },
    {
      "seed": 3,
      "eta": 11.189620971679688,
      "h32_MAE_uniform": 3.7142738211598862,
      "h32_RMSE_uniform": 5.08360426281977,
      "h32_CRPS_uniform": 2.714348867182821,
      "h32_MAE_gaussian": 3.714346895552507,
      "h32_RMSE_gaussian": 5.083712162351067,
      "h32_CRPS_gaussian": 2.7143518407115153,
      "h64_MAE_uniform": 5.2514318887812355,
      "h64_RMSE_uniform": 7.190061811048762,
      "h64_CRPS_uniform": 3.8486944464464727,
      "h64_MAE_gaussian": 5.251501722306468,
      "h64_RMSE_gaussian": 7.1901896450622,
      "h64_CRPS_gaussian": 3.8486635248550556
    },
    {
      "seed": 4,
      "eta": 11.117481231689453,
      "h32_MAE_uniform": 3.71544648191108,
      "h32_RMSE_uniform": 5.078241057789559,
      "h32_CRPS_uniform": 2.7189820864996364,
      "h32_MAE_gaussian": 3.7154583144975524,
      "h32_RMSE_gaussian": 5.078163942089807,
      "h32_CRPS_gaussian": 2.7188753314142105,
      "h64_MAE_uniform": 5.248928794481191,
      "h64_RMSE_uniform": 7.184491280921225,
      "h64_CRPS_uniform": 3.8487832250261818,
      "h64_MAE_gaussian": 5.248962177331217,
      "h64_RMSE_gaussian": 7.184388611873201,
      "h64_CRPS_gaussian": 3.8486508632857976
    }
  ]
}