{
  "B_log_ret_hist": {
    "name": "Log-return histogram",
    "mse": {
      "mean": 0.45170973758881,
      "std": 0.02798880050206754,
      "per_seed": [
        0.43316826019188176,
        0.4899853276120454,
        0.47516241396568065,
        0.44780080223352164,
        0.4124318839409204
      ]
    },
    "pct": {
      "mean": 5.428969783810503,
      "std": 0.18522784057318298,
      "per_seed": [
        5.499636193525735,
        5.328473873088411,
        5.620643564500173,
        5.578935031504908,
        5.117160256433287
      ]
    },
    "nrmse": {
      "mean": 2.778662268445473,
      "std": 0.08179998362523715,
      "per_seed": [
        2.722498947090775,
        2.9293033672597573,
        2.7860089599601956,
        2.762181430754824,
        2.693318637161813
      ]
    }
  },
  "B_qq_plot": {
    "name": "QQ plot",
    "mse": {
      "mean": 4.594317166892859e-08,
      "std": 2.1221756289692883e-09,
      "per_seed": [
        4.594517068762893e-08,
        4.815790924743679e-08,
        4.771143889519442e-08,
        4.575983859165453e-08,
        4.214150092272828e-08
      ]
    },
    "pct": {
      "mean": 6.021612351955926,
      "std": 0.643517593287299,
      "per_seed": [
        6.81284515994431,
        6.335835602422275,
        5.2125783276259305,
        6.442312484854453,
        5.3044901849326624
      ]
    },
    "nrmse": {
      "mean": 0.970063743663033,
      "std": 0.023231351506313662,
      "per_seed": [
        0.970068333553342,
        0.9908851233264164,
        0.9842084398188363,
        0.979535807126114,
        0.925621014490456
      ]
    }
  },
  "B_acf_abs_r": {
    "name": "ACF |r|",
    "mse": {
      "mean": 5.13999884093183e-05,
      "std": 1.0804911496188515e-05,
      "per_seed": [
        6.760107323955249e-05,
        5.207613400552195e-05,
        5.744049268575749e-05,
        4.323499915134469e-05,
        3.6647242964414867e-05
      ]
    },
    "pct": {
      "mean": 37.08538850133917,
      "std": 3.059339014122883,
      "per_seed": [
        38.56805704742477,
        40.982122511221995,
        38.65812219609809,
        34.787315188437354,
        32.43132556351364
      ]
    },
    "nrmse": {
      "mean": 29.460439098195177,
      "std": 2.6036567167864075,
      "per_seed": [
        32.21458110664655,
        31.052253717433352,
        31.38729453618395,
        26.76511810536042,
        25.882948025351627
      ]
    }
  },
  "B_acf_sq_r": {
    "name": "ACF r\u00b2",
    "mse": {
      "mean": 2.480673786701513e-05,
      "std": 6.519431997281647e-06,
      "per_seed": [
        3.5711552554504326e-05,
        2.4017112081712388e-05,
        2.7006183282790727e-05,
        2.1130731476263603e-05,
        1.616810993980462e-05
      ]
    },
    "pct": {
      "mean": 24.388737343554123,
      "std": 3.1272317507944574,
      "per_seed": [
        24.846598749998712,
        28.577975755612094,
        26.754881445561974,
        21.57026635494567,
        20.19396441165216
      ]
    },
    "nrmse": {
      "mean": 19.098431068513495,
      "std": 2.5241874443838905,
      "per_seed": [
        21.49327470988589,
        21.030612354466083,
        20.92792994518955,
        16.232950590919074,
        15.807387742106883
      ]
    }
  },
  "B_roll_vol_hist": {
    "name": "Rolling vol histogram",
    "mse": {
      "mean": 8.514096044506479,
      "std": 0.7580376247773002,
      "per_seed": [
        9.402419294698046,
        8.258238403982666,
        9.416831560434865,
        7.858681073720979,
        7.6343098896958415
      ]
    },
    "pct": {
      "mean": 11.695771006903867,
      "std": 1.165020183469139,
      "per_seed": [
        12.718662500351602,
        10.82935189959974,
        13.362656041536622,
        10.260379969970783,
        11.307804623060582
      ]
    },
    "nrmse": {
      "mean": 5.275185548462605,
      "std": 0.3033886766635421,
      "per_seed": [
        5.628306439606036,
        5.238161695801297,
        5.617652685071393,
        4.9491584721958795,
        4.942648449638417
      ]
    }
  },
  "B_tail_surv": {
    "name": "Tail survival",
    "mse": {
      "mean": 6.896139695246155e-05,
      "std": 8.098493895447392e-06,
      "per_seed": [
        6.118601793352749e-05,
        8.3835100900491e-05,
        6.373134945357459e-05,
        7.095520988762063e-05,
        6.5099306587094e-05
      ]
    },
    "pct": {
      "mean": 3.3450417159973207,
      "std": 0.11444439034913616,
      "per_seed": [
        3.264706911130206,
        3.556972306784046,
        3.3619989574741216,
        3.3081669884520335,
        3.2333634161461964
      ]
    },
    "nrmse": {
      "mean": 1.4492611636277384,
      "std": 0.08321350985901962,
      "per_seed": [
        1.3672651644037181,
        1.6007171065766501,
        1.3953517268041582,
        1.4725749601860234,
        1.4103968601681425
      ]
    }
  }
}