{
  "B_log_ret_hist": {
    "name": "Log-return histogram",
    "mse": {
      "mean": 1.4285450000000002,
      "std": 0.08168222313943224,
      "per_seed": [
        1.3366866143664176,
        1.4888690762300936,
        1.5409821848231913,
        1.4578782529336105,
        1.3183139535273793
      ]
    },
    "pct": {
      "mean": 5.346194,
      "std": 0.16811,
      "per_seed": [
        5.277240676123247,
        5.153159245784677,
        5.444278702486099,
        5.623382823678184,
        5.232910720896283
      ]
    }
  },
  "B_qq_plot": {
    "name": "QQ plot",
    "mse": {
      "mean": 0.0,
      "std": 0.0,
      "per_seed": [
        1.3773211234581326e-07,
        1.4781538826038847e-07,
        1.3990142092088397e-07,
        1.4605598549329951e-07,
        1.3108442495706614e-07
      ]
    },
    "pct": {
      "mean": 5.993916,
      "std": 0.595113,
      "per_seed": [
        6.646759280416492,
        6.443825620241457,
        5.316612518891614,
        6.325677092275568,
        5.236706131252482
      ]
    }
  },
  "B_acf_abs_r": {
    "name": "ACF |r| lags 1-20",
    "mse": {
      "mean": 0.000192,
      "std": 2.7658633371878662e-05,
      "per_seed": [
        0.0002452711892970754,
        0.00020675907449788325,
        0.0002036697710860317,
        0.00015648999659328798,
        0.00014915334006996016
      ]
    },
    "pct": {
      "mean": 42.327198,
      "std": 2.739726,
      "per_seed": [
        43.688209769175835,
        45.7101504707983,
        43.86567495403676,
        40.218533429166406,
        38.15342259693415
      ]
    }
  },
  "B_acf_sq_r": {
    "name": "ACF r^2 lags 1-20",
    "mse": {
      "mean": 8.9e-05,
      "std": 1.70293863659264e-05,
      "per_seed": [
        0.0001231362122546748,
        0.00010437452125865511,
        9.179429447113962e-05,
        6.308627246389927e-05,
        6.456158850978406e-05
      ]
    },
    "pct": {
      "mean": 32.246968,
      "std": 2.974383,
      "per_seed": [
        32.7297565688505,
        36.01406213395457,
        34.652963122914244,
        29.88637292317229,
        27.95168311283767
      ]
    }
  },
  "B_roll_vol_hist": {
    "name": "Rolling vol histogram",
    "mse": {
      "mean": 26.519873000000004,
      "std": 2.636037253314338,
      "per_seed": [
        29.117615047418784,
        26.162251302784977,
        29.942717697723094,
        23.321065740848532,
        24.05571459979343
      ]
    },
    "pct": {
      "mean": 11.576897,
      "std": 1.144492,
      "per_seed": [
        12.569836955101204,
        10.796940964723042,
        13.206049249254518,
        10.106200774513693,
        11.205456302139236
      ]
    }
  },
  "B_tail_surv": {
    "name": "Tail survival",
    "mse": {
      "mean": 0.000216,
      "std": 2.5e-05,
      "per_seed": [
        0.00019164255584787785,
        0.00026244288256555145,
        0.0001992271909430495,
        0.00022278655372055716,
        0.00020410168700743113
      ]
    },
    "pct": {
      "mean": 3.387612,
      "std": 0.129305,
      "per_seed": [
        3.286965821385336,
        3.633109390771904,
        3.377294937147007,
        3.365314264766851,
        3.2753751676108207
      ]
    }
  }
}