{
  "B_log_ret_hist": {
    "name": "Log-return histogram",
    "mse": {
      "mean": 0.45170973758881,
      "std": 0.02798880050206754,
      "per_seed": [
        0.43316826019188176,
        0.4899853276120454,
        0.47516241396568065,
        0.44780080223352164,
        0.4124318839409204
      ]
    },
    "pct": {
      "mean": 268.8265687253196,
      "std": 57.811558199537174,
      "per_seed": [
        299.47315211277515,
        153.973096503703,
        286.05320139801154,
        297.821481480923,
        306.8119121311852
      ]
    },
    "nrmse": {
      "mean": 19.637444917270077,
      "std": 1.129089802803232,
      "per_seed": [
        19.255509769355942,
        19.74236364895258,
        21.499902784523858,
        19.708371953261352,
        17.981076430256653
      ]
    }
  },
  "B_qq_plot": {
    "name": "QQ plot",
    "mse": {
      "mean": 4.594317166892859e-08,
      "std": 2.1221756289692883e-09,
      "per_seed": [
        4.594517068762893e-08,
        4.815790924743679e-08,
        4.771143889519442e-08,
        4.575983859165453e-08,
        4.214150092272828e-08
      ]
    },
    "pct": {
      "mean": 18.785324246838606,
      "std": 0.38585449703545577,
      "per_seed": [
        18.212203859481303,
        19.22225084624982,
        19.016302802133513,
        19.027071503881256,
        18.448792222447135
      ]
    },
    "nrmse": {
      "mean": 1.1320338790011815,
      "std": 0.08231616882565349,
      "per_seed": [
        1.1216815638681388,
        1.234288022650604,
        1.1894332664819272,
        0.9907628473462733,
        1.124003694658964
      ]
    }
  },
  "B_acf_abs_r": {
    "name": "ACF |r|",
    "mse": {
      "mean": 5.13999884093183e-05,
      "std": 1.0804911496188515e-05,
      "per_seed": [
        6.760107323955249e-05,
        5.207613400552195e-05,
        5.744049268575749e-05,
        4.323499915134469e-05,
        3.6647242964414867e-05
      ]
    },
    "pct": {
      "mean": 140.82819016149955,
      "std": 27.272854470105543,
      "per_seed": [
        192.86446204805122,
        126.23783163604834,
        116.35254320379188,
        141.933169004418,
        126.75294491518848
      ]
    },
    "nrmse": {
      "mean": 56.86365098279307,
      "std": 12.247667855892011,
      "per_seed": [
        78.12640224595064,
        48.600640046298224,
        60.142733578022046,
        55.29662409665042,
        42.151854947043994
      ]
    }
  },
  "B_acf_sq_r": {
    "name": "ACF r\u00b2",
    "mse": {
      "mean": 2.480673786701513e-05,
      "std": 6.519431997281647e-06,
      "per_seed": [
        3.5711552554504326e-05,
        2.4017112081712388e-05,
        2.7006183282790727e-05,
        2.1130731476263603e-05,
        1.616810993980462e-05
      ]
    },
    "pct": {
      "mean": 377.6846153327701,
      "std": 66.30857573566172,
      "per_seed": [
        499.7930161114198,
        320.4863116723817,
        393.3098477995174,
        349.96507894237646,
        324.86882213815505
      ]
    },
    "nrmse": {
      "mean": 44.11770322982029,
      "std": 7.818263377191501,
      "per_seed": [
        58.1834376348566,
        37.99258243136516,
        44.113302823079245,
        44.552576455356025,
        35.74661680444443
      ]
    }
  },
  "B_roll_vol_hist": {
    "name": "Rolling vol histogram",
    "mse": {
      "mean": 8.514096044506479,
      "std": 0.7580376247773002,
      "per_seed": [
        9.402419294698046,
        8.258238403982666,
        9.416831560434865,
        7.858681073720979,
        7.6343098896958415
      ]
    },
    "pct": {
      "mean": 113.03803745517196,
      "std": 12.884712088887316,
      "per_seed": [
        94.86026538959926,
        100.63528154415069,
        118.80998262943818,
        126.98684094541046,
        123.8978167672612
      ]
    },
    "nrmse": {
      "mean": 18.809823767832647,
      "std": 0.7513435173891853,
      "per_seed": [
        18.41310574836264,
        17.904316131757284,
        18.685584102446647,
        20.160402091688937,
        18.885710764907746
      ]
    }
  },
  "B_tail_surv": {
    "name": "Tail survival",
    "mse": {
      "mean": 6.896139695246155e-05,
      "std": 8.098493895447392e-06,
      "per_seed": [
        6.118601793352749e-05,
        8.3835100900491e-05,
        6.373134945357459e-05,
        7.095520988762063e-05,
        6.5099306587094e-05
      ]
    },
    "pct": {
      "mean": 3.279788713885354,
      "std": 0.1161203663374994,
      "per_seed": [
        3.1935773732324555,
        3.497040050731739,
        3.2852539612382743,
        3.253023735372544,
        3.1700484488517575
      ]
    },
    "nrmse": {
      "mean": 1.4492611636277384,
      "std": 0.08321350985901962,
      "per_seed": [
        1.3672651644037181,
        1.6007171065766501,
        1.3953517268041582,
        1.4725749601860234,
        1.4103968601681425
      ]
    }
  }
}