{
  "seed": 4,
  "A1_kurtosis_error": 0.3438832036499564,
  "A2_abs_r_q95_error": 0.00038810237472848563,
  "A3_abs_r_q99_error": 0.001178138957772877,
  "A4_tail_qq_error": 0.00037075790377240624,
  "A5_hill_tail_index_error": 0.8400350617197176,
  "A6_path_mmd2": 0.002298104339246654,
  "A7_terminal_mmd2": 0.0018565338791315389,
  "A8_increment_mmd2": 0.0010109000794980005,
  "A9_volatility_mmd": 0.01660971086151225,
  "A10_terminal_swd": 1.3233480824794817,
  "A11_path_swd": 0.761643632754964,
  "A12_rv_law_loss": 0.24301123235589395,
  "A13_mean_path_rmse": 0.11223097022715597,
  "A14_ks_logreturns": 0.012252206877460647,
  "A15_skewness_error": 0.020619066737237922,
  "A16_qq_rmse": 0.00032424647660237566,
  "A17_terminal_ks": 0.0091552734375,
  "A18_disc_score_gru": 0.004425,
  "A18_disc_score_mlp": 0.006866,
  "A19_pred_score_gru": 0.050015,
  "A19_pred_score_mlp": 0.049901,
  "A20_cov_error": 11.413726975852313,
  "A21_acf_abs": 0.010941020313635768,
  "A22_acf_sq": 0.004736142725161541,
  "A23_acf_lag1_abs_error": 0.011159621486865313,
  "A24_acf_lag1_sq_error": 0.002797006423936016,
  "A25_mean_rmse": 0.1062616741868112,
  "A26_std_error": 0.005068595563179512,
  "A27_logreturn_std_error": 9.231609539550947e-06,
  "A28_kurtosis_ratio": 1.5123559844073748,
  "A29_sigma_mean_error": 0.00147198823465991,
  "A30_vol_path_rmse": 0.2976404257575891,
  "A31_rolling_vol_ks": 0.03563857660060976,
  "A32_vol_of_vol_error": 0.0002988483995451747,
  "A33_sigma_corr": 0.0015871200383816351,
  "A34_sigma_rmse": 0.09534562235104174,
  "compute_time_sec": 48.51,
  "B_log_ret_hist_funct": 0.9685938406213893,
  "B_log_ret_hist_der": 0.09040108762850378,
  "B_log_ret_hist_sec_der": 0.17830072357286791,
  "B_log_ret_hist_funct_pct": 5.117160256433287,
  "B_log_ret_hist_der_pct": 37.20431133169256,
  "B_log_ret_hist_sec_der_pct": 717116.9390228167,
  "B_log_ret_hist_funct_nrmse": 2.693318637161813,
  "B_log_ret_hist_der_nrmse": 16.333771792907267,
  "B_log_ret_hist_sec_der_nrmse": 34.916138860700876,
  "B_qq_plot_funct": 1.1589605514756622e-07,
  "B_qq_plot_der": 8.553065300023512e-09,
  "B_qq_plot_sec_der": 1.9753823205950856e-09,
  "B_qq_plot_funct_pct": 5.3044901849326624,
  "B_qq_plot_der_pct": 4.537716264061644,
  "B_qq_plot_sec_der_pct": 77.1117604944393,
  "B_qq_plot_funct_nrmse": 0.925621014490456,
  "B_qq_plot_der_nrmse": 1.2896062140117082,
  "B_qq_plot_sec_der_nrmse": 1.1567838554747278,
  "B_acf_abs_r_funct": 9.610852657678333e-05,
  "B_acf_abs_r_der": 3.6575609578215805e-06,
  "B_acf_abs_r_sec_der": 1.0175641358639691e-05,
  "B_acf_abs_r_funct_pct": 32.43132556351364,
  "B_acf_abs_r_der_pct": 123.70796044331978,
  "B_acf_abs_r_sec_der_pct": 226.50949535466148,
  "B_acf_abs_r_funct_nrmse": 25.882948025351627,
  "B_acf_abs_r_der_nrmse": 42.08926032353097,
  "B_acf_abs_r_sec_der_nrmse": 58.483356492249364,
  "B_acf_sq_r_funct": 2.9594445854425955e-05,
  "B_acf_sq_r_der": 5.043070476822581e-06,
  "B_acf_sq_r_sec_der": 1.3866813488165323e-05,
  "B_acf_sq_r_funct_pct": 20.19396441165216,
  "B_acf_sq_r_der_pct": 444.8457529294613,
  "B_acf_sq_r_sec_der_pct": 590.2761021992034,
  "B_acf_sq_r_funct_nrmse": 15.807387742106883,
  "B_acf_sq_r_der_nrmse": 39.79995235682917,
  "B_acf_sq_r_sec_der_nrmse": 51.63251031439723,
  "B_roll_vol_hist_funct": 19.07609237817962,
  "B_roll_vol_hist_der": 1.0493281486684831,
  "B_roll_vol_hist_sec_der": 2.777509142239422,
  "B_roll_vol_hist_funct_pct": 11.307804623060582,
  "B_roll_vol_hist_der_pct": 137.81086972430384,
  "B_roll_vol_hist_sec_der_pct": 256.14306000827463,
  "B_roll_vol_hist_funct_nrmse": 4.942648449638417,
  "B_roll_vol_hist_der_nrmse": 19.198068832702358,
  "B_roll_vol_hist_sec_der_nrmse": 32.51641501238246,
  "B_tail_surv_funct": 0.0001949633233319863,
  "B_tail_surv_der": 2.9229980676309217e-07,
  "B_tail_surv_sec_der": 4.2296622532625325e-08,
  "B_tail_surv_funct_pct": 3.2333634161461964,
  "B_tail_surv_der_pct": 4.767475374944471,
  "B_tail_surv_sec_der_pct": 13536.560282472677,
  "B_tail_surv_funct_nrmse": 1.4103968601681425,
  "B_tail_surv_der_nrmse": 56248.05075916781,
  "B_tail_surv_sec_der_nrmse": 21396.663538371253
}