{
  "seed": 4,
  "A1_kurtosis_error": 0.3435264743919144,
  "A2_abs_r_q95_error": 0.00031868742248905915,
  "A3_abs_r_q99_error": 0.0011633335472508652,
  "A4_tail_qq_error": 0.00033964574513367304,
  "A5_hill_tail_index_error": 1.4054956050952327,
  "A6_path_mmd2": 0.001516823099677711,
  "A7_terminal_mmd2": 0.0008478140964144898,
  "A8_increment_mmd2": 0.0009345886304199524,
  "A9_volatility_mmd": 0.013329187647058816,
  "A10_terminal_swd": 0.5172453331777528,
  "A11_path_swd": 0.3957483037633178,
  "A12_rv_law_loss": 0.233702996524694,
  "A13_mean_path_rmse": 0.05276575743418226,
  "A14_ks_logreturns": 0.011717788816437036,
  "A15_skewness_error": 0.02951814791157728,
  "A16_qq_rmse": 0.00032882720759747547,
  "A17_terminal_ks": 0.010986328125,
  "A18_disc_score_gru": 0.016936,
  "A18_disc_score_mlp": 0.001068,
  "A19_pred_score_gru": 0.053712,
  "A19_pred_score_mlp": 0.053605,
  "A20_cov_error": 5.406047657381578,
  "A21_acf_abs": 0.01348355616303022,
  "A22_acf_sq": 0.007696025558118615,
  "A23_acf_lag1_abs_error": 0.014837489088661407,
  "A24_acf_lag1_sq_error": 0.006902063086956449,
  "A25_mean_rmse": 0.09169589706627335,
  "A26_std_error": 0.006038171414578297,
  "A27_logreturn_std_error": 3.87020329986696e-05,
  "A28_kurtosis_ratio": 1.4833927563675315,
  "A29_sigma_mean_error": 0.0018308304598036729,
  "A30_vol_path_rmse": 0.08874789749137894,
  "A31_rolling_vol_ks": 0.03734259876778456,
  "A32_vol_of_vol_error": 0.000297853559055517,
  "A33_sigma_corr": -0.002793406192968757,
  "A34_sigma_rmse": 0.09542540213415336,
  "B_log_ret_hist_funct": 0.9634684655478881,
  "B_log_ret_hist_der": 0.10277742346256624,
  "B_log_ret_hist_sec_der": 0.2520680645169248,
  "B_log_ret_hist_funct_pct": 5.232910720896283,
  "B_log_ret_hist_der_pct": 51.26515491685281,
  "B_log_ret_hist_sec_der_pct": 123244.33416397782,
  "B_qq_plot_funct": 1.1905717742258516e-07,
  "B_qq_plot_der": 9.570113877310263e-09,
  "B_qq_plot_sec_der": 2.457133657170705e-09,
  "B_qq_plot_funct_pct": 5.236706131252482,
  "B_qq_plot_der_pct": 4.485389250673477,
  "B_qq_plot_sec_der_pct": 71.62998271812444,
  "B_acf_abs_r_funct": 0.00013918633876887853,
  "B_acf_abs_r_der": 2.8030532130871634e-06,
  "B_acf_abs_r_sec_der": 7.16394808799447e-06,
  "B_acf_abs_r_funct_pct": 38.15342259693415,
  "B_acf_abs_r_der_pct": 88.09069688767593,
  "B_acf_abs_r_sec_der_pct": 307.66487305838825,
  "B_acf_sq_r_funct": 5.2178647107981946e-05,
  "B_acf_sq_r_der": 3.3424856161787685e-06,
  "B_acf_sq_r_sec_der": 9.040455785623338e-06,
  "B_acf_sq_r_funct_pct": 27.95168311283767,
  "B_acf_sq_r_der_pct": 114.20771554851356,
  "B_acf_sq_r_sec_der_pct": 579.3091018753973,
  "B_roll_vol_hist_funct": 20.985098353114836,
  "B_roll_vol_hist_der": 0.9242732286094302,
  "B_roll_vol_hist_sec_der": 2.146343018069164,
  "B_roll_vol_hist_funct_pct": 11.205456302139236,
  "B_roll_vol_hist_der_pct": 126.45432833709525,
  "B_roll_vol_hist_sec_der_pct": 796.0472149043267,
  "B_tail_surv_funct": 0.00020376671077676056,
  "B_tail_surv_der": 2.9336829952330194e-07,
  "B_tail_surv_sec_der": 4.160793114729461e-08,
  "B_tail_surv_funct_pct": 3.2753751676108207,
  "B_tail_surv_der_pct": 4.764659019847801,
  "B_tail_surv_sec_der_pct": 13192.732278714195,
  "compute_time_sec": 48.01
}