{
  "seed": 3,
  "A1_kurtosis_error": 0.35732096076067066,
  "A2_abs_r_q95_error": 0.0002634457605470361,
  "A3_abs_r_q99_error": 0.0009113088746172879,
  "A4_tail_qq_error": 0.0003856141499404955,
  "A5_hill_tail_index_error": 1.3046789820507456,
  "A6_path_mmd2": 0.0014743089736899417,
  "A7_terminal_mmd2": 0.001981184555384541,
  "A8_increment_mmd2": 0.0008909529933363025,
  "A9_volatility_mmd": 0.014110782407384115,
  "A10_terminal_swd": 0.7868695756029248,
  "A11_path_swd": 0.39734074681735376,
  "A12_rv_law_loss": 0.21222424959032957,
  "A13_mean_path_rmse": 0.13566791184795754,
  "A14_ks_logreturns": 0.012715497354822802,
  "A15_skewness_error": 0.06205300786679155,
  "A16_qq_rmse": 0.0003582802609849436,
  "A17_terminal_ks": 0.015380859375,
  "A18_disc_score_gru": 0.009918,
  "A18_disc_score_mlp": 0.020293,
  "A19_pred_score_gru": 0.053716,
  "A19_pred_score_mlp": 0.054432,
  "A20_cov_error": 4.908417746138269,
  "A21_acf_abs": 0.013703642757404572,
  "A22_acf_sq": 0.007945116391446835,
  "A23_acf_lag1_abs_error": 0.016801707231025975,
  "A24_acf_lag1_sq_error": 0.009621837522423675,
  "A25_mean_rmse": 0.3224450054292163,
  "A26_std_error": 0.007084102838820661,
  "A27_logreturn_std_error": 7.852939756755606e-05,
  "A28_kurtosis_ratio": 1.494546485264459,
  "A29_sigma_mean_error": 0.0023656413025550938,
  "A30_vol_path_rmse": 0.12872119242045327,
  "A31_rolling_vol_ks": 0.038983104674796765,
  "A32_vol_of_vol_error": 0.00027782047883474856,
  "A33_sigma_corr": -0.0065302308884779125,
  "A34_sigma_rmse": 0.0958205855199926,
  "B_log_ret_hist_funct": 1.0147793895715653,
  "B_log_ret_hist_der": 0.12565528104963217,
  "B_log_ret_hist_sec_der": 0.31744358231241315,
  "B_log_ret_hist_funct_pct": 5.623382823678184,
  "B_log_ret_hist_der_pct": 108.99470710001209,
  "B_log_ret_hist_sec_der_pct": 49623.79321633821,
  "B_qq_plot_funct": 1.3718545275436883e-07,
  "B_qq_plot_der": 7.416802429074875e-09,
  "B_qq_plot_sec_der": 1.453730309855811e-09,
  "B_qq_plot_funct_pct": 6.325677092275568,
  "B_qq_plot_der_pct": 4.493695414852985,
  "B_qq_plot_sec_der_pct": 71.69990660654311,
  "B_acf_abs_r_funct": 0.00014635832477220132,
  "B_acf_abs_r_der": 2.87480499892581e-06,
  "B_acf_abs_r_sec_der": 7.256866822160834e-06,
  "B_acf_abs_r_funct_pct": 40.218533429166406,
  "B_acf_abs_r_der_pct": 88.05974720865969,
  "B_acf_abs_r_sec_der_pct": 215.7767106307026,
  "B_acf_sq_r_funct": 5.4109401031662203e-05,
  "B_acf_sq_r_der": 2.420754458482058e-06,
  "B_acf_sq_r_sec_der": 6.556116973755011e-06,
  "B_acf_sq_r_funct_pct": 29.88637292317229,
  "B_acf_sq_r_der_pct": 87.23054007368731,
  "B_acf_sq_r_sec_der_pct": 343.76350417891433,
  "B_roll_vol_hist_funct": 21.139303759176137,
  "B_roll_vol_hist_der": 0.7286649341356431,
  "B_roll_vol_hist_sec_der": 1.4530970475367497,
  "B_roll_vol_hist_funct_pct": 10.106200774513693,
  "B_roll_vol_hist_der_pct": 115.58527766985559,
  "B_roll_vol_hist_sec_der_pct": 352.9289565289901,
  "B_tail_surv_funct": 0.00022244697515797027,
  "B_tail_surv_der": 3.029010444600034e-07,
  "B_tail_surv_sec_der": 3.667751812688462e-08,
  "B_tail_surv_funct_pct": 3.365314264766851,
  "B_tail_surv_der_pct": 4.8076689432770126,
  "B_tail_surv_sec_der_pct": 12879.005785736425,
  "compute_time_sec": 47.79
}