{
  "seed": 0,
  "A1_kurtosis_error": 0.38968674541241244,
  "A2_abs_r_q95_error": 0.00044327475586091944,
  "A3_abs_r_q99_error": 0.001262853199443796,
  "A4_tail_qq_error": 0.0004329172697057224,
  "A5_hill_tail_index_error": 2.422975452198486,
  "A6_path_mmd2": 0.001848749130811539,
  "A7_terminal_mmd2": 0.0013074919562648946,
  "A8_increment_mmd2": 0.0009509250140502523,
  "A9_volatility_mmd": 0.0164837164488692,
  "A10_terminal_swd": 0.7123728219126255,
  "A11_path_swd": 0.5873158836798711,
  "A12_rv_law_loss": 0.24210848838736387,
  "A13_mean_path_rmse": 0.3062532510689278,
  "A14_ks_logreturns": 0.013001930056594446,
  "A15_skewness_error": 0.032283897796681435,
  "A16_qq_rmse": 0.00033765238555432796,
  "A17_terminal_ks": 0.0194091796875,
  "A18_disc_score_gru": 0.001373,
  "A18_disc_score_mlp": 0.00534,
  "A19_pred_score_gru": 0.053706,
  "A19_pred_score_mlp": 0.053751,
  "A20_cov_error": 14.489609115798714,
  "A21_acf_abs": 0.017585247742530022,
  "A22_acf_sq": 0.01169059216250348,
  "A23_acf_lag1_abs_error": 0.02984883000250548,
  "A24_acf_lag1_sq_error": 0.02196173934535728,
  "A25_mean_rmse": 0.5558654304880122,
  "A26_std_error": 0.002108996158879828,
  "A27_logreturn_std_error": 8.976115809850374e-06,
  "A28_kurtosis_ratio": 1.4794890655762472,
  "A29_sigma_mean_error": 0.0011096990865944734,
  "A30_vol_path_rmse": 0.2329791265879251,
  "A31_rolling_vol_ks": 0.04080423494664631,
  "A32_vol_of_vol_error": 0.00034730487261077237,
  "A33_sigma_corr": 0.0023591738945253206,
  "A34_sigma_rmse": 0.0944645270260811,
  "B_log_ret_hist_funct": 0.9787532196477268,
  "B_log_ret_hist_der": 0.10699947560675997,
  "B_log_ret_hist_sec_der": 0.2509339191119309,
  "B_log_ret_hist_funct_pct": 5.277240676123247,
  "B_log_ret_hist_der_pct": 39.012414767276695,
  "B_log_ret_hist_sec_der_pct": 18240.157497067612,
  "B_qq_plot_funct": 1.2623341296470817e-07,
  "B_qq_plot_der": 9.652296750018857e-09,
  "B_qq_plot_sec_der": 1.846402631086241e-09,
  "B_qq_plot_funct_pct": 6.646759280416492,
  "B_qq_plot_der_pct": 4.5459818504868155,
  "B_qq_plot_sec_der_pct": 60.20157512484442,
  "B_acf_abs_r_funct": 0.00020156177759352145,
  "B_acf_abs_r_der": 1.6056084764467486e-05,
  "B_acf_abs_r_sec_der": 2.7653326939086438e-05,
  "B_acf_abs_r_funct_pct": 43.688209769175835,
  "B_acf_abs_r_der_pct": 133.1688885079041,
  "B_acf_abs_r_sec_der_pct": 340.96746450941725,
  "B_acf_sq_r_funct": 8.596470463812918e-05,
  "B_acf_sq_r_der": 1.271334121764414e-05,
  "B_acf_sq_r_sec_der": 2.445816639890147e-05,
  "B_acf_sq_r_funct_pct": 32.7297565688505,
  "B_acf_sq_r_der_pct": 146.80820721635558,
  "B_acf_sq_r_sec_der_pct": 942.4627736342112,
  "B_roll_vol_hist_funct": 26.91476071354985,
  "B_roll_vol_hist_der": 0.8057854901349955,
  "B_roll_vol_hist_sec_der": 1.3970688437339411,
  "B_roll_vol_hist_funct_pct": 12.569836955101204,
  "B_roll_vol_hist_der_pct": 121.87258701924067,
  "B_roll_vol_hist_sec_der_pct": 378.1219568377709,
  "B_tail_surv_funct": 0.00019131460388230478,
  "B_tail_surv_der": 2.9472782187572463e-07,
  "B_tail_surv_sec_der": 3.3224143697343084e-08,
  "B_tail_surv_funct_pct": 3.286965821385336,
  "B_tail_surv_der_pct": 4.7812652164733995,
  "B_tail_surv_sec_der_pct": 11437.80835032625,
  "compute_time_sec": 57.57
}