{
  "seed": 2,
  "A1_kurtosis_error": 0.3779078744773736,
  "A2_abs_r_q95_error": 0.0004626299163544116,
  "A3_abs_r_q99_error": 0.0013658691743268295,
  "A4_tail_qq_error": 0.0004577963725771711,
  "A5_hill_tail_index_error": 1.686871605160185,
  "A6_path_mmd2": 0.001837707375688058,
  "A7_terminal_mmd2": 0.0018866712374592254,
  "A8_increment_mmd2": 0.0009245549995620106,
  "A9_volatility_mmd": 0.017250461268387696,
  "A10_terminal_swd": 1.212683031338288,
  "A11_path_swd": 0.5122682446710775,
  "A12_rv_law_loss": 0.25678595079691213,
  "A13_mean_path_rmse": 0.052239675202105124,
  "A14_ks_logreturns": 0.011316014087106363,
  "A15_skewness_error": 0.010901732892876562,
  "A16_qq_rmse": 0.00033558058630460294,
  "A17_terminal_ks": 0.0123291015625,
  "A18_disc_score_gru": 0.003509,
  "A18_disc_score_mlp": 0.00473,
  "A19_pred_score_gru": 0.053736,
  "A19_pred_score_mlp": 0.053921,
  "A20_cov_error": 15.613558215984028,
  "A21_acf_abs": 0.0175516965742773,
  "A22_acf_sq": 0.011699122091538536,
  "A23_acf_lag1_abs_error": 0.024946389021183513,
  "A24_acf_lag1_sq_error": 0.015947629343241235,
  "A25_mean_rmse": 0.13729184095817004,
  "A26_std_error": 0.00027378387381049585,
  "A27_logreturn_std_error": 3.0311799854857574e-05,
  "A28_kurtosis_ratio": 1.6839233169634362,
  "A29_sigma_mean_error": 0.0009516221344737785,
  "A30_vol_path_rmse": 0.27497321501358846,
  "A31_rolling_vol_ks": 0.040748658219004086,
  "A32_vol_of_vol_error": 0.00038930999222272673,
  "A33_sigma_corr": 0.002669494647376996,
  "A34_sigma_rmse": 0.09406985243678215,
  "B_log_ret_hist_funct": 1.0356950488939725,
  "B_log_ret_hist_der": 0.1382469876034273,
  "B_log_ret_hist_sec_der": 0.36704014832579146,
  "B_log_ret_hist_funct_pct": 5.444278702486099,
  "B_log_ret_hist_der_pct": 146.9592811295471,
  "B_log_ret_hist_sec_der_pct": 148978.39712310967,
  "B_qq_plot_funct": 1.2766557023979842e-07,
  "B_qq_plot_der": 1.024014464381109e-08,
  "B_qq_plot_sec_der": 1.995706037274461e-09,
  "B_qq_plot_funct_pct": 5.316612518891614,
  "B_qq_plot_der_pct": 4.772614013105389,
  "B_qq_plot_sec_der_pct": 76.58383385472656,
  "B_acf_abs_r_funct": 0.00019270096083763018,
  "B_acf_abs_r_der": 3.908387146370346e-06,
  "B_acf_abs_r_sec_der": 7.060423102031169e-06,
  "B_acf_abs_r_funct_pct": 43.86567495403676,
  "B_acf_abs_r_der_pct": 94.36702613762633,
  "B_acf_abs_r_sec_der_pct": 165.25476040221102,
  "B_acf_sq_r_funct": 8.27693021473923e-05,
  "B_acf_sq_r_der": 2.716560503953888e-06,
  "B_acf_sq_r_sec_der": 6.30843181979343e-06,
  "B_acf_sq_r_funct_pct": 34.652963122914244,
  "B_acf_sq_r_der_pct": 68.74249312637927,
  "B_acf_sq_r_sec_der_pct": 775.9764433997578,
  "B_roll_vol_hist_funct": 26.883736375760282,
  "B_roll_vol_hist_der": 0.9883782070876094,
  "B_roll_vol_hist_sec_der": 2.070603114875201,
  "B_roll_vol_hist_funct_pct": 13.206049249254518,
  "B_roll_vol_hist_der_pct": 148.61234229558107,
  "B_roll_vol_hist_sec_der_pct": 394.9155033153209,
  "B_tail_surv_funct": 0.00019886878564084418,
  "B_tail_surv_der": 3.1667777653194895e-07,
  "B_tail_surv_sec_der": 4.172752567338452e-08,
  "B_tail_surv_funct_pct": 3.377294937147007,
  "B_tail_surv_der_pct": 4.930177185038655,
  "B_tail_surv_sec_der_pct": 13389.607584626521,
  "compute_time_sec": 48.66
}