{
  "seed": 3,
  "A1_kurtosis_error": 0.35767769001871264,
  "A2_abs_r_q95_error": 0.0003328607127864626,
  "A3_abs_r_q99_error": 0.0009261142851392998,
  "A4_tail_qq_error": 0.0003729523166751063,
  "A5_hill_tail_index_error": 0.7392184386752305,
  "A6_path_mmd2": 0.0021003065502598617,
  "A7_terminal_mmd2": 0.0013804539230878876,
  "A8_increment_mmd2": 0.0009315770988556071,
  "A9_volatility_mmd": 0.013108748932862235,
  "A10_terminal_swd": 0.5024695947123812,
  "A11_path_swd": 0.6019918193120115,
  "A12_rv_law_loss": 0.21989887891955243,
  "A13_mean_path_rmse": 0.0692923905348133,
  "A14_ks_logreturns": 0.013247993048720486,
  "A15_skewness_error": 0.05315392669245219,
  "A16_qq_rmse": 0.00034867527436102663,
  "A17_terminal_ks": 0.0123291015625,
  "A18_disc_score_gru": 0.005951,
  "A18_disc_score_mlp": 0.005951,
  "A19_pred_score_gru": 0.05002,
  "A19_pred_score_mlp": 0.050198,
  "A20_cov_error": 10.916097064609005,
  "A21_acf_abs": 0.011161106908010119,
  "A22_acf_sq": 0.004985233558489761,
  "A23_acf_lag1_abs_error": 0.013123839629229882,
  "A24_acf_lag1_sq_error": 0.005516780859403242,
  "A25_mean_rmse": 0.12448743417613173,
  "A26_std_error": 0.0061145269874218755,
  "A27_logreturn_std_error": 4.90589741084374e-05,
  "A28_kurtosis_ratio": 1.523727489744257,
  "A29_sigma_mean_error": 0.002006799077411331,
  "A30_vol_path_rmse": 0.34358281046819816,
  "A31_rolling_vol_ks": 0.0371143372078252,
  "A32_vol_of_vol_error": 0.0002788153193244063,
  "A33_sigma_corr": -0.010364312012894792,
  "A34_sigma_rmse": 0.096107795827808,
  "compute_time_sec": 48.96,
  "B_log_ret_hist_funct": 1.0187570636908807,
  "B_log_ret_hist_der": 0.1034313641765914,
  "B_log_ret_hist_sec_der": 0.221213978833093,
  "B_log_ret_hist_funct_pct": 5.5167262942445925,
  "B_log_ret_hist_der_pct": 45.460287368209656,
  "B_log_ret_hist_sec_der_pct": 842.4874307803148,
  "B_log_ret_hist_funct_nrmse": 2.762181430754824,
  "B_log_ret_hist_der_nrmse": 17.471322571500497,
  "B_log_ret_hist_sec_der_nrmse": 38.89161185752873,
  "B_qq_plot_funct": 1.2979049078273516e-07,
  "B_qq_plot_der": 6.33931817365054e-09,
  "B_qq_plot_sec_der": 1.1497068185778714e-09,
  "B_qq_plot_funct_pct": 5.9598350884554625,
  "B_qq_plot_der_pct": 4.460274761896049,
  "B_qq_plot_sec_der_pct": 46.661104661292256,
  "B_qq_plot_funct_nrmse": 0.979535807126114,
  "B_qq_plot_der_nrmse": 1.1102416054367,
  "B_qq_plot_sec_der_nrmse": 0.8825111294760062,
  "B_acf_abs_r_funct": 0.00010277151695368965,
  "B_acf_abs_r_der": 6.561933430450464e-06,
  "B_acf_abs_r_sec_der": 2.037154706989395e-05,
  "B_acf_abs_r_funct_pct": 34.711252634762545,
  "B_acf_abs_r_der_pct": 148.06423010163874,
  "B_acf_abs_r_sec_der_pct": 243.0240242768527,
  "B_acf_abs_r_funct_nrmse": 26.76511810536042,
  "B_acf_abs_r_der_nrmse": 56.37563117015182,
  "B_acf_abs_r_sec_der_nrmse": 82.74912301443901,
  "B_acf_sq_r_funct": 3.12093650644971e-05,
  "B_acf_sq_r_der": 7.501286611179349e-06,
  "B_acf_sq_r_sec_der": 2.468154275311436e-05,
  "B_acf_sq_r_funct_pct": 21.518555608889276,
  "B_acf_sq_r_der_pct": 716.0362432862419,
  "B_acf_sq_r_sec_der_pct": 312.34043793199805,
  "B_acf_sq_r_funct_nrmse": 16.232950590919074,
  "B_acf_sq_r_der_nrmse": 48.54035108296262,
  "B_acf_sq_r_sec_der_nrmse": 68.88442769218639,
  "B_roll_vol_hist_funct": 19.126376178966513,
  "B_roll_vol_hist_der": 1.1478698392036761,
  "B_roll_vol_hist_sec_der": 3.3017972029927476,
  "B_roll_vol_hist_funct_pct": 10.15454377507429,
  "B_roll_vol_hist_der_pct": 135.03213572968235,
  "B_roll_vol_hist_sec_der_pct": 235.77384333147475,
  "B_roll_vol_hist_funct_nrmse": 4.9491584721958795,
  "B_roll_vol_hist_der_nrmse": 20.0792832076557,
  "B_roll_vol_hist_sec_der_nrmse": 35.452764595215235,
  "B_tail_surv_funct": 0.00021253236604975589,
  "B_tail_surv_der": 2.986584571336094e-07,
  "B_tail_surv_sec_der": 3.4605155972393537e-08,
  "B_tail_surv_funct_pct": 3.253023735372544,
  "B_tail_surv_der_pct": 4.7904475531685,
  "B_tail_surv_sec_der_pct": 9795574.324489076,
  "B_tail_surv_funct_nrmse": 1.4725749601860234,
  "B_tail_surv_der_nrmse": 56856.56541314608,
  "B_tail_surv_sec_der_nrmse": 19353.682773014945
}