{
  "seed": 1,
  "A1_kurtosis_error": 0.3719499073145913,
  "A2_abs_r_q95_error": 0.00023088104326958112,
  "A3_abs_r_q99_error": 0.0010172619011930006,
  "A4_tail_qq_error": 0.0002861575801423634,
  "A5_hill_tail_index_error": 1.5650243500308854,
  "A6_path_mmd2": 0.0015716268514622822,
  "A7_terminal_mmd2": 0.0020344850038414575,
  "A8_increment_mmd2": 0.001005476427238472,
  "A9_volatility_mmd": 0.015596503023824482,
  "A10_terminal_swd": 0.5744920878773148,
  "A11_path_swd": 0.4565333053876264,
  "A12_rv_law_loss": 0.22509242593913148,
  "A13_mean_path_rmse": 0.1360529055488861,
  "A14_ks_logreturns": 0.012228177288385822,
  "A15_skewness_error": 0.03295245839247855,
  "A16_qq_rmse": 0.0003514363290559995,
  "A17_terminal_ks": 0.01513671875,
  "A18_disc_score_gru": 0.009002,
  "A18_disc_score_mlp": 0.001678,
  "A19_pred_score_gru": 0.050009,
  "A19_pred_score_mlp": 0.050147,
  "A20_cov_error": 3.6988318466941905,
  "A21_acf_abs": 0.01252779687000653,
  "A22_acf_sq": 0.0065678588809797945,
  "A23_acf_lag1_abs_error": 0.015426415442012502,
  "A24_acf_lag1_sq_error": 0.007324596124845907,
  "A25_mean_rmse": 0.31536320537574625,
  "A26_std_error": 0.010701222864611726,
  "A27_logreturn_std_error": 7.516817760149994e-05,
  "A28_kurtosis_ratio": 1.5619787683294362,
  "A29_sigma_mean_error": 0.0024039891390282286,
  "A30_vol_path_rmse": 0.13906388298243186,
  "A31_rolling_vol_ks": 0.03917762322154475,
  "A32_vol_of_vol_error": 0.0002872494719346934,
  "A33_sigma_corr": -0.005409662190338754,
  "A34_sigma_rmse": 0.09572517076098741,
  "compute_time_sec": 48.68,
  "B_log_ret_hist_funct": 1.145763365362201,
  "B_log_ret_hist_der": 0.10845333802427305,
  "B_log_ret_hist_sec_der": 0.21573927944966206,
  "B_log_ret_hist_funct_pct": 5.276014640351014,
  "B_log_ret_hist_der_pct": 41.55738649990831,
  "B_log_ret_hist_sec_der_pct": 415.0858883708497,
  "B_log_ret_hist_funct_nrmse": 2.9293033672597573,
  "B_log_ret_hist_der_nrmse": 17.89044394245907,
  "B_log_ret_hist_sec_der_nrmse": 38.40734363713892,
  "B_qq_plot_funct": 1.3281552958677128e-07,
  "B_qq_plot_der": 8.725781006146e-09,
  "B_qq_plot_sec_der": 2.932417149393092e-09,
  "B_qq_plot_funct_pct": 5.986810786623454,
  "B_qq_plot_der_pct": 4.736638370527511,
  "B_qq_plot_sec_der_pct": 46.9433033815985,
  "B_qq_plot_funct_nrmse": 0.9908851233264164,
  "B_qq_plot_der_nrmse": 1.3025619208251666,
  "B_qq_plot_sec_der_nrmse": 1.4094170238002288,
  "B_acf_abs_r_funct": 0.00013833137400459048,
  "B_acf_abs_r_der": 4.874433286619619e-06,
  "B_acf_abs_r_sec_der": 1.3022594725355744e-05,
  "B_acf_abs_r_funct_pct": 40.89193316334926,
  "B_acf_abs_r_der_pct": 130.3576693998134,
  "B_acf_abs_r_sec_der_pct": 207.46389234498238,
  "B_acf_abs_r_funct_nrmse": 31.052253717433352,
  "B_acf_abs_r_der_nrmse": 48.58895652980629,
  "B_acf_abs_r_sec_der_nrmse": 66.16070989165503,
  "B_acf_sq_r_funct": 5.2383418467921546e-05,
  "B_acf_sq_r_der": 5.100705253839552e-06,
  "B_acf_sq_r_sec_der": 1.4567212523376069e-05,
  "B_acf_sq_r_funct_pct": 28.51080553864818,
  "B_acf_sq_r_der_pct": 327.51838362117275,
  "B_acf_sq_r_sec_der_pct": 605.4297458573242,
  "B_acf_sq_r_funct_nrmse": 21.030612354466083,
  "B_acf_sq_r_der_nrmse": 40.026733315072974,
  "B_acf_sq_r_sec_der_nrmse": 52.920401624556405,
  "B_roll_vol_hist_funct": 21.425342533331673,
  "B_roll_vol_hist_der": 0.9457644119098282,
  "B_roll_vol_hist_sec_der": 2.4036082667064975,
  "B_roll_vol_hist_funct_pct": 10.711522476886815,
  "B_roll_vol_hist_der_pct": 93.46208080051687,
  "B_roll_vol_hist_sec_der_pct": 197.73224135504836,
  "B_roll_vol_hist_funct_nrmse": 5.238161695801297,
  "B_roll_vol_hist_der_nrmse": 18.226083972837582,
  "B_roll_vol_hist_sec_der_nrmse": 30.24870272663297,
  "B_tail_surv_funct": 0.0002511304799485571,
  "B_tail_surv_der": 3.3495149719089825e-07,
  "B_tail_surv_sec_der": 3.987125572502124e-08,
  "B_tail_surv_funct_pct": 3.497040050731739,
  "B_tail_surv_der_pct": 5.042536563767378,
  "B_tail_surv_sec_der_pct": 11262752.56936492,
  "B_tail_surv_funct_nrmse": 1.6007171065766501,
  "B_tail_surv_der_nrmse": 60212.15548092225,
  "B_tail_surv_sec_der_nrmse": 20774.145526258726
}