{
  "seed": 1,
  "A1_kurtosis_error": 0.37159317805654934,
  "A2_abs_r_q95_error": 0.00016146609103015463,
  "A3_abs_r_q99_error": 0.0010024564906709887,
  "A4_tail_qq_error": 0.00025077136952060194,
  "A5_hill_tail_index_error": 0.9995638066553703,
  "A6_path_mmd2": 0.0020417994379258453,
  "A7_terminal_mmd2": 0.002991636294295663,
  "A8_increment_mmd2": 0.0008855558042029088,
  "A9_volatility_mmd": 0.014839475662052515,
  "A10_terminal_swd": 1.1210964303551432,
  "A11_path_swd": 0.47130303306676513,
  "A12_rv_law_loss": 0.21719201581661543,
  "A13_mean_path_rmse": 0.05490530849685255,
  "A14_ks_logreturns": 0.012790469672736227,
  "A15_skewness_error": 0.024053377218139188,
  "A16_qq_rmse": 0.0003566324023410085,
  "A17_terminal_ks": 0.012939453125,
  "A18_disc_score_gru": 0.006866,
  "A18_disc_score_mlp": 0.016326,
  "A19_pred_score_gru": 0.053708,
  "A19_pred_score_mlp": 0.054501,
  "A20_cov_error": 2.308847471776545,
  "A21_acf_abs": 0.015070332719400982,
  "A22_acf_sq": 0.009527741713936869,
  "A23_acf_lag1_abs_error": 0.019104283043808595,
  "A24_acf_lag1_sq_error": 0.01142965278786634,
  "A25_mean_rmse": 0.1174056341226617,
  "A26_std_error": 0.011670798716010511,
  "A27_logreturn_std_error": 0.00010463860106061859,
  "A28_kurtosis_ratio": 1.5320652111200557,
  "A29_sigma_mean_error": 0.0027628313641719915,
  "A30_vol_path_rmse": 0.09465383996174603,
  "A31_rolling_vol_ks": 0.041030511623475624,
  "A32_vol_of_vol_error": 0.0002862546314450357,
  "A33_sigma_corr": -0.006637766335729689,
  "A34_sigma_rmse": 0.09567277165960958,
  "B_log_ret_hist_funct": 1.1442398317810807,
  "B_log_ret_hist_der": 0.1046527325829521,
  "B_log_ret_hist_sec_der": 0.23997651186606073,
  "B_log_ret_hist_funct_pct": 5.153159245784677,
  "B_log_ret_hist_der_pct": 81.42866857380399,
  "B_log_ret_hist_sec_der_pct": 14085.086099916714,
  "B_qq_plot_funct": 1.3565178826744091e-07,
  "B_qq_plot_der": 9.210520102165024e-09,
  "B_qq_plot_sec_der": 2.9530798907825286e-09,
  "B_qq_plot_funct_pct": 6.443825620241457,
  "B_qq_plot_der_pct": 4.774320669285178,
  "B_qq_plot_sec_der_pct": 86.070969534912,
  "B_acf_abs_r_funct": 0.0001898083139873927,
  "B_acf_abs_r_der": 4.589537464970984e-06,
  "B_acf_abs_r_sec_der": 1.2361223045519575e-05,
  "B_acf_abs_r_funct_pct": 45.7101504707983,
  "B_acf_abs_r_der_pct": 119.66420102457742,
  "B_acf_abs_r_sec_der_pct": 331.9048459754268,
  "B_acf_sq_r_funct": 8.355157749328305e-05,
  "B_acf_sq_r_der": 4.922494425595126e-06,
  "B_acf_sq_r_sec_der": 1.590044933977693e-05,
  "B_acf_sq_r_funct_pct": 36.01406213395457,
  "B_acf_sq_r_der_pct": 128.10591797425306,
  "B_acf_sq_r_sec_der_pct": 966.0469676343896,
  "B_roll_vol_hist_funct": 23.55556351273817,
  "B_roll_vol_hist_der": 0.8081675882382597,
  "B_roll_vol_hist_sec_der": 1.798520201808547,
  "B_roll_vol_hist_funct_pct": 10.796940964723042,
  "B_roll_vol_hist_der_pct": 155.75875336559918,
  "B_roll_vol_hist_sec_der_pct": 554.7690041745237,
  "B_tail_surv_funct": 0.00026206406248991266,
  "B_tail_surv_der": 3.376008314149606e-07,
  "B_tail_surv_sec_der": 4.121924422386956e-08,
  "B_tail_surv_funct_pct": 3.633109390771904,
  "B_tail_surv_der_pct": 5.084543700696945,
  "B_tail_surv_sec_der_pct": 13215.383915341488,
  "compute_time_sec": 52.38
}