{
  "seed": 0,
  "A1_kurtosis_error": 0.3900434746704544,
  "A2_abs_r_q95_error": 0.0005126897081003459,
  "A3_abs_r_q99_error": 0.001277658609965808,
  "A4_tail_qq_error": 0.00048535198252915165,
  "A5_hill_tail_index_error": 1.8575149088229708,
  "A6_path_mmd2": 0.0018074998905746598,
  "A7_terminal_mmd2": 0.0011436135889783539,
  "A8_increment_mmd2": 0.0009239584073987839,
  "A9_volatility_mmd": 0.01239800189077278,
  "A10_terminal_swd": 0.4507158533513453,
  "A11_path_swd": 0.41817207795795774,
  "A12_rv_law_loss": 0.251758726534153,
  "A13_mean_path_rmse": 0.4070921809337066,
  "A14_ks_logreturns": 0.013470026451771644,
  "A15_skewness_error": 0.023384816622342076,
  "A16_qq_rmse": 0.0003391459808130126,
  "A17_terminal_ks": 0.025390625,
  "A18_disc_score_gru": 0.004425,
  "A18_disc_score_mlp": 0.009307,
  "A19_pred_score_gru": 0.050013,
  "A19_pred_score_mlp": 0.050115,
  "A20_cov_error": 20.49728843426945,
  "A21_acf_abs": 0.01504271189313557,
  "A22_acf_sq": 0.008730709329546407,
  "A23_acf_lag1_abs_error": 0.026170962400709385,
  "A24_acf_lag1_sq_error": 0.017856682682336845,
  "A25_mean_rmse": 0.7538230017410967,
  "A26_std_error": 0.0011394203074810427,
  "A27_logreturn_std_error": 3.844653926896903e-05,
  "A28_kurtosis_ratio": 1.5083760740942547,
  "A29_sigma_mean_error": 0.0007508568614507105,
  "A30_vol_path_rmse": 0.431354431747967,
  "A31_rolling_vol_ks": 0.03908731103912602,
  "A32_vol_of_vol_error": 0.0003482997131004301,
  "A33_sigma_corr": 0.004832662668734405,
  "A34_sigma_rmse": 0.094476713783362,
  "compute_time_sec": 52.56,
  "B_log_ret_hist_funct": 0.9896956725014823,
  "B_log_ret_hist_der": 0.10214473880093784,
  "B_log_ret_hist_sec_der": 0.2076643692732252,
  "B_log_ret_hist_funct_pct": 5.499636193525735,
  "B_log_ret_hist_der_pct": 41.33378818475053,
  "B_log_ret_hist_sec_der_pct": 760426.18611329,
  "B_log_ret_hist_funct_nrmse": 2.722498947090775,
  "B_log_ret_hist_der_nrmse": 17.362316024563185,
  "B_log_ret_hist_sec_der_nrmse": 37.681714336413876,
  "B_qq_plot_funct": 1.2729369638012492e-07,
  "B_qq_plot_der": 8.797296581826299e-09,
  "B_qq_plot_sec_der": 1.744519100935566e-09,
  "B_qq_plot_funct_pct": 6.81284515994431,
  "B_qq_plot_der_pct": 4.6017280606536755,
  "B_qq_plot_sec_der_pct": 74.03828855661102,
  "B_qq_plot_funct_nrmse": 0.970068333553342,
  "B_qq_plot_der_nrmse": 1.3078888580224002,
  "B_qq_plot_sec_der_nrmse": 1.0870875000286744,
  "B_acf_abs_r_funct": 0.00014888104748418134,
  "B_acf_abs_r_der": 1.7018853147978894e-05,
  "B_acf_abs_r_sec_der": 3.6903319086497224e-05,
  "B_acf_abs_r_funct_pct": 38.56805704742477,
  "B_acf_abs_r_der_pct": 233.13716614970872,
  "B_acf_abs_r_sec_der_pct": 310.14010052860954,
  "B_acf_abs_r_funct_nrmse": 32.21458110664655,
  "B_acf_abs_r_der_nrmse": 90.7905511460251,
  "B_acf_abs_r_sec_der_nrmse": 111.37407448518029,
  "B_acf_sq_r_funct": 5.47135858590117e-05,
  "B_acf_sq_r_der": 1.4656174385913006e-05,
  "B_acf_sq_r_sec_der": 3.776489741858828e-05,
  "B_acf_sq_r_funct_pct": 24.846598749998712,
  "B_acf_sq_r_der_pct": 995.5024329845016,
  "B_acf_sq_r_sec_der_pct": 628.8908376942219,
  "B_acf_sq_r_funct_nrmse": 21.49327470988589,
  "B_acf_sq_r_der_nrmse": 67.84929593019471,
  "B_acf_sq_r_sec_der_nrmse": 85.2077422644892,
  "B_roll_vol_hist_funct": 24.735770513614206,
  "B_roll_vol_hist_der": 1.0661823592898336,
  "B_roll_vol_hist_sec_der": 2.4053050111900975,
  "B_roll_vol_hist_funct_pct": 12.718662500351602,
  "B_roll_vol_hist_der_pct": 95.18889077195826,
  "B_roll_vol_hist_sec_der_pct": 197.5486429394678,
  "B_roll_vol_hist_funct_nrmse": 5.628306439606036,
  "B_roll_vol_hist_der_nrmse": 19.351633447351173,
  "B_roll_vol_hist_sec_der_nrmse": 30.259377358130713,
  "B_tail_surv_funct": 0.00018322121213607201,
  "B_tail_surv_der": 2.984800374974368e-07,
  "B_tail_surv_sec_der": 3.836162701300152e-08,
  "B_tail_surv_funct_pct": 3.264706911130206,
  "B_tail_surv_der_pct": 4.776411855258662,
  "B_tail_surv_sec_der_pct": 13821.092875736891,
  "B_tail_surv_funct_nrmse": 1.3672651644037181,
  "B_tail_surv_der_nrmse": 56839.57971763023,
  "B_tail_surv_sec_der_nrmse": 20377.069275718426
}