{
  "seed": 2,
  "A1_kurtosis_error": 0.3782646037354156,
  "A2_abs_r_q95_error": 0.0005320448685938381,
  "A3_abs_r_q99_error": 0.0013806745848488414,
  "A4_tail_qq_error": 0.0005102310854006003,
  "A5_hill_tail_index_error": 1.12141106178467,
  "A6_path_mmd2": 0.0018500182589760439,
  "A7_terminal_mmd2": 0.0011869523340800603,
  "A8_increment_mmd2": 0.0009414682751827108,
  "A9_volatility_mmd": 0.014626802753229029,
  "A10_terminal_swd": 0.8891043324933531,
  "A11_path_swd": 0.6336271568231049,
  "A12_rv_law_loss": 0.26794830239577927,
  "A13_mean_path_rmse": 0.136178346105764,
  "A14_ks_logreturns": 0.01168606975885833,
  "A15_skewness_error": 0.01980081406721592,
  "A16_qq_rmse": 0.0003390702078434826,
  "A17_terminal_ks": 0.0172119140625,
  "A18_disc_score_gru": 0.005645,
  "A18_disc_score_mlp": 0.007476,
  "A19_pred_score_gru": 0.050012,
  "A19_pred_score_mlp": 0.049917,
  "A20_cov_error": 21.621237534454764,
  "A21_acf_abs": 0.015009160724882849,
  "A22_acf_sq": 0.008739239258581461,
  "A23_acf_lag1_abs_error": 0.02126852141938742,
  "A24_acf_lag1_sq_error": 0.011842572680220802,
  "A25_mean_rmse": 0.3352494122112546,
  "A26_std_error": 0.001243359725209281,
  "A27_logreturn_std_error": 5.978222331397623e-05,
  "A28_kurtosis_ratio": 1.71680190209975,
  "A29_sigma_mean_error": 0.0005927799093300157,
  "A30_vol_path_rmse": 0.47430621811597423,
  "A31_rolling_vol_ks": 0.038866989011687,
  "A32_vol_of_vol_error": 0.00039030483271238446,
  "A33_sigma_corr": 0.007382343042556797,
  "A34_sigma_rmse": 0.09398245431949818,
  "compute_time_sec": 48.63,
  "B_log_ret_hist_funct": 1.0364091725369424,
  "B_log_ret_hist_der": 0.1170647728374133,
  "B_log_ret_hist_sec_der": 0.27201329652268613,
  "B_log_ret_hist_funct_pct": 5.620643564500173,
  "B_log_ret_hist_der_pct": 35.37535449297607,
  "B_log_ret_hist_sec_der_pct": 734479.2679904634,
  "B_log_ret_hist_funct_nrmse": 2.7860089599601956,
  "B_log_ret_hist_der_nrmse": 18.58714851843646,
  "B_log_ret_hist_sec_der_nrmse": 43.12655087517493,
  "B_qq_plot_funct": 1.3103171091453802e-07,
  "B_qq_plot_der": 1.001765498515009e-08,
  "B_qq_plot_sec_der": 2.0849507858951434e-09,
  "B_qq_plot_funct_pct": 5.2125783276259305,
  "B_qq_plot_der_pct": 4.841160232083707,
  "B_qq_plot_sec_der_pct": 80.28324571731977,
  "B_qq_plot_funct_nrmse": 0.9842084398188363,
  "B_qq_plot_der_nrmse": 1.3956588003085406,
  "B_qq_plot_sec_der_nrmse": 1.1884325593184044,
  "B_acf_abs_r_funct": 0.0001413325530972406,
  "B_acf_abs_r_der": 7.460143890959451e-06,
  "B_acf_abs_r_sec_der": 2.3528781069072405e-05,
  "B_acf_abs_r_funct_pct": 38.65812219609809,
  "B_acf_abs_r_der_pct": 153.9905401266491,
  "B_acf_abs_r_sec_der_pct": 158.10908719379498,
  "B_acf_abs_r_funct_nrmse": 31.38729453618395,
  "B_acf_abs_r_der_nrmse": 60.1103295793086,
  "B_acf_abs_r_sec_der_nrmse": 88.93057661857358,
  "B_acf_sq_r_funct": 5.1873140941439424e-05,
  "B_acf_sq_r_der": 6.62261850155624e-06,
  "B_acf_sq_r_sec_der": 2.2522790405376528e-05,
  "B_acf_sq_r_funct_pct": 26.754881445561974,
  "B_acf_sq_r_der_pct": 867.1847945289404,
  "B_acf_sq_r_sec_der_pct": 431.369259655315,
  "B_acf_sq_r_funct_nrmse": 20.92792994518955,
  "B_acf_sq_r_der_nrmse": 45.60893197708572,
  "B_acf_sq_r_sec_der_nrmse": 65.80304654696246,
  "B_roll_vol_hist_funct": 24.64221504899766,
  "B_roll_vol_hist_der": 1.0593077268038786,
  "B_roll_vol_hist_sec_der": 2.548971905503057,
  "B_roll_vol_hist_funct_pct": 13.362656041536622,
  "B_roll_vol_hist_der_pct": 134.19749208737127,
  "B_roll_vol_hist_sec_der_pct": 242.91368987657526,
  "B_roll_vol_hist_funct_nrmse": 5.617652685071393,
  "B_roll_vol_hist_der_nrmse": 19.289143897367303,
  "B_roll_vol_hist_sec_der_nrmse": 31.149955724901247,
  "B_tail_surv_funct": 0.00019082604204442792,
  "B_tail_surv_der": 3.205502637301552e-07,
  "B_tail_surv_sec_der": 4.745605256567734e-08,
  "B_tail_surv_funct_pct": 3.3619989574741216,
  "B_tail_surv_der_pct": 4.9165901026058005,
  "B_tail_surv_sec_der_pct": 13560.303624312053,
  "B_tail_surv_funct_nrmse": 1.3953517268041582,
  "B_tail_surv_der_nrmse": 58903.52454780616,
  "B_tail_surv_sec_der_nrmse": 22664.12818989457
}